# https://github.com/mikedh/trimesh
v 0.62235600 -0.26450700 0.01408235
v 0.63632900 -0.25751700 0.01809490
v 0.61767400 -0.26441200 0.01250790
v 0.57912700 -0.25903400 0.00685218
v 0.60087500 -0.26213500 0.00946196
v 0.52543100 -0.25138600 0.00317123
v 0.54499000 -0.25425600 0.00416700
v 0.49121200 -0.24570300 0.00297697
v 0.46192600 -0.24052400 0.00331046
v 0.46193400 -0.24048850 0.00337461
v 0.44245750 -0.23687150 0.00400512
v 0.44245800 -0.23686200 0.00400502
v 0.37693000 -0.22410750 0.00777888
v 0.39625025 -0.22821050 0.00613703
v 0.34608300 -0.21667500 0.01319210
v 0.32299900 -0.21135250 0.01948780
v 0.32296575 -0.21094100 0.01819473
v 0.30916800 -0.20658200 0.01834450
v 0.28411100 -0.20084400 0.01318960
v 0.28806750 -0.19803950 0.01228745
v 0.26705500 -0.20316400 0.01631495
v 0.27627700 -0.20098800 0.01538450
v 0.27124300 -0.20320700 0.01947730
v 0.26339800 -0.20392100 0.02418910
v 0.25941800 -0.20100100 0.03196360
v 0.25700225 -0.20100125 0.02804795
v 0.22970950 -0.18874000 0.02998430
v 0.19726150 -0.17910750 0.02302270
v 0.23370000 -0.19047000 0.03174280
v 0.19845200 -0.17920200 0.02211750
v 0.15920300 -0.17118725 0.02972605
v 0.11835375 -0.17162925 0.04270298
v 0.16156250 -0.17300513 0.02985486
v 0.09779730 -0.17652800 0.04644430
v 0.10244288 -0.17551775 0.04520455
v 0.08501340 -0.18190450 0.04315875
v 0.07763120 -0.18680150 0.02828965
v 0.08109360 -0.18377100 0.04109190
v 0.05979215 -0.16182700 0.03069390
v 0.04668560 -0.14075100 0.02863910
v 0.04420340 -0.13645900 0.02819490
v 0.03966730 -0.12770600 0.02725140
v 0.03535540 -0.11886300 0.02618600
v 0.03095220 -0.11005900 0.02536220
v 0.02448415 -0.09681980 0.02422810
v 0.01154220 -0.07341400 0.01437300
v 0.01345100 -0.07474620 0.02355310
v 0.04925920 -0.06636735 0.00856872
v 0.02479963 -0.07319875 0.01990335
v 0.07706165 -0.04142375 0.00535946
v 0.05450390 -0.06330830 0.00474506
v 0.08875240 -0.00727043 0.00823982
v 0.08722130 -0.01673470 0.00631422
v 0.13219663 -0.00620055 0.00546782
v 0.17835400 -0.00581506 0.00434653
v 0.13841000 -0.00600015 0.00490952
v 0.17336450 -0.00578463 0.00434668
v 0.20828000 -0.00603917 0.00434426
v 0.24483700 -0.00921358 0.01875680
v 0.23988400 -0.00884800 0.01822305
v 0.26783550 -0.00969114 0.00928973
v 0.27271100 -0.00974951 0.00818895
v 0.29508525 -0.00841280 0.00859042
v 0.30479275 -0.00692838 0.01040977
v 0.35416375 -0.00281781 0.01541718
v 0.38135400 -0.00173534 0.01195810
v 0.41029200 0.00107767 0.00491818
v 0.44015300 0.01104670 0.00488523
v 0.42078500 0.01947550 0.01150065
v 0.43295275 0.01534715 0.00801849
v 0.38393675 0.01650007 0.00856877
v 0.40351125 0.01849890 0.01160485
v 0.34703550 0.01328075 0.00437777
v 0.35697200 0.01379610 0.00474738
v 0.33211900 0.01257470 0.00434708
v 0.32217800 0.01207790 0.00434605
v 0.27256000 0.01003130 0.00551167
v 0.30230700 0.01115450 0.00434744
v 0.25160750 0.01044640 0.01831425
v 0.23309900 0.01150040 0.01523425
v 0.19949550 0.01196867 0.01263345
v 0.14975550 0.01275490 0.01107055
v 0.17089537 0.01238965 0.01172099
v 0.12988700 0.01258760 0.00984026
v 0.11999800 0.01225240 0.00877429
v 0.11015700 0.01182380 0.00746504
v 0.10520050 0.01205130 0.00781257
v 0.09032480 0.01229840 0.00729476
v 0.08913450 0.02192600 0.00589232
v 0.08388408 0.03808380 0.00555320
v 0.06274530 0.06419013 0.00490051
v 0.07590995 0.05011572 0.00551548
v 0.04425485 0.07534525 0.00622661
v 0.01870600 0.08261565 0.01794525
v 0.03998370 0.07724310 0.00757556
v 0.02052545 0.09483860 0.02090852
v 0.02102580 0.08495342 0.01982047
v 0.04775140 0.15575900 0.02106520
v 0.03549550 0.12874100 0.02047230
v 0.05591135 0.17374200 0.02140405
v 0.06448115 0.19865400 0.01983685
v 0.06443640 0.19154600 0.02277740
v 0.08658730 0.19056200 0.02640270
v 0.09537590 0.18664300 0.02628960
v 0.10326700 0.18482000 0.02110790
v 0.12197000 0.18113700 0.02083480
v 0.11724450 0.18252850 0.02217175
v 0.14547800 0.18069100 0.02135845
v 0.18342900 0.18465300 0.01767205
v 0.21035925 0.19158500 0.02398358
v 0.19966400 0.18827800 0.02017730
v 0.22292700 0.19629650 0.02737965
v 0.23144000 0.19978600 0.02804600
v 0.24052000 0.19940900 0.02955500
v 0.24971600 0.20041900 0.02845260
v 0.25288500 0.20284050 0.02614920
v 0.25766650 0.20865950 0.02113525
v 0.26168250 0.22261550 0.01700260
v 0.30066144 0.21063869 0.00651784
v 0.26036500 0.21501300 0.00472982
v 0.31313400 0.20993050 0.00844782
v 0.33556475 0.22105425 0.01768100
v 0.34181700 0.22465800 0.01922210
v 0.36200550 0.23158200 0.01416672
v 0.36426150 0.23238750 0.01370555
v 0.40752325 0.24769375 0.00548526
v 0.43347500 0.25561800 0.00341942
v 0.46233500 0.26268900 0.00304694
v 0.48884350 0.26895950 0.00336637
v 0.43135450 0.25419950 0.00435678
v 0.50573050 0.27283650 0.00386526
v 0.53954500 0.28017500 0.00566746
v 0.55408600 0.28273400 0.00687772
v 0.55892700 0.28352200 0.00730024
v 0.57586150 0.28452850 0.00990461
v 0.57345450 0.28446650 0.00950838
v 0.61185550 0.28608900 0.01625170
v 0.62649075 0.28738450 0.01394976
v 0.62150200 0.28666000 0.01770380
v 0.62905200 0.27372400 0.01838320
v 0.63022588 0.25865888 0.02778459
v 0.62954225 0.26830525 0.02325362
v 0.63288200 0.24555500 0.02557375
v 0.63692275 0.21957475 0.01933463
v 0.64076600 0.20321225 0.02851740
v 0.63922725 0.21143750 0.02413750
v 0.64400050 0.19262600 0.02391925
v 0.64513500 0.18463300 0.01721420
v 0.64537950 0.18023800 0.01984955
v 0.64431638 0.14479913 0.02963738
v 0.64507325 0.14988900 0.03271093
v 0.64563800 0.12099700 0.02311120
v 0.64357837 0.12483163 0.02467739
v 0.64665600 0.10875700 0.02834958
v 0.64567900 0.11385800 0.02775100
v 0.65148000 0.07642055 0.03079665
v 0.65157750 0.07980875 0.02996335
v 0.65289925 0.05336022 0.01972162
v 0.65300500 0.04882160 0.01716870
v 0.65427300 0.03602560 0.02236240
v 0.65586700 0.02765965 0.02376920
v 0.65696100 0.02276415 0.02509755
v 0.65718300 0.00881010 0.02675790
v 0.65674875 -0.00948780 0.02261192
v 0.65620650 -0.04180830 0.02537955
v 0.65701862 -0.01742577 0.02201789
v 0.65568225 -0.06456078 0.02563890
v 0.65608300 -0.04454980 0.02768800
v 0.65574450 -0.06894590 0.02521430
v 0.65540675 -0.09150132 0.02364168
v 0.65494650 -0.08431550 0.02853195
v 0.65703350 -0.11997950 0.02059230
v 0.65764000 -0.11027725 0.01585895
v 0.65583400 -0.12459000 0.02566050
v 0.65488200 -0.13164200 0.02542730
v 0.65275450 -0.14826375 0.02869500
v 0.65417600 -0.13860900 0.02470300
v 0.64584875 -0.18193400 0.02681702
v 0.64859425 -0.16941875 0.03066975
v 0.64232900 -0.20742600 0.03096050
v 0.64137500 -0.21233200 0.02587890
v 0.64142350 -0.22965550 0.02643330
v 0.64124450 -0.23299750 0.02751605
v 0.64048300 -0.23962000 0.02983520
v 0.63600350 -0.25572000 0.03129540
v 0.63750625 -0.25074600 0.03225135
v 0.63115992 -0.23283877 0.02270116
v 0.63540440 -0.20477709 0.03014551
v 0.63798244 0.09323933 0.01852412
v 0.64441381 -0.16487780 0.02730281
v 0.63155778 -0.12781819 0.02307697
v 0.64973911 -0.11554038 0.01290274
v 0.63488602 0.06401585 0.02807769
v 0.63383686 0.16403063 0.02486302
v 0.63001407 0.21945816 0.01882987
v 0.62397060 0.24744797 0.02088884
v 0.65446467 -0.06442722 0.02665136
v 0.64953490 0.00777954 0.02777550
v 0.64317818 0.03427526 0.01941632
v 0.63644375 0.11624836 0.02562348
v 0.62958505 -0.24807449 0.03226512
v 0.62176435 -0.22823817 0.01891594
v 0.63410516 0.02544363 0.01036096
v 0.63358979 -0.15722286 0.03124446
v 0.62909391 0.20841579 0.03219049
v 0.63176974 0.19886228 0.02869230
v 0.61806856 -0.26146800 0.01586088
v 0.26535000 -0.19906300 0.01938900
v 0.25767777 0.19993144 0.01442091
v 0.63399389 -0.17364952 0.01757923
v 0.61052157 -0.15323325 0.03144659
v 0.61732010 0.19038356 0.01501977
v 0.58601270 -0.23892896 0.02327193
v 0.62091584 -0.01208759 0.00969362
v 0.61897868 -0.12777228 0.00862792
v 0.25050644 -0.19226324 0.03803758
v 0.24775833 0.19486741 0.02841849
v 0.28275711 0.20856512 0.02460768
v 0.62835409 0.00430644 0.02294750
v 0.63867257 -0.03433509 0.02188678
v 0.64035508 0.17998776 0.01785840
v 0.60219534 0.16369843 0.02118537
v 0.61814495 0.17597283 0.01858546
v 0.24559450 -0.19037350 0.03645256
v 0.25831500 0.20095500 0.03740070
v 0.27100151 0.18412685 0.02903639
v 0.26115341 0.19958876 0.03006524
v 0.23898454 0.17628765 0.03714413
v 0.62104143 0.10286944 0.00723397
v 0.28044558 -0.19566929 0.02767687
v 0.27224864 -0.20174923 0.03724780
v 0.21764163 0.15298576 0.00898954
v 0.61248801 0.00161619 0.01933953
v 0.59066438 0.21205687 0.02864236
v 0.27401194 0.20031264 0.04167181
v 0.28095129 0.21413864 0.03300226
v 0.30499818 0.20708795 0.03603946
v 0.25761346 0.16888856 0.02062780
v 0.26445456 0.14349065 0.00569963
v 0.60651231 -0.00508524 0.01560727
v 0.60160700 -0.21451645 0.01127938
v 0.60489608 0.18336599 0.00764483
v 0.57527547 0.22924978 0.01791185
v 0.31743410 0.18189292 0.00821974
v 0.30735804 0.18173050 0.01102123
v 0.29511261 0.16119816 0.00543115
v 0.62801062 0.11961806 0.01861969
v 0.62782886 0.02432630 0.00853484
v 0.61416970 -0.03149043 0.00611189
v 0.58993015 -0.22500492 0.01311598
v 0.54930617 -0.23026244 0.00864093
v 0.59037583 -0.15172507 0.03056980
v 0.58248068 -0.14424533 0.00669964
v 0.56201989 -0.25062109 0.02194776
v 0.54794466 0.21596152 0.02849028
v 0.58793172 0.23679563 0.01140750
v 0.59603931 -0.00363718 0.01511862
v 0.55390918 0.20603127 0.02484306
v 0.27775409 0.13738401 0.00435139
v 0.53644291 -0.20860453 0.00538719
v 0.56699043 -0.22114159 0.00768449
v 0.59964790 0.25602785 0.02671482
v 0.57062150 0.24299408 0.01236264
v 0.31234259 0.16184607 0.00441136
v 0.32196446 0.15567660 0.00434779
v 0.63979413 0.14400611 0.03268573
v 0.60043469 -0.19666972 0.01023712
v 0.58247044 -0.21774433 0.00859351
v 0.58724490 -0.18399657 0.01086933
v 0.55239149 -0.19637303 0.00849270
v 0.55429400 -0.20920300 0.00656238
v 0.25296036 0.14929182 0.02173736
v 0.57986647 -0.00177154 0.00459130
v 0.58387096 -0.01404685 0.01274752
v 0.51529065 -0.22199139 0.00706347
v 0.23906180 0.12031658 0.01959002
v 0.26228585 0.10842141 0.00472995
v 0.23599810 0.10069333 0.01739554
v 0.22841325 0.14225403 0.00809762
v 0.52952428 -0.25267438 0.01760760
v 0.34087615 0.10825901 0.00434799
v 0.31404397 0.13344996 0.00434820
v 0.35368311 0.13111392 0.00434798
v 0.26039834 0.11784117 0.00494476
v 0.60858352 0.12461481 0.02647268
v 0.56482949 0.19047690 0.00418078
v 0.56696628 -0.18822704 0.01061690
v 0.54233806 0.17532569 0.01427552
v 0.56545377 0.16456986 0.01548706
v 0.55754834 0.18387369 0.01080399
v 0.55547379 0.16269764 0.00648802
v 0.30876890 0.12633716 0.00434813
v 0.53703156 0.02749877 0.00491445
v 0.55744294 0.03402113 0.00434798
v 0.59032065 0.03298355 0.00434858
v 0.60375100 0.04224190 0.00454598
v 0.06990254 -0.16238866 0.03977811
v 0.04985367 -0.10477722 0.02275897
v 0.02830032 -0.08917584 0.02541438
v 0.04577918 -0.08546486 0.01080196
v 0.07467711 -0.12542993 0.01965138
v 0.06346021 -0.09766010 0.00780523
v 0.06800236 -0.09089484 0.00446302
v 0.08518413 -0.11140921 0.00648214
v 0.10938808 -0.11667068 0.00444778
v 0.14600775 -0.08560274 0.00440477
v 0.13348419 -0.13278134 0.00499187
v 0.15412693 -0.14020159 0.00442510
v 0.08989772 -0.05800101 0.00435153
v 0.09360086 -0.12414432 0.00913561
v 0.10886000 -0.12854300 0.00778546
v 0.07309918 -0.14956948 0.03357902
v 0.13332117 -0.08172477 0.00434801
v 0.11741387 -0.13590070 0.00903224
v 0.14085591 -0.15132318 0.01313631
v 0.17070703 -0.14737462 0.00482924
v 0.18192039 -0.12353531 0.00457424
v 0.19453515 -0.11297440 0.00882443
v 0.17792646 -0.15548595 0.00734386
v 0.17079825 -0.16735401 0.01894052
v 0.19271331 -0.15245521 0.00437305
v 0.20910946 -0.13464657 0.00480012
v 0.20169026 -0.09370373 0.01152078
v 0.19541636 -0.16409138 0.01076536
v 0.25023170 -0.07787697 0.00434585
v 0.23089120 -0.08879825 0.00435471
v 0.26843442 -0.10724594 0.00434806
v 0.22012198 -0.10057915 0.00448927
v 0.28124525 -0.11471580 0.00434802
v 0.25974813 -0.16926037 0.00502346
v 0.30262651 -0.12237344 0.00434816
v 0.28026502 -0.15893020 0.00435051
v 0.28430273 -0.16733191 0.00449219
v 0.14635577 0.01973224 0.00452741
v 0.08377583 0.03446050 0.00517209
v 0.13395300 0.03885460 0.00434790
v 0.15150420 0.03067128 0.00434779
v 0.14787788 0.07911141 0.00434806
v 0.15428998 0.07188050 0.00434800
v 0.18608254 0.07750707 0.00434805
v 0.17792523 0.06588306 0.00434792
v 0.18289555 0.09985547 0.00434803
v 0.19743341 0.02512714 0.00437560
v 0.02756109 0.09157865 0.02013947
v 0.06638972 0.19043626 0.02182753
v 0.09118668 0.16545220 0.00794487
v 0.10528463 0.17366768 0.02081534
v 0.04618939 0.13004572 0.01894531
v 0.08110284 0.13314639 0.00451220
v 0.06337589 0.12598375 0.00783606
v 0.59117686 0.26061911 0.02724833
v 0.62715789 -0.10396967 0.01787516
v 0.61566782 0.23507158 0.01385929
v 0.27447784 -0.19263590 0.02292989
v 0.57970935 -0.26023464 0.01460533
v 0.62294833 -0.03899984 0.00961484
v 0.60732054 -0.02868742 0.00451602
v 0.62424780 -0.05957080 0.00485126
v 0.57282705 -0.02688847 0.00466213
v 0.61370530 -0.13234231 0.02496889
v 0.27359441 -0.19173990 0.03794297
v 0.28427488 0.19419322 0.03261395
v 0.34360168 0.24039714 0.01682914
v 0.33285329 0.21658754 0.03457724
v 0.34562797 0.21978282 0.03291248
v 0.35766379 0.20645401 0.01287217
v 0.32549928 0.22967293 0.01436538
v 0.38097384 0.20404029 0.00550726
v 0.38338962 0.16955989 0.00436026
v 0.36904334 0.16580058 0.00434783
v 0.36669876 0.16326530 0.00434798
v 0.37410620 0.18805233 0.00527085
v 0.41134331 0.14585059 0.00570864
v 0.39485505 0.17771162 0.00899509
v 0.41287584 0.18103523 0.01041110
v 0.42621071 0.14760378 0.01389267
v 0.42804651 0.18239044 0.00467262
v 0.44927374 0.21175322 0.00569065
v 0.39889371 0.19768576 0.00432799
v 0.41842481 0.13647465 0.00501538
v 0.25406783 0.18522576 0.03738159
v 0.59983115 0.07696381 0.00901963
v 0.60995087 -0.12969783 0.00489008
v 0.27879143 0.20749663 0.00455874
v 0.60425976 0.01557159 0.00461769
v 0.27848330 0.12498363 0.00434779
v 0.31556769 0.07773123 0.00434760
v 0.28644900 0.08888820 0.00434784
v 0.26719377 0.08080497 0.00456376
v 0.62009513 -0.17550738 0.01515853
v 0.59808769 -0.16096272 0.02223182
v 0.54319355 0.27658813 0.01762159
v 0.31030264 0.22789601 0.02596061
v 0.30150969 0.21155338 0.01263488
v 0.33433763 0.17774945 0.00445705
v 0.21349400 0.13621800 0.00513008
v 0.58745480 0.13459067 0.00703367
v 0.58090873 0.13602342 0.00575016
v 0.24597649 0.07392480 0.02037801
v 0.26555194 0.06027323 0.00563638
v 0.24780358 0.05571727 0.01846617
v 0.25870931 0.03119451 0.01821294
v 0.54103591 -0.02014855 0.00597264
v 0.50501428 -0.21469354 0.00693813
v 0.51116871 -0.20113446 0.01392832
v 0.48002259 -0.21261687 0.01038713
v 0.48909177 -0.19827302 0.02407851
v 0.52614236 -0.18988224 0.02610904
v 0.49069861 -0.22478623 0.01072579
v 0.52461278 -0.00192306 0.01836598
v 0.53647739 -0.01832513 0.00480680
v 0.51698523 0.01899977 0.02197260
v 0.49420196 0.03540668 0.00628834
v 0.50216786 -0.00431136 0.00829438
v 0.53582966 0.05982320 0.00678228
v 0.51912358 0.04183747 0.02204639
v 0.48734451 0.03925212 0.00454577
v 0.51462922 0.06854335 0.02283771
v 0.51466800 -0.02889720 0.01756350
v 0.55656828 0.08839459 0.00475410
v 0.49787580 -0.01099993 0.00475837
v 0.53742500 0.08367890 0.01441600
v 0.53063963 0.08115617 0.01206761
v 0.49943814 0.07167491 0.02188923
v 0.58375558 0.05172546 0.00434742
v 0.49162258 0.00824610 0.00436927
v 0.48802670 0.02337763 0.00438820
v 0.55509208 0.06142144 0.00438230
v 0.53124087 0.09702996 0.00473402
v 0.47296870 0.06975293 0.00457034
v 0.56675766 0.06792666 0.01205373
v 0.48530392 0.04903235 0.00415212
v 0.57717839 0.09230358 0.01380598
v 0.53191958 0.09009362 0.01412142
v 0.51171746 0.09600014 0.00944582
v 0.48707745 0.08936736 0.02313221
v 0.45963821 -0.03103063 0.00434799
v 0.44156330 -0.02562215 0.00434809
v 0.53751016 0.15343745 0.00439060
v 0.51875119 0.21515347 0.02823236
v 0.51154733 0.20035062 0.00398077
v 0.50501888 0.21311118 0.01958903
v 0.52628250 0.19472916 0.00322746
v 0.59154655 0.06660004 0.00716628
v 0.59964907 0.04886012 0.00433659
v 0.40215220 -0.23224066 0.02770141
v 0.39837544 -0.23441420 0.01429114
v 0.07887451 -0.15870629 0.04047617
v 0.12764793 -0.15838619 0.02665109
v 0.14832302 -0.15364712 0.01230345
v 0.05709505 -0.07322097 0.00417515
v 0.05509418 -0.13916602 0.03487809
v 0.06376372 -0.14966398 0.03742554
v 0.08256445 -0.05166851 0.00439417
v 0.12109773 -0.05234185 0.00434799
v 0.11253508 -0.02058181 0.00434535
v 0.09873749 -0.01834633 0.00454239
v 0.13856725 -0.07886777 0.00434797
v 0.19836602 -0.14103921 0.00497978
v 0.20333388 -0.17284718 0.01650721
v 0.16790815 -0.10046901 0.00495716
v 0.18076415 -0.09657953 0.00524475
v 0.12169490 -0.11535971 0.00434781
v 0.22321528 -0.14108929 0.00434795
v 0.21752843 -0.16068367 0.00506224
v 0.24460467 -0.15852713 0.00435004
v 0.23343031 -0.17275695 0.01080101
v 0.12198373 0.01834695 0.00447261
v 0.07065752 0.06614789 0.00438111
v 0.12418306 0.05766377 0.00434900
v 0.11724602 0.06134786 0.00465422
v 0.13586040 0.10755678 0.00434798
v 0.15067502 0.09635919 0.00434807
v 0.10175390 0.11367888 0.00434805
v 0.09500250 0.07917581 0.00434800
v 0.12268958 0.07008896 0.00434848
v 0.15141909 0.11006300 0.00434805
v 0.05944758 0.08020590 0.00434752
v 0.07009006 0.12013165 0.00460626
v 0.11539503 0.12217591 0.00434804
v 0.05850773 0.11532539 0.00703370
v 0.03618150 0.10854099 0.01954157
v 0.09213517 0.13137780 0.00434762
v 0.11898057 0.15276068 0.00436272
v 0.04752807 0.08656562 0.00504070
v 0.10209436 0.15300124 0.00469191
v 0.14234719 0.13603244 0.00434796
v 0.15932275 0.14814999 0.00439300
v 0.07658028 0.17353485 0.01276112
v 0.13999905 0.16595269 0.00759601
v 0.14603121 0.15733146 0.00496509
v 0.13755891 0.15169649 0.00437412
v 0.06125483 0.16418421 0.01886474
v 0.62093310 0.26021830 0.02976173
v 0.59867042 0.27559714 0.01275455
v 0.54160338 0.24964562 0.01201059
v 0.20147173 0.18728175 0.01953396
v 0.20045253 0.16036958 0.00910732
v 0.24097771 0.15968459 0.02860331
v 0.29609615 -0.20855056 0.01397728
v 0.32209932 -0.22091363 0.01857682
v 0.33313549 -0.21885526 0.03165384
v 0.34347760 0.22912409 0.03520038
v 0.36188193 0.24260165 0.01286277
v 0.36901513 0.20870902 0.01134854
v 0.36369239 0.19721062 0.00471706
v 0.36969803 0.12946839 0.00434809
v 0.39666917 0.13307463 0.00434817
v 0.49422099 0.20994941 0.00802024
v 0.45997700 0.15048509 0.00428241
v 0.45386989 0.14872317 0.00474417
v 0.47711009 0.15281701 0.00675913
v 0.50267650 0.22170112 0.02864646
v 0.44597205 0.14604932 0.01183945
v 0.44576273 0.13762774 0.01671378
v 0.46977971 0.13504396 0.00432560
v 0.41232593 0.07950245 0.00434804
v 0.44016106 0.11209408 0.00442097
v 0.44823973 0.10563503 0.00474753
v 0.43027649 0.08692176 0.00434797
v 0.36628410 0.10646445 0.00434798
v 0.46041167 0.08958060 0.00455188
v 0.40074427 0.05102067 0.00434809
v 0.39368236 0.08804161 0.00434794
v 0.41016964 0.05860109 0.00434799
v 0.39964675 0.03739362 0.00435177
v 0.48777593 0.10632318 0.01228926
v 0.45695177 0.12241042 0.01880069
v 0.44678173 0.05879060 0.00435761
v 0.45276506 0.05724330 0.00453528
v 0.43989073 0.03570238 0.01026921
v 0.47300014 0.07649917 0.00589459
v 0.44345722 0.03103935 0.00997528
v 0.41866007 0.03007154 0.00768071
v 0.60711893 0.06148867 0.00963799
v 0.63827884 -0.08149583 0.02578826
v 0.61787792 -0.11122837 0.00910467
v 0.61907361 -0.08249916 0.00493670
v 0.58301682 -0.09763234 0.00793610
v 0.58186591 -0.10157674 0.00749081
v 0.55115196 -0.06253738 0.00441773
v 0.58443345 -0.08910232 0.00442040
v 0.56892112 -0.11736002 0.00421760
v 0.57564841 -0.08321865 0.00434662
v 0.54808121 -0.09239062 0.00875676
v 0.52900823 -0.07840031 0.01835167
v 0.55398709 -0.08850805 0.00592975
v 0.54377036 -0.11119530 0.01439816
v 0.52776382 -0.11298819 0.01445929
v 0.50667900 -0.13721800 0.00455638
v 0.52121541 0.26955404 0.01736284
v 0.56207731 0.24329586 0.01171321
v 0.53398742 0.23444825 0.01409934
v 0.59516400 0.07432240 0.01534660
v 0.58212250 0.07773655 0.01627074
v 0.60376320 0.10865781 0.00341645
v 0.60467264 0.06432316 0.01324885
v 0.61052471 0.07847304 0.00854103
v 0.51921261 -0.25147159 0.01595089
v 0.46335500 -0.24285542 0.02101382
v 0.50550052 -0.25496782 0.01259019
v 0.48618888 -0.25047478 0.00851122
v 0.36600300 0.03206530 0.00434776
v 0.61681466 0.16147090 0.02652481
v 0.58878070 0.15262576 0.02578280
v 0.59541134 0.17441667 0.01300937
v 0.53145626 -0.04639342 0.01559002
v 0.56364236 -0.03379932 0.00436188
v 0.52515386 -0.05324027 0.01903164
v 0.50429407 -0.04925091 0.00560253
v 0.25031122 0.08800731 0.01629201
v 0.26876781 0.03723477 0.00531157
v 0.57620397 -0.15196456 0.02433624
v 0.54532496 -0.17980627 0.02868993
v 0.52706185 -0.18293759 0.02701174
v 0.51406647 -0.17735791 0.01592582
v 0.48613951 -0.18070952 0.00609750
v 0.49105435 -0.23979046 0.01969007
v 0.48147700 -0.23708000 0.02047970
v 0.31702477 0.06528281 0.00434794
v 0.34476652 0.08910196 0.00434796
v 0.36117877 0.03842542 0.00434802
v 0.38087156 0.05636806 0.00434809
v 0.28924546 0.04132331 0.00434804
v 0.27692313 0.07221472 0.00434799
v 0.33833637 0.02527997 0.00434804
v 0.32378245 0.05515023 0.00434798
v 0.37006993 0.01847929 0.00446625
v 0.52171883 -0.02489345 0.02023644
v 0.47715279 0.03842299 0.00459420
v 0.53700540 0.10119193 0.00434621
v 0.53027101 0.09791619 0.00465194
v 0.49943053 0.11091036 0.00586073
v 0.52602230 0.12733927 0.00434814
v 0.56236401 0.13135017 0.00453622
v 0.56690759 0.14490444 0.00431071
v 0.60405180 0.12570365 0.02226727
v 0.10684163 -0.05698555 0.00434802
v 0.15645500 -0.15920000 0.01521460
v 0.13817209 -0.01547436 0.00435016
v 0.13446089 -0.02567168 0.00434799
v 0.14808542 -0.05646394 0.00434808
v 0.21161948 -0.01082764 0.00438172
v 0.22412634 -0.03674863 0.00463870
v 0.21681623 -0.05396423 0.00788728
v 0.19111113 -0.03800920 0.00434800
v 0.17960163 -0.07379918 0.00434808
v 0.15373554 -0.07638646 0.00434800
v 0.19616610 -0.07092895 0.00451501
v 0.20582524 -0.08148303 0.01228187
v 0.21571793 -0.08301692 0.01027627
v 0.24971508 -0.06308882 0.00543250
v 0.24740166 -0.09972046 0.00434825
v 0.28843442 -0.05523665 0.00434744
v 0.30042028 -0.08399567 0.00434785
v 0.32366626 -0.11864461 0.00434821
v 0.29680713 -0.17144710 0.00447438
v 0.32936506 -0.17837267 0.00473158
v 0.30084697 -0.18392057 0.01179194
v 0.37034279 -0.20443028 0.03552554
v 0.29689806 -0.19364351 0.03523098
v 0.35415233 -0.20242006 0.03477440
v 0.34702664 -0.18902385 0.00983144
v 0.35700681 -0.14276353 0.00434798
v 0.36255322 -0.18390890 0.00441459
v 0.39730437 -0.16285709 0.00434803
v 0.35001171 -0.17827332 0.00437003
v 0.37734902 -0.18878160 0.00557117
v 0.39842953 -0.18621161 0.00454821
v 0.38024925 -0.19385776 0.00972002
v 0.41560937 -0.16078018 0.00434792
v 0.43007504 -0.12924973 0.00434809
v 0.41676791 -0.11984555 0.00434804
v 0.38036930 -0.20100351 0.02346730
v 0.41305252 -0.22160069 0.02908119
v 0.41289836 -0.19068818 0.00684084
v 0.43558920 -0.11989267 0.00434776
v 0.41194853 -0.10645746 0.00434798
v 0.43870152 -0.18322164 0.00456108
v 0.44241032 -0.23514180 0.02699744
v 0.40403742 -0.21190243 0.02426029
v 0.43478773 -0.19980194 0.02564350
v 0.44051657 -0.19439429 0.01971050
v 0.46817633 -0.17642366 0.00441863
v 0.44062501 -0.22846025 0.02686016
v 0.44729464 -0.21527840 0.01471657
v 0.45770507 -0.18479958 0.00589334
v 0.09061343 0.11091918 0.00434800
v 0.22092034 0.11028606 0.00439964
v 0.22337730 0.04001272 0.00465741
v 0.21813974 0.08487775 0.00434753
v 0.22490040 0.08862277 0.00485796
v 0.20531479 0.09744119 0.00434811
v 0.19850893 0.02172939 0.00474335
v 0.17115331 0.16900214 0.00912303
v 0.19528268 0.14714305 0.00523609
v 0.19172485 0.12918838 0.00434794
v 0.18453148 0.14009473 0.00437806
v 0.19057200 0.13594700 0.00436289
v 0.24456180 0.18751486 0.04241051
v 0.30496700 -0.21517900 0.02248190
v 0.37588859 0.23927909 0.03324932
v 0.36624400 0.22984200 0.03312720
v 0.36404390 0.24369157 0.02826968
v 0.39055715 0.25287034 0.01309374
v 0.40617019 0.24200298 0.03354953
v 0.38754956 0.22090898 0.01896732
v 0.42005104 0.21191744 0.00535423
v 0.41970396 0.22611222 0.02685428
v 0.41880325 0.26025113 0.01738408
v 0.50850408 0.19746273 0.00402783
v 0.46641132 0.14168896 0.00464734
v 0.35687202 0.11093464 0.00434808
v 0.48894340 0.06535279 0.01107044
v 0.38846100 0.02489702 0.00441735
v 0.52678417 -0.10203482 0.01558932
v 0.58003500 0.11244500 0.00961508
v 0.52487300 -0.25431700 0.00681269
v 0.58980400 -0.16214200 0.02402910
v 0.24887493 0.15493681 0.02307331
v 0.57607532 0.16976816 0.02048304
v 0.54344818 -0.04097288 0.00440236
v 0.51050215 -0.02763101 0.01166769
v 0.23827491 0.02139557 0.01844666
v 0.27143572 0.04018176 0.00442315
v 0.49284450 -0.18853976 0.02468328
v 0.50885056 -0.15992307 0.00483961
v 0.48145063 -0.17620000 0.00451156
v 0.47527613 -0.19319244 0.02635865
v 0.31761349 0.09611451 0.00434802
v 0.26930136 0.01018368 0.00736867
v 0.49261813 -0.02175496 0.00434746
v 0.49379506 -0.04369366 0.00433554
v 0.48584447 -0.08394420 0.00434807
v 0.50485052 -0.06007441 0.00467981
v 0.52338372 0.15341998 0.00453496
v 0.44718784 0.00459141 0.00434686
v 0.41944141 -0.01938473 0.00434804
v 0.40684081 -0.03670122 0.00434790
v 0.39747959 -0.04748266 0.00434794
v 0.39139139 -0.00709671 0.00440976
v 0.34204998 -0.02380402 0.00444203
v 0.51388828 0.21724957 0.02787013
v 0.48121417 0.20050723 0.00434805
v 0.35383408 -0.22494932 0.01323855
v 0.20039070 -0.01432851 0.00434792
v 0.16578031 -0.02847283 0.00434805
v 0.22007742 -0.01306273 0.00694088
v 0.19565300 -0.07837340 0.00652506
v 0.24262345 -0.02229221 0.01769704
v 0.22795973 -0.06259462 0.01456329
v 0.25896568 -0.05053129 0.01613974
v 0.26854959 -0.03837895 0.02047038
v 0.30809093 -0.01688603 0.01817889
v 0.32069407 -0.13587944 0.00434806
v 0.34607852 -0.13449824 0.00434808
v 0.33566012 -0.12484591 0.00434759
v 0.36320156 -0.11499032 0.00434803
v 0.34586469 -0.08499223 0.00434799
v 0.34576573 -0.10034994 0.00434802
v 0.35632821 -0.08406547 0.00434805
v 0.38317017 -0.08278586 0.00434797
v 0.28949053 -0.18278060 0.01343336
v 0.31371410 -0.19931686 0.03754510
v 0.33590890 -0.20365456 0.03639136
v 0.28967872 -0.20888856 0.03517553
v 0.37949373 -0.13206945 0.00434803
v 0.36443165 -0.21496823 0.03489598
v 0.35122736 -0.22557474 0.02144639
v 0.39399033 -0.10645709 0.00434800
v 0.38405043 -0.08087172 0.00434792
v 0.43708766 -0.09353547 0.00434805
v 0.43652555 -0.07563522 0.00434794
v 0.43366726 -0.07175965 0.00434775
v 0.38042498 -0.06112162 0.00434805
v 0.39820723 -0.05717220 0.00434801
v 0.36577495 -0.01992153 0.00435969
v 0.40865077 -0.08729877 0.00434801
v 0.33562029 -0.04283421 0.00434804
v 0.31539485 -0.02918895 0.00593007
v 0.35837918 -0.05984806 0.00434800
v 0.34178366 -0.05609599 0.00434809
v 0.31125500 -0.05813610 0.00434791
v 0.31293620 -0.05553154 0.00434810
v 0.28386328 -0.03452136 0.01963668
v 0.41188200 -0.19617800 0.01761720
v 0.45955747 -0.19557062 0.02556735
v 0.25267662 -0.17662426 0.01355454
v 0.16871687 0.01941754 0.00523867
v 0.07904278 0.15017517 0.00768722
v 0.23128714 0.07156582 0.00865298
v 0.23273635 0.04483269 0.00731997
v 0.21757511 0.04271471 0.00434822
v 0.22027887 0.12550511 0.00451192
v 0.28415000 -0.20731000 0.02536150
v 0.45112896 0.26469135 0.00930030
v 0.45358808 0.26233953 0.02300479
v 0.48358777 0.27261139 0.01325328
v 0.42591880 0.22909632 0.03074996
v 0.43374254 0.24778694 0.02873663
v 0.55047865 -0.12952755 0.00455305
v 0.52969074 -0.12729124 0.01309919
v 0.55760566 -0.14792278 0.00430131
v 0.53383082 -0.15403719 0.00437473
v 0.50209032 -0.13206459 0.00434904
v 0.52098451 -0.07811376 0.01455052
v 0.50542421 -0.10375067 0.00440818
v 0.51283981 -0.12274032 0.00611247
v 0.49184468 -0.09394404 0.00434789
v 0.49975396 0.26921376 0.01748333
v 0.47142663 0.25399302 0.01883344
v 0.45959063 -0.24414852 0.00730894
v 0.28727071 0.01532248 0.00434796
v 0.24814092 0.02476612 0.01738662
v 0.48650730 -0.06376579 0.00434798
v 0.46641173 -0.06940959 0.00434794
v 0.53959336 0.14773790 0.00434811
v 0.49472900 0.12673800 0.00434676
v 0.49984152 0.14790462 0.00441265
v 0.40722696 -0.00213244 0.00443617
v 0.50174862 0.24328899 0.01417069
v 0.24459737 -0.03941328 0.01052639
v 0.26688978 -0.03062891 0.01980257
v 0.27135700 -0.04271750 0.01805600
v 0.23894430 -0.05379922 0.01642744
v 0.34922892 -0.00989784 0.01273867
v 0.44080516 -0.05476428 0.00434784
v 0.45408636 -0.06337696 0.00434798
v 0.36637800 -0.01068520 0.00631546
v 0.43781577 -0.15349238 0.00434805
v 0.47241860 -0.13596334 0.00434809
v 0.44217490 -0.24311380 0.01381273
v 0.18105648 0.04791283 0.00434807
v 0.43538421 0.21471269 0.00915982
v 0.42210769 0.21983284 0.01699837
v 0.49432929 0.24560350 0.01360209
v 0.48553200 0.23063600 0.02596740
v 0.47986132 0.26861128 0.01792391
v 0.49339149 0.26356171 0.01821906
v 0.54258071 -0.16710083 0.00969063
v 0.51977875 -0.16883756 0.00500623
v 0.53550876 -0.16526626 0.00499765
v 0.27522118 -0.05154837 0.00462859
v 0.44305200 -0.04587250 0.00434802
v 0.31926199 -0.07969277 0.00434809
v 0.31823080 -0.03591243 0.00445100
v 0.44572749 -0.12682860 0.00434800
v 0.44275496 0.23186937 0.02653282
v 0.46309185 0.22040664 0.02690522
v 0.49039256 0.23284570 0.02289269
v 0.45635400 -0.11144900 0.00434804
v 0.33101344 -0.08536996 0.00434806
v 0.45224889 -0.10203681 0.00434800
v 0.46201074 -0.09109519 0.00434801
v 0.47920644 -0.11482847 0.00434806
v 0.62254851 0.27089914 0.01743759
v 0.16194493 0.12752369 0.00434805
v 0.14522800 0.10190700 0.00434806
v 0.30929452 0.22558594 0.03361481
v 0.36092701 0.09121922 0.00434793
v 0.76705700 -0.31661700 0.01691350
v 0.80552875 -0.32444450 0.01653905
v 0.69535150 -0.29923050 0.01873935
v 0.69767450 -0.30010613 0.01856352
v 0.64659600 -0.26817000 0.02597010
v 0.64819250 -0.26978225 0.02500945
v 0.63316200 0.29206300 0.01430830
v 0.68281200 0.31094950 0.01509460
v 0.74074600 0.33456075 0.01789618
v 0.69641000 0.31671600 0.01528880
v 0.74983600 0.33701700 0.01534470
v 0.78003763 0.34219288 0.01707194
v 0.82697350 0.35207000 0.01718112
v 0.83014450 0.34906000 0.01373070
v 0.84953900 0.34101300 0.00489028
v 0.85769250 0.30710100 0.00585331
v 0.87065150 0.22186000 0.01747815
v 0.86834200 0.21555600 0.00656075
v 0.87013400 0.18712600 0.01120290
v 0.87101800 0.13760100 0.01437650
v 0.87022200 0.14447500 0.00724171
v 0.86886100 0.16519900 0.00580679
v 0.87824800 0.10597500 0.00446237
v 0.88518300 0.06106930 0.02173310
v 0.88802550 0.03301360 0.00624576
v 0.88945150 0.00865853 0.02123580
v 0.88811900 -0.02191030 0.00560432
v 0.88517050 -0.04558775 0.00815946
v 0.87117400 -0.02347140 0.00740104
v 0.86962500 -0.02253830 0.01717070
v 0.86524200 -0.07076050 0.00950565
v 0.86652600 -0.09459000 0.02756340
v 0.86786600 -0.11031700 0.00482537
v 0.87184100 -0.12980600 0.00434489
v 0.87637250 -0.15160225 0.00740788
v 0.87840900 -0.16892100 0.00805618
v 0.87178200 -0.23864400 0.00557643
v 0.86889700 -0.25847700 0.00604741
v 0.85942100 -0.30757000 0.00508052
v 0.81935431 -0.32738619 0.01642486
v 0.85555100 -0.32588700 0.01202900
v 0.84933751 -0.31734391 0.00818672
v 0.84221500 -0.30705400 0.00524223
v 0.81406956 -0.30577234 0.00537284
v 0.82467200 -0.31942300 0.01160140
v 0.80850480 -0.29196244 0.00337632
v 0.85348627 -0.03388171 0.00460895
v 0.64151131 -0.27430862 0.03068400
v 0.65335872 -0.25739323 0.03985064
v 0.83002925 0.33728545 0.00556870
v 0.80541443 0.31791207 0.00803537
v 0.83809977 0.32505808 0.00443202
v 0.84468344 0.31180319 0.00834494
v 0.63457098 0.27413196 0.01489230
v 0.65134232 0.27976212 0.03214547
v 0.80102813 -0.30201203 0.00509498
v 0.82222964 -0.26965607 0.00503484
v 0.85796515 -0.28511660 0.00373742
v 0.83868934 -0.27384813 0.00465263
v 0.85371500 -0.11305380 0.00296225
v 0.84589167 -0.09588218 0.02888765
v 0.66153831 -0.07601010 0.03495381
v 0.86229800 -0.04327280 0.01530070
v 0.87377316 -0.05049696 0.00744220
v 0.86737150 -0.01807830 0.00451514
v 0.71250448 -0.27586975 0.01401965
v 0.73653785 -0.28215792 0.00780548
v 0.65960465 -0.28111193 0.03151640
v 0.64459521 -0.24401553 0.03593213
v 0.66604178 -0.24640240 0.03742112
v 0.87431172 0.00726642 0.02331769
v 0.86109508 0.17881996 0.01436804
v 0.81146384 0.33419591 0.00625200
v 0.82006973 0.28875832 0.00450398
v 0.83391028 0.29035270 0.00448176
v 0.86181137 0.25060241 0.00407534
v 0.83878388 0.23787972 0.00517823
v 0.82449931 0.24538272 0.00436724
v 0.84340901 0.21527162 0.02178656
v 0.80252446 0.23189127 0.00570843
v 0.80944358 0.22757620 0.01053905
v 0.79038256 0.24000386 0.00436755
v 0.64259209 0.25222574 0.02115923
v 0.63656464 0.26098156 0.03489568
v 0.63666531 0.27360925 0.02592266
v 0.68350000 0.29848000 0.02870960
v 0.68492998 0.26792541 0.03082789
v 0.70731736 0.29171887 0.02437864
v 0.75985824 -0.30682926 0.01293365
v 0.72209791 -0.29750448 0.01387064
v 0.66267191 -0.16574002 0.03783693
v 0.84867910 -0.26205457 0.00966158
v 0.86442211 -0.17755281 0.00481211
v 0.81677210 -0.16483054 0.00563287
v 0.85978042 -0.18215981 0.00435435
v 0.83087479 -0.15989793 0.01755727
v 0.84916774 -0.15437210 0.02050555
v 0.86618729 -0.19220392 0.00438838
v 0.67065555 -0.11250960 0.02364379
v 0.84808515 -0.11140337 0.00665231
v 0.81785356 -0.08941530 0.02762329
v 0.81942775 -0.10947768 0.01189193
v 0.84772031 -0.07600777 0.01560013
v 0.82951606 -0.07110048 0.01538422
v 0.79129671 -0.13545452 0.02105971
v 0.78966317 -0.08170396 0.03102944
v 0.79200910 -0.08321707 0.02679531
v 0.78803418 -0.09083076 0.04733511
v 0.80753327 -0.05846933 0.02469765
v 0.80009350 -0.06225721 0.02869449
v 0.78353818 -0.07074967 0.05104271
v 0.77382010 -0.05307839 0.04407058
v 0.76451840 -0.06868616 0.03183304
v 0.85431309 -0.06886963 0.01085295
v 0.76361568 -0.08804693 0.03609000
v 0.73773308 -0.09183033 0.02509940
v 0.74289289 -0.11089415 0.02544501
v 0.70854336 -0.09419315 0.04212197
v 0.75077408 -0.06294949 0.04232128
v 0.75964481 -0.06991127 0.05352160
v 0.73577840 -0.08014612 0.02776677
v 0.73241320 -0.08149822 0.03914303
v 0.69888365 -0.08818267 0.04776049
v 0.70694559 -0.08614382 0.03279093
v 0.77077724 -0.06741823 0.01422257
v 0.72081629 -0.05260205 0.03259873
v 0.74043075 -0.04535944 0.01184630
v 0.71238224 -0.03001952 0.02087579
v 0.68842660 -0.03336268 0.01308278
v 0.68820798 -0.04172871 0.03179466
v 0.75923107 -0.00508348 0.00419764
v 0.75313729 -0.07852016 0.02606760
v 0.77121656 -0.07265642 0.01694803
v 0.74135098 -0.03922354 0.00634184
v 0.79806244 -0.03700808 0.00436267
v 0.74120964 -0.00536092 0.00475902
v 0.79716879 -0.04083993 0.02987446
v 0.80539411 -0.00089681 0.00853446
v 0.73911410 -0.00036157 0.00782990
v 0.72154788 -0.02266719 0.00632232
v 0.80258270 -0.06392665 0.00553378
v 0.80209821 -0.04393582 0.01835973
v 0.83775889 -0.00915300 0.00470938
v 0.85492750 -0.01301335 0.00473284
v 0.80622416 -0.06201290 0.01461717
v 0.81866886 -0.05795483 0.00475143
v 0.83825513 -0.05474399 0.01515061
v 0.80987026 -0.04071157 0.00558695
v 0.80402654 -0.04435427 0.03550709
v 0.84266653 -0.03181094 0.02274925
v 0.85824589 -0.03750219 0.01163551
v 0.86189256 -0.04710491 0.00463530
v 0.86503521 0.00362952 0.02218604
v 0.82360978 -0.04793377 0.00537374
v 0.68469347 -0.28084859 0.02737442
v 0.86807712 0.03319535 0.00444826
v 0.88308485 0.01634446 0.01917664
v 0.85279708 0.04654494 0.00566513
v 0.81981582 0.05150438 0.00835300
v 0.65370518 0.07317011 0.03456157
v 0.67967274 0.05625816 0.03101055
v 0.66127299 0.08142583 0.02611580
v 0.64688948 0.12464825 0.01761576
v 0.86011119 0.17024126 0.01294234
v 0.83512420 0.16453562 0.01464532
v 0.81517973 0.14217201 0.00855806
v 0.81811899 0.14028627 0.02480528
v 0.82397981 0.13947818 0.02329245
v 0.83753507 0.18208843 0.01455599
v 0.65719664 0.18812895 0.01680163
v 0.65451525 0.17754658 0.03036209
v 0.67965378 0.18063946 0.03451921
v 0.78859069 0.32018049 0.00768860
v 0.77078900 0.32134100 0.01002660
v 0.80009013 0.30425297 0.01456236
v 0.81321676 0.27809600 0.00434776
v 0.75911920 0.32946644 0.01140884
v 0.85144988 0.22986881 0.01515635
v 0.82069270 0.22504811 0.02361711
v 0.81128063 0.21491383 0.02595112
v 0.80635310 0.22166689 0.02820125
v 0.65034807 0.24079055 0.01163992
v 0.66717511 0.26280311 0.03183257
v 0.66135779 0.29230514 0.01346472
v 0.77357460 -0.29251987 0.00537071
v 0.72730822 -0.24592774 0.00590094
v 0.74880170 -0.25951940 0.00424513
v 0.70524863 -0.25466839 0.01389470
v 0.72513154 -0.23427277 0.00734006
v 0.73979911 -0.23329151 0.01209465
v 0.65675274 -0.19020543 0.01146237
v 0.78915745 -0.26693250 0.00435127
v 0.83387877 -0.25615786 0.01272939
v 0.82509614 -0.24399975 0.01460395
v 0.84838655 -0.23362194 0.00619073
v 0.86036647 -0.15753385 0.01649109
v 0.68731996 -0.10527196 0.01599145
v 0.66376909 -0.12498602 0.03237115
v 0.72453988 -0.10427756 0.02757601
v 0.68010169 -0.14602922 0.02486433
v 0.73268952 -0.11759844 0.02426014
v 0.67303089 -0.15583680 0.03958750
v 0.66536962 -0.14729011 0.02456374
v 0.65529594 -0.13327510 0.02536964
v 0.79402274 -0.10184183 0.02148388
v 0.78592800 -0.11042943 0.04390479
v 0.77661194 -0.13574667 0.04588684
v 0.74714549 -0.08097366 0.04604529
v 0.73331908 -0.02696212 0.00496416
v 0.83736726 -0.02924300 0.01409222
v 0.84963477 -0.03600656 0.02205665
v 0.86150370 -0.02309594 0.01491402
v 0.83970800 -0.06233640 0.01593470
v 0.66346211 -0.01910436 0.01878929
v 0.84070787 0.00913948 0.02596609
v 0.70101351 -0.29363694 0.02318224
v 0.67367704 -0.28442133 0.03051246
v 0.65064899 -0.22562296 0.01822753
v 0.67778616 -0.26170960 0.02744589
v 0.69029399 -0.22589818 0.01408634
v 0.68017965 -0.23896967 0.02987060
v 0.64857743 -0.23590921 0.02532626
v 0.65005937 -0.21435672 0.02073970
v 0.66097090 0.05272327 0.02451263
v 0.66359215 0.04921410 0.01079506
v 0.66665805 0.03982454 0.01148318
v 0.68532152 0.05096668 0.02269890
v 0.85912352 0.05961482 0.02244244
v 0.85732595 0.07086648 0.02357498
v 0.83495247 0.06011236 0.02386368
v 0.65730253 0.10510996 0.02659735
v 0.67095603 0.09603747 0.03515583
v 0.65551510 0.12105974 0.02582014
v 0.84420855 0.10401893 0.00439234
v 0.87063776 0.09779417 0.00480066
v 0.64868454 0.16016711 0.02376033
v 0.67032431 0.15777070 0.02439721
v 0.68365944 0.14009209 0.04442282
v 0.68708759 0.15025543 0.03342917
v 0.83312741 0.16410372 0.00493928
v 0.85619795 0.16053761 0.00448352
v 0.84679565 0.14184707 0.00726824
v 0.80290369 0.15610532 0.01699470
v 0.79996882 0.13969049 0.02254712
v 0.78222562 0.13356582 0.01860965
v 0.77179081 0.13427671 0.02676131
v 0.77505361 0.13631364 0.01370338
v 0.75735634 0.13423222 0.03110855
v 0.78682457 0.13701278 0.01342757
v 0.75441903 0.16180309 0.02131666
v 0.77589110 0.15763368 0.01855055
v 0.71561954 0.14130206 0.04401088
v 0.80678219 0.17575843 0.01898720
v 0.79016939 0.17047477 0.02075266
v 0.74401857 0.17223201 0.02001437
v 0.72085390 0.16611040 0.03134835
v 0.73447426 0.17141047 0.02399977
v 0.82034920 0.19501111 0.00866094
v 0.81378856 0.20377171 0.01034738
v 0.70297867 0.17721136 0.04029860
v 0.72721360 0.17947252 0.03743202
v 0.70099284 0.19228603 0.02483319
v 0.76051153 0.19381370 0.01754412
v 0.74115642 0.20531366 0.02625849
v 0.73201544 0.19530664 0.03642674
v 0.71132547 0.15505429 0.04229750
v 0.76469972 0.21921003 0.03178179
v 0.74939854 0.22764792 0.02747600
v 0.71789111 0.21689152 0.04164559
v 0.69749856 0.13088558 0.04076597
v 0.74743670 0.13426545 0.03316230
v 0.67270933 0.19144205 0.01836458
v 0.68835266 0.21452559 0.03743892
v 0.68210536 0.21779557 0.03770044
v 0.70096552 0.22168527 0.03432718
v 0.67330678 0.21720283 0.03189683
v 0.69934113 0.14636416 0.02504489
v 0.66902004 0.13498150 0.00987270
v 0.84115112 0.13962647 0.02129845
v 0.86478598 0.14106046 0.01821814
v 0.65467446 0.19806653 0.03375156
v 0.86684155 0.21924760 0.02011805
v 0.78479210 0.29424944 0.01508759
v 0.79459036 0.28337380 0.00473200
v 0.66544719 0.21771294 0.01057563
v 0.65569918 0.23849763 0.01201269
v 0.66065876 0.21174003 0.01513388
v 0.66281000 0.25623200 0.02878220
v 0.69103247 0.23917566 0.00845538
v 0.65800422 0.24974985 0.02198525
v 0.71455323 0.27099357 0.02419695
v 0.67500817 0.24675857 0.00695561
v 0.64339801 0.26209464 0.03739467
v 0.69089361 0.24556212 0.00426393
v 0.71926841 0.22885230 0.00469334
v 0.70949503 0.25962582 0.00719546
v 0.69242652 0.23071348 0.01097784
v 0.71129570 0.28787572 0.02348007
v 0.70201590 0.30691848 0.02948186
v 0.72868030 0.29974742 0.01796678
v 0.69020172 0.30902421 0.01660613
v 0.76881413 -0.25063157 0.00649669
v 0.78117458 -0.21528724 0.00759432
v 0.79097241 -0.23304111 0.01878273
v 0.67297791 -0.20097867 0.03300689
v 0.70410040 -0.20950859 0.02385250
v 0.65333139 -0.17283551 0.01825529
v 0.86808650 -0.24297406 0.00685774
v 0.80818012 -0.25954027 0.00943592
v 0.81561902 -0.22024091 0.00471530
v 0.84458767 -0.22264082 0.00434770
v 0.84124695 -0.19866028 0.00434807
v 0.81521750 -0.18888600 0.00435060
v 0.79911780 -0.21223248 0.00439043
v 0.85822053 -0.22513217 0.00434140
v 0.83495521 -0.13270765 0.00961175
v 0.81278429 -0.13769440 0.01530885
v 0.78508996 -0.16191791 0.02772992
v 0.79917383 -0.16540925 0.00545782
v 0.79646254 -0.18552063 0.00434793
v 0.79434908 -0.16381317 0.00612860
v 0.79553113 -0.16927751 0.02590150
v 0.77499481 -0.15803096 0.04138407
v 0.76477237 -0.16411357 0.00886527
v 0.78040500 -0.17012200 0.02615170
v 0.75813618 -0.16870399 0.03597229
v 0.74786667 -0.14258206 0.03021907
v 0.75475817 -0.14759511 0.03357317
v 0.74172901 -0.16619183 0.01204575
v 0.73426114 -0.16327060 0.04107417
v 0.76681093 -0.16018902 0.04160028
v 0.71026659 -0.14882942 0.02551076
v 0.73082094 -0.18440754 0.00411288
v 0.71357041 -0.16389694 0.04103226
v 0.73537922 -0.19301040 0.00559983
v 0.70248868 -0.18650394 0.00817574
v 0.76904082 -0.20459619 0.00482368
v 0.77562566 -0.20331466 0.00438929
v 0.66796711 -0.10096768 0.01287876
v 0.71531674 -0.15817447 0.03879397
v 0.67122895 -0.14783502 0.02273601
v 0.71591898 -0.14098240 0.02324198
v 0.74456629 -0.13204086 0.02764852
v 0.72790871 -0.09255121 0.02465324
v 0.72628571 -0.07522026 0.04988181
v 0.71691695 -0.08760506 0.04890479
v 0.69619952 -0.09221990 0.04854730
v 0.70119389 -0.09352082 0.02824557
v 0.67269709 -0.09697296 0.03714077
v 0.69506728 -0.16389212 0.04199966
v 0.66742701 -0.06122950 0.01924924
v 0.66794914 -0.07436832 0.02152780
v 0.67606253 -0.05137422 0.03252437
v 0.66410296 -0.03407337 0.01509234
v 0.66121283 -0.04460061 0.03220223
v 0.83564871 0.00483503 0.02350119
v 0.65691557 -0.20312642 0.03392290
v 0.69554413 -0.26024585 0.01882843
v 0.71181389 -0.22552302 0.00838984
v 0.66782343 -0.21239873 0.01608671
v 0.65976584 0.03335301 0.02802826
v 0.70328791 0.01887548 0.03191642
v 0.66583466 0.00717141 0.02923074
v 0.66319879 0.00140384 0.01938161
v 0.82601159 0.09222759 0.00775977
v 0.82864153 0.06801305 0.02617783
v 0.81704550 0.09568073 0.00559805
v 0.78525048 0.06602890 0.02989571
v 0.80563573 0.07429023 0.02464313
v 0.78790720 0.07306499 0.02703476
v 0.77103291 0.06867176 0.03114199
v 0.65958400 0.09135850 0.02789870
v 0.65134776 0.12102154 0.01401023
v 0.69569730 0.08927711 0.03190759
v 0.70149315 0.09682956 0.02909347
v 0.71734104 0.11007935 0.02432622
v 0.68407675 0.12342256 0.01901526
v 0.85529977 0.09651417 0.00542494
v 0.65011695 0.15066424 0.04063288
v 0.68116721 0.14743537 0.04209571
v 0.65007519 0.12381113 0.03195815
v 0.83634688 0.20146427 0.00617285
v 0.85104438 0.20841294 0.00508280
v 0.82911326 0.21257023 0.02117999
v 0.76651689 0.22623700 0.00586985
v 0.76280824 0.20567979 0.02166851
v 0.66009109 0.19981100 0.03445631
v 0.70147674 0.14479919 0.01089449
v 0.65031612 0.21392905 0.03343970
v 0.66629400 0.21318300 0.02453550
v 0.64855866 0.21330363 0.01235426
v 0.73734682 0.26076922 0.00443875
v 0.69309849 0.21516069 0.01727291
v 0.74668728 0.28522256 0.02178711
v 0.77631146 0.29391375 0.01627724
v 0.72088971 0.32134784 0.02465468
v 0.77775986 -0.23655830 0.01934898
v 0.66886076 -0.19714220 0.02894036
v 0.70056904 -0.19335549 0.02197957
v 0.71879840 -0.20425452 0.02736538
v 0.73765374 -0.20366962 0.01843335
v 0.73904845 -0.21621095 0.02366701
v 0.71593108 -0.18585895 0.00461219
v 0.75577774 -0.21396387 0.01980128
v 0.78938648 -0.25869090 0.00653327
v 0.77542467 -0.10374071 0.04520620
v 0.72927287 -0.17172663 0.03004260
v 0.70615998 -0.17077851 0.03522059
v 0.65941119 -0.17191728 0.03710962
v 0.66659923 -0.10271950 0.02571889
v 0.71557200 -0.07800530 0.04687100
v 0.69292511 -0.07683578 0.02418179
v 0.70034639 -0.08455969 0.02878683
v 0.71232600 -0.05541894 0.03352768
v 0.68460931 -0.02040122 0.01746994
v 0.69007643 -0.00279439 0.00978654
v 0.67732749 0.00078668 0.02040191
v 0.70006682 -0.00738804 0.00474344
v 0.72430200 -0.00384276 0.00528446
v 0.72704349 0.00181068 0.02484305
v 0.68439278 0.00154995 0.03132609
v 0.72269501 0.00523531 0.03303139
v 0.70999543 0.01593401 0.03265857
v 0.82123279 0.00882200 0.02702123
v 0.81502639 0.07071492 0.02711236
v 0.76525186 0.09374537 0.01188255
v 0.76959800 0.09962130 0.00879156
v 0.76870445 0.10952432 0.00529495
v 0.75124323 0.14534346 0.00451814
v 0.73629149 0.12341161 0.00426789
v 0.77692956 0.11383106 0.00444445
v 0.78031027 0.12339711 0.00438122
v 0.76228546 0.14877219 0.00574689
v 0.82423002 0.14091053 0.00433815
v 0.77416861 0.15927940 0.01238800
v 0.85066694 0.02417697 0.01341313
v 0.82184935 0.03434588 0.00432417
v 0.67012246 0.08287014 0.02832721
v 0.78907142 0.19666410 0.01145269
v 0.72434512 0.21975447 0.01851981
v 0.69550163 0.21451717 0.01949892
v 0.71762400 0.21979000 0.01190430
v 0.74544480 0.22161938 0.03473000
v 0.70844145 0.13218616 0.03055972
v 0.71891570 0.14663881 0.00698913
v 0.70431018 0.13082287 0.00491573
v 0.73985210 0.15139831 0.00661868
v 0.64066987 0.23152986 0.01812927
v 0.75292235 0.27479994 0.00647624
v 0.77548539 0.27581586 0.00436731
v 0.74693138 0.23274222 0.00451150
v 0.74351210 0.26552844 0.00445730
v 0.76225878 0.31100998 0.01199689
v 0.74899857 -0.22609211 0.02113307
v 0.66997902 -0.18529902 0.01054795
v 0.70524612 -0.16845912 0.01132968
v 0.67806452 -0.17078939 0.01473840
v 0.68701468 0.03846853 0.00588360
v 0.71703163 0.03603146 0.00717977
v 0.75419794 0.01430615 0.03169731
v 0.75055755 0.01901716 0.02775051
v 0.76203677 0.00021307 0.00689583
v 0.75748949 0.00445262 0.02560790
v 0.69341310 0.01970649 0.03618211
v 0.75278247 0.14818813 0.01830753
v 0.73847144 0.15095867 0.02266814
v 0.74105565 0.13434000 0.02216330
v 0.79247452 0.04182616 0.00357815
v 0.79197855 0.02935808 0.00777354
v 0.78597131 0.02075576 0.02613318
v 0.76958717 0.03317193 0.00442618
v 0.76483627 0.02143004 0.02279664
v 0.73417089 0.05298658 0.00886326
v 0.76501790 0.01208170 0.03034736
v 0.79367996 0.05166581 0.00754729
v 0.76634151 0.05630990 0.01094338
v 0.70651245 0.07624112 0.03978819
v 0.70415873 0.08120561 0.04092852
v 0.75166085 0.09523180 0.01398699
v 0.73485244 0.11452673 0.00966673
v 0.80916892 0.16403062 0.01170301
v 0.81586290 0.15703399 0.00527042
v 0.81953335 0.12718910 0.00434802
v 0.81432128 0.10505517 0.00449067
v 0.77289725 0.22843224 0.02300562
v 0.77776864 0.22648700 0.00897678
v 0.78769059 0.00309609 0.01915263
v 0.79136565 -0.00246206 0.00504426
v 0.74356743 0.03366181 0.00708055
v 0.78617667 0.15472264 0.00534248
v 0.80815800 0.04427900 0.00487444
v 0.80518701 0.01903499 0.02468252
v 0.78934160 0.01175583 0.02781364
v 0.70794188 0.07362795 0.03456828
v 0.72454248 0.06235758 0.01791802
v 0.73238893 0.06926651 0.03549256
v 0.73444813 0.08421306 0.02743416
v 0.71992460 0.03927459 0.00678867
v 0.67260438 0.13227877 0.04314022
v 0.83903308 0.10713023 0.00427411
v 0.62735125 0.28974175 0.01530610
v 0.63233400 0.27298300 0.00727017
v 0.63705038 0.25390288 0.01080537
v 0.63542175 0.26078200 0.00900767
v 0.64261950 0.23025300 0.00577189
v 0.64962531 0.19376200 0.00890637
v 0.64395025 0.22523950 0.00855037
v 0.65018300 0.19463300 0.00926846
v 0.65268512 0.13897912 0.01399009
v 0.65260312 0.16790875 0.01124284
v 0.65192800 0.14253700 0.01664100
v 0.65209800 0.08449180 0.01831900
v 0.65335000 0.12202025 0.01224400
v 0.65232500 0.08786825 0.01882240
v 0.65678450 0.07088420 0.00978486
v 0.65756850 0.03063988 0.01154925
v 0.65732700 0.05409610 0.01239080
v 0.65766125 0.02739730 0.01102837
v 0.65863775 -0.00551180 0.00793369
v 0.65889475 -0.00792131 0.00844305
v 0.65699000 -0.04531320 0.01464120
v 0.65705563 -0.07064051 0.00825725
v 0.65760150 -0.05150965 0.01244995
v 0.65797500 -0.06422310 0.00828956
v 0.65672862 -0.11303760 0.00776471
v 0.65722900 -0.10174300 0.01153350
v 0.65627400 -0.13903900 0.01355490
v 0.65597500 -0.12760100 0.00665240
v 0.65259463 -0.17506213 0.00786423
v 0.65347250 -0.16677012 0.00897275
v 0.64861400 -0.20139900 0.00925725
v 0.64688900 -0.20663600 0.00535444
v 0.64889150 -0.19797975 0.00790856
v 0.64573100 -0.21757675 0.00856034
v 0.64531200 -0.21861400 0.01007560
v 0.64035200 -0.24414100 0.00747301
v 0.64282800 -0.23296975 0.00959758
v 0.63769900 -0.25333050 0.01062610
v 0.63633000 -0.25692000 0.01477235
v 0.85273250 -0.33873000 0.00624983
v 0.87001400 -0.27750400 0.00157883
v 0.87625900 -0.24805200 0.00158040
v 0.88502000 -0.18850200 0.00157357
v 0.88804750 -0.15604125 0.00240822
v 0.88762500 -0.08460045 0.00687079
v 0.88294250 -0.10714200 0.00958627
v 0.89000000 -0.05665043 0.00352242
v 0.89205900 -0.00948702 0.00221322
v 0.89176250 0.00630860 0.01587285
v 0.89037550 0.03263260 0.00288088
v 0.88447850 0.07293325 0.01161180
v 0.88066700 0.05534970 0.00958348
v 0.88293550 0.08249720 0.01075070
v 0.88400100 0.11997600 0.00144866
v 0.88484100 0.17006000 0.00170446
v 0.88486000 0.18006000 0.00237724
v 0.88250050 0.21252275 0.00261771
v 0.86592100 0.29878800 0.00144789
v 0.86223450 0.31342950 0.00152561
v 0.84387800 0.36863250 0.00584375
v 0.84358900 0.36612100 0.01818840
v 0.83484004 0.36906437 0.01397028
v 0.80008156 0.35320914 0.01823485
v 0.78615400 0.35659488 0.00923098
v 0.80409600 0.34643300 0.00144696
v 0.82966484 0.36103248 0.00159001
v 0.67001641 0.31350680 0.00124632
v 0.62998859 0.29806024 0.01516342
v 0.82391774 -0.33405712 0.00651269
v 0.83822378 -0.33468159 0.00185703
v 0.82109878 -0.32751749 0.00159104
v 0.80571250 -0.31802264 0.00144834
v 0.83429493 -0.30233665 0.00144853
v 0.63969861 -0.25578322 0.01687354
v 0.66127882 -0.26836795 0.01815628
v 0.67574308 -0.27365353 0.00067974
v 0.69738654 -0.29574918 0.00633404
v 0.84320100 0.35988878 0.00144947
v 0.86471717 0.24671800 0.00151765
v 0.87472938 0.17137860 0.00154232
v 0.86318179 0.07706073 0.00770895
v 0.87758114 0.07101620 0.00172275
v 0.65048279 0.25808896 0.00638019
v 0.70678155 0.32558768 0.00140570
v 0.69667658 0.32128990 0.00155160
v 0.66204995 0.31263011 0.01477674
v 0.63865434 0.28891127 0.00119439
v 0.65086142 0.29922633 0.00092010
v 0.85157399 0.00866530 0.02141287
v 0.86824338 0.00726105 0.02138302
v 0.88172190 -0.00950819 0.00146499
v 0.87414593 -0.05570637 0.00160235
v 0.87566240 -0.08798345 0.00198537
v 0.87737865 -0.15700300 0.00601911
v 0.81384802 -0.33132597 0.01165912
v 0.86312377 -0.27597135 0.00157935
v 0.86720715 -0.24861720 0.00403026
v 0.83123042 -0.23243637 0.00154295
v 0.84236395 -0.23465308 0.00148196
v 0.86908087 -0.18329537 0.00144799
v 0.81658996 -0.22504707 0.00156439
v 0.80209505 -0.23799510 0.01471780
v 0.79633299 -0.24276001 0.01401916
v 0.65401843 -0.26092071 0.00218660
v 0.64506722 -0.24448351 0.00182878
v 0.74396258 0.34422137 0.01642842
v 0.77117102 0.35165137 0.00652079
v 0.77791700 0.35329600 0.01223800
v 0.75559998 0.34585856 0.00376368
v 0.72245100 0.33800200 0.01224820
v 0.66333483 0.21089330 0.00322832
v 0.81970591 0.30932240 0.00826084
v 0.84291595 0.32047035 0.00144924
v 0.82883103 0.31694703 0.00169660
v 0.86102465 0.23089918 0.00575401
v 0.84849938 0.27788738 0.00144781
v 0.86590419 0.18626287 0.00773931
v 0.86023143 0.17106339 0.00161881
v 0.83493184 0.16531773 0.00162800
v 0.82125741 0.09808972 0.00147927
v 0.85380450 0.13866805 0.00148084
v 0.81132807 0.16243473 0.00206809
v 0.80951001 0.15622084 0.00147668
v 0.79567286 0.17544061 0.01697483
v 0.78769224 0.15727054 0.00193464
v 0.82257300 0.13516700 0.00144791
v 0.79637328 0.11750339 0.00144824
v 0.78258933 0.09298588 0.00291453
v 0.87354352 0.10440615 0.00146259
v 0.75077925 0.15112102 0.00158034
v 0.70963571 0.13681316 0.00137109
v 0.76203001 0.10024424 0.00162289
v 0.74932408 0.09706717 0.00247285
v 0.73760958 0.08253533 0.02592635
v 0.75396571 0.07801248 0.02416164
v 0.73225178 0.09909185 0.00393504
v 0.73214217 0.07350691 0.01241425
v 0.72744207 0.07560478 0.02472528
v 0.71543838 0.08606188 0.00976663
v 0.70985488 0.08350088 0.02679511
v 0.72903092 0.07830067 0.00343146
v 0.75594242 0.08421072 0.00387721
v 0.68948799 0.06416267 0.01155463
v 0.70153232 0.08105178 0.00105874
v 0.76666153 0.05601988 0.00265657
v 0.73267552 0.08597587 0.00646549
v 0.75923508 0.07095701 0.02516945
v 0.77325006 0.07409221 0.01569873
v 0.76174947 0.02769973 0.00169344
v 0.77934413 0.07958879 0.00242662
v 0.78288100 0.08262650 0.01389450
v 0.80538561 0.07648469 0.01888317
v 0.77712355 0.06448179 0.02149066
v 0.79671947 0.08067990 0.01126215
v 0.77473534 0.02952920 0.00135438
v 0.72840647 0.03387370 0.00131847
v 0.72474759 0.05209454 0.00620807
v 0.75036667 0.02667166 0.00251409
v 0.79663504 0.08123483 0.00401346
v 0.81700355 0.06963255 0.01324467
v 0.84626321 0.06720627 0.00144872
v 0.81103156 0.06049440 0.01745244
v 0.83180449 0.07568365 0.01871572
v 0.81435027 0.06677522 0.02267529
v 0.82688982 0.07974921 0.00528164
v 0.80219200 0.08513410 0.00883200
v 0.80420554 0.09338407 0.00226965
v 0.81192313 0.06244546 0.01147751
v 0.81485124 0.07522253 0.00154057
v 0.86263845 0.09313920 0.00290080
v 0.66041138 0.07404633 0.00293263
v 0.87612862 0.05575933 0.00714780
v 0.83487851 0.07915600 0.01119901
v 0.86183026 0.03054364 0.00164805
v 0.85783540 0.07352370 0.00188055
v 0.84592011 0.06510114 0.00604646
v 0.87198399 0.07050430 0.01503149
v 0.69308444 0.32841790 0.01146353
v 0.64823418 0.26694960 0.01628609
v 0.68483188 0.29026307 0.01755530
v 0.66802138 0.00469571 0.01481428
v 0.68927971 0.00710727 0.00217468
v 0.86036697 -0.00795882 0.00151351
v 0.83448731 0.00112108 0.00501730
v 0.68743002 -0.03255892 0.00656081
v 0.66636427 -0.03178875 0.00091717
v 0.70056354 -0.03862628 0.00043387
v 0.66905335 -0.10504369 0.00317356
v 0.66987991 -0.09489358 0.01430642
v 0.69926898 -0.07758024 0.00349988
v 0.86662107 -0.08087135 0.00702058
v 0.87587598 -0.08765166 0.01339686
v 0.86417556 -0.10508511 0.00186122
v 0.85103912 -0.13380052 0.00174622
v 0.82840600 -0.12174700 0.00144774
v 0.83820657 -0.14506981 0.01257779
v 0.81808724 -0.13931230 0.01119995
v 0.66056565 -0.14824802 0.01385972
v 0.69371553 -0.13763004 0.02262058
v 0.78664678 -0.31660151 0.00157915
v 0.82082371 -0.26926872 0.00172183
v 0.85204472 -0.25897602 0.00741262
v 0.78066326 -0.32407475 0.00976842
v 0.77203117 -0.31631813 0.00259232
v 0.74854043 -0.30443001 0.00176184
v 0.86201527 -0.23355230 0.00143914
v 0.81108155 -0.18579780 0.00144996
v 0.81322002 -0.16854347 0.00157831
v 0.72466456 -0.30715771 0.00704241
v 0.74242900 -0.31347700 0.00901141
v 0.72242306 -0.29806511 0.00271904
v 0.71877422 -0.28443961 0.00608117
v 0.73263226 -0.27995170 0.00145207
v 0.69826123 -0.26512345 0.01322653
v 0.71089686 -0.25339440 0.00815306
v 0.72672550 -0.23928148 0.00285343
v 0.75808061 -0.25407083 0.00144839
v 0.77294765 -0.29407163 0.00144858
v 0.78736861 -0.25790737 0.00149659
v 0.79747476 -0.26104797 0.00154329
v 0.81261617 -0.27289040 0.00144744
v 0.75101515 -0.23720262 0.00167416
v 0.73051698 -0.26030182 0.00149798
v 0.74996420 -0.22097200 0.01782560
v 0.74961879 -0.21371726 0.01268424
v 0.76648877 -0.21592546 0.00238811
v 0.71630843 -0.20142447 0.00236462
v 0.72535615 -0.20275627 0.00194030
v 0.71001807 -0.17369208 0.00327465
v 0.74741200 -0.25602600 0.00144861
v 0.75837930 -0.20121908 0.00144859
v 0.77787220 -0.19164489 0.00144794
v 0.77464362 -0.23276580 0.01612657
v 0.78532179 -0.25077816 0.00199924
v 0.77732627 -0.21908038 0.00164432
v 0.65661307 -0.23310481 0.01813694
v 0.67848460 -0.24903117 0.01465939
v 0.70049787 -0.22505131 0.00145397
v 0.67468978 -0.23138021 0.01614681
v 0.70972455 -0.22726616 0.00247224
v 0.66224406 -0.20594908 0.00988035
v 0.69344645 -0.20536341 0.01959536
v 0.68182900 -0.19346290 0.01384162
v 0.70504261 -0.20252589 0.01727114
v 0.68803092 -0.19581241 0.00256976
v 0.71446477 -0.20994126 0.01851622
v 0.66579637 -0.18489060 0.00015395
v 0.65168699 -0.19316071 0.00758658
v 0.66912934 -0.17288491 0.01200491
v 0.69899465 -0.14870267 0.00159302
v 0.79882969 0.35686951 0.00293396
v 0.71871549 0.33407917 0.01764011
v 0.71652844 0.31472847 0.00218766
v 0.75609559 0.31117201 0.00275427
v 0.71863992 0.27902465 0.01986775
v 0.71850377 0.28237537 0.01899695
v 0.78556091 0.31934674 0.00144788
v 0.81476939 0.29324027 0.00197773
v 0.79851209 0.31463296 0.00174719
v 0.87049312 0.20229063 0.00131451
v 0.85874950 0.19758020 0.00331794
v 0.85956282 0.21201575 0.00154619
v 0.66954552 0.11931553 0.01746982
v 0.66922038 0.16359859 0.01404082
v 0.66821544 0.14374635 0.00397012
v 0.65359668 0.14704725 0.01875662
v 0.69749093 0.16440543 0.00489478
v 0.69157287 0.15619444 0.02156822
v 0.74277095 0.15819291 0.01621557
v 0.69566847 0.15026157 0.02116013
v 0.67572724 0.16723870 0.00233077
v 0.72157214 0.14935018 0.00245744
v 0.65769859 0.16617713 0.00592331
v 0.74352988 0.16700094 0.01895010
v 0.73789079 0.17082557 0.00648585
v 0.72607529 0.17312728 0.00304996
v 0.73378530 0.18828184 0.00106636
v 0.70705182 0.17157414 0.00084888
v 0.71949454 0.16902938 0.00403859
v 0.70435510 0.19529334 0.00192786
v 0.67171301 0.17834207 0.01243001
v 0.70136278 0.20456563 0.00462841
v 0.75092708 0.21451264 0.01353638
v 0.75222468 0.20688285 0.00429466
v 0.71867542 0.20781881 0.01648886
v 0.76807765 0.18075277 0.00206512
v 0.78480001 0.21516661 0.01298407
v 0.81744998 0.20443254 0.00181733
v 0.76808072 0.15315091 0.00171902
v 0.80917329 0.09791128 0.00147622
v 0.75583205 0.10578908 0.00144848
v 0.71687996 0.05726325 0.00189431
v 0.86586621 0.07141813 0.01879347
v 0.83873337 0.06792874 0.02203517
v 0.86195156 0.06482835 0.02086558
v 0.65981396 0.10346414 0.01873075
v 0.84631345 0.09542897 0.00166233
v 0.83745180 0.09263340 0.00235999
v 0.66616787 0.05461050 0.00604361
v 0.66591499 0.06052675 0.01460810
v 0.67330600 0.31907200 0.01019120
v 0.66917064 0.29239741 0.01551631
v 0.67292557 -0.02119019 0.01313436
v 0.66848571 -0.01486863 0.00679620
v 0.68625027 -0.01953027 0.01061512
v 0.88073016 0.02867948 0.00205176
v 0.83563396 -0.06625886 0.00181270
v 0.85491927 -0.03561392 0.00144902
v 0.82286102 -0.06112782 0.00142806
v 0.66012599 -0.06269475 0.01233279
v 0.67476305 -0.06277356 0.01263355
v 0.68680331 -0.05811524 0.02212161
v 0.66905629 -0.04950509 0.02002295
v 0.66523904 -0.04631252 0.00551644
v 0.85963315 -0.07049277 0.00493368
v 0.85583856 -0.09082629 0.02193534
v 0.83681445 -0.08121703 0.01783074
v 0.66377111 -0.12268493 0.00099275
v 0.66523883 -0.12792768 0.01609825
v 0.68419512 -0.13013682 0.00571735
v 0.87207956 -0.10498456 0.00666110
v 0.84100071 -0.08317497 0.01182596
v 0.84541065 -0.07865050 0.00951827
v 0.85956959 -0.10216286 0.01814106
v 0.86265750 -0.12032306 0.00144634
v 0.83743004 -0.11190242 0.00140908
v 0.80035205 -0.13777700 0.01138253
v 0.74567694 -0.13605971 0.02007998
v 0.77796194 -0.12458010 0.00138369
v 0.80925706 -0.13059951 0.00173698
v 0.79760872 -0.08268259 0.00129351
v 0.84693015 -0.08211670 0.00188049
v 0.79502651 -0.15309727 0.01162940
v 0.77983222 -0.09427081 0.00146622
v 0.75968543 -0.12753965 0.00200733
v 0.74407192 -0.13302217 0.00689196
v 0.81341455 -0.15046714 0.01548760
v 0.79088167 -0.15995853 0.00207475
v 0.83195149 -0.16944193 0.00157725
v 0.85470373 -0.14940879 0.01015579
v 0.87646952 -0.13908067 0.00151529
v 0.66266031 -0.16446078 0.00148886
v 0.67441800 -0.15082581 0.00229180
v 0.68494111 -0.16777499 0.00780555
v 0.83466765 -0.16341483 0.00511807
v 0.70198776 -0.24618354 0.00686317
v 0.79378202 -0.28623184 0.00144789
v 0.80545512 -0.22790001 0.00233777
v 0.75301339 -0.15586698 0.00168754
v 0.65276905 -0.23784801 0.01098696
v 0.64758767 -0.22013119 0.01479118
v 0.65008103 -0.21291314 0.00208182
v 0.74105424 -0.22428915 0.01551166
v 0.75955667 0.31115332 0.00269505
v 0.75356500 0.28210600 0.01009740
v 0.72457795 0.27601548 0.01814879
v 0.76689634 0.29615131 0.01585371
v 0.76421689 0.28012845 0.00197088
v 0.68936300 0.30170300 0.01299250
v 0.65164708 0.24208524 0.00121081
v 0.81876873 0.30623099 0.00791842
v 0.81127639 0.29562045 0.00330735
v 0.80100897 0.27640747 0.00144691
v 0.85098600 0.27694300 0.00144775
v 0.85126050 0.24300330 0.00150763
v 0.85478847 0.24939375 0.00144911
v 0.83158429 0.28697376 0.00145016
v 0.80350449 0.25907495 0.00144824
v 0.79173432 0.16503789 0.00990394
v 0.80030144 0.18687763 0.00178097
v 0.78579614 0.17392835 0.01647928
v 0.82560550 0.23668511 0.00188294
v 0.80425478 0.23691462 0.00154014
v 0.65783932 0.12572792 0.00350302
v 0.69122439 0.21379170 0.01468544
v 0.70526614 0.20581013 0.01585714
v 0.70356011 0.21857804 0.00484890
v 0.66198135 0.20195307 0.01539345
v 0.66916181 0.19501468 0.00757040
v 0.77180583 0.20443791 0.00236337
v 0.79316005 0.20679825 0.00273040
v 0.78333827 0.22906686 0.00200793
v 0.82477880 0.22418336 0.00931026
v 0.81785899 0.21791889 0.01048592
v 0.86440636 0.14212757 0.00144983
v 0.69168210 0.13871188 0.00140535
v 0.81375900 0.00450101 0.00847872
v 0.65387145 0.08678856 0.02323806
v 0.67062244 0.08375580 0.00425312
v 0.69422073 0.04898193 0.00354230
v 0.70304697 0.07579686 0.01894781
v 0.69083791 0.08708646 0.01113859
v 0.69729846 0.08228682 0.02817567
v 0.66243344 0.08731419 0.00908736
v 0.83779400 0.02245289 0.00808369
v 0.80749261 0.02966550 0.00174726
v 0.85372252 0.02747742 0.00288550
v 0.65389403 0.24767714 0.01397003
v 0.67986477 0.27222819 0.01056434
v 0.65004236 0.25304817 0.01705413
v 0.66680918 0.25615850 0.01325016
v 0.70784782 0.27348562 0.02109021
v 0.70419490 0.26431340 0.00216737
v 0.73709622 0.27388951 0.00293029
v 0.72531442 0.26605892 0.00163363
v 0.74501496 0.22946776 0.00152703
v 0.77987334 0.23901482 0.00144862
v 0.76361591 0.22866213 0.00153765
v 0.66961553 0.00363589 0.00012799
v 0.70366995 0.00876088 0.01783341
v 0.70101726 -0.01860111 0.00203329
v 0.71776119 -0.01648533 0.00153655
v 0.71007581 -0.02908025 0.00768390
v 0.73011054 -0.04210411 0.00595732
v 0.70497744 -0.05951408 0.00604378
v 0.71910596 0.00925011 0.00299738
v 0.75183758 0.00724223 0.00216517
v 0.73278508 0.01007977 0.00682593
v 0.75289931 -0.04525917 0.00167874
v 0.75427462 0.00983688 0.02173060
v 0.69574575 0.01068978 0.02478745
v 0.73397489 -0.06440501 0.00334425
v 0.72802223 0.01553241 0.02465707
v 0.76814870 0.01205568 0.02419404
v 0.79345438 -0.00011392 0.00175127
v 0.81352064 0.00155277 0.00232730
v 0.85019078 -0.00343934 0.00190925
v 0.78469145 -0.04561103 0.00144760
v 0.76963257 -0.00449635 0.00144704
v 0.81578402 -0.03328956 0.00146851
v 0.75415855 -0.06392110 0.00163881
v 0.77614810 -0.06833187 0.00176441
v 0.76215557 -0.07218759 0.01602873
v 0.70497977 -0.06114826 0.02332975
v 0.76283810 -0.08973937 0.02551847
v 0.78107596 -0.07268648 0.00961210
v 0.76942571 0.00299119 0.00199102
v 0.78352804 0.00622841 0.00404198
v 0.70159906 -0.08442669 0.02238658
v 0.75382040 -0.08947149 0.01344145
v 0.76821958 -0.07384842 0.00417270
v 0.76795472 -0.09873002 0.00253269
v 0.74747167 -0.07706048 0.00257020
v 0.73775954 -0.08816551 0.02382791
v 0.74300717 -0.07280729 0.00883069
v 0.81845717 -0.06817884 0.00272097
v 0.80464337 -0.07696947 0.01776277
v 0.73111992 -0.07446653 0.00265198
v 0.70052827 -0.08216237 0.00923977
v 0.78969588 -0.08208627 0.02350961
v 0.70605399 -0.07374409 0.00777346
v 0.71616430 -0.08669042 0.01610726
v 0.68922846 -0.07376668 0.00858558
v 0.71096755 -0.12826734 0.00146076
v 0.71025635 -0.07361409 0.00678874
v 0.72562572 -0.12015561 0.00115547
v 0.71737272 -0.13206107 0.01676412
v 0.69976956 -0.13195229 0.00608722
v 0.71062579 -0.12971413 0.00273590
v 0.71128861 -0.14105242 0.02233486
v 0.70053076 -0.14750172 0.01755151
v 0.67323635 0.02664613 0.02050436
v 0.83491534 -0.05246679 0.00143505
v 0.83818934 -0.02827277 0.00144752
v 0.80865807 0.00865325 0.02117688
v 0.67016171 -0.07600092 0.01851993
v 0.71009987 -0.05276304 0.00168641
v 0.85005413 -0.10109313 0.00723158
v 0.83016697 -0.09739178 0.00995482
v 0.81078561 -0.07797758 0.01269278
v 0.76659400 -0.13096400 0.01004290
v 0.73528225 -0.20610076 0.00196767
v 0.85145297 -0.15475449 0.01092121
v 0.86373731 -0.17676232 0.00146957
v 0.77451558 -0.18397088 0.00144727
v 0.71514134 -0.21997972 0.00284210
v 0.77110398 0.31474742 0.00156827
v 0.65754442 0.23365931 0.00831936
v 0.66796886 0.20970621 0.01235746
v 0.65941192 0.19055046 0.00011288
v 0.78279690 0.31030707 0.00410226
v 0.86248052 0.30755905 0.00208642
v 0.79599900 0.24529000 0.00144710
v 0.67736740 0.14079272 0.00183098
v 0.67470500 0.12363591 0.00239615
v 0.70484985 0.11566144 0.00151050
v 0.73726923 0.15012562 0.00182218
v 0.67759800 0.10580200 0.01987560
v 0.68452689 0.10055807 0.02676359
v 0.69366780 0.10490118 0.01798931
v 0.66269673 0.03763871 0.00163610
v 0.70828220 0.02245883 0.01253399
v 0.70690826 0.02683516 0.00291089
v 0.81101634 0.02664632 0.00226735
v 0.82198008 0.01927223 0.01827400
v 0.70774970 0.29136266 0.01453221
v 0.69489100 0.23576000 0.00144540
v 0.68372652 0.25617662 0.00186128
v 0.75273600 0.22517700 0.00352918
v 0.72984750 0.22432195 0.00314554
v 0.73584118 -0.06853814 0.02228267
v 0.81429226 -0.09687609 0.02137939
v 0.70335715 -0.08872665 0.01046047
v 0.66280321 -0.08355730 0.00172408
v 0.73999480 -0.14667340 0.01974871
v 0.66690183 0.02129461 0.01840344
v 0.84906600 -0.09797530 0.02063380
v 0.82832208 -0.08888487 0.00885544
v 0.80492967 -0.07616793 0.00556470
v 0.79407209 -0.07851247 0.01439486
v 0.77901377 -0.07620335 0.01312352
v 0.79319639 -0.09614110 0.01690809
v 0.76637526 -0.08093323 0.01305689
v 0.84065158 -0.19776692 0.00144808
v 0.71441223 -0.19213619 0.00148470
v 0.71987254 -0.15373946 0.00184158
v 0.68130034 0.23594282 0.00202842
v 0.82506097 0.18188060 0.01285497
v 0.70814451 0.10786924 0.00252686
v 0.71105400 0.14315900 0.00170298
v 0.75188488 0.02091121 0.01647603
v 0.73276744 0.02436601 0.00417161
v 0.72250980 0.23154736 0.00149442
v 0.78531487 -0.09403166 0.02293320
v 0.75254880 -0.15106185 0.01386519
v 0.79118813 0.02024904 0.02037002
v 0.81234500 0.36259700 0.00685606
v 0.76254258 0.09170020 0.00599736
v 0.64329380 0.27675910 0.00298639
v 0.24805200 0.22698550 0.01131520
v 0.25420850 0.22099925 0.00802251
v 0.23438850 0.23551800 0.00762709
v 0.23083200 0.23432700 0.00478638
v 0.21464200 0.22449200 0.00578122
v 0.20566400 0.22144200 0.00528548
v 0.19091200 0.21673800 0.00656159
v 0.17253100 0.21131800 0.00966873
v 0.13082500 0.20183000 0.01189030
v 0.15856125 0.20805300 0.01152733
v 0.11704600 0.20051500 0.00987604
v 0.10911100 0.19680000 0.00604021
v 0.07271570 0.20685700 0.00144459
v 0.06748960 0.20247400 0.01875140
v 0.02048655 0.06556243 0.00376592
v 0.01381650 0.07761080 0.00679906
v 0.03043595 0.02676640 0.00168470
v 0.02294850 0.06173000 0.00213177
v 0.03139640 0.01485660 0.00154067
v 0.03169410 0.00520652 0.00154188
v 0.03081970 -0.02342160 0.00207507
v 0.02391708 -0.05337372 0.00450358
v 0.02836109 -0.02667195 0.00263613
v 0.07665370 -0.18644000 0.03296820
v 0.07896785 -0.19514100 0.01211467
v 0.08720790 -0.19615000 0.00143233
v 0.10524700 -0.18995300 0.00223941
v 0.13055450 -0.18850825 0.00762950
v 0.17194225 -0.19557225 0.00983440
v 0.15080400 -0.19187100 0.01244020
v 0.16027300 -0.19320200 0.01152290
v 0.17900250 -0.19673900 0.00896907
v 0.19767200 -0.20075100 0.00635827
v 0.23070050 -0.20950950 0.00818148
v 0.24277912 -0.21189250 0.01141360
v 0.26582800 -0.21071400 0.01875560
v 0.64649430 -0.16654466 0.00761151
v 0.63428117 -0.23660019 0.00951759
v 0.61761250 0.28740766 0.00616650
v 0.64625769 0.06384280 0.00973280
v 0.64723562 0.12444061 0.01216490
v 0.65105200 0.04490960 0.01001810
v 0.65084252 -0.04656209 0.01071805
v 0.64698747 -0.10489798 0.00847189
v 0.64584210 -0.18252834 0.00667491
v 0.65115095 -0.14730073 0.01030140
v 0.64324372 0.09475277 0.01142707
v 0.63365774 0.20513050 0.00673723
v 0.63965082 -0.20615662 0.00692263
v 0.63192740 0.16913735 0.00982400
v 0.64802026 0.00771743 0.01057078
v 0.63023160 -0.13957118 0.01109467
v 0.62342196 -0.16213374 0.00499498
v 0.65007593 0.03135622 0.01197018
v 0.64805547 -0.08060383 0.01023242
v 0.62470046 0.08837740 0.00340264
v 0.64088593 0.18903552 0.00855081
v 0.64155394 0.15136255 0.01264245
v 0.63725185 0.11860281 0.01295167
v 0.62349767 0.13588429 0.00687821
v 0.60130803 0.16252824 0.00180580
v 0.25952500 0.23322400 0.01326850
v 0.21809256 -0.19622423 0.00159035
v 0.62734500 0.01738200 0.00625175
v 0.61050309 -0.18237389 0.00144003
v 0.62353500 0.15185200 0.00638009
v 0.59662392 -0.25527311 0.00478687
v 0.63040510 -0.11020508 0.00530187
v 0.62943017 0.00236136 0.00712246
v 0.61786984 -0.22256149 0.00215870
v 0.60988490 0.17723944 0.00671486
v 0.61595338 0.18362526 0.00650423
v 0.24793142 0.23333488 0.00395019
v 0.22028614 0.20997226 0.00144311
v 0.24260287 -0.21078341 0.00235774
v 0.64706865 -0.12222802 0.00978958
v 0.62936380 -0.04547796 0.00263096
v 0.61123363 -0.01694786 0.00340274
v 0.60553960 -0.24250263 0.00312785
v 0.59704884 -0.23438177 0.00150227
v 0.61323152 0.19176406 0.01144904
v 0.61477471 0.11797946 0.00213114
v 0.28240415 -0.20569380 0.00129666
v 0.26608334 -0.20683656 0.01022739
v 0.27597416 -0.20052171 0.00695321
v 0.25381532 -0.21255080 0.00166297
v 0.25974422 -0.21785123 0.00488760
v 0.18775870 0.20138369 0.00151418
v 0.61248353 0.10180275 0.00152414
v 0.29257936 -0.20029800 0.00764087
v 0.62033601 -0.05851990 0.00153078
v 0.60415449 0.01547777 0.00201618
v 0.56987753 0.16485991 0.00144862
v 0.58965159 0.15188022 0.00144871
v 0.20597680 0.18380663 0.00146380
v 0.22098947 0.18461723 0.00144865
v 0.22909500 -0.18762400 0.00144814
v 0.61627238 -0.11365241 0.00161252
v 0.62194234 -0.14920416 0.01152749
v 0.62715028 0.20354920 0.00623939
v 0.59499341 0.09257255 0.00144442
v 0.24290674 0.20770821 0.00144860
v 0.26282816 -0.20295674 0.00331183
v 0.29727854 -0.20422916 0.00176644
v 0.26861212 -0.17853573 0.00147707
v 0.22840004 0.17266156 0.00144860
v 0.24446368 -0.18022368 0.00144849
v 0.22770398 -0.16750974 0.00144871
v 0.25739321 -0.17207015 0.00144855
v 0.59695294 -0.18051022 0.00159101
v 0.59502400 0.21301500 0.00612264
v 0.58923758 0.14301471 0.00144812
v 0.57386501 0.12312725 0.00144882
v 0.58761896 0.18321724 0.00189173
v 0.58711397 0.11292796 0.00150158
v 0.26206796 0.23318573 0.00140134
v 0.15239804 0.19847088 0.00931608
v 0.57304908 -0.06883819 0.00144815
v 0.59735870 -0.02495602 0.00160485
v 0.62520961 -0.17413152 0.00291933
v 0.59867990 -0.16750965 0.00894705
v 0.55619901 0.13065197 0.00144697
v 0.60790012 0.12518885 0.00145805
v 0.27397439 -0.16854008 0.00144935
v 0.25737270 0.16437739 0.00144863
v 0.23711641 -0.15585938 0.00144792
v 0.60897004 -0.01399862 0.00347466
v 0.61773900 -0.18964900 0.00181346
v 0.58564725 0.19763881 0.01174051
v 0.59117832 0.19705268 0.01285430
v 0.28380250 -0.18548264 0.00402688
v 0.57900578 -0.24530629 0.00156344
v 0.22715554 0.20869731 0.00144839
v 0.25907151 0.17866334 0.00144864
v 0.26544717 0.20440611 0.00144888
v 0.27575800 0.17176900 0.00144866
v 0.59281574 -0.01553851 0.00188634
v 0.62789342 0.00601346 0.00685357
v 0.56256746 -0.21064653 0.00144867
v 0.56584468 -0.24613313 0.00147502
v 0.55844602 0.09394823 0.00144851
v 0.27976351 0.18602455 0.00144864
v 0.27406742 0.20701640 0.00144083
v 0.23561798 0.15610261 0.00144864
v 0.59449810 0.00484941 0.00154682
v 0.54451186 -0.22844772 0.00144867
v 0.57792393 -0.19689099 0.00144826
v 0.31142576 0.19221993 0.00144862
v 0.29969100 0.18263500 0.00144862
v 0.23519009 0.14474425 0.00144864
v 0.21364308 0.12918671 0.00144861
v 0.22017478 0.11952425 0.00144861
v 0.22970947 0.11728611 0.00144869
v 0.61940349 0.10071466 0.00239745
v 0.59486695 0.02048667 0.00144847
v 0.24925771 0.13072201 0.00144863
v 0.60995555 0.07627483 0.00144965
v 0.57185628 0.00701016 0.00144754
v 0.28392702 0.15976323 0.00144861
v 0.62534347 0.07609786 0.00314403
v 0.61548611 0.06901857 0.00173211
v 0.61959560 0.06173373 0.00189968
v 0.60137390 0.02687207 0.00147644
v 0.58258716 0.05225979 0.00144720
v 0.58215776 -0.00474504 0.00145295
v 0.57495712 0.02152387 0.00144806
v 0.25960278 0.11841137 0.00144863
v 0.55520083 -0.19082357 0.00223252
v 0.57526275 0.06281029 0.00144698
v 0.55759700 0.01282230 0.00144805
v 0.29954023 0.15988833 0.00144855
v 0.53272159 -0.20132288 0.00151125
v 0.60093303 0.04294568 0.00144724
v 0.55068400 0.03306020 0.00144713
v 0.57289096 -0.18719551 0.00169540
v 0.32536775 0.17005666 0.00144864
v 0.30949346 0.14404936 0.00144803
v 0.50115051 -0.20733928 0.00189034
v 0.56783541 -0.16506037 0.01263801
v 0.57927597 -0.17143021 0.01279083
v 0.55351754 0.02797838 0.00144736
v 0.52636208 -0.24162770 0.00145857
v 0.50471829 -0.22068892 0.00144848
v 0.51595315 -0.24124379 0.00149276
v 0.49892048 -0.23848367 0.00152940
v 0.54231063 0.01558093 0.00144670
v 0.54922106 0.04269367 0.00144801
v 0.53726968 0.05750942 0.00144867
v 0.55180919 0.06829376 0.00144864
v 0.29460695 0.14084103 0.00144791
v 0.55269900 0.00060905 0.00144689
v 0.56010111 -0.00960581 0.00144823
v 0.53662741 -0.03189868 0.00144860
v 0.50204024 -0.01586356 0.00144862
v 0.56714009 0.06973502 0.00144968
v 0.31618728 0.12554888 0.00144820
v 0.28077082 0.13047082 0.00144768
v 0.52531756 0.02742653 0.00144864
v 0.06372266 -0.17565436 0.01436635
v 0.02321664 -0.09625738 0.01278931
v 0.06975607 -0.18490827 0.01934237
v 0.05106320 -0.14956438 0.00969792
v 0.06266812 -0.15199735 0.00222609
v 0.05286167 -0.13559626 0.00277805
v 0.08068471 -0.14746326 0.00149668
v 0.04130501 -0.13158138 0.01180728
v 0.04786266 -0.11372491 0.00191515
v 0.06522404 -0.13412432 0.00157075
v 0.07221124 -0.11453246 0.00144865
v 0.09526825 -0.12495127 0.00144893
v 0.08041800 -0.07961301 0.00144794
v 0.08430219 -0.09448529 0.00144766
v 0.11483994 -0.13768593 0.00361627
v 0.11143432 -0.14997203 0.00135936
v 0.04164139 -0.09622827 0.00237428
v 0.03005824 -0.10918427 0.00998631
v 0.04978296 -0.10199733 0.00150997
v 0.06312646 -0.07319163 0.00144659
v 0.63085698 0.24052800 0.00854529
v 0.62178077 0.02962577 0.00389590
v 0.61728357 0.02523470 0.00308736
v 0.61418704 0.24624899 0.00524289
v 0.26897580 0.23075179 0.01432872
v 0.60770083 0.28078368 0.00257349
v 0.59052145 0.24586485 0.00158952
v 0.59251740 0.23872303 0.00162007
v 0.59464921 0.26012815 0.00165565
v 0.57641351 0.28134991 0.00204104
v 0.54911289 0.26520802 0.00144794
v 0.55882467 0.27726039 0.00170467
v 0.58146800 0.21356900 0.00969221
v 0.57858967 0.24068524 0.00144890
v 0.53758505 0.23251710 0.00150116
v 0.55410080 0.22522198 0.00250763
v 0.56440402 0.25240062 0.00144874
v 0.57226629 0.22595332 0.00157562
v 0.55093229 0.21317680 0.01668611
v 0.54382879 0.19879703 0.00192470
v 0.53413559 0.20399078 0.00483916
v 0.54245090 0.18466101 0.00144847
v 0.51439100 0.20721555 0.00255059
v 0.53796699 0.22363226 0.00653577
v 0.53487756 0.26927876 0.00148080
v 0.50591781 0.21676213 0.01904569
v 0.52370373 0.22097685 0.01657461
v 0.55994980 0.20412464 0.01447266
v 0.53524357 0.21309740 0.01816595
v 0.57050854 0.18233658 0.00144721
v 0.48263570 0.17906396 0.00144790
v 0.56572913 0.19140747 0.00186087
v 0.50213227 0.16031709 0.00144863
v 0.48240057 0.21726345 0.00323295
v 0.49030464 0.22030244 0.02032296
v 0.46317016 0.20589187 0.00144851
v 0.49974994 0.22681838 0.01839518
v 0.47559921 0.22774889 0.02223332
v 0.46429252 0.24348927 0.00177853
v 0.46165050 0.23294016 0.02255961
v 0.44956405 0.22826768 0.01992076
v 0.50876691 0.23105266 0.00547911
v 0.50107705 0.23943367 0.00162653
v 0.50932040 0.25245532 0.00142576
v 0.48386362 0.24147835 0.00159814
v 0.50661952 0.26651138 0.00161666
v 0.48742558 0.26061565 0.00143272
v 0.62290985 -0.25509203 0.00969569
v 0.63727300 -0.02606610 0.00508470
v 0.63767747 -0.02106606 0.00561796
v 0.65338736 -0.01674820 0.00851274
v 0.29364487 -0.19614382 0.01009507
v 0.28656566 -0.20353077 0.00516338
v 0.28582933 -0.21673043 0.00503627
v 0.27513204 -0.21711923 0.00856099
v 0.18652680 -0.18938433 0.00247853
v 0.18104691 -0.18272734 0.00151121
v 0.17263889 -0.15797884 0.00145002
v 0.16180138 -0.16433643 0.00211938
v 0.20600570 -0.15314192 0.00144850
v 0.22268401 -0.15609140 0.00144790
v 0.19911193 -0.18307895 0.00146902
v 0.21226697 -0.14696675 0.00144744
v 0.22022340 -0.14156253 0.00144776
v 0.26664162 -0.16055954 0.00144801
v 0.24424114 -0.11255210 0.00144826
v 0.23238802 -0.12386537 0.00144829
v 0.22759489 -0.10507288 0.00144723
v 0.22392500 -0.09910760 0.00144780
v 0.25798876 -0.06195045 0.00144767
v 0.24279240 -0.08683123 0.00144768
v 0.27866293 -0.05905116 0.00144776
v 0.25810695 -0.08305671 0.00144795
v 0.28906326 -0.06294080 0.00144781
v 0.27111801 -0.10438570 0.00144804
v 0.26797614 -0.14440617 0.00144798
v 0.28846086 -0.09836261 0.00144790
v 0.28898057 -0.08615231 0.00144773
v 0.29330357 -0.11955361 0.00144816
v 0.21130317 -0.09759697 0.00144868
v 0.19662917 -0.06369960 0.00144742
v 0.20037722 -0.07693351 0.00144850
v 0.32207810 -0.12748159 0.00144829
v 0.27369910 -0.11446844 0.00144811
v 0.28663718 -0.14221231 0.00144807
v 0.32819734 -0.11226066 0.00144822
v 0.30826725 -0.09891857 0.00144828
v 0.32835780 -0.12503446 0.00144841
v 0.59555294 -0.08336479 0.00144768
v 0.19237650 0.17270537 0.00144829
v 0.60328710 -0.09730353 0.00148695
v 0.58699254 -0.14310768 0.00169322
v 0.58403869 -0.13209124 0.00144372
v 0.60972785 -0.07927784 0.00144639
v 0.62018183 -0.09362607 0.00181224
v 0.58549488 -0.09669082 0.00144906
v 0.56757278 -0.11103609 0.00144868
v 0.57026125 -0.07986664 0.00144830
v 0.60024742 -0.15949967 0.01244001
v 0.55406431 -0.12683450 0.00144861
v 0.57502649 -0.14155137 0.00145242
v 0.56327400 -0.07314340 0.00144704
v 0.56450111 -0.12366263 0.00145266
v 0.60161294 -0.05638694 0.00144770
v 0.59396200 -0.04697170 0.00144800
v 0.61158537 -0.06542580 0.00144711
v 0.58722467 -0.22156585 0.00144860
v 0.56540308 0.13202020 0.00144856
v 0.21021874 0.13855252 0.00144862
v 0.20003615 0.16206649 0.00144862
v 0.19014346 0.14601940 0.00144866
v 0.17438050 0.17949578 0.00398526
v 0.18804406 0.17812676 0.00206838
v 0.20766544 0.12905511 0.00144794
v 0.18376697 0.15465408 0.00144885
v 0.17089900 0.16312200 0.00144794
v 0.17338700 0.13838500 0.00144847
v 0.17531803 0.13106251 0.00144797
v 0.15088069 0.16740069 0.00272561
v 0.14475645 0.14498209 0.00144794
v 0.18239298 0.12861623 0.00144802
v 0.16607068 0.13784492 0.00144813
v 0.13831767 0.15352886 0.00144620
v 0.12306029 0.16636154 0.00397794
v 0.12508000 0.15039300 0.00144705
v 0.19833681 0.10658120 0.00144820
v 0.16463464 0.11682271 0.00144808
v 0.22535656 0.10540666 0.00146468
v 0.22919539 0.09738561 0.00144861
v 0.21383669 0.09644486 0.00144685
v 0.23910500 0.07087540 0.00144864
v 0.21588497 0.05958872 0.00144756
v 0.22290950 0.08186338 0.00144795
v 0.20568527 0.07521203 0.00144815
v 0.10477328 0.17349329 0.00629441
v 0.15052414 0.17588885 0.00506229
v 0.16010789 0.09464497 0.00144804
v 0.18916304 0.06511148 0.00144802
v 0.16409530 0.06378162 0.00144798
v 0.15699620 0.07645882 0.00144805
v 0.14441046 0.02952269 0.00144789
v 0.20196508 0.06090487 0.00144812
v 0.14709673 0.06713895 0.00144807
v 0.13085923 0.07955714 0.00144808
v 0.20675089 0.03849225 0.00144710
v 0.15828920 0.04411664 0.00144808
v 0.13178948 0.06017047 0.00144806
v 0.13933200 0.02566010 0.00145771
v 0.18519083 0.02970641 0.00144789
v 0.18854897 -0.00476727 0.00144775
v 0.22081112 0.03380903 0.00144864
v 0.15190991 0.01850701 0.00144856
v 0.24513593 0.07164581 0.00144863
v 0.22579197 0.04540671 0.00144864
v 0.23632484 0.04020438 0.00144862
v 0.10636626 0.06393702 0.00144837
v 0.19188712 -0.01207680 0.00144780
v 0.10175177 0.02938058 0.00144688
v 0.11375756 0.05075209 0.00144810
v 0.11756416 0.06507483 0.00144817
v 0.23040496 0.01634325 0.00144864
v 0.21405894 -0.00495576 0.00144860
v 0.24809541 -0.01855139 0.00144865
v 0.22123977 -0.01469960 0.00144862
v 0.20536954 -0.00285791 0.00144813
v 0.23554402 -0.02352444 0.00144861
v 0.20242498 -0.01937621 0.00144768
v 0.10556600 0.04865380 0.00144847
v 0.10133237 0.07487975 0.00144801
v 0.08826306 0.06566093 0.00144755
v 0.08869555 0.03599124 0.00144858
v 0.06857992 0.05735596 0.00144836
v 0.26486940 0.03334910 0.00144853
v 0.27395143 0.03749643 0.00144652
v 0.25918468 0.05764022 0.00144864
v 0.27241760 0.05567841 0.00144668
v 0.07390506 0.05157271 0.00144809
v 0.54983962 -0.24920408 0.00189837
v 0.53171757 -0.24462628 0.00159339
v 0.55819028 0.11972072 0.00144778
v 0.26728773 0.12141018 0.00144863
v 0.60321100 0.03605810 0.00144877
v 0.32316548 0.19565047 0.00144859
v 0.52088837 -0.19700721 0.00615816
v 0.53482387 -0.18707502 0.01537736
v 0.51953519 -0.19120402 0.01632362
v 0.50306500 -0.19276092 0.01814071
v 0.50096675 -0.18983263 0.01836459
v 0.48891149 -0.18797865 0.01516994
v 0.49453120 -0.19867724 0.01544264
v 0.49970820 -0.18111659 0.00359409
v 0.51320033 -0.18393072 0.01613884
v 0.52986094 -0.17257705 0.00560240
v 0.52696638 -0.16781365 0.00153949
v 0.53552817 -0.16640978 0.00173526
v 0.47875986 -0.20789374 0.00497938
v 0.47003320 -0.19372932 0.01660210
v 0.55816568 -0.17673156 0.01537193
v 0.59054006 -0.17934916 0.00306866
v 0.28464753 0.14374590 0.00144850
v 0.53156480 0.03721310 0.00144863
v 0.51381160 0.01961369 0.00144863
v 0.51949982 0.00120454 0.00144865
v 0.49653100 0.00550050 0.00144847
v 0.50063268 -0.02534394 0.00144826
v 0.49121667 0.03341888 0.00144862
v 0.05189736 0.17895793 0.01884921
v 0.09935723 0.18116447 0.00239459
v 0.09112635 0.19869811 0.00924197
v 0.13371383 0.18889893 0.00458346
v 0.12915690 0.18527266 0.00117944
v 0.02277353 0.11516976 0.01489980
v 0.01451209 0.09487666 0.01573771
v 0.03941332 0.11839924 0.00144750
v 0.03470418 0.09099630 0.00144706
v 0.11401022 -0.16949639 0.00224515
v 0.10962592 -0.15880548 0.00574850
v 0.14524886 -0.17442740 0.00108792
v 0.14028282 -0.18120330 0.00453925
v 0.14335068 -0.14844778 0.00246650
v 0.14802709 -0.14326401 0.00273994
v 0.02522841 -0.05506321 0.00379717
v 0.02645916 -0.07967469 0.00536818
v 0.01834936 -0.09076501 0.01946930
v 0.07610926 -0.18583418 0.00304759
v 0.05862457 -0.16469534 0.02387117
v 0.03852154 -0.13062492 0.02015918
v 0.07381095 -0.09550504 0.00144846
v 0.28478317 0.21846151 0.00917299
v 0.28355792 0.23565928 0.00972711
v 0.28050500 0.23619900 0.00481912
v 0.25939436 0.23381216 0.00157365
v 0.60118197 0.21874478 0.00161941
v 0.61890300 0.22699500 0.00504377
v 0.56679386 0.21344291 0.01325125
v 0.58302403 0.20688399 0.01374552
v 0.54533861 0.23489362 0.00144753
v 0.53431264 0.27156405 0.00175646
v 0.52412100 0.23869300 0.00144469
v 0.52296012 0.23179389 0.00264998
v 0.53828566 0.15863033 0.00144862
v 0.50035391 0.21105401 0.00166419
v 0.52310121 0.19809890 0.00145514
v 0.50241179 0.17580812 0.00144860
v 0.44481778 0.22432394 0.00216167
v 0.47400814 0.19446436 0.00144777
v 0.44725902 0.21662245 0.00144641
v 0.46380541 0.18051195 0.00144804
v 0.44369426 0.16908775 0.00144773
v 0.44281807 0.18852251 0.00144779
v 0.43355934 0.17766895 0.00144843
v 0.45818665 0.22598822 0.00716026
v 0.44611183 0.23742403 0.02020577
v 0.42061080 0.23939681 0.01927889
v 0.43765494 0.23036304 0.01276428
v 0.42964341 0.21944913 0.00149136
v 0.42414163 0.22934124 0.02348905
v 0.43024487 0.22884855 0.01385067
v 0.40563764 0.21478217 0.00144871
v 0.39034696 0.22507956 0.01879604
v 0.41744849 0.22509436 0.00148442
v 0.40670664 0.22797054 0.00163267
v 0.39301825 0.23409484 0.01397598
v 0.38893700 0.23373600 0.00397547
v 0.41925995 0.18526791 0.00144864
v 0.38583467 0.20806314 0.00144870
v 0.38865300 0.22541600 0.00144312
v 0.37828997 0.23673105 0.00492944
v 0.38598000 0.21996400 0.00144861
v 0.36206424 0.23724217 0.01029333
v 0.36113698 0.23230956 0.00169270
v 0.37580852 0.23135372 0.02091378
v 0.37494298 0.21719709 0.00144868
v 0.39328591 0.23366305 0.02348407
v 0.36491249 0.18935171 0.00144710
v 0.35639384 0.19019877 0.00152801
v 0.37706120 0.17443146 0.00144808
v 0.40574696 0.17922647 0.00144864
v 0.35271243 0.18162236 0.00144852
v 0.39760118 0.20026583 0.00144790
v 0.31128900 0.21503090 0.00144858
v 0.39560011 0.16664850 0.00144864
v 0.28485310 0.20240591 0.00144858
v 0.30419532 0.21821272 0.00144845
v 0.29720833 0.23565182 0.00262059
v 0.34623176 0.19548044 0.00144860
v 0.43093900 0.18325900 0.00144842
v 0.42320805 0.15675841 0.00144865
v 0.34436725 0.21728980 0.00144850
v 0.34516787 0.23036262 0.00158213
v 0.45428500 0.14715700 0.00144678
v 0.35578771 0.17000805 0.00144789
v 0.39368962 0.14131171 0.00144794
v 0.46673687 0.15918262 0.00144703
v 0.39532987 0.14780760 0.00144766
v 0.38250766 0.11427432 0.00144807
v 0.47970078 0.15290245 0.00144879
v 0.41296326 0.13907606 0.00144793
v 0.36971800 0.11973366 0.00144811
v 0.34810099 0.11880287 0.00144804
v 0.38042429 0.09804543 0.00144788
v 0.40271281 0.09033544 0.00144803
v 0.40678362 0.12289065 0.00144804
v 0.45165777 0.24889285 0.00179807
v 0.30823985 -0.21390850 0.00255631
v 0.33404327 -0.21393954 0.00742060
v 0.31461808 -0.20101841 0.01381622
v 0.34099062 -0.20183462 0.01341474
v 0.33827214 -0.21363320 0.00944069
v 0.35527776 -0.21337530 0.00750460
v 0.33500517 -0.20509350 0.02159712
v 0.38941965 -0.20485045 0.00213172
v 0.34631754 -0.21170078 0.01772495
v 0.30280063 -0.21298427 0.01164520
v 0.28577281 -0.12807363 0.00144807
v 0.30892313 -0.07472073 0.00144794
v 0.32262344 -0.06188372 0.00144815
v 0.32556809 -0.08642196 0.00144814
v 0.31430003 -0.04836680 0.00144794
v 0.31965982 -0.03452443 0.00144739
v 0.34548708 -0.05957693 0.00144805
v 0.30462146 -0.04612422 0.00144750
v 0.28482744 -0.05011849 0.00144711
v 0.27647667 -0.04720557 0.00155415
v 0.26539553 -0.05739594 0.00144619
v 0.32964511 -0.04521008 0.00144810
v 0.34156744 -0.03149975 0.00144756
v 0.36290153 -0.01979704 0.00144724
v 0.36545532 -0.04594166 0.00144807
v 0.35386263 -0.05704050 0.00144806
v 0.34981315 -0.09305125 0.00144804
v 0.34360223 -0.01231788 0.00144860
v 0.28938483 -0.01496562 0.00144861
v 0.26697808 -0.02855750 0.00144862
v 0.28269096 -0.04328517 0.00144875
v 0.30106556 -0.01772922 0.00144859
v 0.35628604 -0.07906581 0.00144810
v 0.37900799 -0.05570165 0.00144805
v 0.31500927 -0.13642442 0.00144816
v 0.58875500 -0.15290400 0.00940228
v 0.20626146 0.19054757 0.00164578
v 0.13567163 0.10664353 0.00144803
v 0.15659112 0.12671357 0.00144805
v 0.13055100 0.11840000 0.00144798
v 0.14113783 0.13382887 0.00144802
v 0.11499069 0.09479787 0.00144802
v 0.11929500 0.10267200 0.00144807
v 0.22182824 0.08957788 0.00144694
v 0.17587942 0.08730844 0.00144796
v 0.17447010 0.02432146 0.00144759
v 0.16818580 0.00266113 0.00144869
v 0.19782596 0.02588680 0.00144816
v 0.18020043 0.04275602 0.00144809
v 0.20847059 0.02815188 0.00144861
v 0.27745656 0.02031035 0.00144671
v 0.26031458 0.00393145 0.00144860
v 0.26102758 -0.00575773 0.00144865
v 0.30915110 0.02834433 0.00144809
v 0.28431675 0.00672433 0.00144777
v 0.29493528 0.00557690 0.00144843
v 0.28868700 0.01659120 0.00144753
v 0.28961751 0.02589899 0.00144817
v 0.23628900 0.00183668 0.00144863
v 0.24507603 0.04445099 0.00144862
v 0.25519368 0.02519178 0.00144864
v 0.04036332 -0.00018447 0.00144715
v 0.04774449 0.02811891 0.00144858
v 0.55250615 0.08591838 0.00145528
v 0.54370116 0.09211028 0.00149694
v 0.51822788 0.09404728 0.00144851
v 0.53733197 0.09640470 0.00145175
v 0.33942981 0.21616868 0.01312485
v 0.35490843 0.22229507 0.01051069
v 0.33497977 0.23382314 0.01131592
v 0.32748546 0.21859928 0.00604875
v 0.35433213 0.22140920 0.02035594
v 0.29212800 0.22127300 0.01105910
v 0.45958507 -0.22918898 0.00148775
v 0.45032006 -0.21284963 0.00500084
v 0.46907198 -0.20307504 0.01576926
v 0.44197463 -0.22606659 0.00159332
v 0.43567948 -0.21904203 0.00287542
v 0.42334584 -0.20008349 0.01813433
v 0.54188889 -0.18079337 0.01668575
v 0.52149217 -0.20060329 0.00295770
v 0.55316614 -0.15869264 0.00158745
v 0.46182204 -0.18752591 0.00164942
v 0.48198800 -0.18104600 0.00193757
v 0.49219154 -0.17397941 0.00148227
v 0.44578898 -0.18899971 0.00147705
v 0.48434012 -0.15364037 0.00144741
v 0.50912095 -0.14773291 0.00144925
v 0.47975600 -0.12201400 0.00144808
v 0.50416222 -0.13048593 0.00144747
v 0.49965913 -0.14239648 0.00144793
v 0.51550133 -0.10957885 0.00144865
v 0.48991138 -0.11255876 0.00144779
v 0.50428804 -0.10544720 0.00144769
v 0.49491587 -0.09326409 0.00144796
v 0.49447300 -0.09542630 0.00144752
v 0.49900597 -0.07471478 0.00144732
v 0.50751012 -0.08121527 0.00144862
v 0.50750006 -0.11920599 0.00144866
v 0.53192644 -0.10925589 0.00144861
v 0.53590823 -0.11610721 0.00144869
v 0.52301331 0.03549832 0.00144860
v 0.53993561 0.08207946 0.00144990
v 0.48736922 -0.01640793 0.00144755
v 0.06426500 0.19628912 0.00592784
v 0.06063631 0.19708963 0.00424678
v 0.05684619 0.18556164 0.00193089
v 0.07849915 0.18048562 0.00080893
v 0.04278702 0.15330089 0.00316482
v 0.08195694 0.15359496 0.00148706
v 0.07811594 0.12693965 0.00144845
v 0.08826336 0.15259240 0.00143861
v 0.10761032 0.15669867 0.00151636
v 0.09485295 0.13228502 0.00144785
v 0.08565290 0.13524000 0.00144857
v 0.05227611 0.13112201 0.00144822
v 0.04134887 0.13255447 0.00155815
v 0.05773279 0.15576535 0.00138748
v 0.08023420 0.16623397 0.00554921
v 0.03140567 0.13472496 0.01020486
v 0.03438877 0.14295624 0.01435923
v 0.11591033 0.13472827 0.00144809
v 0.04361905 0.16032642 0.00572678
v 0.04094599 0.15772070 0.01441980
v 0.12904942 0.19814825 0.01438584
v 0.14765404 0.19276859 0.00294552
v 0.15942719 0.19291371 0.00142790
v 0.02750940 0.11461652 0.00397022
v 0.02585079 0.06867027 0.00155606
v 0.04562667 0.07613891 0.00144832
v 0.05259854 0.07224273 0.00144755
v 0.03480453 0.04287071 0.00149116
v 0.04960597 0.04630494 0.00144804
v 0.05781564 0.08243423 0.00144690
v 0.05039148 0.05747024 0.00145065
v 0.07115813 0.06913359 0.00144805
v 0.01885110 0.08774097 0.00436489
v 0.03213480 0.09107390 0.00144915
v 0.09888492 -0.12928894 0.00147779
v 0.10591862 -0.10735389 0.00144776
v 0.13100929 -0.12994458 0.00179873
v 0.11566693 -0.12550910 0.00144735
v 0.12445779 -0.09398425 0.00144807
v 0.13734623 -0.11384165 0.00144817
v 0.15891392 -0.10613147 0.00144748
v 0.09121711 -0.07827764 0.00144807
v 0.11767604 -0.06747701 0.00144809
v 0.10308600 -0.07356040 0.00144805
v 0.09328966 -0.05654956 0.00144800
v 0.09723780 -0.04692750 0.00144780
v 0.12453900 -0.07285840 0.00144811
v 0.14352814 -0.07114152 0.00144803
v 0.14499121 -0.04161262 0.00144807
v 0.15282251 -0.08115633 0.00144799
v 0.14928921 -0.08833052 0.00144812
v 0.18122021 -0.08121683 0.00144705
v 0.16404466 -0.10039882 0.00144864
v 0.15253769 -0.09345166 0.00144828
v 0.14588643 -0.12518268 0.00144718
v 0.17310070 -0.11570932 0.00144773
v 0.13159145 -0.01918362 0.00144779
v 0.13571294 -0.01972057 0.00144776
v 0.10382920 -0.03986430 0.00144802
v 0.12645300 -0.01053770 0.00144762
v 0.11344427 0.00381333 0.00144890
v 0.12904428 0.01598216 0.00144951
v 0.10176136 -0.01394247 0.00144857
v 0.16239265 -0.18497318 0.00284720
v 0.13176140 -0.18327216 0.01273787
v 0.16293557 -0.14289584 0.00147206
v 0.19010828 -0.14641298 0.00144760
v 0.17823406 -0.14219136 0.00144704
v 0.04141198 -0.08084882 0.00163018
v 0.10035019 -0.16866943 0.00246676
v 0.07785714 -0.18405425 0.00201348
v 0.04054013 -0.03197521 0.00153446
v 0.06773500 -0.00669330 0.00163077
v 0.06380953 -0.01466977 0.00145303
v 0.31390076 0.23216352 0.01257830
v 0.31075700 0.23759200 0.00501093
v 0.52333601 0.19005528 0.00144848
v 0.53725300 0.19089800 0.00144341
v 0.52630841 0.16051306 0.00144862
v 0.53142115 0.14686990 0.00144738
v 0.54860172 0.14396172 0.00144782
v 0.40974786 0.23404221 0.00786411
v 0.42867695 0.24257456 0.00922897
v 0.42831098 0.24518728 0.00622180
v 0.37022128 0.23119269 0.02012259
v 0.36209900 0.16806800 0.00144809
v 0.37052911 0.14760734 0.00144818
v 0.36533104 0.16105332 0.00144806
v 0.35293867 0.10759702 0.00144807
v 0.33850100 0.11954900 0.00144803
v 0.33323387 0.14562271 0.00144818
v 0.33124205 0.11669335 0.00144808
v 0.33861583 0.15397009 0.00144814
v 0.33324269 0.09111002 0.00144808
v 0.34234631 0.09565022 0.00144799
v 0.35362095 0.07415307 0.00144814
v 0.33973368 0.07505822 0.00144808
v 0.36849200 0.10711500 0.00144801
v 0.49093981 0.17077553 0.00144854
v 0.44293707 0.11465226 0.00144853
v 0.43295420 0.11444441 0.00144704
v 0.47526242 0.10785249 0.00144863
v 0.41251979 0.12831506 0.00144790
v 0.42115495 0.10877313 0.00144782
v 0.46115600 0.11582800 0.00144862
v 0.46932829 0.13309934 0.00144862
v 0.46309258 0.09006563 0.00144866
v 0.48748897 0.12483024 0.00144829
v 0.46830486 0.15079964 0.00144800
v 0.48934656 0.13973728 0.00144799
v 0.44789795 0.09795705 0.00144827
v 0.37091100 0.07829810 0.00144808
v 0.37577445 0.06158067 0.00144816
v 0.37406148 0.08767235 0.00144796
v 0.39227036 0.06751441 0.00144812
v 0.39444846 0.04457410 0.00144810
v 0.40271764 0.05112439 0.00144795
v 0.39605634 0.07385714 0.00144810
v 0.40911545 0.06137145 0.00144806
v 0.36702039 0.06259089 0.00144816
v 0.42154326 0.07961841 0.00144807
v 0.44893928 0.07379358 0.00144797
v 0.46308118 0.06690818 0.00144668
v 0.39137099 0.03763672 0.00144780
v 0.37851183 0.02722784 0.00144800
v 0.44855571 0.06024548 0.00144756
v 0.39560568 0.02338309 0.00144817
v 0.36390419 0.03607293 0.00144798
v 0.45692097 0.07862825 0.00144745
v 0.47943441 0.04343553 0.00144786
v 0.42675459 0.04919563 0.00144791
v 0.44944529 0.01747567 0.00144833
v 0.46063208 0.03809282 0.00144915
v 0.44433249 0.03133501 0.00144864
v 0.39013641 0.00084904 0.00144866
v 0.42995200 0.01356580 0.00144864
v 0.44501968 0.00508227 0.00144827
v 0.37396318 0.01757747 0.00144819
v 0.40157087 -0.00327581 0.00144762
v 0.39351591 -0.01147657 0.00144690
v 0.41410500 -0.00351537 0.00144790
v 0.41147426 -0.01337668 0.00144804
v 0.42685358 0.00378615 0.00144771
v 0.41771900 0.01142580 0.00144861
v 0.41821537 0.02954428 0.00144860
v 0.44876213 0.14491643 0.00144851
v 0.30652894 -0.19878361 0.00970656
v 0.29863773 -0.19511954 0.00422171
v 0.32885047 -0.20727634 0.00148765
v 0.29977170 -0.16859548 0.00160074
v 0.32112868 -0.19274352 0.00144981
v 0.33479368 -0.17176762 0.00144797
v 0.33584008 -0.13408792 0.00144810
v 0.35358677 -0.18179763 0.00144866
v 0.36334100 -0.12039300 0.00144807
v 0.36601228 -0.14199507 0.00144809
v 0.35663816 -0.17089360 0.00144753
v 0.36273730 -0.18787066 0.00144856
v 0.37001100 -0.15074400 0.00144801
v 0.38012133 -0.14002288 0.00144811
v 0.37416185 -0.12071665 0.00144808
v 0.38112631 -0.16822307 0.00144801
v 0.39465500 -0.16720000 0.00144801
v 0.38494186 -0.15255142 0.00144816
v 0.40978321 -0.18416914 0.00144753
v 0.38030282 -0.17565432 0.00144685
v 0.36923518 -0.19849682 0.00147620
v 0.38385380 -0.19507209 0.00148079
v 0.38577709 -0.20496954 0.01552726
v 0.36798930 -0.20984119 0.02175652
v 0.35711962 -0.20259863 0.01924483
v 0.19658763 -0.13455271 0.00144876
v 0.20004846 -0.12002445 0.00144863
v 0.21865732 -0.12205981 0.00144751
v 0.22525945 -0.07841419 0.00144866
v 0.26819818 -0.04941907 0.00145105
v 0.25470535 -0.04816901 0.00144863
v 0.23806843 -0.07707293 0.00144859
v 0.24276144 -0.04331868 0.00144861
v 0.22284321 -0.03683366 0.00144825
v 0.21239936 -0.04239745 0.00144738
v 0.21580956 -0.02203804 0.00144711
v 0.22019276 -0.05389522 0.00144863
v 0.37252184 -0.09538947 0.00144806
v 0.35510521 -0.13106745 0.00144806
v 0.34730645 -0.13525394 0.00144817
v 0.33947271 -0.12282589 0.00144795
v 0.35939854 0.00479927 0.00144864
v 0.58076212 -0.16001954 0.01260017
v 0.59622834 -0.03885932 0.00144775
v 0.11461665 0.10859434 0.00144806
v 0.25747840 -0.00887038 0.00144865
v 0.24010534 -0.02999624 0.00144867
v 0.25515100 -0.02636640 0.00144866
v 0.29273558 0.06834695 0.00144812
v 0.30267737 0.07644979 0.00144810
v 0.32681484 0.02153821 0.00144802
v 0.31671372 0.06356302 0.00144817
v 0.34701481 0.05152194 0.00144802
v 0.32604873 0.04227086 0.00144806
v 0.35067275 0.06303552 0.00144811
v 0.31115033 0.06427169 0.00144815
v 0.31256179 0.08687769 0.00144794
v 0.34675115 0.02091354 0.00144791
v 0.33904657 0.01626627 0.00144651
v 0.29888900 -0.00700115 0.00144863
v 0.03827486 -0.00716430 0.00148226
v 0.05727133 0.00101461 0.00145949
v 0.06453705 0.02792636 0.00144864
v 0.07588432 0.02952156 0.00144887
v 0.07012549 0.00554170 0.00144885
v 0.07817309 -0.01541274 0.00144750
v 0.09859067 0.02111237 0.00144844
v 0.54227783 0.11138441 0.00144758
v 0.53568300 0.12377100 0.00144815
v 0.51372731 0.12396475 0.00144792
v 0.36069491 0.22085533 0.01278644
v 0.30219637 0.21392106 0.00573147
v 0.46845716 -0.21686450 0.00148670
v 0.41873873 -0.22471790 0.00302581
v 0.40911098 -0.22037341 0.00514188
v 0.41311056 -0.21305485 0.01663139
v 0.38497871 -0.21984255 0.00841879
v 0.38755003 -0.20456953 0.02181014
v 0.42787191 -0.20786320 0.01989746
v 0.43447220 -0.19811946 0.00244057
v 0.40183368 -0.20848803 0.02190434
v 0.43994595 -0.19767220 0.00423041
v 0.44690099 -0.19472834 0.01030313
v 0.40666820 -0.19902008 0.00151213
v 0.40635174 -0.20530138 0.00953370
v 0.41626874 -0.20040684 0.00170351
v 0.44508002 -0.18131885 0.00144724
v 0.36970405 -0.21119029 0.00608885
v 0.46837702 -0.15808117 0.00144811
v 0.42579838 -0.16621321 0.00144802
v 0.43384249 -0.17893823 0.00144618
v 0.41557359 -0.16214495 0.00144795
v 0.43751536 -0.12896062 0.00144790
v 0.43416389 -0.13785061 0.00144811
v 0.44919200 -0.12396600 0.00144810
v 0.44885173 -0.13171911 0.00144805
v 0.45133334 -0.11187540 0.00144801
v 0.47388587 -0.13728260 0.00144816
v 0.45695626 -0.13820919 0.00144808
v 0.44463371 -0.14960139 0.00144804
v 0.54896876 -0.14157305 0.00144750
v 0.45711868 -0.19664036 0.01913948
v 0.47603623 -0.18778556 0.00391205
v 0.48516881 -0.08468931 0.00144810
v 0.45957987 -0.08208333 0.00144806
v 0.47349507 -0.04755679 0.00144792
v 0.49702270 -0.06025985 0.00144703
v 0.46016155 -0.06073319 0.00144798
v 0.46239180 -0.03687273 0.00144797
v 0.50519685 -0.05614749 0.00144848
v 0.49041732 -0.03714128 0.00144687
v 0.50269117 -0.04290271 0.00144861
v 0.43927199 -0.09714960 0.00144807
v 0.44179962 -0.05843692 0.00144777
v 0.44281772 -0.03856493 0.00144811
v 0.43902836 -0.02905687 0.00144809
v 0.53488164 -0.13025000 0.00144862
v 0.49982349 0.06262622 0.00144864
v 0.48478143 0.06226139 0.00144853
v 0.50598123 0.07004204 0.00144861
v 0.10909683 0.19251426 0.01401754
v 0.04847680 0.14819700 0.00146345
v 0.09645638 0.09368001 0.00144809
v 0.08508359 0.10403724 0.00144804
v 0.07328649 0.11835286 0.00144829
v 0.05639638 0.05308719 0.00144862
v 0.07624137 0.08781569 0.00144805
v 0.01807250 0.08217970 0.00468879
v 0.04695485 -0.07564697 0.00144924
v 0.04895674 -0.06147475 0.00144789
v 0.14205800 -0.09708250 0.00144776
v 0.17956823 -0.09875215 0.00144868
v 0.18296523 -0.11385324 0.00144866
v 0.18020300 -0.11977900 0.00144826
v 0.11621246 -0.02474464 0.00144764
v 0.12629913 -0.05364145 0.00144801
v 0.17420212 -0.04604033 0.00144807
v 0.17921220 -0.06021914 0.00144804
v 0.18970328 -0.04879958 0.00144821
v 0.14068096 0.00115771 0.00144861
v 0.13749450 0.01528987 0.00144923
v 0.15677992 -0.00549534 0.00144762
v 0.13308123 0.02311515 0.00147630
v 0.08590359 -0.19431671 0.00218345
v 0.04077135 -0.04789444 0.00200639
v 0.05269180 -0.05302790 0.00144404
v 0.56654505 0.15309663 0.00144861
v 0.33367203 0.16384800 0.00144794
v 0.32694379 0.16299311 0.00144780
v 0.32948671 0.10517738 0.00144807
v 0.36068092 0.09032965 0.00144794
v 0.46585061 0.14052016 0.00144724
v 0.41129479 0.04105624 0.00144690
v 0.45325606 0.08833171 0.00144717
v 0.48038110 0.05100215 0.00144729
v 0.35098227 0.01719051 0.00144845
v 0.36867668 -0.01331413 0.00144824
v 0.38935028 -0.02309871 0.00144773
v 0.35046398 -0.20978488 0.00173849
v 0.29584595 -0.16045903 0.00144789
v 0.33936714 -0.16127922 0.00144796
v 0.41295065 -0.12621491 0.00144803
v 0.40493640 -0.14178704 0.00144796
v 0.37071100 -0.20751800 0.00263725
v 0.27866753 -0.15643148 0.00144737
v 0.35754026 -0.10712781 0.00144807
v 0.38530700 -0.10608700 0.00144806
v 0.39480876 -0.10577889 0.00144805
v 0.42104858 -0.07667740 0.00144797
v 0.39388398 -0.09729168 0.00144804
v 0.40372393 -0.11862326 0.00144806
v 0.40153913 -0.04968103 0.00144794
v 0.40096796 -0.07816143 0.00144804
v 0.40179085 -0.07097121 0.00144805
v 0.39077095 -0.03460167 0.00144808
v 0.43109303 -0.06373890 0.00144828
v 0.30321390 -0.13855526 0.00144806
v 0.26838327 0.09454059 0.00144789
v 0.28518925 0.09393311 0.00144808
v 0.28545740 0.06314483 0.00144790
v 0.30324481 0.08968439 0.00144808
v 0.27061467 0.10355390 0.00144661
v 0.26958332 0.07599913 0.00144804
v 0.31319500 0.02100260 0.00144797
v 0.32169780 0.01254434 0.00144717
v 0.30903765 -0.00392017 0.00144863
v 0.34758473 -0.00286996 0.00144890
v 0.32144027 -0.01163107 0.00144876
v 0.07676917 0.00126603 0.00147905
v 0.10124000 -0.00200621 0.00144857
v 0.08351683 0.00116464 0.00144815
v 0.09504808 -0.03151324 0.00144843
v 0.08102920 -0.04662780 0.00144863
v 0.51894585 0.11496343 0.00144819
v 0.51804386 0.15164543 0.00144813
v 0.51240830 0.14419686 0.00144772
v 0.50987308 0.12960050 0.00144747
v 0.25127900 0.10012100 0.00144861
v 0.41571911 -0.20460030 0.01057077
v 0.43472071 -0.11409935 0.00144825
v 0.56943133 -0.15190681 0.00184360
v 0.45480366 -0.02297549 0.00144804
v 0.46402188 0.01381360 0.00144793
v 0.47476800 0.00596585 0.00144787
v 0.45406948 -0.09751300 0.00144805
v 0.43578164 -0.00948825 0.00144806
v 0.47258441 -0.02533941 0.00144802
v 0.52618167 -0.06280733 0.00144861
v 0.54150139 -0.07462725 0.00144865
v 0.55518785 -0.07578901 0.00144857
v 0.53249513 -0.06207981 0.00144867
v 0.52400300 -0.03576663 0.00144863
v 0.52452831 0.06579414 0.00144857
v 0.05769959 0.19717618 0.01199517
v 0.08138940 0.09921040 0.00144802
v 0.04502009 -0.04405687 0.00144946
v 0.07012958 -0.05619388 0.00144835
v 0.07574640 -0.03611440 0.00144869
v 0.18999300 -0.07288040 0.00144597
v 0.18093400 -0.02456590 0.00144807
v 0.16982093 -0.01741428 0.00144793
v 0.16200340 -0.07426721 0.00144805
v 0.16611717 -0.03384155 0.00144809
v 0.20791592 -0.05225246 0.00144762
v 0.14258800 0.01974470 0.00144915
v 0.29185702 0.22485995 0.00145109
v 0.28583201 0.23362322 0.00177955
v 0.51094390 0.15387647 0.00144861
v 0.48922521 0.19719793 0.00144641
v 0.41802500 0.03793930 0.00144768
v 0.48817302 0.07372934 0.00144858
v 0.47209588 0.07753333 0.00144863
v 0.50161586 0.08875862 0.00144860
v 0.47957100 0.10138900 0.00144861
v 0.49176905 0.09923787 0.00144862
v 0.38342468 -0.01682670 0.00144780
v 0.40676722 -0.03197344 0.00144799
v 0.42937075 -0.03913763 0.00144797
v 0.40426300 -0.08835200 0.00144808
v 0.43446134 -0.05600525 0.00144800
v 0.43364500 -0.07522111 0.00144808
v 0.43093664 -0.08888954 0.00144806
v 0.32841122 -0.14083430 0.00144816
v 0.27927100 0.06711860 0.00144744
v 0.27915133 0.11652981 0.00144785
v 0.29511053 0.11408249 0.00144802
v 0.30585740 0.10823859 0.00144802
v 0.32004708 0.09430622 0.00144805
v 0.49661438 0.11597212 0.00144853
v 0.44757276 -0.00201670 0.00144798
v 0.42484200 -0.10998100 0.00144802
v 0.42255921 -0.10163218 0.00144800
v 0.54118597 -0.04439729 0.00144858
v 0.56065407 -0.06130140 0.00144743
v 0.54805223 -0.04035845 0.00144700
v 0.56848000 -0.03812460 0.00144729
v 0.56027786 -0.03049070 0.00144765
v 0.55802200 -0.01270059 0.00144847
v 0.08223216 0.11272868 0.00144787
v 0.08523512 -0.03865264 0.00144860
v 0.16236856 -0.03285611 0.00144809
v 0.50512412 0.08680469 0.00144861
v 0.53878742 -0.01956755 0.00144806
v 0.47769444 0.02076507 0.00144720
v 0.53071169 -0.02198295 0.00144869
v 0.26392803 -0.13309887 0.00144820
v 0.58311149 -0.01809324 0.00145472
v 0.33730001 0.23814615 0.00647575
v 0.51507300 -0.03330320 0.00144870
v 0.54204904 -0.01066351 0.00144678
v 0.27672000 -0.20745600 0.02670340
v 0.28238600 -0.21830000 0.03539950
v 0.27947100 -0.22514900 0.02871560
v 0.26676400 -0.21970175 0.04299287
v 0.24166850 -0.22548750 0.04503860
v 0.23695800 -0.23600500 0.01377990
v 0.20809075 -0.26477400 0.00495422
v 0.18978500 -0.28458800 0.00800367
v 0.17852500 -0.30061850 0.02302860
v 0.16993200 -0.30990650 0.01704815
v 0.18678625 -0.30132225 0.01046552
v 0.21371400 -0.28305500 0.01086070
v 0.22569550 -0.27404100 0.01173240
v 0.24884900 -0.25536500 0.01553505
v 0.26536609 -0.20711648 0.03457563
v 0.19160033 -0.27647547 0.00559631
v 0.19345687 -0.28121148 0.00193286
v 0.23432690 -0.23760639 0.00825292
v 0.24044477 -0.21849478 0.01890271
v 0.23927296 -0.20712708 0.04189235
v 0.22715056 -0.21745925 0.01187029
v 0.26335872 -0.23556971 0.02307777
v 0.23961300 -0.22827600 0.01444430
v 0.24346759 -0.20317240 0.03934891
v 0.21479883 -0.19866116 0.01700081
v 0.22016548 -0.19195093 0.02318560
v 0.17725324 -0.23014574 0.00360189
v 0.16623721 -0.21687665 0.00230252
v 0.20739950 -0.25743944 0.00115430
v 0.19239285 -0.23294119 0.00107439
v 0.19134351 -0.20851151 0.00689644
v 0.22453085 -0.23589376 0.00388325
v 0.15621640 -0.19915244 0.01302623
v 0.22949134 -0.25516385 0.00704369
v 0.20017783 -0.27875541 0.00191887
v 0.16675541 -0.30008159 0.00788331
v 0.09067043 -0.19636287 0.01932909
v 0.16739966 -0.29236348 0.02985804
v 0.23494521 -0.23175806 0.01260870
v 0.23231841 -0.21028792 0.03683690
v 0.24960698 -0.20779479 0.04270768
v 0.27151509 -0.20857288 0.02597644
v 0.19717968 -0.19479984 0.01705659
v 0.17670614 -0.19303309 0.01841606
v 0.19195577 -0.18170598 0.02125794
v 0.21048624 -0.22902547 0.00847167
v 0.20028365 -0.23762756 0.00721078
v 0.19161388 -0.25145280 0.00791167
v 0.17258965 -0.23271082 0.01083170
v 0.17435173 -0.24668180 0.00987238
v 0.16808413 -0.24726378 0.01146600
v 0.15749294 -0.27871366 0.02913880
v 0.16295885 -0.26752538 0.02508853
v 0.16721765 -0.24385017 0.01138527
v 0.12978402 -0.24772007 0.03094177
v 0.14086858 -0.24155772 0.02289938
v 0.13984282 -0.25785014 0.03015544
v 0.13676026 -0.26783943 0.02401579
v 0.13461601 -0.25966195 0.01626484
v 0.14043868 -0.25389491 0.01505234
v 0.13038800 -0.25700400 0.02922950
v 0.11704821 -0.24406060 0.02707309
v 0.11839118 -0.23877630 0.03418013
v 0.12913000 -0.24526400 0.01847470
v 0.13396335 -0.23599612 0.01953579
v 0.15186038 -0.25180083 0.01625580
v 0.10313962 -0.21807692 0.03710982
v 0.09881706 -0.21966585 0.03001138
v 0.10963448 -0.23290011 0.02438944
v 0.12918357 -0.23413108 0.00367020
v 0.11904000 -0.22968700 0.02230150
v 0.14850876 -0.24559349 0.00202809
v 0.16780453 -0.23102213 0.00482863
v 0.15393501 -0.21558121 0.00164236
v 0.15486745 -0.24999364 0.00281001
v 0.12737438 -0.23029324 0.00937278
v 0.11022285 -0.21617276 0.02349527
v 0.11281720 -0.21789545 0.00123717
v 0.10570340 -0.21358038 0.00215907
v 0.09120337 -0.20822478 0.00645398
v 0.14057128 -0.20824365 0.00153388
v 0.13720496 -0.23349621 0.00145839
v 0.13038608 -0.19651041 0.00260534
v 0.22107397 -0.20618063 0.01606076
v 0.21014002 -0.22044212 0.00152755
v 0.17559482 -0.25661341 0.00171566
v 0.17928672 -0.27461036 0.00727024
v 0.16508475 -0.26059779 0.01179923
v 0.19153379 -0.21876638 0.01124887
v 0.15612002 -0.22999456 0.01524876
v 0.17109420 -0.19621269 0.01779213
v 0.17513707 -0.20147467 0.01594394
v 0.15768390 -0.20040935 0.01867812
v 0.13778872 -0.21518676 0.02163114
v 0.16314253 -0.17471375 0.02750922
v 0.14019795 -0.19634408 0.02462767
v 0.17937494 -0.22613362 0.00387479
v 0.11394000 -0.21606200 0.01839880
v 0.11408962 -0.19636429 0.00505984
v 0.10205200 -0.19605200 0.00144406
v 0.18761915 -0.25121455 0.00588462
v 0.19323968 -0.27687219 0.00194378
v 0.17996003 -0.26532899 0.00329866
v 0.15098668 -0.27152395 0.00957518
v 0.10284770 -0.21186458 0.01220153
v 0.08053866 -0.19268428 0.03629621
v 0.11629971 -0.19800386 0.03223842
v 0.11674223 -0.18114510 0.04275743
v 0.10077770 -0.20213198 0.03725978
v 0.09662120 -0.20484200 0.04002470
v 0.16337350 -0.27452710 0.00748427
v 0.16112600 -0.29159800 0.00842799
v 0.09429055 -0.19198558 0.04424039
v 0.15135924 -0.17623596 0.03109862
v 0.11424503 -0.20658554 0.03055763
v 0.14643322 -0.28008799 0.02133913
v 0.27061700 0.22558400 0.03704520
v 0.25988100 0.21980700 0.01334560
v 0.26482100 0.21805450 0.04671650
v 0.24920000 0.22558050 0.04856840
v 0.23963850 0.24068550 0.02589180
v 0.20689100 0.27861300 0.00662736
v 0.18036000 0.30778800 0.00815473
v 0.16573000 0.32366800 0.01512795
v 0.16880500 0.32420800 0.00478800
v 0.23270200 0.27766100 0.01416690
v 0.25078000 0.26113750 0.01951110
v 0.26018100 0.25014700 0.02348540
v 0.26454100 0.24209800 0.02754930
v 0.26558007 0.21942382 0.02759645
v 0.23424750 0.21867270 0.04037376
v 0.16730360 0.30898105 0.01569586
v 0.22697769 0.25427361 0.01712824
v 0.25093798 0.24661480 0.01761380
v 0.25972839 0.23458320 0.01702833
v 0.23673370 0.23666061 0.01859108
v 0.23728070 0.20596285 0.03882885
v 0.21856809 0.24959306 0.01338563
v 0.20919334 0.19665223 0.02132411
v 0.22426541 0.23472967 0.00531467
v 0.20725778 0.23568242 0.00279488
v 0.19871521 0.24495047 0.00143832
v 0.22287734 0.21203825 0.03154231
v 0.15154320 0.22377329 0.00152839
v 0.18347714 0.25157433 0.00144832
v 0.17413799 0.26726928 0.00144788
v 0.16799282 0.22499064 0.00203868
v 0.20691368 0.26231352 0.00254996
v 0.24604300 0.25572500 0.01752920
v 0.20790620 0.27255984 0.00265141
v 0.19045622 0.29080915 0.00162463
v 0.16919744 0.31030055 0.00158639
v 0.16192223 0.31328374 0.00302306
v 0.15835735 0.31403770 0.01721635
v 0.15673170 0.31770354 0.00891094
v 0.18505531 0.29581387 0.00444841
v 0.20377858 0.26463144 0.00660258
v 0.22123491 0.23184034 0.01573656
v 0.22468633 0.22841385 0.01963874
v 0.26475757 0.21307860 0.03638830
v 0.24747616 0.21561164 0.04717769
v 0.20211224 0.20848318 0.01250022
v 0.18335900 0.19707900 0.01371210
v 0.20790155 0.23527637 0.00992738
v 0.19817690 0.25623701 0.00472029
v 0.15812439 0.25321021 0.00436578
v 0.18612200 0.27001400 0.00434736
v 0.15726571 0.26066000 0.00463185
v 0.16437262 0.28086222 0.00569549
v 0.12870656 0.21953591 0.00847045
v 0.14849328 0.26506595 0.00700915
v 0.14249439 0.28295385 0.01715304
v 0.13355570 0.28843128 0.00465922
v 0.11438290 0.26028615 0.01842097
v 0.12989093 0.28431227 0.01493587
v 0.11492853 0.25339949 0.01675600
v 0.12629318 0.24411655 0.00914365
v 0.12310309 0.27457704 0.00262877
v 0.11175080 0.25655608 0.00245516
v 0.11829720 0.25383360 0.00145108
v 0.10428100 0.25534700 0.01631520
v 0.09199077 0.24226772 0.00795498
v 0.10030000 0.25268600 0.01239310
v 0.11186685 0.26497457 0.00588140
v 0.11869687 0.21894160 0.00146536
v 0.14028772 0.23853198 0.00144863
v 0.09185543 0.23795256 0.01781010
v 0.15322083 0.23766373 0.00144859
v 0.08389804 0.23433926 0.01552923
v 0.09148211 0.23196204 0.00861600
v 0.10781853 0.24703077 0.00160816
v 0.10970750 0.20069559 0.00433034
v 0.13512941 0.22225543 0.00147099
v 0.08265679 0.23167726 0.01109538
v 0.13934249 0.21448238 0.00726908
v 0.12346900 0.21114900 0.00382336
v 0.18811273 0.26854078 0.00144766
v 0.18571186 0.22814386 0.00222922
v 0.16020000 0.25463600 0.00144832
v 0.15653763 0.26391946 0.00144868
v 0.14307058 0.27411475 0.00144844
v 0.14819907 0.29364827 0.00145796
v 0.07768986 0.22636821 0.00884160
v 0.16737412 0.18699536 0.01731358
v 0.16925469 0.23589365 0.00439586
v 0.20171835 0.22778171 0.00875241
v 0.19335284 0.23799700 0.00545083
v 0.15986551 0.22785704 0.00549430
v 0.19118357 0.21989392 0.00877179
v 0.18884084 0.21604106 0.00907089
v 0.14021191 0.20085119 0.02154225
v 0.15357615 0.19133720 0.02182620
v 0.13678861 0.25032963 0.00672597
v 0.14046700 0.23239000 0.00144841
v 0.16672343 0.24041232 0.00144799
v 0.20653280 0.26734216 0.00209828
v 0.18150409 0.28562685 0.00144717
v 0.16960669 0.29929716 0.00144919
v 0.07465848 0.20907084 0.01975897
v 0.07535530 0.20119797 0.01872656
v 0.15264821 0.21605999 0.01281872
v 0.12960468 0.19900192 0.02359699
v 0.10171041 0.21930672 0.01045547
v 0.09860341 0.19324949 0.02552119
v 0.12085767 0.20278734 0.02204279
v 0.10238083 0.20928754 0.01419173
v 0.09075214 0.20845410 0.00253484
v 0.09468179 0.21181110 0.01317820
v 0.14306533 0.23221852 0.00507298
v 0.15324000 0.23501200 0.00451435
v 0.09423010 -0.00244438 0.00889377
v 0.07870017 0.00965745 0.00869965
v 0.31159245 0.00025767 0.00557477
v 0.30408188 0.00562659 0.00440817
v 0.32588211 0.00274926 0.00601047
v 0.24458556 -0.00791359 0.01943421
v 0.27469702 0.00200499 0.00536627
v 0.38894488 0.00819518 0.01436255
v 0.40263462 0.01293506 0.01358737
v 0.43203653 0.01082352 0.00589582
v 0.35904417 0.00195049 0.01330087
v 0.14552965 0.00533563 0.00998498
v 0.13933473 0.00068737 0.00790336
v 0.10664270 0.00200163 0.01083301
v 0.09524830 0.00910638 0.00853034
v 0.21671707 0.00340412 0.00768566
v 0.22733617 0.00714033 0.01089875
v 0.23657525 -0.00460506 0.01783650
v 0.16570572 0.00473203 0.00806052
v 0.20295342 0.00058456 0.00576367
v 0.12316149 0.00640543 0.01107105
v 0.09129435 0.00515399 0.00608264
v 0.07151240 0.00760450 0.00585904
v 0.06938140 0.02633040 0.01334110
v 0.05925208 0.04096608 0.00746197
v 0.03467320 0.05780470 0.00609129
v 0.00521978 0.06558780 0.01976840
v 0.00074262 0.06339650 0.00623740
v 0.00923994 0.03879955 0.00438877
v 0.01122530 0.01994385 0.00429330
v 0.01171630 0.00503137 0.00144782
v 0.01037676 -0.02708417 0.00528633
v 0.00716457 -0.04253940 0.00144524
v 0.00225693 -0.05376750 0.00677875
v 0.00599538 -0.05574810 0.02004140
v 0.01551170 -0.05485680 0.02358740
v 0.03563950 -0.05266360 0.02174620
v 0.04401750 -0.04624480 0.00461541
v 0.06533690 -0.02893360 0.01558170
v 0.06793330 -0.01194650 0.00485446
v 0.01102824 0.07640514 0.02098151
v 0.01155513 0.06325935 0.00124038
v 0.00572627 0.06573644 0.00309638
v 0.02649512 -0.02047781 0.00187328
v 0.00415089 -0.05961056 0.01200118
v 0.00466112 0.07495304 0.01295167
v 0.02309035 0.07094748 0.01773146
v 0.01442132 -0.05371575 0.00244368
v 0.02484673 0.04185839 0.00381361
v 0.01333180 0.00518504 0.00131291
v 0.07804007 0.03431733 0.00987575
v 0.06983496 0.05021552 0.00387222
v 0.03828632 -0.05951027 0.01931459
v 0.05699486 -0.04841910 0.00400659
v 0.08171356 0.00040732 0.00831555
v 0.02594792 -0.04265153 0.00336329
v 0.01208630 -0.06775626 0.02282217
v 0.04056041 0.05899724 0.00359851
v 0.08026290 0.01352380 0.00468986
v 0.05679271 0.05476533 0.00848324
v 0.04553010 -0.06153920 0.00836144
v 0.04475026 -0.05183930 0.00570173
v 0.06742814 -0.03148605 0.01395215
v 0.08526812 0.02901438 0.00644852
v 0.07638298 -0.01622168 0.00468740
f 187 180 188
f 186 201 207
f 171 352 192
f 188 180 210
f 179 204 190
f 26 22 208
f 26 208 354
f 159 193 199
f 183 180 187
f 177 204 179
f 197 171 169
f 179 190 210
f 300 49 299
f 192 173 171
f 3 207 5
f 189 193 157
f 155 200 189
f 160 159 199
f 177 191 204
f 197 352 171
f 194 149 221
f 146 205 206
f 151 194 266
f 199 162 160
f 195 205 146
f 146 353 195
f 147 206 221
f 353 143 196
f 168 220 197
f 203 219 198
f 197 169 168
f 198 166 163
f 266 153 151
f 816 494 142
f 166 220 168
f 187 188 202
f 198 214 166
f 191 177 174
f 189 200 229
f 198 163 162
f 196 143 142
f 157 155 189
f 353 146 143
f 187 186 183
f 162 199 198
f 187 201 186
f 192 191 173
f 194 151 149
f 153 266 200
f 200 155 153
f 166 214 220
f 494 196 142
f 198 219 214
f 146 206 147
f 198 199 203
f 210 180 179
f 191 174 173
f 193 159 157
f 221 149 147
f 354 208 22
f 116 209 120
f 207 355 5
f 254 355 207
f 201 254 207
f 254 201 213
f 360 191 215
f 204 211 210
f 188 210 390
f 204 360 211
f 206 212 221
f 192 215 191
f 205 234 206
f 354 224 26
f 467 460 224
f 29 224 460
f 203 248 219
f 213 201 187
f 352 215 192
f 242 221 212
f 361 224 216
f 224 354 230
f 224 230 231
f 231 216 224
f 26 224 29
f 748 224 361
f 224 748 467
f 112 217 116
f 660 235 225
f 660 228 381
f 217 660 225
f 226 660 381
f 660 226 235
f 112 660 217
f 225 227 217
f 217 227 218
f 187 202 213
f 221 242 223
f 22 20 230
f 20 500 230
f 460 467 465
f 189 535 193
f 214 219 233
f 240 214 233
f 252 211 360
f 195 256 205
f 362 235 226
f 237 235 362
f 237 819 235
f 362 238 245
f 245 237 362
f 245 246 244
f 228 680 238
f 228 499 680
f 229 200 247
f 199 193 248
f 199 248 203
f 219 385 233
f 205 256 243
f 234 205 243
f 235 236 227
f 245 238 246
f 219 248 385
f 241 202 267
f 250 268 213
f 234 212 206
f 556 229 597
f 212 234 242
f 264 244 246
f 680 272 239
f 535 248 193
f 535 385 248
f 241 213 202
f 213 268 261
f 250 241 268
f 261 251 213
f 383 360 215
f 360 573 252
f 253 383 543
f 258 234 255
f 258 242 234
f 217 218 209
f 285 247 266
f 249 214 357
f 220 214 249
f 267 188 390
f 213 251 254
f 355 254 280
f 383 352 537
f 227 236 218
f 384 121 120
f 680 239 238
f 257 214 240
f 233 257 240
f 257 233 273
f 274 403 214
f 355 7 5
f 383 215 352
f 246 238 239
f 239 259 246
f 272 276 239
f 233 385 273
f 390 210 391
f 261 260 251
f 258 255 440
f 440 255 703
f 256 351 263
f 384 218 394
f 236 235 393
f 265 371 264
f 371 395 264
f 239 276 284
f 390 269 267
f 241 267 268
f 287 270 261
f 269 268 267
f 559 280 251
f 261 270 271
f 393 394 218
f 271 260 261
f 395 369 506
f 266 565 285
f 247 285 597
f 273 385 295
f 403 274 273
f 280 254 251
f 276 277 284
f 276 279 278
f 194 564 266
f 673 283 281
f 371 282 283
f 386 239 284
f 290 286 288
f 571 276 278
f 261 269 287
f 242 258 286
f 290 242 286
f 291 290 288
f 443 288 286
f 291 289 290
f 293 273 294
f 261 268 269
f 270 287 574
f 282 371 265
f 273 295 294
f 408 270 574
f 690 282 292
f 386 264 246
f 293 294 428
f 286 442 443
f 512 288 443
f 291 288 512
f 294 295 428
f 385 535 296
f 385 296 445
f 297 38 35
f 38 297 39
f 299 49 45
f 299 298 300
f 302 300 298
f 451 300 303
f 300 302 303
f 298 299 452
f 45 41 299
f 301 302 298
f 298 452 301
f 301 310 304
f 454 303 309
f 304 303 302
f 303 304 305
f 301 304 302
f 310 305 304
f 309 303 305
f 305 463 306
f 309 305 313
f 305 307 308
f 461 306 463
f 305 308 463
f 311 305 310
f 56 53 457
f 310 314 311
f 314 305 311
f 312 314 310
f 306 313 305
f 307 314 308
f 305 314 307
f 314 312 315
f 317 318 308
f 308 316 459
f 308 315 450
f 317 308 459
f 598 454 309
f 308 450 316
f 319 316 599
f 324 321 319
f 319 320 460
f 53 51 454
f 459 318 317
f 321 316 319
f 459 316 321
f 318 459 322
f 328 323 318
f 328 318 322
f 33 30 460
f 318 323 462
f 465 321 324
f 465 464 322
f 60 710 62
f 611 326 325
f 613 329 327
f 328 613 326
f 327 329 614
f 329 332 617
f 329 330 332
f 613 330 329
f 466 330 613
f 454 457 53
f 468 335 89
f 89 86 468
f 92 89 335
f 83 468 84
f 470 471 468
f 336 334 470
f 470 334 337
f 468 336 470
f 336 468 334
f 340 342 339
f 339 341 340
f 338 339 473
f 344 97 95
f 102 100 345
f 104 102 345
f 493 489 345
f 346 345 489
f 347 107 104
f 750 493 350
f 489 493 750
f 346 489 750
f 349 350 479
f 494 816 495
f 351 494 495
f 351 495 392
f 536 352 197
f 353 262 351
f 351 262 494
f 353 196 494
f 494 262 353
f 194 221 223
f 204 210 190
f 230 354 22
f 217 209 116
f 356 220 249
f 220 356 358
f 358 536 197
f 197 220 358
f 383 537 538
f 538 358 544
f 538 539 383
f 540 383 539
f 544 358 357
f 256 195 353
f 235 227 225
f 500 20 17
f 191 360 204
f 231 361 216
f 231 621 361
f 238 362 226
f 245 244 237
f 237 506 364
f 506 237 244
f 506 244 395
f 264 395 244
f 364 503 819
f 819 237 364
f 366 364 506
f 366 365 364
f 395 370 369
f 371 370 395
f 369 370 371
f 508 369 371
f 283 508 371
f 374 372 369
f 374 375 372
f 375 374 373
f 376 375 373
f 511 377 375
f 378 377 511
f 378 668 375
f 379 375 668
f 510 704 511
f 508 380 373
f 378 375 377
f 368 372 379
f 228 238 381
f 226 381 238
f 188 267 202
f 213 241 250
f 252 391 211
f 243 255 234
f 218 384 209
f 266 247 200
f 209 384 120
f 597 229 247
f 274 214 257
f 280 561 355
f 355 561 7
f 386 259 239
f 386 246 259
f 386 282 264
f 282 265 264
f 277 386 284
f 277 389 388
f 277 388 387
f 391 210 211
f 269 390 391
f 351 552 263
f 394 393 367
f 384 394 121
f 363 367 819
f 394 123 121
f 367 393 819
f 123 394 367
f 276 272 279
f 564 194 222
f 273 274 257
f 278 279 652
f 266 222 565
f 223 242 222
f 597 397 556
f 276 571 277
f 571 399 277
f 399 400 389
f 399 401 402
f 402 572 399
f 568 357 359
f 287 391 679
f 270 404 260
f 260 404 251
f 275 251 404
f 405 404 270
f 559 251 275
f 404 405 406
f 407 406 405
f 408 405 270
f 404 406 409
f 409 646 640
f 270 260 271
f 281 282 690
f 281 690 580
f 690 292 386
f 273 293 411
f 386 292 282
f 412 411 293
f 403 273 411
f 410 411 412
f 589 411 410
f 293 416 412
f 293 415 416
f 413 412 416
f 410 412 589
f 412 413 414
f 417 413 432
f 418 416 415
f 415 428 423
f 424 413 416
f 432 413 674
f 413 424 674
f 418 424 416
f 414 589 412
f 589 414 683
f 589 683 419
f 415 293 428
f 428 431 423
f 426 414 413
f 427 426 413
f 413 417 590
f 417 432 590
f 295 425 428
f 422 423 431
f 423 418 415
f 413 590 427
f 425 295 445
f 436 424 418
f 427 590 426
f 444 431 428
f 425 444 428
f 429 420 591
f 423 422 434
f 590 70 697
f 426 590 697
f 445 295 385
f 420 431 433
f 434 420 429
f 420 422 431
f 777 420 595
f 434 436 423
f 692 421 426
f 422 420 434
f 435 436 434
f 437 692 426
f 437 426 438
f 286 258 442
f 440 442 258
f 512 443 671
f 442 440 703
f 443 441 671
f 535 445 296
f 445 444 425
f 444 535 557
f 448 297 35
f 315 449 450
f 449 315 312
f 449 35 33
f 449 312 35
f 35 312 448
f 51 49 451
f 300 451 49
f 454 451 303
f 41 452 299
f 452 41 39
f 301 452 310
f 51 451 454
f 453 310 452
f 598 309 313
f 315 308 314
f 320 449 33
f 320 33 460
f 454 598 456
f 455 456 598
f 598 313 458
f 454 456 457
f 601 600 456
f 456 600 457
f 458 455 598
f 456 455 601
f 56 457 600
f 465 322 321
f 322 464 328
f 459 321 322
f 319 460 324
f 29 460 30
f 324 460 465
f 318 462 461
f 308 318 461
f 308 461 463
f 464 466 328
f 464 465 466
f 326 611 328
f 617 331 329
f 327 325 613
f 330 333 332
f 748 330 467
f 469 92 335
f 86 84 468
f 468 471 335
f 334 468 83
f 83 749 334
f 339 337 341
f 470 337 339
f 476 339 338
f 476 474 475
f 335 471 476
f 476 471 470
f 476 473 472
f 474 476 480
f 335 475 469
f 349 479 478
f 479 485 478
f 485 479 481
f 480 472 487
f 350 348 481
f 482 99 97
f 344 482 97
f 483 474 480
f 484 483 480
f 484 480 487
f 493 348 350
f 493 100 348
f 348 100 99
f 348 482 481
f 99 482 348
f 481 482 485
f 344 485 482
f 344 95 485
f 484 346 486
f 488 487 472
f 486 346 349
f 349 484 486
f 483 484 349
f 485 95 92
f 488 472 477
f 469 485 92
f 817 488 477
f 490 111 347
f 341 793 343
f 493 345 100
f 347 104 345
f 346 347 345
f 111 107 347
f 487 492 484
f 481 479 350
f 136 495 139
f 136 134 495
f 392 495 134
f 357 356 249
f 358 356 357
f 358 538 536
f 538 537 536
f 214 359 357
f 660 112 111
f 497 228 660
f 499 228 497
f 497 232 499
f 499 232 680
f 498 232 497
f 232 656 279
f 497 655 498
f 17 705 501
f 333 330 748
f 367 125 123
f 504 125 367
f 503 364 365
f 664 504 363
f 372 368 506
f 366 506 505
f 375 379 372
f 668 667 379
f 506 368 505
f 704 509 378
f 378 511 704
f 671 704 512
f 378 809 794
f 509 513 378
f 378 513 809
f 779 512 672
f 509 442 513
f 515 511 514
f 375 515 514
f 373 380 376
f 380 515 376
f 376 515 375
f 380 528 515
f 380 508 518
f 511 516 510
f 511 528 516
f 516 672 510
f 512 510 672
f 528 380 518
f 518 508 524
f 519 528 518
f 517 520 518
f 522 519 518
f 520 522 518
f 516 528 527
f 515 528 511
f 508 521 524
f 521 820 524
f 424 436 674
f 518 524 517
f 517 524 525
f 524 523 525
f 583 523 524
f 520 517 522
f 528 436 527
f 435 527 436
f 435 593 516
f 528 522 436
f 528 519 522
f 430 522 529
f 531 432 530
f 533 590 531
f 590 432 531
f 530 432 430
f 529 530 430
f 532 430 674
f 522 430 532
f 436 532 674
f 522 532 436
f 533 70 590
f 70 533 531
f 72 70 534
f 70 531 534
f 530 534 531
f 526 534 530
f 445 535 444
f 287 252 574
f 536 537 352
f 543 383 540
f 538 544 542
f 538 542 539
f 548 543 540
f 544 568 541
f 547 544 541
f 682 359 403
f 547 546 545
f 548 546 676
f 544 547 542
f 545 546 548
f 547 548 540
f 548 547 545
f 539 547 540
f 539 542 547
f 676 549 548
f 762 548 549
f 758 134 131
f 758 392 134
f 758 551 392
f 551 496 392
f 553 552 496
f 552 553 256
f 351 496 552
f 243 553 255
f 398 382 556
f 555 382 433
f 556 382 558
f 554 382 555
f 444 382 554
f 557 382 444
f 555 444 554
f 677 382 398
f 382 557 558
f 556 558 229
f 229 558 189
f 561 280 559
f 552 256 263
f 243 256 553
f 680 279 272
f 232 279 680
f 562 561 772
f 409 578 559
f 7 562 10
f 562 7 678
f 675 72 534
f 222 266 564
f 222 194 223
f 242 565 222
f 565 242 566
f 565 597 285
f 556 397 398
f 403 359 214
f 544 357 568
f 682 403 411
f 359 682 568
f 568 682 541
f 567 411 589
f 569 546 567
f 567 589 569
f 589 419 570
f 589 570 569
f 570 546 569
f 399 571 278
f 401 399 752
f 399 389 277
f 290 566 242
f 574 252 573
f 574 573 800
f 408 574 575
f 576 575 574
f 802 801 574
f 576 574 801
f 408 575 576
f 801 577 576
f 275 404 559
f 559 404 409
f 579 578 409
f 579 640 561
f 579 561 578
f 282 281 283
f 521 673 281
f 690 386 277
f 581 281 580
f 582 581 580
f 387 580 690
f 690 277 387
f 524 820 583
f 587 580 585
f 585 584 587
f 587 582 580
f 582 587 586
f 583 820 582
f 580 387 585
f 399 572 685
f 526 523 583
f 585 387 388
f 585 685 584
f 587 584 586
f 586 75 74
f 588 582 586
f 75 773 78
f 583 582 526
f 582 563 526
f 563 582 588
f 74 72 588
f 426 421 414
f 436 418 423
f 435 434 592
f 434 429 592
f 593 435 592
f 591 592 429
f 672 593 592
f 591 594 592
f 696 594 591
f 696 591 439
f 779 592 594
f 596 433 398
f 433 596 595
f 289 291 596
f 596 398 289
f 597 289 398
f 289 597 565
f 397 597 398
f 565 566 681
f 289 681 290
f 565 681 289
f 509 441 442
f 441 443 442
f 513 442 703
f 17 14 705
f 447 446 705
f 446 728 502
f 297 453 452
f 312 453 297
f 297 448 312
f 453 312 310
f 306 458 313
f 306 608 458
f 306 462 608
f 458 601 455
f 458 602 601
f 319 599 320
f 316 449 599
f 599 449 320
f 57 56 600
f 706 600 707
f 602 707 601
f 707 606 706
f 600 601 707
f 608 606 458
f 602 458 606
f 706 606 603
f 58 706 603
f 604 708 603
f 710 708 604
f 605 604 603
f 607 462 609
f 609 605 603
f 609 462 709
f 606 607 609
f 602 606 707
f 609 603 606
f 608 607 606
f 610 462 323
f 323 328 611
f 609 610 605
f 605 610 611
f 323 611 610
f 328 466 613
f 466 465 330
f 612 611 325
f 326 613 325
f 711 611 612
f 803 612 325
f 605 785 782
f 803 325 614
f 786 65 64
f 329 331 615
f 615 331 805
f 812 805 616
f 331 616 805
f 614 329 615
f 616 331 715
f 331 617 715
f 617 332 333
f 618 627 715
f 618 715 617
f 617 619 618
f 618 623 627
f 621 623 619
f 618 619 623
f 623 622 620
f 621 724 623
f 723 361 619
f 724 502 725
f 623 724 622
f 724 725 622
f 625 624 627
f 716 627 624
f 715 717 616
f 727 624 625
f 625 629 626
f 629 625 628
f 633 625 626
f 623 625 627
f 631 633 626
f 629 631 626
f 633 631 632
f 628 630 629
f 620 628 623
f 631 629 639
f 620 622 728
f 623 628 625
f 630 628 620
f 632 631 790
f 632 807 637
f 629 630 636
f 446 635 620
f 641 634 620
f 635 641 620
f 636 630 634
f 637 732 633
f 732 638 633
f 636 639 629
f 637 633 632
f 730 633 638
f 447 792 446
f 640 446 792
f 640 635 446
f 640 645 635
f 12 792 14
f 636 634 746
f 636 642 643
f 639 647 644
f 639 643 647
f 642 646 406
f 647 643 747
f 635 646 641
f 361 723 748
f 485 469 478
f 654 749 83
f 476 470 339
f 478 469 475
f 475 335 476
f 472 480 476
f 474 648 478
f 475 474 478
f 648 349 478
f 349 346 750
f 652 279 649
f 651 653 340
f 651 652 653
f 490 655 111
f 491 655 490
f 658 488 817
f 491 656 655
f 492 488 491
f 658 817 657
f 656 488 658
f 658 659 656
f 656 491 488
f 754 656 649
f 653 649 657
f 657 659 658
f 484 492 491
f 491 490 484
f 346 484 490
f 347 346 490
f 496 351 392
f 497 660 111
f 656 498 655
f 656 232 498
f 230 500 755
f 111 655 497
f 501 500 17
f 501 661 500
f 500 661 726
f 501 705 729
f 619 361 621
f 125 504 665
f 504 664 665
f 130 125 665
f 666 662 503
f 664 662 666
f 670 665 664
f 503 663 666
f 503 662 664
f 379 667 368
f 668 669 667
f 667 669 759
f 667 505 368
f 668 378 794
f 666 663 667
f 505 667 365
f 667 759 666
f 366 505 365
f 795 669 668
f 508 507 521
f 283 507 508
f 283 673 521
f 283 521 507
f 551 758 770
f 704 671 509
f 509 671 441
f 704 510 512
f 375 514 511
f 521 581 820
f 521 281 581
f 525 530 529
f 432 674 430
f 517 529 522
f 530 523 526
f 526 675 534
f 535 558 557
f 391 287 269
f 548 761 543
f 766 676 546
f 768 549 676
f 555 431 444
f 433 431 555
f 433 677 398
f 433 382 677
f 535 189 558
f 561 678 7
f 562 678 561
f 578 561 559
f 252 679 391
f 287 679 252
f 561 640 560
f 409 640 579
f 290 681 566
f 411 567 682
f 546 682 567
f 570 419 683
f 585 389 400
f 684 774 402
f 691 684 79
f 691 402 774
f 79 77 691
f 572 402 691
f 685 585 400
f 400 399 685
f 383 573 360
f 253 573 383
f 543 763 253
f 408 576 686
f 686 576 577
f 577 689 686
f 407 686 689
f 405 408 407
f 408 686 407
f 647 688 644
f 577 688 647
f 647 689 577
f 687 688 577
f 647 747 689
f 773 584 691
f 685 691 584
f 588 586 74
f 78 773 77
f 675 588 72
f 588 675 563
f 421 683 414
f 683 421 692
f 683 692 693
f 683 693 570
f 775 692 437
f 775 693 692
f 695 768 676
f 778 672 592
f 435 516 527
f 672 516 593
f 696 439 291
f 512 696 291
f 439 595 596
f 777 591 420
f 291 439 596
f 595 420 433
f 426 697 438
f 698 438 697
f 780 697 70
f 697 780 698
f 698 780 701
f 438 698 699
f 70 65 701
f 701 699 698
f 701 700 699
f 553 703 255
f 792 447 14
f 447 705 14
f 620 728 446
f 39 297 452
f 462 306 461
f 450 449 316
f 706 57 600
f 58 57 706
f 58 603 60
f 603 708 60
f 710 604 782
f 604 605 782
f 610 709 462
f 609 709 610
f 462 607 608
f 330 465 467
f 711 605 611
f 803 712 612
f 786 64 714
f 614 325 327
f 627 716 715
f 715 716 717
f 716 718 717
f 616 717 720
f 717 718 720
f 720 718 721
f 722 721 718
f 723 619 617
f 748 723 617
f 724 726 502
f 502 622 725
f 727 718 624
f 716 624 718
f 633 727 625
f 502 728 622
f 501 729 502
f 446 502 729
f 727 633 730
f 718 727 730
f 718 730 722
f 730 738 722
f 732 738 730
f 732 733 738
f 721 722 731
f 733 734 738
f 735 741 721
f 738 736 737
f 737 702 739
f 737 736 700
f 735 738 737
f 700 701 737
f 787 700 734
f 731 722 738
f 735 731 738
f 731 735 721
f 735 737 741
f 734 736 738
f 734 700 736
f 700 787 699
f 786 702 737
f 789 737 701
f 789 786 737
f 786 789 65
f 737 739 741
f 741 739 742
f 721 741 742
f 744 742 739
f 739 806 744
f 743 805 744
f 740 806 702
f 740 702 786
f 702 806 739
f 786 714 740
f 745 803 740
f 712 803 784
f 630 620 634
f 642 634 641
f 639 790 631
f 642 746 634
f 636 746 642
f 643 639 636
f 12 10 792
f 635 645 646
f 642 406 747
f 642 747 643
f 333 748 617
f 654 337 749
f 334 749 337
f 654 793 337
f 483 648 474
f 349 648 483
f 350 349 750
f 653 657 342
f 652 649 653
f 399 751 752
f 652 751 399
f 401 752 402
f 402 752 650
f 684 402 650
f 343 650 753
f 684 650 654
f 340 341 343
f 343 654 650
f 653 342 340
f 817 342 657
f 279 656 396
f 649 656 657
f 659 657 656
f 754 649 279
f 656 754 396
f 755 500 726
f 231 755 726
f 230 755 231
f 231 726 621
f 621 726 724
f 504 367 363
f 130 665 670
f 503 667 663
f 365 667 503
f 363 819 503
f 664 363 503
f 795 668 794
f 758 756 757
f 757 756 670
f 130 670 756
f 758 757 798
f 756 758 130
f 666 670 664
f 666 760 757
f 760 666 808
f 666 759 808
f 670 666 757
f 523 530 525
f 525 529 517
f 762 761 548
f 768 762 549
f 801 762 768
f 763 761 800
f 802 800 761
f 761 762 801
f 687 801 768
f 687 768 550
f 764 761 801
f 764 801 802
f 761 764 802
f 765 687 550
f 765 550 768
f 768 767 765
f 765 688 687
f 768 695 767
f 546 695 766
f 676 766 695
f 767 695 769
f 769 695 694
f 767 769 765
f 775 694 695
f 694 775 776
f 769 815 765
f 551 770 799
f 796 551 799
f 130 758 131
f 799 758 798
f 771 798 757
f 771 796 798
f 562 772 10
f 792 772 561
f 792 10 772
f 640 792 560
f 75 586 773
f 584 773 586
f 546 547 682
f 80 79 684
f 691 774 684
f 253 800 573
f 801 687 577
f 675 526 563
f 773 691 77
f 437 776 775
f 439 591 777
f 595 439 777
f 779 778 592
f 672 778 779
f 696 779 594
f 779 696 512
f 701 780 70
f 438 699 787
f 553 496 781
f 496 551 781
f 781 810 513
f 781 513 553
f 513 703 553
f 710 782 713
f 708 710 60
f 712 784 713
f 745 710 783
f 710 713 783
f 605 711 785
f 612 785 711
f 785 712 713
f 745 784 803
f 612 712 785
f 745 714 64
f 661 501 726
f 501 502 726
f 729 705 446
f 732 730 638
f 787 734 733
f 437 438 804
f 804 787 437
f 437 787 788
f 65 789 701
f 719 744 720
f 720 744 812
f 721 719 720
f 721 742 719
f 744 719 742
f 745 740 714
f 803 806 740
f 744 614 743
f 614 744 806
f 64 62 745
f 745 62 710
f 644 790 639
f 790 644 632
f 644 688 632
f 791 632 688
f 765 791 688
f 765 815 791
f 791 807 632
f 560 792 561
f 646 645 640
f 337 793 341
f 343 793 654
f 652 752 751
f 650 752 652
f 651 650 652
f 83 80 654
f 684 654 80
f 343 651 340
f 650 651 753
f 343 753 651
f 669 795 794
f 808 757 760
f 757 808 771
f 796 771 808
f 796 808 797
f 810 797 513
f 799 798 796
f 543 761 763
f 763 800 253
f 800 802 574
f 570 695 546
f 693 775 695
f 776 732 694
f 758 799 770
f 713 782 785
f 784 745 783
f 783 713 784
f 803 614 806
f 787 804 438
f 733 732 787
f 776 437 788
f 614 805 743
f 615 805 614
f 669 794 808
f 669 808 759
f 513 797 809
f 808 809 797
f 796 810 781
f 797 810 796
f 695 570 693
f 791 815 807
f 732 776 788
f 787 732 788
f 805 812 744
f 812 616 720
f 808 794 809
f 813 815 694
f 769 694 815
f 814 694 732
f 814 813 694
f 732 813 814
f 813 732 637
f 813 807 811
f 811 807 815
f 637 807 813
f 811 815 813
f 186 207 3
f 139 816 142
f 495 816 139
f 236 393 218
f 819 393 235
f 473 817 477
f 339 817 473
f 342 817 339
f 818 477 472
f 473 476 338
f 473 818 472
f 477 818 473
f 353 351 256
f 369 372 506
f 373 369 508
f 373 374 369
f 754 279 396
f 487 488 492
f 781 551 796
f 541 682 547
f 278 652 399
f 389 585 388
f 582 820 581
f 646 642 641
f 406 407 689
f 747 406 689
f 691 685 572
f 409 406 646
f 868 869 185
f 1043 181 182
f 866 876 864
f 862 864 865
f 822 862 865
f 851 850 1031
f 835 834 870
f 870 893 872
f 893 870 834
f 873 836 835
f 871 873 872
f 861 859 862
f 158 1046 1045
f 822 861 862
f 154 1052 1051
f 863 864 862
f 1199 1056 150
f 878 863 862
f 830 827 1004
f 903 1113 141
f 140 874 827
f 185 826 868
f 864 863 878
f 873 871 995
f 822 865 864
f 864 909 822
f 909 864 876
f 866 879 877
f 864 879 866
f 878 859 858
f 878 862 859
f 864 878 879
f 1036 975 1037
f 824 910 1036
f 1012 876 866
f 1037 826 824
f 889 185 869
f 826 888 868
f 1037 888 826
f 869 868 888
f 869 888 1037
f 184 1042 182
f 185 889 184
f 890 889 869
f 1042 889 890
f 841 984 842
f 1203 839 838
f 894 895 995
f 835 870 872
f 834 832 893
f 872 873 835
f 895 873 995
f 895 896 873
f 895 894 896
f 894 897 896
f 897 901 999
f 898 897 894
f 836 896 837
f 900 897 898
f 1102 999 899
f 1204 999 1000
f 900 901 897
f 902 900 1270
f 894 996 898
f 141 1113 904
f 1113 903 1110
f 1268 903 141
f 141 874 140
f 827 874 1004
f 874 905 1004
f 1004 905 875
f 1004 875 906
f 875 1113 906
f 906 1113 1119
f 907 1119 1113
f 824 822 909
f 910 824 909
f 1011 178 180
f 1128 858 857
f 858 1128 878
f 1013 879 912
f 918 915 1132
f 918 913 915
f 913 918 856
f 913 856 1016
f 856 855 1016
f 854 880 855
f 916 914 917
f 914 1016 917
f 1133 915 913
f 920 1136 880
f 881 922 920
f 920 880 881
f 881 1025 922
f 881 880 853
f 853 852 881
f 1025 925 922
f 921 1025 881
f 922 1137 920
f 1136 920 1137
f 852 851 881
f 881 923 924
f 921 881 924
f 928 1026 926
f 926 1026 1025
f 927 926 1025
f 927 929 926
f 928 926 931
f 926 930 931
f 921 927 1025
f 926 929 930
f 931 930 929
f 931 969 932
f 924 929 927
f 940 928 931
f 928 940 935
f 935 936 937
f 940 1028 935
f 935 1028 936
f 1165 940 939
f 933 1165 939
f 941 942 952
f 1165 952 942
f 946 1234 941
f 944 1231 1165
f 944 1165 942
f 1165 938 1028
f 1234 1233 941
f 946 941 945
f 946 948 950
f 947 954 946
f 947 946 945
f 948 954 1029
f 956 1029 954
f 948 949 950
f 954 947 945
f 945 941 952
f 953 961 945
f 953 945 952
f 965 953 933
f 965 961 953
f 951 956 954
f 1282 956 951
f 1165 933 952
f 952 933 953
f 945 961 954
f 951 955 1308
f 955 951 954
f 965 933 962
f 932 962 933
f 968 1308 955
f 956 960 1029
f 956 1238 960
f 1282 959 956
f 961 965 966
f 966 968 961
f 965 962 1030
f 967 966 965
f 957 962 932
f 969 957 932
f 967 965 1030
f 957 969 1030
f 963 968 974
f 969 929 970
f 969 970 1030
f 1031 934 851
f 1174 164 165
f 849 884 971
f 883 971 884
f 867 884 885
f 884 972 967
f 885 884 848
f 848 847 885
f 964 974 867
f 963 974 964
f 847 846 885
f 964 885 846
f 967 974 966
f 967 972 974
f 972 867 974
f 972 884 867
f 1042 1038 182
f 889 1042 184
f 1181 161 1183
f 1284 1181 1183
f 846 977 891
f 976 978 1257
f 976 977 845
f 976 845 978
f 1256 977 976
f 845 844 978
f 1048 978 844
f 979 1257 978
f 980 156 158
f 980 982 156
f 1044 980 158
f 1049 843 1055
f 1198 1185 1049
f 1201 150 152
f 1201 983 1319
f 983 1201 152
f 1062 984 841
f 842 984 1061
f 984 985 1061
f 984 1062 985
f 1100 1099 1062
f 1062 1099 988
f 1062 988 986
f 987 989 1073
f 1106 1268 1105
f 1056 991 148
f 1203 892 839
f 1102 838 837
f 896 897 1102
f 893 871 872
f 871 893 993
f 997 993 893
f 993 995 871
f 1215 995 993
f 995 1103 1104
f 996 894 1104
f 995 1104 894
f 1270 996 1104
f 1270 898 996
f 1216 997 831
f 1120 1214 997
f 993 1273 1214
f 1273 997 1214
f 873 896 836
f 999 998 897
f 1102 998 999
f 1203 838 1102
f 1203 1102 899
f 1001 1000 999
f 900 898 1270
f 1268 141 144
f 1003 1113 1108
f 1003 1111 1113
f 1121 1004 1119
f 908 1119 907
f 908 1118 1119
f 1012 1005 876
f 1012 866 1129
f 1005 909 876
f 1012 1007 1005
f 910 887 1036
f 1007 1006 887
f 910 1005 887
f 909 1005 910
f 1007 1122 1006
f 886 1006 1008
f 1127 178 1011
f 1129 866 877
f 877 879 1013
f 1129 877 1013
f 1013 1128 1014
f 912 878 1128
f 878 912 879
f 856 918 857
f 1016 914 913
f 1016 855 880
f 914 1133 913
f 172 919 1159
f 1018 919 172
f 1019 1017 919
f 1019 919 1018
f 172 175 1018
f 1018 1020 1019
f 1020 1152 1162
f 1020 1162 1019
f 1019 1162 1021
f 1161 1020 1023
f 1023 176 1022
f 175 176 1024
f 176 1023 1024
f 1024 1023 1020
f 1020 1018 1024
f 1018 175 1024
f 1229 1022 911
f 917 1016 880
f 853 880 854
f 929 969 931
f 924 927 921
f 1226 1026 928
f 935 1226 928
f 931 932 940
f 940 1165 1028
f 941 944 942
f 946 954 948
f 948 1029 960
f 955 954 961
f 974 968 966
f 961 968 955
f 968 963 958
f 957 1030 962
f 1030 1031 1032
f 1031 1030 970
f 971 1030 1032
f 971 1032 849
f 849 1032 850
f 967 1030 971
f 170 882 167
f 1032 1031 850
f 924 1033 1031
f 929 1031 970
f 929 924 1031
f 934 1031 1033
f 934 1033 924
f 1174 1034 164
f 1034 1174 1235
f 1175 165 167
f 1175 950 1174
f 971 883 967
f 848 884 849
f 885 964 867
f 1035 964 973
f 964 1035 963
f 973 964 846
f 973 846 891
f 891 977 973
f 977 1035 973
f 884 967 883
f 1036 1037 824
f 1178 1037 975
f 1039 869 1037
f 975 1008 1178
f 1037 1178 1039
f 975 1036 886
f 886 1008 975
f 1041 1038 1042
f 890 869 1039
f 890 1008 1041
f 1039 1178 890
f 1180 1041 1040
f 1041 1180 1043
f 1041 1042 890
f 1043 1038 1041
f 158 161 1046
f 161 1181 1046
f 1046 1278 1045
f 845 977 846
f 843 1048 844
f 843 1049 1048
f 1050 1049 1186
f 1048 1050 978
f 1257 1256 976
f 979 978 1050
f 154 1192 1052
f 1049 1055 1198
f 1198 1054 1185
f 1201 1319 1199
f 1199 1319 1058
f 1057 1056 1199
f 1200 1057 1058
f 1058 1057 1199
f 1193 152 154
f 985 1301 1060
f 1198 1055 1054
f 1054 1055 1061
f 1063 985 986
f 1054 1061 1060
f 1060 1061 985
f 841 840 1062
f 840 1100 1062
f 986 985 1062
f 1063 1301 985
f 1069 986 987
f 1069 987 1064
f 1069 1064 1065
f 986 1069 1071
f 1064 1070 1066
f 1068 1287 1066
f 1066 1070 1068
f 1065 1064 1066
f 1070 1091 1068
f 1069 1067 1071
f 1069 1065 1067
f 1070 1064 1075
f 1076 1086 1091
f 1072 1091 1086
f 1073 1074 1064
f 1064 1074 1075
f 1091 1070 1077
f 1085 1077 1075
f 1070 1075 1077
f 1076 1091 1077
f 1078 1075 1074
f 1078 1259 1075
f 1074 1073 1078
f 1079 1259 1078
f 1064 987 1073
f 1085 1075 1084
f 1083 1084 1075
f 1081 1077 1085
f 1081 1080 1086
f 1083 1075 1259
f 1081 1086 1076
f 1084 1089 1085
f 992 1082 1092
f 1085 1082 1081
f 1080 1057 1086
f 1072 1086 1059
f 1082 992 1080
f 1206 1084 1083
f 1084 1263 1089
f 1087 1084 1206
f 1259 1206 1083
f 1263 1084 1087
f 1058 1090 1072
f 1082 1093 1092
f 1087 1088 1263
f 1057 1080 992
f 1058 1319 1090
f 1264 1091 1090
f 1072 1090 1091
f 1093 1082 1089
f 992 1092 990
f 1200 1058 1072
f 1093 1089 1094
f 991 992 990
f 1090 1319 1097
f 983 1097 1319
f 1094 1089 1095
f 1098 1097 983
f 1208 1097 1098
f 1053 1197 1098
f 1193 154 1053
f 987 986 988
f 988 1099 892
f 1100 892 1099
f 145 148 1101
f 990 1101 148
f 1094 1101 1207
f 991 990 148
f 839 892 1100
f 896 1102 837
f 1102 897 998
f 997 893 832
f 997 994 993
f 1215 1104 1103
f 1104 1215 1270
f 997 1216 1120
f 831 997 832
f 904 905 141
f 874 141 905
f 1110 903 1268
f 1002 1106 1110
f 1211 145 1209
f 1268 1106 1002
f 1211 144 145
f 1107 1261 1105
f 1110 1108 1113
f 1110 1003 1108
f 1003 1110 1111
f 1112 1111 1110
f 1110 1106 1112
f 1105 1117 1106
f 1112 1106 1109
f 1117 1109 1106
f 1116 1111 1112
f 907 1118 908
f 1113 1111 907
f 1112 1114 1116
f 1112 1109 1114
f 1115 1116 1114
f 1114 1109 1117
f 1111 1116 1269
f 1115 1114 1117
f 1212 1116 1115
f 1088 1089 1263
f 1260 1088 1205
f 1272 1269 1116
f 1111 1214 1118
f 1120 1119 1118
f 830 1121 1119
f 906 1119 1004
f 1004 1121 830
f 1005 1007 887
f 886 1036 887
f 1012 1225 1122
f 1006 1122 1010
f 1007 1012 1122
f 1010 1122 1217
f 1274 1010 1217
f 1006 1010 1009
f 1006 886 887
f 1177 1011 180
f 1011 1177 1125
f 1125 1180 1126
f 1010 1126 1009
f 178 1127 1229
f 1275 1277 1011
f 1127 1277 1229
f 1012 1129 1225
f 1014 1124 1013
f 1129 1124 1217
f 1013 1124 1129
f 1123 1124 1015
f 1129 1122 1225
f 1129 1217 1122
f 1014 1015 1124
f 1130 1134 1123
f 912 1128 1013
f 1135 918 1131
f 1130 918 1132
f 1131 918 1130
f 1134 1132 915
f 1130 1132 1134
f 1131 1130 1015
f 1128 1135 1015
f 1130 1123 1015
f 1128 857 1135
f 857 918 1135
f 925 1138 1137
f 917 1137 1142
f 922 925 1137
f 1027 1138 925
f 917 1142 916
f 1137 1138 1142
f 1025 1026 925
f 1027 925 1026
f 1133 914 1139
f 1133 1134 915
f 1133 1139 1140
f 914 916 1142
f 1139 1141 1158
f 1139 914 1142
f 1138 1143 1142
f 1139 1142 1141
f 1144 1141 1142
f 1144 1142 1145
f 1142 1143 1146
f 1142 1146 1145
f 1144 1145 1146
f 1146 1143 1151
f 1027 1151 1143
f 1149 1144 1146
f 1227 1146 1150
f 1151 1150 1146
f 1027 1148 1151
f 1027 1147 1148
f 1149 1146 1227
f 1150 1151 1162
f 1148 1147 1162
f 1276 1144 1149
f 1147 1163 1162
f 1162 1152 1160
f 1160 1150 1162
f 1141 1144 1153
f 1144 1223 1153
f 1150 1154 1227
f 1160 1154 1150
f 1170 1154 1160
f 1156 1223 1276
f 1153 1157 1158
f 1140 1158 1133
f 1123 1158 1157
f 1134 1133 1158
f 172 1159 170
f 1017 1159 919
f 1152 1020 1160
f 1170 1023 1022
f 1020 1161 1160
f 1161 1023 1160
f 937 1162 1163
f 1162 937 1021
f 1147 1027 1163
f 935 1163 1027
f 1019 937 936
f 937 1019 1021
f 1164 1019 936
f 1028 1164 936
f 1164 1017 1019
f 938 1165 1166
f 1166 1165 943
f 938 1164 1028
f 938 1166 943
f 938 943 1167
f 1169 938 1167
f 882 1167 943
f 938 1168 1164
f 1164 1168 1159
f 1168 938 1169
f 1168 1169 1159
f 911 1022 176
f 1160 1023 1170
f 911 176 1229
f 178 1229 176
f 880 1136 917
f 851 934 881
f 881 934 923
f 935 937 1163
f 1230 882 170
f 882 1169 1167
f 1172 882 943
f 167 882 1172
f 1172 943 1232
f 1171 1173 1175
f 882 1230 1169
f 924 923 934
f 1175 1174 165
f 950 949 1174
f 950 1173 1234
f 1176 1244 958
f 1176 958 963
f 963 1035 1176
f 1307 1308 958
f 977 1256 1035
f 1038 1043 182
f 180 181 1043
f 1180 1125 1043
f 1177 180 1043
f 1177 1043 1125
f 1178 1008 890
f 1041 1008 1179
f 1006 1179 1008
f 1009 1179 1006
f 1009 1126 1179
f 1010 1220 1126
f 1041 1179 1040
f 1179 1180 1040
f 1180 1179 1126
f 1045 1044 158
f 1044 1045 1047
f 980 1044 981
f 981 1044 1047
f 1284 1046 1181
f 1045 1278 1047
f 1184 1183 164
f 1284 1183 1241
f 1184 164 1237
f 1049 1050 1048
f 1185 1245 1186
f 1049 1185 1186
f 1054 1320 1185
f 1187 1185 1304
f 1185 1320 1304
f 1245 1185 1189
f 1189 1185 1187
f 1245 1050 1186
f 1189 1187 1188
f 1188 1245 1189
f 1190 1188 1187
f 1188 1190 1191
f 1246 1191 1190
f 1192 154 982
f 1193 983 152
f 154 1051 1053
f 1051 1197 1053
f 1193 1053 1098
f 983 1193 1098
f 1195 1052 1258
f 1197 1195 1266
f 1195 1197 1052
f 1196 1266 1195
f 1098 1197 1266
f 1298 1196 1194
f 1196 1250 1266
f 1052 1197 1051
f 1061 1055 843
f 1201 1199 150
f 150 1056 148
f 991 1056 1057
f 992 991 1057
f 1057 1200 1059
f 842 1061 843
f 1054 1060 1254
f 1066 1067 1065
f 1255 1310 1071
f 1071 1310 1301
f 1071 1063 986
f 1301 1063 1071
f 1078 1202 1203
f 1078 1203 1079
f 1078 1073 1202
f 1202 1073 1203
f 1203 1073 989
f 988 1203 989
f 1000 1079 1204
f 1079 1203 1204
f 899 1204 1203
f 1203 988 892
f 987 988 989
f 1081 1076 1077
f 1082 1080 1081
f 1059 1086 1057
f 1085 1089 1082
f 1072 1059 1200
f 1095 1261 1094
f 1207 1101 990
f 990 1092 1207
f 1093 1207 1092
f 1094 1207 1093
f 1090 1097 1264
f 1266 1208 1098
f 1208 1266 1265
f 1097 1208 1265
f 1100 840 839
f 145 1101 1209
f 1094 1209 1101
f 1209 1094 1096
f 1210 1107 1209
f 1209 1107 1211
f 1210 1096 1261
f 1107 1210 1261
f 1209 1096 1210
f 1211 1107 1105
f 1268 1211 1105
f 995 1215 1103
f 1113 875 904
f 905 904 875
f 1268 1002 1110
f 1094 1261 1096
f 1105 1261 1213
f 1115 1271 1272
f 1115 1272 1212
f 1105 1213 1117
f 1118 907 1111
f 1269 1214 1111
f 1120 1118 1214
f 1215 993 1214
f 1216 831 830
f 1120 1216 1119
f 1119 1216 830
f 1224 1217 1124
f 1274 1217 1222
f 1125 1218 1011
f 1219 1156 1218
f 1219 1220 1156
f 1220 1219 1125
f 1125 1126 1220
f 1010 1222 1220
f 1274 1222 1010
f 1221 1223 1220
f 1220 1222 1224
f 1217 1224 1222
f 1123 1221 1220
f 1123 1220 1224
f 1221 1123 1223
f 1223 1123 1155
f 1155 1123 1153
f 1220 1223 1156
f 1224 1124 1123
f 1153 1123 1157
f 1014 1128 1015
f 1158 1123 1134
f 1135 1131 1015
f 917 1136 1137
f 1139 1158 1140
f 1027 1143 1138
f 1226 935 1027
f 1226 1027 1026
f 1148 1162 1151
f 1276 1223 1144
f 1158 1141 1153
f 1154 1170 1228
f 1229 1228 1170
f 1154 1228 1227
f 1229 1227 1228
f 1011 1277 1127
f 1276 1277 1156
f 1156 1277 1275
f 1169 1230 1159
f 170 1159 1230
f 1159 1017 1164
f 1165 1231 943
f 944 943 1231
f 1229 1170 1022
f 1172 1171 167
f 1233 1232 943
f 943 944 1233
f 1233 944 941
f 1233 1234 1232
f 1173 1171 1234
f 1232 1234 1172
f 1234 1171 1172
f 950 1234 946
f 1173 950 1175
f 1034 1237 164
f 1236 1034 1238
f 1238 1034 1235
f 1238 1235 949
f 1034 1236 1237
f 1236 1241 1237
f 960 1238 948
f 949 948 1238
f 1238 959 1236
f 959 1238 1239
f 1239 1238 956
f 959 1239 956
f 1242 1243 1241
f 1241 1236 1242
f 1240 1242 1236
f 1283 1242 1240
f 1243 1284 1241
f 1171 1175 167
f 1307 958 1244
f 1176 1035 1244
f 1035 1312 1244
f 968 958 1308
f 164 1183 161
f 1246 1190 1187
f 1247 1246 1187
f 1247 1187 1248
f 1248 1246 1247
f 1250 1246 1248
f 1299 1246 1250
f 1249 1267 1250
f 1286 1097 1267
f 1250 1253 1249
f 1250 1248 1251
f 1253 1250 1252
f 1248 1187 1251
f 1252 1250 1251
f 1253 1252 1254
f 1254 1310 1253
f 1253 1255 1249
f 979 1245 1188
f 1312 1256 1257
f 1312 1035 1256
f 156 982 154
f 1192 982 1052
f 1258 1052 982
f 982 980 1258
f 1298 1194 1258
f 1196 1195 1194
f 1301 1310 1302
f 1054 1254 1320
f 1303 1304 1320
f 1320 1254 1303
f 1079 1001 1259
f 1000 1001 1079
f 999 1204 899
f 1095 1089 1260
f 1262 1261 1260
f 1260 1089 1088
f 1262 1115 1261
f 1260 1261 1095
f 1213 1261 1117
f 1261 1115 1117
f 1260 1115 1262
f 1087 1305 1088
f 1097 1286 1264
f 1267 1265 1266
f 1266 1250 1267
f 1265 1267 1097
f 1287 1091 1264
f 1249 1255 1267
f 1267 1255 1071
f 144 1211 1268
f 1269 1270 1215
f 1269 1272 1270
f 1272 902 1270
f 900 902 1205
f 1306 1088 1305
f 900 1205 1306
f 1271 1205 902
f 1272 1271 902
f 1116 1212 1272
f 1273 993 994
f 997 1273 994
f 1269 1215 1214
f 1125 1219 1218
f 1218 1275 1011
f 1156 1275 1218
f 1223 1155 1153
f 1149 1227 1276
f 1276 1229 1277
f 1227 1229 1276
f 1307 1244 1312
f 1307 1282 1308
f 1282 951 1308
f 1235 1174 949
f 1278 1182 1243
f 1284 1278 1046
f 1278 1243 1279
f 1284 1182 1278
f 1243 1182 1284
f 1281 1243 1242
f 1281 1242 1280
f 1279 1318 1278
f 1318 1243 1309
f 1236 1283 1240
f 1242 1283 1280
f 959 1283 1236
f 1283 959 1282
f 1282 1307 1283
f 1241 1184 1237
f 1183 1184 1241
f 1250 1196 1300
f 1285 1071 1067
f 1071 1285 1286
f 1285 1067 1286
f 1066 1287 1067
f 1068 1091 1287
f 1067 1287 1286
f 1295 1188 1296
f 1245 979 1050
f 1312 1257 1289
f 1288 1289 1257
f 1289 1291 1290
f 1289 1288 1291
f 1288 1295 1291
f 1295 1296 1291
f 1292 1281 1280
f 1293 1291 1296
f 1293 1318 1291
f 1292 1291 1281
f 1294 1280 1283
f 1191 1296 1188
f 1290 1294 1283
f 1290 1283 1313
f 1294 1290 1280
f 1292 1290 1291
f 1290 1292 1280
f 1316 1315 1296
f 1296 1315 1293
f 1195 1258 1194
f 980 1298 1258
f 980 981 1298
f 981 1297 1298
f 1317 1196 1298
f 1316 1298 1297
f 1299 1250 1300
f 1299 1300 1196
f 1060 1302 1254
f 1301 1302 1060
f 1254 1302 1310
f 1303 1254 1252
f 1115 1260 1205
f 1271 1115 1205
f 1001 1087 1206
f 1259 1001 1206
f 1087 1001 1305
f 1205 1088 1306
f 1286 1287 1264
f 1267 1071 1286
f 1306 1001 901
f 901 1001 999
f 900 1306 901
f 1001 1306 1305
f 1313 1307 1312
f 1318 1293 1278
f 1309 1281 1291
f 1309 1243 1281
f 1255 1253 1310
f 1296 1191 1316
f 1295 979 1188
f 979 1311 1257
f 979 1288 1311
f 1311 1288 1257
f 1295 1288 979
f 1313 1312 1290
f 1290 1312 1289
f 1307 1313 1283
f 1314 981 1047
f 1314 1047 1278
f 981 1314 1297
f 1278 1315 1314
f 1293 1315 1278
f 1298 1316 1317
f 1314 1316 1297
f 1196 1317 1299
f 1187 1304 1252
f 1187 1252 1251
f 1291 1318 1309
f 1243 1318 1279
f 1315 1316 1314
f 1246 1299 1317
f 1317 1316 1246
f 1191 1246 1316
f 932 939 940
f 939 932 933
f 1303 1252 1304
f 833 1381 1382
f 1680 1798 1327
f 2 1358 1394
f 1388 1407 1321
f 1424 1394 1425
f 1330 1586 1331
f 1381 1380 1382
f 1333 1616 1334
f 1382 1847 1383
f 1393 1391 1392
f 1416 1390 1393
f 1392 1521 1393
f 1360 860 1389
f 1389 1392 1391
f 1389 1390 1360
f 1391 1390 1389
f 1380 1379 1398
f 833 1382 1383
f 1383 1571 1384
f 1340 1729 1624
f 829 833 1383
f 1385 1571 1386
f 1638 1639 1348
f 1579 1385 1386
f 1382 1386 1571
f 1579 1571 1385
f 1386 1398 1579
f 825 1394 1395
f 825 2 1394
f 1433 1398 1379
f 1398 1386 1380
f 1394 1424 1395
f 1425 1396 1424
f 1397 1395 1396
f 823 825 1395
f 1384 1571 1427
f 1383 1384 1428
f 1579 1398 1434
f 1386 1382 1380
f 1583 1616 1333
f 1406 1321 828
f 1406 1387 1388
f 1849 1321 1407
f 1321 1406 1388
f 1408 1407 1388
f 1387 1408 1388
f 1408 1849 1407
f 1499 1849 1622
f 1321 1849 1324
f 1343 1340 1506
f 1346 1509 1508
f 1414 1364 1363
f 860 1415 1389
f 1389 1415 1523
f 1360 1390 1361
f 1390 1416 1361
f 1393 1390 1391
f 1416 1393 1521
f 1416 1521 1522
f 1417 1361 1416
f 1417 1416 1522
f 1361 1417 1362
f 1418 1419 1417
f 1418 1420 1419
f 1418 1668 1421
f 1422 1418 1417
f 1668 1418 1422
f 1395 1424 1396
f 1358 1425 1394
f 1358 1357 1425
f 1425 1670 1557
f 1670 1425 1357
f 1671 1670 1357
f 1395 1397 823
f 1396 1531 1397
f 1383 1426 829
f 1426 1428 1427
f 1427 1428 1384
f 1383 1428 1426
f 1498 1572 1430
f 1699 1800 1698
f 1802 1379 1378
f 1379 1802 1433
f 1685 1399 1435
f 1435 1399 1377
f 1376 1437 1377
f 1580 1435 1377
f 1692 1685 1435
f 1704 1703 1435
f 1704 1435 1582
f 1581 1608 1704
f 1686 1399 1685
f 1376 1400 1437
f 1438 1437 1400
f 1438 1400 1705
f 1438 1705 1441
f 1441 1439 1438
f 1441 1446 1439
f 1443 1442 1439
f 1439 1437 1438
f 1375 1374 1400
f 1705 1400 1374
f 1447 1445 1443
f 1443 1445 1442
f 1446 1443 1439
f 1445 1452 1609
f 1445 1447 1452
f 1610 1441 1440
f 1447 1446 1441
f 1441 1610 1447
f 1446 1447 1443
f 1487 1452 1447
f 1610 1487 1447
f 1452 1487 1448
f 1609 1452 1450
f 1450 1611 1807
f 1611 1450 1452
f 1452 1453 1611
f 1452 1848 1453
f 1453 1455 1454
f 1458 1454 1455
f 1453 1454 1456
f 1460 1454 1458
f 1453 1451 1611
f 1458 1457 1711
f 1459 1711 1466
f 1466 1711 1457
f 1711 1460 1458
f 1466 1462 1465
f 1461 1464 1459
f 1612 1464 1461
f 1466 1465 1461
f 1463 1464 1612
f 1468 1466 1473
f 1457 1458 1467
f 1458 1455 1467
f 1473 1466 1457
f 1457 1467 1473
f 1470 1465 1462
f 1465 1475 1469
f 1461 1465 1476
f 1465 1470 1475
f 1467 1472 1473
f 1471 1467 1455
f 1448 1471 1455
f 1471 1448 1472
f 1471 1472 1467
f 1488 1468 1473
f 1475 1470 1489
f 1476 1465 1469
f 1476 1469 1478
f 1461 1476 1477
f 1813 1477 1476
f 1461 1477 1612
f 1474 1468 1488
f 1482 1488 1473
f 1473 1484 1482
f 1474 1488 1480
f 1481 1814 1489
f 1472 1483 1484
f 1493 1485 1474
f 1488 1484 1614
f 1480 1493 1474
f 1488 1496 1493
f 1486 1472 1448
f 1487 1486 1448
f 1440 1487 1610
f 1488 1482 1484
f 1472 1618 1483
f 1479 1474 1489
f 1472 1486 1487
f 1487 1618 1472
f 1449 1373 1490
f 1613 1490 1373
f 1402 1497 1371
f 1372 1497 1492
f 1402 1495 1401
f 1401 1495 1493
f 1371 1370 1402
f 1495 1494 1481
f 1497 1401 1493
f 1626 1402 1370
f 1489 1485 1495
f 1481 1489 1495
f 1488 1493 1480
f 1493 1496 1497
f 1485 1493 1495
f 1497 1402 1401
f 1572 828 829
f 1499 1324 1849
f 1403 1324 1499
f 1622 1500 1499
f 1501 1340 1338
f 1340 1501 1729
f 1501 1338 1826
f 1826 1741 1501
f 1369 1410 1626
f 1410 1409 1626
f 1410 1747 1409
f 1747 1410 1411
f 1369 1368 1410
f 1410 1368 1411
f 1409 1747 1504
f 1368 1367 1411
f 1628 1784 1747
f 1343 1506 1634
f 1623 1506 1340
f 1635 1412 1367
f 1636 1367 1366
f 1365 1511 1512
f 1513 1511 1413
f 1365 1413 1511
f 1365 1512 1366
f 1513 1652 1511
f 1514 1515 1646
f 1514 1646 1513
f 1514 1660 1516
f 1516 1517 1514
f 1518 1350 1348
f 1639 1518 1348
f 1518 1781 1663
f 1519 1781 1518
f 1526 1363 1362
f 1389 1520 1392
f 1389 1523 1520
f 1541 1521 1392
f 1541 1392 1520
f 821 1523 860
f 1520 1667 1541
f 1540 1521 1541
f 1423 1422 1521
f 1521 1422 1522
f 1422 1417 1522
f 1523 821 823
f 1530 823 1529
f 1525 1524 1529
f 1419 1420 1526
f 1421 1527 1418
f 1527 1528 1834
f 1530 1523 823
f 823 1397 1529
f 1529 1531 1525
f 1531 1533 1525
f 1531 1529 1397
f 1531 1396 1532
f 1534 1532 1396
f 1531 1532 1543
f 1532 1535 1536
f 1535 1532 1534
f 1534 1666 1535
f 1543 1533 1531
f 1537 1554 1533
f 1533 1543 1550
f 1539 1533 1554
f 1533 1667 1538
f 1524 1525 1533
f 1542 1554 1537
f 1667 1540 1541
f 1524 1538 1520
f 1533 1550 1537
f 1539 1540 1667
f 1553 1554 1542
f 1542 1673 1544
f 1673 1542 1796
f 1544 1792 1545
f 1673 1566 1544
f 1792 1544 1564
f 1545 1546 1544
f 1422 1553 1544
f 1792 1551 1546
f 1792 1548 1835
f 1549 1835 1565
f 1550 1543 1542
f 1537 1550 1542
f 1532 1536 1543
f 1546 1545 1792
f 1553 1542 1544
f 1536 1535 1558
f 1536 1560 1542
f 1543 1536 1542
f 1555 1422 1544
f 1546 1555 1544
f 1422 1423 1553
f 1553 1423 1554
f 1425 1557 1396
f 1556 1557 1670
f 1671 1357 1355
f 1557 1559 1534
f 1559 1557 1671
f 1558 1796 1560
f 1671 1558 1559
f 1561 1796 1558
f 1672 1671 1355
f 1672 1561 1558
f 1355 1353 1672
f 1562 1566 1796
f 1561 1568 1562
f 1563 1562 1568
f 1565 1562 1563
f 1565 1564 1562
f 1547 1548 1792
f 1562 1564 1566
f 1564 1547 1792
f 1563 1567 1565
f 1565 1567 1569
f 1353 1350 1568
f 1566 1564 1544
f 1568 1567 1563
f 1569 1664 1565
f 1549 1565 1570
f 1429 1571 1797
f 1429 1427 1571
f 1429 1426 1427
f 1797 1404 1429
f 1498 828 1572
f 829 1426 1572
f 1430 1572 1426
f 1498 1430 1404
f 1430 1426 1404
f 1816 1405 1404
f 1404 1574 1573
f 1429 1404 1426
f 1574 1404 1797
f 1816 1573 1574
f 1576 1816 1574
f 1676 1576 1574
f 1797 1571 1577
f 1579 1577 1571
f 1433 1432 1434
f 1432 1579 1434
f 1398 1433 1434
f 1377 1399 1378
f 1377 1437 1580
f 1580 1581 1704
f 1435 1580 1582
f 1580 1704 1582
f 1703 1692 1435
f 1331 1586 1585
f 1585 1586 1590
f 1590 1586 1588
f 1584 1591 1588
f 1591 1584 1593
f 1588 1586 1584
f 1588 1591 1587
f 1587 1591 1598
f 1598 1599 1588
f 1598 1588 1587
f 1594 1590 1588
f 1592 1590 1589
f 1589 1590 1594
f 1590 1592 1585
f 1800 1600 1601
f 1330 1601 1593
f 1593 1601 1591
f 1330 1800 1601
f 1328 1800 1330
f 1584 1586 1593
f 1586 1330 1593
f 1599 1594 1588
f 1595 1594 1596
f 1595 1596 1606
f 1604 1596 1597
f 1596 1598 1600
f 1598 1596 1599
f 1594 1599 1596
f 1598 1601 1600
f 1597 1596 1602
f 1600 1602 1596
f 1603 1604 1605
f 1606 1604 1700
f 1598 1591 1601
f 1604 1606 1596
f 1700 1701 1606
f 1691 1594 1606
f 1690 1606 1701
f 1691 1606 1444
f 1589 1594 1689
f 1594 1691 1689
f 1701 1704 1608
f 1701 1607 1704
f 1589 1689 1445
f 1445 1609 1589
f 1589 1609 1450
f 1581 1580 1437
f 1375 1400 1376
f 1449 1705 1374
f 1449 1374 1373
f 1441 1705 1617
f 1442 1444 1439
f 1487 1440 1618
f 1807 1611 1592
f 1454 1460 1456
f 1451 1453 1456
f 1466 1461 1459
f 1468 1462 1466
f 1489 1470 1479
f 1474 1479 1470
f 1485 1489 1474
f 1474 1470 1462
f 1468 1474 1462
f 1472 1484 1473
f 1489 1814 1716
f 1483 1614 1484
f 1614 1613 1615
f 1614 1483 1613
f 1492 1614 1615
f 1492 1615 1372
f 1372 1615 1373
f 1488 1614 1492
f 1492 1496 1488
f 1615 1613 1373
f 1613 1483 1490
f 1617 1490 1483
f 1440 1617 1618
f 1449 1490 1617
f 1620 1619 1337
f 1337 1334 1491
f 1371 1497 1372
f 1402 1494 1495
f 1626 1494 1402
f 1409 1717 1626
f 1626 1717 1494
f 1497 1496 1492
f 1498 1406 828
f 1621 1406 1498
f 1387 1621 1498
f 1406 1621 1387
f 1622 1387 1405
f 1387 1849 1408
f 1498 1405 1387
f 1679 1816 1622
f 1404 1405 1498
f 1679 1622 1405
f 1505 1506 1623
f 1624 1502 1623
f 1625 1505 1623
f 1624 1729 1502
f 1338 1782 1826
f 1811 1338 1337
f 1369 1626 1370
f 1411 1503 1747
f 1367 1412 1411
f 1412 1628 1411
f 1628 1412 1627
f 1627 1784 1628
f 1627 1412 1635
f 1503 1628 1747
f 1411 1628 1503
f 1504 1785 1409
f 1747 1784 1750
f 1630 1344 1343
f 1786 1630 1631
f 1634 1633 1343
f 1630 1633 1631
f 1343 1633 1630
f 1634 1506 1507
f 1735 1754 1633
f 1633 1634 1735
f 1633 1632 1631
f 1634 1507 1787
f 1507 1506 1505
f 1735 1634 1787
f 1633 1754 1632
f 1636 1635 1367
f 1366 1641 1644
f 1348 1346 1638
f 1346 1508 1638
f 1638 1508 1774
f 1638 1640 1639
f 1786 1346 1344
f 1512 1641 1366
f 1643 1511 1652
f 1511 1643 1642
f 1788 1644 1641
f 1788 1512 1642
f 1641 1512 1788
f 1642 1512 1511
f 1513 1645 1514
f 1513 1661 1645
f 1513 1413 1365
f 1365 1364 1513
f 1364 1661 1513
f 1513 1646 1652
f 1652 1646 1650
f 1515 1514 1650
f 1514 1517 1650
f 1647 1649 1650
f 1649 1651 1650
f 1655 1649 1647
f 1762 1649 1655
f 1651 1652 1650
f 1647 1791 1655
f 1653 1648 1647
f 1657 1653 1647
f 1654 1651 1649
f 1656 1655 1648
f 1779 1640 1638
f 1650 1517 1647
f 1658 1657 1665
f 1825 1648 1845
f 1659 1658 1665
f 1659 1528 1658
f 1657 1658 1653
f 1792 1653 1658
f 1792 1552 1551
f 1653 1845 1648
f 1665 1657 1793
f 1517 1793 1657
f 1517 1516 1793
f 1517 1657 1647
f 1515 1650 1646
f 1661 1414 1514
f 1645 1661 1514
f 1663 1662 1350
f 1518 1663 1350
f 1350 1662 1569
f 1663 1781 1570
f 1662 1664 1569
f 1565 1664 1570
f 1364 1414 1661
f 1526 1414 1363
f 1414 1526 1420
f 1414 1420 1794
f 1417 1526 1362
f 1419 1526 1417
f 1523 1415 860
f 1523 1524 1520
f 1540 1554 1521
f 1554 1423 1521
f 1523 1530 1524
f 1529 1524 1530
f 1396 1557 1534
f 1534 1559 1666
f 1666 1558 1535
f 1558 1666 1559
f 1538 1667 1520
f 1539 1667 1533
f 1524 1533 1538
f 1835 1549 1836
f 1551 1555 1546
f 1555 1551 1552
f 1555 1421 1668
f 1555 1552 1527
f 1668 1422 1555
f 1527 1795 1658
f 1527 1421 1555
f 1527 1658 1528
f 1669 1792 1835
f 1792 1669 1653
f 1670 1671 1556
f 1556 1671 1557
f 1672 1558 1671
f 1561 1672 1353
f 1562 1796 1561
f 1835 1547 1565
f 1547 1564 1565
f 1547 1835 1548
f 1353 1568 1561
f 1350 1567 1568
f 1567 1350 1569
f 1674 1574 1797
f 1797 1801 1677
f 1677 1676 1574
f 1674 1797 1677
f 1675 1677 1678
f 1682 1678 1677
f 1676 1575 1576
f 1676 1677 1675
f 1816 1404 1573
f 1500 1622 1816
f 1816 1679 1405
f 1816 1576 1575
f 1798 1431 1327
f 1681 1677 1579
f 1577 1579 1801
f 1681 1579 1432
f 1682 1677 1681
f 1681 1578 1682
f 1677 1801 1579
f 1802 1681 1432
f 1433 1802 1432
f 1684 1399 1686
f 1684 1686 1436
f 1686 1685 1688
f 1686 1688 1683
f 1578 1681 1687
f 1436 1686 1687
f 1802 1687 1681
f 1683 1682 1578
f 1687 1686 1578
f 1683 1578 1686
f 1688 1685 1693
f 1802 1399 1684
f 1802 1378 1399
f 1436 1802 1684
f 1437 1838 1581
f 1838 1437 1439
f 1444 1838 1439
f 1690 1581 1838
f 1690 1838 1444
f 1690 1701 1608
f 1691 1444 1689
f 1693 1685 1692
f 1331 1585 1333
f 1602 1604 1597
f 1602 1605 1604
f 1696 1605 1602
f 1605 1696 1697
f 1602 1800 1696
f 1600 1800 1602
f 1699 1696 1800
f 1695 1696 1799
f 1698 1696 1699
f 1799 1696 1698
f 1700 1603 1607
f 1603 1700 1604
f 1701 1700 1607
f 1702 1693 1704
f 1607 1702 1704
f 1606 1594 1595
f 1690 1444 1606
f 1693 1692 1703
f 1714 1334 1708
f 1694 1583 1333
f 1616 1808 1809
f 1694 1805 1583
f 1616 1583 1808
f 1585 1805 1694
f 1617 1483 1618
f 1617 1705 1449
f 1491 1620 1337
f 1463 1620 1491
f 1463 1491 1464
f 1491 1709 1464
f 1709 1712 1464
f 1714 1708 1711
f 1711 1459 1712
f 1459 1464 1712
f 1714 1711 1712
f 1809 1713 1616
f 1711 1713 1460
f 1709 1714 1712
f 1713 1711 1708
f 1717 1814 1481
f 1715 1814 1717
f 1494 1717 1481
f 1403 1720 1324
f 1327 1324 1720
f 1718 1680 1720
f 1680 1327 1720
f 1721 1718 1720
f 1680 1718 1721
f 1720 1403 1499
f 1719 1720 1499
f 1500 1719 1499
f 1722 1721 1720
f 1720 1719 1722
f 1622 1849 1387
f 1575 1722 1816
f 1722 1719 1816
f 1676 1724 1723
f 1676 1722 1575
f 1722 1676 1721
f 1818 1721 1676
f 1676 1723 1818
f 1725 1723 1724
f 1676 1675 1724
f 1724 1678 1727
f 1726 1724 1727
f 1726 1725 1724
f 1726 1727 1728
f 1502 1729 1501
f 1502 1625 1623
f 1731 1625 1502
f 1736 1731 1502
f 1505 1625 1731
f 1507 1733 1787
f 1731 1732 1733
f 1505 1733 1507
f 1734 1787 1733
f 1736 1737 1732
f 1732 1734 1733
f 1739 1734 1732
f 1738 1743 1740
f 1730 1736 1502
f 1737 1739 1732
f 1737 1757 1739
f 1757 1749 1739
f 1732 1731 1736
f 1743 1738 1736
f 1730 1743 1736
f 1743 1730 1741
f 1478 1841 1842
f 1787 1734 1739
f 1742 1739 1751
f 1742 1787 1739
f 1759 1631 1754
f 1742 1821 1754
f 1752 1742 1751
f 1735 1742 1754
f 1743 1841 1744
f 1743 1744 1740
f 1746 1747 1750
f 1746 1750 1749
f 1748 1750 1752
f 1750 1739 1749
f 1753 1742 1752
f 1821 1753 1755
f 1758 1737 1740
f 1757 1737 1758
f 1750 1629 1752
f 1748 1751 1739
f 1748 1739 1750
f 1751 1748 1752
f 1742 1753 1821
f 1744 1758 1740
f 1783 1629 1750
f 1766 1752 1629
f 1754 1631 1632
f 1821 1759 1754
f 1759 1821 1764
f 1753 1756 1755
f 1785 1744 1846
f 1758 1744 1785
f 1821 1755 1764
f 1760 1833 1765
f 1765 1761 1763
f 1761 1762 1763
f 1760 1765 1772
f 1775 1765 1510
f 1763 1768 1765
f 1510 1765 1768
f 1774 1768 1763
f 1768 1769 1510
f 1768 1823 1769
f 1509 1823 1508
f 1769 1823 1509
f 1774 1823 1768
f 1772 1773 1759
f 1772 1764 1760
f 1510 1773 1771
f 1771 1775 1510
f 1775 1771 1772
f 1772 1771 1773
f 1765 1775 1772
f 1759 1764 1772
f 1824 1510 1509
f 1774 1763 1776
f 1774 1508 1823
f 1510 1824 1773
f 1769 1509 1510
f 1786 1773 1824
f 1824 1346 1786
f 1763 1655 1656
f 1640 1779 1778
f 1776 1779 1774
f 1640 1778 1777
f 1777 1778 1779
f 1776 1656 1779
f 1519 1777 1780
f 1741 1826 1782
f 1782 1338 1811
f 1627 1783 1784
f 1750 1784 1783
f 1629 1783 1627
f 1785 1715 1717
f 1624 1623 1340
f 1733 1505 1731
f 1644 1636 1366
f 1519 1639 1640
f 1518 1639 1519
f 1779 1638 1774
f 1770 1767 1636
f 1636 1644 1827
f 1642 1789 1788
f 1636 1822 1770
f 1652 1651 1829
f 1648 1791 1647
f 1655 1791 1648
f 1777 1656 1648
f 1845 1653 1669
f 1795 1792 1658
f 1659 1794 1528
f 1527 1834 1418
f 1659 1665 1794
f 1665 1793 1794
f 1414 1794 1793
f 1420 1528 1794
f 1834 1528 1420
f 1793 1660 1414
f 1660 1514 1414
f 1663 1570 1664
f 1781 1519 1780
f 1554 1540 1539
f 1792 1795 1552
f 1527 1552 1795
f 1669 1836 1845
f 1542 1560 1796
f 1560 1536 1558
f 1796 1566 1673
f 1664 1662 1663
f 1836 1549 1570
f 1801 1797 1577
f 1837 1798 1680
f 1818 1837 1680
f 1431 1837 1695
f 1837 1431 1798
f 1695 1799 1431
f 1799 1698 1431
f 1698 1800 1328
f 1698 1328 1327
f 1678 1682 1683
f 1727 1678 1683
f 1683 1702 1727
f 1688 1702 1683
f 1803 1702 1688
f 1693 1803 1688
f 1702 1803 1693
f 1802 1436 1687
f 1608 1581 1690
f 1585 1694 1333
f 1706 1804 1585
f 1805 1585 1804
f 1706 1585 1451
f 1806 1805 1706
f 1804 1706 1805
f 1805 1806 1839
f 1807 1592 1589
f 1840 1451 1585
f 1806 1706 1451
f 1695 1697 1696
f 1703 1704 1693
f 1611 1451 1592
f 1469 1475 1814
f 1616 1708 1334
f 1583 1810 1809
f 1805 1810 1583
f 1460 1810 1805
f 1809 1810 1460
f 1808 1583 1809
f 1619 1811 1337
f 1463 1619 1620
f 1612 1710 1463
f 1619 1463 1710
f 1710 1813 1811
f 1619 1710 1811
f 1477 1710 1612
f 1710 1477 1813
f 1842 1813 1476
f 1812 1782 1813
f 1812 1813 1842
f 1782 1812 1743
f 1708 1616 1713
f 1714 1491 1334
f 1491 1714 1709
f 1814 1815 1846
f 1489 1716 1475
f 1475 1716 1814
f 1815 1814 1715
f 1785 1815 1715
f 1500 1816 1719
f 1680 1721 1818
f 1818 1723 1843
f 1818 1843 1817
f 1818 1817 1837
f 1819 1726 1728
f 1603 1819 1728
f 1725 1726 1723
f 1723 1726 1820
f 1605 1820 1603
f 1697 1695 1837
f 1728 1727 1702
f 1728 1702 1607
f 1728 1607 1603
f 1675 1678 1724
f 1502 1501 1741
f 1502 1741 1730
f 1735 1787 1742
f 1741 1782 1743
f 1738 1740 1737
f 1842 1476 1478
f 1756 1752 1766
f 1749 1758 1745
f 1757 1758 1749
f 1755 1760 1764
f 1631 1759 1786
f 1629 1627 1766
f 1766 1627 1637
f 1637 1635 1636
f 1627 1635 1637
f 1789 1822 1788
f 1637 1636 1767
f 1822 1636 1827
f 1770 1832 1844
f 1767 1756 1766
f 1770 1756 1767
f 1509 1346 1824
f 1786 1344 1630
f 1519 1640 1777
f 1777 1779 1656
f 1780 1777 1648
f 1836 1570 1825
f 1570 1781 1825
f 1845 1836 1825
f 1746 1504 1747
f 1504 1707 1785
f 1643 1652 1829
f 1642 1829 1790
f 1788 1827 1644
f 1827 1788 1822
f 1829 1651 1654
f 1829 1830 1790
f 1829 1761 1831
f 1829 1831 1830
f 1833 1832 1761
f 1790 1830 1832
f 1790 1832 1828
f 1790 1828 1642
f 1828 1832 1789
f 1833 1761 1765
f 1832 1833 1760
f 1831 1832 1830
f 1660 1793 1516
f 1418 1834 1420
f 1836 1669 1835
f 1837 1817 1843
f 1843 1697 1837
f 1843 1820 1697
f 1697 1820 1605
f 1674 1677 1574
f 1456 1460 1839
f 1805 1839 1460
f 1592 1840 1585
f 1451 1840 1592
f 1589 1450 1807
f 1456 1839 1451
f 1451 1839 1806
f 1460 1713 1809
f 1841 1814 1846
f 1841 1469 1814
f 1744 1841 1846
f 1478 1469 1841
f 1813 1782 1811
f 1842 1841 1812
f 1743 1812 1841
f 1723 1820 1843
f 1603 1820 1726
f 1745 1746 1749
f 1756 1753 1752
f 1761 1832 1831
f 1829 1654 1761
f 1654 1649 1762
f 1762 1761 1654
f 1773 1786 1759
f 1766 1637 1767
f 1822 1789 1832
f 1822 1832 1770
f 1770 1755 1756
f 1770 1844 1755
f 1760 1755 1832
f 1832 1755 1844
f 1655 1763 1762
f 1763 1656 1776
f 1648 1825 1780
f 1781 1780 1825
f 1717 1409 1785
f 1504 1746 1707
f 1707 1746 1785
f 1785 1846 1815
f 1789 1642 1828
f 1829 1642 1643
f 1758 1785 1746
f 1758 1746 1745
f 1847 1571 1383
f 1571 1847 1382
f 1441 1617 1440
f 1453 1848 1455
f 1448 1848 1452
f 1848 1448 1455
f 1689 1442 1445
f 1442 1689 1444
f 1738 1737 1736
f 1431 1698 1327
f 1603 1726 1819
f 1888 1323 2068
f 1889 1896 1332
f 1329 1332 1890
f 1329 1908 1907
f 1326 1329 1907
f 1336 1889 1335
f 1851 1922 1853
f 2068 1323 1325
f 1889 1332 1335
f 101 1862 2835
f 1889 1336 1891
f 1352 1898 1351
f 2280 1865 96
f 1908 1329 1890
f 1326 1907 1899
f 2118 1339 1892
f 1900 1339 2118
f 1347 1925 1345
f 1349 1895 1347
f 1332 1908 1890
f 1349 1886 1895
f 1354 1898 1352
f 1887 1354 1356
f 1903 1889 1891
f 1908 1332 1896
f 1898 1887 1919
f 1894 1886 1349
f 1897 2068 1326
f 1904 1342 1345
f 1900 1903 1336
f 1887 1356 1359
f 2068 1325 1326
f 1326 1906 1897
f 1336 1903 1891
f 1359 2115 1887
f 1892 1341 1342
f 1855 1922 1937
f 1342 1904 1892
f 1354 1887 1898
f 1904 1345 1893
f 1893 1345 1925
f 1347 1895 1925
f 1892 1339 1341
f 1884 1936 21
f 138 1322 1888
f 1899 1906 1326
f 1900 1336 1339
f 1909 1899 1907
f 1926 1892 1904
f 1904 1893 1917
f 1897 1906 1949
f 1903 2011 1889
f 1906 1921 1930
f 1909 1910 1915
f 1912 1924 1884
f 2115 1 1916
f 1900 1918 1903
f 1903 1918 1913
f 1895 1902 1901
f 1920 1921 1899
f 1909 1915 1899
f 1899 1915 1910
f 1926 2118 1892
f 2118 1926 2116
f 1898 1919 1969
f 1886 1894 1898
f 1894 1349 1898
f 1898 1349 1351
f 1919 2115 1928
f 1920 1899 1910
f 1931 1910 1909
f 1909 1908 2003
f 119 2296 1922
f 2299 1922 1911
f 1887 2115 1919
f 1968 1927 1926
f 1919 1929 1914
f 1929 2174 1959
f 1929 1959 1914
f 1961 1910 1972
f 1931 1909 2003
f 1922 1965 1923
f 1965 1922 2299
f 1965 1984 1951
f 1936 2122 1933
f 1932 2122 1936
f 1936 1933 21
f 1934 1933 2122
f 19 1934 2120
f 1924 1912 1946
f 1952 1932 1935
f 1936 1935 1932
f 1884 1924 1936
f 1935 1936 1924
f 1923 1937 1922
f 1947 1901 2159
f 1929 1928 1916
f 19 21 1934
f 1933 1934 21
f 2119 2120 1939
f 2122 2120 1934
f 2122 1932 2121
f 1932 1952 1953
f 2129 1912 2123
f 1935 1956 1952
f 2123 2124 2129
f 1957 1912 2127
f 1947 2162 1917
f 1926 2117 2116
f 1987 1941 2070
f 1987 1913 1918
f 1930 1949 1906
f 1910 1943 1942
f 1921 1979 1930
f 1938 1964 1972
f 2408 1937 1923
f 1937 1859 1856
f 1859 1937 1966
f 1923 1944 2408
f 1923 1982 1945
f 2408 1944 2180
f 1945 1955 2157
f 1923 1945 1944
f 1912 1957 1946
f 1946 1957 1924
f 1947 1917 1925
f 1947 1925 1901
f 1917 2162 1904
f 1902 1948 1901
f 1913 1987 2069
f 2070 2069 1987
f 1981 1929 1916
f 1943 2768 1942
f 1963 1921 1920
f 2097 1963 1910
f 1953 1952 1980
f 1951 1982 1923
f 1982 1955 1945
f 1935 1924 1956
f 1924 1957 1956
f 1956 1958 1952
f 1956 1957 1958
f 1957 2132 1958
f 1940 1904 2162
f 1895 1901 1925
f 2303 1960 1949
f 1910 1942 2097
f 1910 1963 1920
f 1921 1978 1979
f 1951 1923 1965
f 1954 1980 1952
f 2498 1966 1937
f 2180 1937 2408
f 1957 1975 2132
f 1969 1914 1902
f 1968 1940 2665
f 1940 1968 1926
f 2172 2665 1940
f 1986 1976 1968
f 1902 1914 1959
f 1902 1959 1970
f 1977 1969 1919
f 2768 1943 1961
f 2556 2768 1961
f 1972 1962 1961
f 2097 1942 2768
f 1979 2303 1949
f 1963 1978 1921
f 1950 1964 1938
f 1955 1974 1993
f 1983 1974 1955
f 1975 1957 2128
f 1914 1977 1919
f 1914 1969 1977
f 1 4 1916
f 1989 1981 1916
f 1996 2174 1989
f 2083 2304 2085
f 1930 1979 1949
f 1951 1984 1983
f 1954 1952 1958
f 1927 1968 1976
f 4 6 1916
f 1916 6 2245
f 1951 1983 1982
f 1983 1984 1991
f 1974 1983 1985
f 1983 1991 1985
f 1941 1976 1994
f 1976 1987 1927
f 1927 1987 1918
f 1989 1988 1996
f 2021 2017 1988
f 2245 1989 1916
f 1950 1990 1964
f 2175 1971 1961
f 2006 1990 1950
f 1991 1984 1992
f 2000 1993 1999
f 1941 1987 1976
f 1986 1994 1976
f 1994 2004 1941
f 1938 2003 1950
f 2006 1950 2003
f 1984 1965 1992
f 2847 1992 1965
f 1991 1992 2350
f 1991 2350 1997
f 1991 1997 1998
f 2008 1974 1985
f 1991 2025 2020
f 2000 2176 1993
f 1993 2176 2177
f 1999 2001 2000
f 2016 2001 1999
f 1988 2017 2024
f 1974 2248 1999
f 1999 2248 2005
f 2002 2001 2016
f 1995 2021 1988
f 2003 2010 2006
f 2003 1896 1905
f 2003 1905 2009
f 2011 2006 2010
f 1965 2848 2847
f 2025 1991 1998
f 2008 1991 2020
f 1991 2008 1985
f 1989 1995 1988
f 2246 1995 1989
f 2245 2246 1989
f 1889 2009 1896
f 2015 1994 2007
f 2002 2016 2195
f 1905 1896 2009
f 2011 2013 2006
f 2006 2013 2018
f 2011 2022 2013
f 2036 2004 2015
f 2012 1941 2004
f 1941 2012 2011
f 1994 2015 2004
f 2033 2032 2021
f 2007 2030 2036
f 2248 2016 2005
f 2031 2021 1995
f 2004 2013 2022
f 2036 2015 2007
f 2031 2033 2021
f 1988 2024 1996
f 1959 2024 2266
f 1959 1996 2024
f 2030 2007 2019
f 2039 2020 2026
f 2017 2252 2451
f 2262 2265 2451
f 2770 2020 2025
f 2032 2027 2021
f 2033 2034 2032
f 2032 2034 2027
f 2027 2034 2445
f 2265 2017 2451
f 2024 2265 2029
f 2265 2024 2017
f 2030 2019 2035
f 2036 2030 2023
f 2030 2035 2023
f 2036 2044 2013
f 2770 2026 2020
f 1974 2008 2267
f 2018 2013 2044
f 2036 2013 2004
f 2038 2044 2037
f 2038 2435 2044
f 2014 2035 2019
f 2019 2007 2014
f 2040 2035 2014
f 2035 2268 2036
f 2891 2035 2040
f 2891 2043 2270
f 2891 2886 2043
f 2047 2891 2270
f 2268 2035 2891
f 2036 2023 2035
f 1990 2044 2435
f 2039 2026 2045
f 2045 2867 2039
f 2046 2267 2039
f 1990 2006 2044
f 2018 2044 2006
f 1862 2476 2835
f 2048 2050 1873
f 1873 2050 1874
f 2293 2048 1873
f 2048 2546 2292
f 2293 2294 2048
f 2546 2048 2051
f 2050 2048 2292
f 2048 2294 2051
f 2284 2546 2052
f 2292 1875 1874
f 2284 2052 2063
f 2051 2053 2052
f 2546 2051 2052
f 2053 2057 2052
f 2057 2054 2052
f 2058 2057 2056
f 2055 2053 2051
f 2051 2294 2055
f 2054 2063 2052
f 2294 42 43
f 2065 2053 2055
f 2053 2056 2057
f 2063 2054 2057
f 42 2294 40
f 2294 43 44
f 2294 2065 2055
f 2056 2053 2065
f 2059 2510 2058
f 2061 2511 2059
f 2058 2510 2057
f 2065 2291 2049
f 2056 2065 2064
f 2056 2064 2066
f 44 2291 2065
f 2291 44 46
f 2067 2056 2066
f 2290 2289 2544
f 2544 2066 2064
f 2750 2067 2544
f 2073 1888 2076
f 138 1888 137
f 1 2115 1359
f 1323 1888 1322
f 2071 2076 1888
f 1886 1902 1895
f 2009 2011 2010
f 2070 1941 2011
f 2071 1888 2068
f 2003 1908 1896
f 1899 1921 1906
f 1909 1907 1908
f 2071 2075 2076
f 135 1888 2077
f 2073 2076 2079
f 1888 135 137
f 2077 1888 2073
f 2071 2300 2075
f 2079 2077 2073
f 133 135 2079
f 2077 2079 135
f 2078 2092 2079
f 132 133 2079
f 2085 2081 2075
f 2075 2300 2085
f 2300 2303 2080
f 2085 2300 2302
f 2081 2085 2084
f 2076 2074 2084
f 2081 2084 2074
f 2084 2085 2078
f 2078 2304 2082
f 2302 2086 2083
f 2084 2078 2079
f 2302 2083 2085
f 2304 2078 2085
f 2078 2082 2092
f 2096 2083 2086
f 2302 2303 2095
f 2091 2083 2096
f 2079 2092 2305
f 2088 2096 2087
f 2088 2087 2090
f 2087 2096 2095
f 2089 2097 2768
f 2310 2309 2090
f 2090 2093 2096
f 2310 2090 2087
f 2087 1978 2099
f 2092 2082 2111
f 2090 2096 2088
f 2092 2113 2305
f 2306 2111 2082
f 2093 2094 2096
f 2093 2090 2102
f 2093 2104 2094
f 2110 2111 2307
f 2094 2104 2109
f 2303 1979 1978
f 1963 2099 1978
f 2087 2095 1978
f 2302 2095 2086
f 2095 2096 2086
f 2101 2102 2309
f 2090 2309 2102
f 2309 2311 2574
f 2089 2768 2308
f 2098 2850 2309
f 2850 2101 2309
f 2087 2097 2089
f 2087 2099 2097
f 2311 2309 2310
f 2554 2816 2849
f 2310 2849 2311
f 2312 2319 2101
f 2101 2850 2103
f 2101 2103 2312
f 2104 2093 2102
f 2105 2104 2102
f 2105 2106 2104
f 2105 2102 2101
f 2104 2112 2109
f 2107 2105 2101
f 2112 2104 2106
f 2106 2107 2320
f 2320 2107 2108
f 2112 2110 2109
f 2106 2320 2371
f 2112 2106 2114
f 2110 2112 2114
f 2113 2111 2114
f 2110 2114 2111
f 132 2113 129
f 132 2305 2113
f 128 129 2106
f 2113 2114 129
f 1928 2115 1916
f 1926 1927 2117
f 2117 2118 2116
f 2117 1927 1918
f 2118 2117 1918
f 1918 1900 2118
f 1913 2069 1903
f 1886 1969 1902
f 1898 1969 1886
f 1853 1922 1855
f 1893 1925 1917
f 1961 1943 1910
f 1931 1972 1910
f 1938 1972 1931
f 1928 1929 1919
f 2120 2119 19
f 2120 2122 1939
f 1953 1980 2623
f 1884 2123 1912
f 1881 2123 1884
f 2124 2539 2126
f 2124 2126 2125
f 2125 2542 2124
f 2542 2129 2124
f 2129 2127 1912
f 2129 2542 2127
f 2127 2128 1957
f 2128 2130 2131
f 2130 2128 2127
f 2131 2649 2134
f 2128 2131 1975
f 1975 2131 2132
f 2786 2132 2143
f 2887 2132 2133
f 2131 2134 2132
f 2134 2133 2132
f 2133 2151 2887
f 2135 2140 2133
f 2134 2135 2133
f 2136 2138 2135
f 2147 2136 2135
f 2138 2140 2135
f 2133 2140 2151
f 2650 2653 2138
f 2650 2138 2149
f 2137 2140 2138
f 2145 2140 2139
f 2139 2141 2145
f 2142 2151 2140
f 2151 2142 2144
f 2140 2145 2144
f 2142 2140 2144
f 2146 2151 2144
f 2146 2144 2154
f 2136 2147 2138
f 2149 2138 2147
f 2649 2147 2135
f 2134 2649 2135
f 2149 2148 2650
f 2153 2146 2154
f 2146 2382 2151
f 2382 2143 2151
f 2145 2154 2144
f 2150 2382 2146
f 2153 2150 2146
f 2154 2145 2383
f 2154 2383 2385
f 2141 2383 2145
f 2158 1947 2159
f 1855 1937 1856
f 1945 2157 1944
f 1947 2158 2162
f 2158 2156 2161
f 2159 2160 2158
f 2162 2173 1940
f 2170 2163 2158
f 2170 2158 2160
f 2166 1948 1902
f 2664 2407 1901
f 2163 2170 2164
f 2163 2164 2165
f 1902 1970 2166
f 2170 2167 2164
f 2252 2260 2451
f 2738 2472 2167
f 2156 2163 2165
f 1901 2166 2664
f 1959 2266 1970
f 2159 1901 2407
f 2168 2159 2822
f 2169 1967 2165
f 2665 2172 1967
f 2169 2165 2831
f 2165 1967 2156
f 2664 2159 2407
f 2170 2160 2168
f 2160 2159 2168
f 2167 2170 2168
f 2156 2158 2163
f 2374 18 2119
f 2623 1980 2625
f 1904 1940 1926
f 1897 1949 2068
f 1949 1960 2300
f 1963 2097 2099
f 1940 2171 2172
f 1967 2172 2171
f 1967 2171 2173
f 2173 2161 2156
f 2173 2156 1967
f 2173 2171 1940
f 2888 1968 2665
f 1968 2888 1986
f 1959 2174 1996
f 1929 1981 2174
f 2174 1981 1989
f 1931 2003 1938
f 1993 2177 1955
f 2177 2157 1955
f 2177 2176 2178
f 2178 2157 2177
f 2157 2182 2180
f 2157 2180 1944
f 1937 2180 2179
f 2181 2178 2176
f 2176 2000 2181
f 2157 2178 2182
f 2182 2178 2188
f 2180 2190 2186
f 2190 2183 2182
f 2180 2183 2190
f 2180 2182 2183
f 2189 2190 2182
f 2179 2180 2203
f 2189 2182 2184
f 2185 2184 2182
f 2187 2190 2189
f 2412 2187 2410
f 2194 2189 2185
f 2187 2412 2190
f 2190 2192 2191
f 2493 2192 2190
f 2191 2186 2190
f 2185 2182 2188
f 2188 2181 2193
f 2001 2195 2181
f 2416 2194 2185
f 2001 2181 2000
f 2193 2195 2197
f 2195 2001 2002
f 2191 2203 2186
f 2195 2196 2415
f 2415 2197 2195
f 2416 2185 2193
f 2415 2196 2200
f 2193 2185 2188
f 2193 2197 2201
f 2181 2195 2193
f 2221 2199 2200
f 2200 2198 2221
f 2201 2416 2193
f 2212 2201 2200
f 2205 2207 2416
f 2207 2204 2416
f 2416 2204 2194
f 2201 2205 2416
f 2206 2207 2205
f 2209 2205 2201
f 2212 2209 2201
f 2208 2210 2206
f 2214 2210 2208
f 2210 2214 2211
f 2199 2212 2200
f 2213 2208 2206
f 2212 2199 2221
f 2214 2208 2764
f 2205 2420 2213
f 2205 2216 2420
f 2205 2212 2216
f 2216 2417 2213
f 2221 2222 2218
f 2212 2419 2216
f 2221 2218 2212
f 2215 2764 2208
f 2206 2205 2213
f 2212 2205 2209
f 2221 2198 2220
f 2220 2198 2200
f 2221 2431 2222
f 2242 2431 2221
f 2229 2218 2228
f 2229 2419 2421
f 2218 2421 2212
f 2226 2764 2225
f 2228 2231 2229
f 2232 2234 2224
f 2232 2224 2217
f 2214 2226 2227
f 2214 2764 2226
f 2228 2430 2231
f 2232 2229 2657
f 2430 2667 2231
f 2229 2231 2657
f 2233 2231 2230
f 2657 2231 2233
f 2657 2234 2232
f 2225 2235 2226
f 2227 2211 2214
f 2432 2228 2218
f 2423 2228 2432
f 2667 2228 2423
f 2236 2227 2226
f 2226 2235 2223
f 2223 2235 2225
f 2228 2667 2430
f 2238 2244 2223
f 2237 2223 2244
f 2223 2236 2226
f 2236 2744 2227
f 2225 2238 2223
f 2225 2685 2238
f 2244 2239 2237
f 2236 2223 2507
f 2507 2223 2237
f 2242 2220 2804
f 2240 2243 2241
f 2804 2220 2200
f 2242 2243 2432
f 2801 2429 2241
f 2241 2243 2801
f 2423 2432 2241
f 2227 2744 2413
f 2412 2410 2409
f 2744 2236 2507
f 2685 2244 2238
f 2504 2244 2685
f 2244 2504 2747
f 2244 2747 2239
f 1982 1983 1955
f 1986 2014 1994
f 1986 2888 2014
f 1994 2014 2007
f 2246 2245 6
f 2246 6 2031
f 2033 2031 6
f 1962 1964 1990
f 2435 2436 1990
f 1962 1990 2247
f 1972 1964 1962
f 1974 1999 1993
f 1974 2267 2248
f 2005 2016 1999
f 2350 1992 2847
f 2246 2031 1995
f 2022 2012 2004
f 2022 2249 2012
f 2070 2011 2069
f 2012 2249 2011
f 2249 2022 2011
f 1997 2025 1998
f 2034 2033 6
f 6 8 2034
f 2445 2034 8
f 2452 2021 2027
f 2251 2252 2017
f 2253 2252 2251
f 2252 2253 2260
f 2017 2021 2251
f 2254 2255 2251
f 2452 2251 2021
f 2259 2260 2253
f 2253 2251 2255
f 2254 2251 2027
f 2255 2259 2253
f 2255 2254 2256
f 2447 2027 2263
f 2027 2447 2257
f 2264 2724 2256
f 2259 2255 2258
f 2257 2254 2027
f 2260 2259 2258
f 2256 2258 2255
f 2256 2724 2258
f 2168 2822 2722
f 2265 2262 2028
f 2261 2453 2262
f 2694 2263 2027
f 2694 2445 2446
f 2254 2264 2256
f 2447 2254 2257
f 2028 2029 2265
f 2024 2029 2266
f 1970 2266 2029
f 2039 2008 2020
f 2008 2039 2267
f 2267 2046 2248
f 2866 2248 2046
f 2891 2047 2268
f 2268 2047 2473
f 2268 2037 2036
f 2473 2047 2269
f 2739 2268 2473
f 2037 2268 2834
f 2044 2036 2037
f 2270 2271 2269
f 2269 2271 2273
f 2270 2043 2271
f 2475 2043 2272
f 2271 2043 2475
f 2885 2273 2271
f 2269 2273 2739
f 2043 2042 2833
f 2043 2890 2733
f 2043 2733 2272
f 2835 2274 101
f 2835 2476 2477
f 2275 2742 2278
f 2742 1861 1858
f 2742 2276 1861
f 2742 2476 2276
f 2278 2203 2275
f 2277 2278 2742
f 2496 2742 1858
f 1859 1966 1858
f 2191 2202 2275
f 2191 2275 2203
f 2279 2499 2280
f 2508 2280 2499
f 2499 2281 2282
f 2540 1877 1875
f 2283 2540 2545
f 2285 2063 2287
f 2284 2285 2283
f 2063 2285 2284
f 2285 2286 2283
f 1879 1877 2540
f 2126 2287 2541
f 2512 2287 2062
f 2512 2288 2287
f 2287 2063 2062
f 2062 2510 2513
f 2062 2513 2512
f 2539 2285 2126
f 2541 2287 2288
f 2541 2543 2126
f 2126 2543 2125
f 2289 46 1872
f 46 2290 2049
f 46 2289 2290
f 2544 2065 2290
f 2065 2049 2290
f 46 2049 2291
f 2050 2292 1874
f 2294 2293 1873
f 40 2294 1873
f 2765 2546 2545
f 2065 2294 44
f 2059 2058 2295
f 2058 2067 2295
f 2061 2059 2295
f 2056 2067 2058
f 2066 2544 2067
f 2295 2067 2061
f 2061 2067 2060
f 2069 2011 1903
f 1889 2011 2009
f 2003 2009 2010
f 1965 2298 2848
f 2848 2298 2297
f 2298 1965 2297
f 2072 2299 1911
f 1965 2299 2297
f 1922 2072 1911
f 2299 2072 2297
f 2075 2074 2076
f 2068 2300 2071
f 2300 2068 2301
f 2301 2068 1949
f 2300 2301 1949
f 2075 2081 2074
f 2084 2079 2076
f 1960 2303 2300
f 2300 2080 2302
f 2079 2305 132
f 1978 2095 2303
f 2080 2303 2302
f 2304 2083 2082
f 2082 2083 2091
f 2307 2091 2094
f 2082 2091 2307
f 2096 2094 2091
f 2307 2306 2082
f 2111 2306 2307
f 2307 2094 2109
f 2110 2307 2109
f 2113 2092 2111
f 2552 2849 2310
f 2308 2768 2555
f 2107 2106 2105
f 2103 2313 2314
f 2314 2313 2315
f 2314 2315 2317
f 2315 2313 2098
f 2323 2314 2317
f 2317 2318 2323
f 2108 2319 2312
f 2319 2108 2107
f 2314 2323 2312
f 2312 2322 2108
f 2320 2558 2559
f 2320 2108 2324
f 2324 2108 2322
f 2312 2325 2322
f 2557 2312 2328
f 2312 2323 2328
f 2321 2320 2324
f 2324 2325 2327
f 2321 2324 2341
f 2341 2324 2327
f 2320 2321 2558
f 2329 2328 2326
f 2321 2559 2558
f 2341 124 126
f 2323 2354 2328
f 2347 2326 2328
f 2692 2443 2327
f 2329 2557 2328
f 2328 2332 2347
f 2557 2327 2325
f 2327 2557 2330
f 2557 2329 2331
f 2335 2327 2330
f 2327 2339 2341
f 2329 2334 2331
f 2336 2329 2333
f 2330 2557 2335
f 2331 2334 2335
f 2334 2336 2335
f 2338 2337 2335
f 2333 2335 2336
f 2335 2333 2340
f 2338 2335 2340
f 2560 2327 2443
f 2329 2336 2334
f 2340 2342 2338
f 2339 124 2341
f 2340 2333 2342
f 2343 2353 2342
f 2563 2343 2342
f 2359 2346 2343
f 2563 2342 2344
f 2344 2342 2333
f 2347 2329 2326
f 2347 2344 2333
f 2346 2353 2343
f 2250 2353 2025
f 2348 2353 2250
f 2349 2344 2345
f 2360 2344 2362
f 2769 2353 2346
f 2250 2025 1997
f 2344 2347 2345
f 2344 2349 2362
f 2350 2348 2250
f 2250 1997 2350
f 2348 2357 2356
f 2889 2338 2357
f 2352 2357 2348
f 2348 2351 2352
f 2350 2351 2348
f 2351 2350 2847
f 2356 2353 2348
f 2360 2562 2344
f 2332 2318 2316
f 2354 2318 2332
f 2328 2354 2332
f 2323 2318 2354
f 2318 2317 2316
f 2316 2355 2332
f 2563 2561 2343
f 2356 2342 2353
f 2338 2342 2356
f 2889 2357 2352
f 2439 2440 2442
f 2355 2316 2621
f 2356 2357 2338
f 2442 122 2439
f 2315 2316 2317
f 2621 2316 2361
f 2316 2315 2361
f 2550 2441 2889
f 2563 2562 2366
f 2621 2361 2358
f 2562 2360 2363
f 2370 2360 2362
f 2365 2362 2349
f 2349 2345 2365
f 2365 2345 2332
f 2332 2355 2365
f 2370 2363 2360
f 2363 2366 2562
f 2366 2363 2573
f 2573 2363 2368
f 2370 2368 2363
f 2370 2369 2368
f 2362 2365 2370
f 2370 2365 2578
f 2365 2355 2621
f 2319 2107 2101
f 2114 2106 129
f 128 2371 127
f 2106 2371 128
f 1939 2381 2622
f 2372 2121 1932
f 2381 2121 2372
f 2372 1953 2623
f 2624 2372 2626
f 2374 2622 2381
f 2372 2373 2381
f 2374 2381 2373
f 2119 2622 2374
f 2624 2373 2372
f 18 2374 16
f 2373 2375 2374
f 2780 2373 2624
f 2376 2373 2780
f 2375 2376 2377
f 2376 2375 2373
f 2377 2376 2780
f 2633 2642 2780
f 16 2374 2378
f 2375 2378 2374
f 16 2378 2380
f 2375 2377 2709
f 1939 2122 2381
f 2121 2381 2122
f 2542 2130 2127
f 1958 2132 1954
f 2132 2887 2143
f 2143 2382 2152
f 2657 2668 2655
f 2383 2384 2388
f 2388 2384 2393
f 2386 2393 2384
f 2404 2153 2388
f 2383 2386 2384
f 2404 2398 2153
f 2393 2386 2387
f 2394 2387 2809
f 2809 2387 2389
f 2809 2389 2403
f 2383 2388 2385
f 2388 2153 2385
f 2662 2153 2398
f 2394 2393 2387
f 2397 2388 2393
f 2389 2387 2386
f 2394 2395 2393
f 2386 2383 2389
f 2139 2390 2141
f 2390 2402 2389
f 2141 2389 2383
f 2390 2389 2141
f 2402 2390 2391
f 2390 2139 2391
f 2651 2391 2139
f 2139 2392 2651
f 2139 2137 2392
f 2393 2395 2396
f 2808 2395 2394
f 2388 2397 2404
f 2389 2402 2403
f 2393 2396 2397
f 2809 2399 2394
f 2394 2399 2808
f 2857 2395 2778
f 2404 2397 2396
f 2402 2400 2403
f 2405 2404 2396
f 2794 2791 2405
f 2404 2659 2398
f 2404 2405 2791
f 2404 2791 2659
f 2153 2155 2150
f 2662 2155 2153
f 2158 2161 2162
f 2173 2162 2161
f 2166 1901 1948
f 2029 2664 2166
f 2664 2029 2028
f 2262 2453 2664
f 2372 1932 1953
f 1966 2277 2496
f 1937 2179 2498
f 1962 2175 1961
f 2247 2175 1962
f 2181 2188 2178
f 2185 2189 2184
f 2211 2409 2410
f 2414 2666 2409
f 2412 2409 2411
f 2413 2409 2211
f 2211 2204 2207
f 2210 2211 2207
f 2413 2211 2227
f 2409 2413 2414
f 2016 2196 2195
f 2804 2200 2196
f 2197 2415 2201
f 2415 2200 2201
f 2210 2207 2206
f 2216 2419 2417
f 2213 2417 2208
f 2219 2846 2208
f 2418 2417 2217
f 2417 2418 2219
f 2232 2217 2419
f 2229 2232 2419
f 2417 2419 2217
f 2216 2213 2420
f 2218 2222 2432
f 2421 2218 2229
f 2212 2421 2419
f 2241 2432 2240
f 2241 2422 2423
f 2423 2427 2424
f 2427 2423 2426
f 2401 2427 2400
f 2667 2427 2401
f 2427 2667 2424
f 2426 2423 2422
f 2427 2426 2428
f 2426 2422 2428
f 2429 2428 2422
f 2427 2403 2400
f 2428 2429 2427
f 2427 2806 2807
f 2667 2230 2231
f 2669 2668 2230
f 2222 2431 2432
f 2242 2432 2431
f 2240 2432 2243
f 2220 2242 2221
f 2243 2804 2865
f 1990 2436 2247
f 2474 2436 2435
f 2474 2438 2436
f 2247 1971 2175
f 2337 2889 2440
f 2442 119 122
f 2889 2441 2440
f 2442 2440 2441
f 2693 119 2442
f 2550 2693 2442
f 2337 2338 2889
f 2692 2440 2443
f 2072 2550 2297
f 2337 2440 2692
f 2443 2439 122
f 2444 2072 2296
f 119 2444 2296
f 2550 2072 2444
f 2439 2443 2440
f 124 2443 122
f 2769 2770 2025
f 2027 2445 2694
f 2445 8 9
f 9 2448 2445
f 2446 2445 2448
f 2447 2694 2446
f 2447 2446 2700
f 2696 2700 2446
f 2446 2448 2449
f 2696 2446 2449
f 2262 2451 2260
f 2251 2452 2027
f 2260 2258 2261
f 2264 2447 2723
f 2724 2264 2454
f 2457 2456 2454
f 2455 2724 2454
f 2456 2455 2454
f 2456 2258 2724
f 2456 2261 2258
f 2260 2261 2262
f 2710 2261 2456
f 2462 2261 2458
f 2719 2462 2458
f 2261 2462 2459
f 2465 2470 2461
f 2462 2461 2738
f 2459 2462 2453
f 2464 2462 2460
f 2461 2462 2464
f 2464 2465 2461
f 2469 2463 2465
f 2465 2464 2467
f 2466 2464 2718
f 2466 2465 2467
f 2718 2826 2466
f 2466 2725 2468
f 2469 2465 2466
f 2461 2470 2463
f 2463 2470 2465
f 2471 2461 2463
f 2738 2461 2471
f 2453 2462 2738
f 2464 2466 2467
f 2463 2469 2471
f 2738 2471 2472
f 2472 2471 2167
f 2831 2165 2167
f 2469 2831 2471
f 2469 2830 2831
f 2264 2254 2447
f 1970 2029 2166
f 2045 2026 2566
f 2474 2037 2834
f 2438 2474 2437
f 2474 2038 2037
f 2269 2047 2270
f 2269 2739 2473
f 2475 2272 2732
f 2276 2476 1862
f 2477 2476 2478
f 2835 2477 2478
f 2495 2274 2835
f 2490 2478 2479
f 2478 2480 2494
f 2478 2494 2495
f 2490 2489 2478
f 2480 2478 2489
f 2490 2481 2489
f 2481 2486 2482
f 2483 2485 2481
f 2481 2482 2487
f 2481 2490 2483
f 2483 2484 2485
f 2191 2192 2493
f 2489 2743 2480
f 2485 2486 2481
f 2489 2487 2488
f 2488 2499 2480
f 2489 2488 2743
f 2487 2489 2481
f 2275 2490 2479
f 2484 2490 2202
f 2493 2412 2411
f 2485 2484 2666
f 2491 2499 2492
f 2191 2484 2202
f 2490 2484 2483
f 2190 2412 2493
f 2485 2744 2880
f 2880 2482 2485
f 2487 2482 2282
f 2488 2281 2499
f 2499 2491 2480
f 96 98 2492
f 2480 2491 2492
f 2409 2493 2411
f 2666 2493 2409
f 2484 2493 2666
f 2488 2487 2281
f 2492 98 2495
f 2492 2499 2279
f 2480 2492 2494
f 2494 2492 2495
f 2274 2495 98
f 2282 2281 2487
f 2282 2482 2746
f 2742 2496 2277
f 1966 2496 1858
f 2497 2278 2277
f 2278 2497 2498
f 2278 2498 2179
f 2203 2278 2179
f 1966 2498 2497
f 2492 2279 96
f 96 2279 2280
f 2749 1865 2280
f 1865 2500 1867
f 2501 2500 2282
f 2501 2502 2500
f 2282 2505 2501
f 2500 2506 2503
f 2503 1867 2500
f 2501 2505 2502
f 2500 2502 2506
f 2504 2503 2506
f 2433 2503 2434
f 1868 1867 2503
f 2505 2506 2502
f 2434 2503 2504
f 2503 2433 1868
f 2506 2505 2507
f 2506 2507 2239
f 2508 2500 2749
f 2509 2508 2499
f 2500 2508 2282
f 2282 2509 2499
f 2508 2509 2282
f 2126 2285 2287
f 2286 2540 2283
f 2285 2539 2286
f 2286 2539 2540
f 2057 2062 2063
f 2062 2057 2510
f 2059 2511 2510
f 2511 2513 2510
f 2513 2514 2515
f 2513 2511 2514
f 2514 2511 2061
f 2530 2512 2515
f 2061 2517 2514
f 2512 2530 2288
f 2513 2515 2512
f 2516 2530 2515
f 2515 2514 2516
f 2061 2060 2517
f 2517 2067 2838
f 2517 2060 2067
f 2517 2519 2514
f 2518 2519 2520
f 2520 2517 2838
f 2519 2517 2520
f 2838 2067 2751
f 2534 2520 2521
f 2534 2757 2520
f 2522 2514 2518
f 2514 2522 2523
f 2523 2522 2518
f 2518 2514 2519
f 2523 2518 2757
f 2514 2523 2526
f 2525 2523 2758
f 2843 2527 2526
f 2148 2149 2760
f 2525 2526 2523
f 2843 2526 2525
f 2753 2526 2527
f 2527 2840 2149
f 2529 2516 2752
f 2526 2528 2529
f 2516 2529 2528
f 2288 2530 2531
f 2531 2530 2516
f 2288 2531 2541
f 2524 2757 2756
f 2533 2524 2756
f 2763 2533 2761
f 2537 2761 2533
f 2534 2756 2757
f 2534 2813 2756
f 2532 2756 2535
f 2756 2532 2533
f 2536 2756 2538
f 2537 2756 2536
f 2756 2537 2535
f 2882 2524 2533
f 2844 2758 2757
f 2525 2758 2843
f 2225 2536 2688
f 2539 2124 2123
f 2123 1881 2539
f 2540 1881 1880
f 1881 2540 2539
f 1880 1879 2540
f 2541 2531 2543
f 2542 2647 2130
f 2649 2648 2147
f 2542 2543 2647
f 2125 2543 2542
f 2544 2289 2766
f 2065 2544 2064
f 2765 2540 1875
f 1875 2292 2765
f 2765 2292 2546
f 2545 2546 2284
f 2284 2283 2545
f 2297 2352 2848
f 2551 2550 2889
f 2297 2550 2352
f 2352 2550 2551
f 2889 2352 2551
f 119 1922 1851
f 2072 1922 2296
f 2089 2553 2087
f 2310 2553 2089
f 2089 2308 2554
f 2554 2849 2552
f 2089 2554 2552
f 2555 2768 2556
f 2308 2555 2554
f 2361 2315 2098
f 2314 2312 2103
f 2322 2325 2324
f 2557 2325 2312
f 2559 2321 126
f 2321 2341 126
f 127 2559 126
f 2371 2559 127
f 2559 2371 2320
f 2335 2557 2331
f 2332 2345 2347
f 2339 2560 124
f 2327 2560 2339
f 2560 2443 124
f 2347 2333 2329
f 2561 2359 2343
f 2359 2561 2563
f 2442 2441 2550
f 2344 2562 2563
f 2563 2566 2568
f 2366 2367 2563
f 2570 2565 2367
f 2367 2565 2045
f 2367 2564 2570
f 2367 2566 2563
f 2367 2045 2566
f 2567 2045 2565
f 2568 2359 2563
f 2770 2566 2026
f 2568 2770 2769
f 2567 2771 2045
f 2368 2772 2570
f 2572 2569 2570
f 2570 2571 2572
f 2573 2368 2367
f 2311 2364 2574
f 2574 2364 2098
f 2364 2361 2098
f 2576 2621 2575
f 2578 2621 2576
f 2581 2575 2621
f 2580 2577 2575
f 2579 2370 2576
f 2358 2773 2621
f 2581 2621 2773
f 2576 2575 2586
f 2370 2578 2576
f 2773 2358 2361
f 2580 2575 2581
f 2581 2773 2583
f 2581 2577 2580
f 2581 2583 2577
f 2361 2584 2773
f 2370 2579 2369
f 2364 2584 2361
f 2364 2585 2773
f 2364 2773 2584
f 2586 2575 2577
f 2577 2582 2586
f 2369 2579 2576
f 2368 2369 2589
f 2588 2590 2591
f 2588 2589 2369
f 2369 2593 2590
f 2589 2588 2587
f 2588 2595 2570
f 2772 2589 2587
f 2587 2570 2772
f 2369 2590 2588
f 2587 2588 2570
f 2593 2591 2590
f 2592 2591 2594
f 2591 2593 2594
f 2597 2594 2593
f 2596 2597 2593
f 2593 2369 2596
f 2595 2588 2591
f 2595 2591 2676
f 2597 2601 2606
f 2600 2603 2591
f 2591 2599 2600
f 2774 2599 2591
f 2606 2774 2597
f 2597 2774 2592
f 2825 2885 2475
f 2608 2606 2601
f 2597 2775 2601
f 2598 2605 2601
f 2885 2605 2273
f 2606 2608 2609
f 2620 2606 2609
f 2609 2612 2620
f 2605 2608 2601
f 2777 2600 2613
f 2600 2777 2679
f 2613 2600 2610
f 2599 2602 2600
f 2612 2609 2607
f 2618 2620 2611
f 2614 2600 2602
f 2620 2602 2599
f 2612 2611 2620
f 2618 2611 2612
f 2827 2618 2612
f 2616 2614 2618
f 2617 2616 2618
f 2618 2614 2619
f 2618 2619 2620
f 2620 2619 2614
f 2602 2620 2614
f 2614 2610 2600
f 2365 2621 2578
f 19 2119 18
f 2622 2119 1939
f 2629 2624 2627
f 2625 2626 2372
f 2623 2625 2372
f 2624 2626 2627
f 2782 2627 2626
f 2629 2627 2632
f 2781 2626 2625
f 2626 2781 2864
f 2632 2641 2629
f 2629 2641 2633
f 2787 2662 2398
f 2661 2631 2628
f 2630 2636 2631
f 2635 2631 2636
f 2635 2639 2631
f 2631 2634 2632
f 2630 2631 2660
f 2631 2782 2628
f 2639 2634 2631
f 2635 2783 2639
f 2639 2637 2632
f 2639 2638 2637
f 2632 2637 2641
f 2639 2632 2634
f 2713 2640 2639
f 2639 2640 2638
f 2639 2784 2713
f 2637 2638 2641
f 2638 2640 2641
f 2705 2641 2640
f 2641 2642 2633
f 2375 2709 2646
f 2646 2709 2644
f 2646 2644 2645
f 2646 2645 2378
f 13 15 2380
f 2378 2645 2380
f 16 2380 15
f 2378 2375 2646
f 2130 2647 2131
f 2754 2648 2647
f 2147 2648 2754
f 2647 2648 2649
f 2649 2131 2647
f 1954 1973 1980
f 1954 2132 1973
f 2143 2152 2786
f 2385 2153 2154
f 2137 2651 2392
f 2668 2651 2654
f 2653 2652 2651
f 2651 2137 2653
f 2138 2653 2137
f 2654 2653 2658
f 2668 2658 2655
f 2654 2652 2653
f 2233 2668 2657
f 2657 2655 2656
f 2658 2668 2654
f 2658 2656 2655
f 2656 2658 2845
f 2657 2656 2234
f 2650 2658 2653
f 2636 2787 2659
f 2636 2630 2787
f 2660 2787 2630
f 2787 2660 2662
f 2631 2661 2660
f 2662 2660 2661
f 2402 2401 2400
f 2402 2391 2651
f 2402 2651 2401
f 2159 2664 2822
f 2028 2262 2664
f 2497 2277 1966
f 2875 1967 2169
f 2665 1967 2876
f 2186 2203 2180
f 2204 2410 2194
f 2211 2410 2204
f 2413 2666 2414
f 2744 2666 2413
f 2417 2219 2208
f 2760 2224 2234
f 2224 2760 2758
f 2423 2424 2667
f 2230 2667 2401
f 2669 2230 2401
f 2668 2669 2401
f 2651 2668 2401
f 2230 2668 2233
f 2429 2801 2677
f 2677 2801 2670
f 2677 2425 2429
f 2673 2672 2677
f 2677 2672 2425
f 2672 2673 2675
f 2572 2674 2673
f 2572 2676 2674
f 2571 2676 2572
f 2676 2571 2595
f 2595 2571 2570
f 2674 2676 2591
f 2603 2674 2591
f 2674 2603 2679
f 2572 2678 2569
f 2802 2670 2801
f 2569 2678 2869
f 2673 2677 2572
f 2572 2677 2678
f 2679 2603 2600
f 2674 2679 2675
f 2679 2672 2675
f 2679 2680 2672
f 2427 2681 2403
f 2427 2807 2681
f 2425 2805 2429
f 2681 2807 2403
f 1868 2433 1872
f 2548 2682 2433
f 2682 2547 1872
f 2433 2682 1872
f 2683 2433 2434
f 2434 2684 2683
f 2683 2684 2686
f 2686 2810 2683
f 2548 2683 2810
f 2433 2683 2548
f 2434 2504 2684
f 2684 2685 2686
f 2812 2810 2685
f 2685 2684 2504
f 2810 2687 2548
f 2686 2685 2810
f 2548 2687 2549
f 2225 2688 2685
f 2812 2688 2536
f 2685 2688 2812
f 2536 2811 2812
f 2687 2810 2538
f 2520 2813 2521
f 2549 2687 2837
f 2436 2689 2247
f 2247 2689 1971
f 2690 1971 2689
f 2556 1971 2690
f 2555 2556 2817
f 2691 2817 2689
f 2817 2556 2690
f 2690 2689 2817
f 1961 1971 2556
f 2335 2692 2327
f 2337 2692 2335
f 2550 2444 2693
f 119 2693 2444
f 2248 2803 2016
f 2819 2799 2804
f 2263 2694 2447
f 2448 2695 2449
f 2695 2696 2449
f 13 2695 11
f 2697 2700 2696
f 13 2696 2695
f 2696 13 2698
f 2696 2702 2697
f 2702 2696 2698
f 2698 2645 2702
f 2702 2645 2699
f 2645 2644 2699
f 2450 2700 2702
f 2700 2697 2702
f 2703 2704 2450
f 2703 2450 2701
f 2450 2820 2701
f 2706 2705 2707
f 2701 2457 2703
f 2457 2701 2707
f 2454 2264 2703
f 2707 2705 2640
f 2454 2703 2457
f 2704 2264 2723
f 2706 2379 2705
f 2707 2640 2713
f 2711 2712 2707
f 2713 2711 2707
f 2712 2708 2707
f 2457 2708 2710
f 2264 2704 2703
f 2379 2643 2641
f 2642 2643 2379
f 2644 2706 2699
f 2379 2706 2709
f 2707 2708 2457
f 2712 2710 2708
f 2643 2642 2641
f 2710 2712 2711
f 2710 2711 2713
f 2713 2721 2710
f 2715 2721 2713
f 2714 2715 2713
f 2713 2783 2714
f 2714 2718 2716
f 2457 2710 2456
f 2714 2717 2715
f 2717 2714 2716
f 2718 2714 2821
f 2717 2716 2718
f 2717 2718 2720
f 2718 2719 2720
f 2717 2720 2715
f 2458 2710 2719
f 2719 2721 2720
f 2721 2719 2710
f 2721 2715 2720
f 2695 2448 11
f 2723 2700 2450
f 11 2448 9
f 2738 2722 2453
f 2453 2822 2664
f 2700 2723 2447
f 2704 2723 2450
f 2456 2724 2455
f 2261 2459 2453
f 2725 2466 2726
f 2468 2725 2726
f 2468 2726 2728
f 2828 2732 2727
f 2727 2732 2728
f 2728 2726 2729
f 2732 2731 2728
f 2730 2727 2729
f 2828 2730 2736
f 2729 2727 2728
f 2735 2729 2726
f 2732 2828 2475
f 2732 2272 2733
f 2718 2821 2734
f 2726 2862 2735
f 2466 2826 2726
f 2863 2862 2726
f 2862 2797 2735
f 2736 2729 2735
f 2730 2729 2736
f 2722 2738 2167
f 2167 2165 2164
f 2471 2831 2167
f 2834 2268 2739
f 2038 2474 2435
f 2740 2739 2273
f 2776 2740 2273
f 1861 2276 1862
f 98 101 2274
f 2476 2275 2479
f 2476 2479 2478
f 2742 2275 2476
f 2484 2191 2493
f 2480 2743 2488
f 2486 2485 2482
f 2666 2744 2485
f 2745 2507 2836
f 2745 2744 2507
f 2880 2746 2482
f 2282 2746 2505
f 2239 2747 2506
f 2506 2747 2504
f 2505 2748 2507
f 2237 2239 2507
f 1865 2749 2500
f 2508 2749 2280
f 2518 2520 2757
f 2067 2750 2751
f 2750 2544 2751
f 2881 2520 2814
f 2514 2526 2752
f 2514 2752 2516
f 2529 2752 2526
f 2149 2147 2527
f 2147 2753 2527
f 2526 2753 2528
f 2528 2753 2531
f 2753 2754 2531
f 2516 2528 2531
f 2531 2755 2543
f 2531 2754 2755
f 2543 2755 2647
f 2754 2647 2755
f 2538 2756 2813
f 2532 2535 2533
f 2533 2535 2537
f 2882 2757 2524
f 2757 2758 2523
f 2844 2757 2882
f 2841 2844 2224
f 2759 2527 2843
f 2760 2759 2758
f 2760 2527 2759
f 2656 2845 2760
f 2845 2148 2760
f 2845 2658 2650
f 2761 2762 2763
f 2537 2762 2761
f 2762 2764 2846
f 2537 2536 2764
f 2225 2764 2536
f 2540 2765 2545
f 1872 2766 2289
f 2766 1872 2547
f 2547 2837 2766
f 2837 2767 2766
f 2766 2767 2751
f 2547 2549 2837
f 2548 2549 2547
f 2352 2847 2848
f 2553 2310 2087
f 2552 2310 2089
f 2364 2849 2818
f 2849 2100 2311
f 2100 2364 2311
f 2574 2098 2309
f 2568 2769 2359
f 2353 2769 2025
f 2359 2769 2346
f 2566 2770 2568
f 2565 2570 2567
f 2570 2771 2567
f 2570 2569 2771
f 2869 2868 2045
f 2771 2569 2869
f 2589 2772 2368
f 2583 2773 2585
f 2818 2585 2364
f 2591 2592 2774
f 2620 2599 2774
f 2606 2620 2851
f 2586 2582 2775
f 2597 2596 2775
f 2775 2596 2369
f 2576 2775 2369
f 2601 2775 2604
f 2597 2592 2594
f 2601 2604 2598
f 2605 2598 2776
f 2680 2679 2777
f 2663 2777 2613
f 2610 2663 2613
f 2663 2610 2778
f 2615 2857 2610
f 2616 2617 2614
f 2615 2614 2617
f 2615 2779 2857
f 2781 2625 1980
f 2780 2629 2633
f 2629 2780 2624
f 2782 2632 2627
f 2798 2406 2781
f 2864 2781 2406
f 2864 2782 2626
f 2782 2631 2632
f 2783 2635 2636
f 2792 2783 2636
f 2713 2784 2783
f 2641 2705 2379
f 2780 2709 2377
f 2785 2709 2780
f 2642 2785 2780
f 2379 2709 2785
f 2379 2785 2642
f 13 2380 2698
f 2645 2698 2380
f 2132 2786 1973
f 2152 2798 2786
f 2781 1980 2786
f 2798 2781 2786
f 1973 2786 1980
f 2654 2651 2652
f 2656 2760 2234
f 2659 2787 2398
f 2636 2788 2789
f 2788 2636 2659
f 2636 2789 2792
f 2659 2789 2788
f 2659 2791 2789
f 2791 2863 2873
f 2863 2791 2790
f 2790 2794 2795
f 2792 2791 2873
f 2792 2789 2791
f 2405 2795 2794
f 2793 2405 2796
f 2793 2795 2405
f 2861 2797 2795
f 2790 2860 2794
f 2795 2797 2790
f 2808 2663 2395
f 2403 2807 2809
f 2399 2809 2806
f 2628 2150 2155
f 2155 2662 2628
f 2661 2628 2662
f 2150 2864 2406
f 2150 2406 2798
f 2150 2798 2382
f 2382 2798 2152
f 2801 2804 2799
f 2803 2799 2016
f 2801 2800 2802
f 2799 2800 2801
f 2670 2802 2671
f 2678 2802 2869
f 2802 2678 2671
f 2677 2671 2678
f 2677 2670 2671
f 2867 2046 2039
f 2799 2803 2800
f 2866 2800 2803
f 2804 2243 2242
f 2819 2804 2196
f 2762 2418 2763
f 2217 2763 2418
f 2674 2675 2673
f 2808 2680 2777
f 2425 2672 2805
f 2806 2805 2672
f 2429 2805 2806
f 2429 2806 2427
f 2680 2806 2672
f 2680 2808 2806
f 2806 2808 2399
f 2807 2806 2809
f 2682 2548 2547
f 2538 2811 2536
f 2812 2811 2538
f 2810 2812 2538
f 2687 2538 2813
f 2814 2520 2838
f 2881 2813 2520
f 2838 2839 2881
f 2687 2813 2881
f 2045 2868 2867
f 2438 2689 2436
f 2554 2555 2816
f 2555 2817 2816
f 2689 2815 2691
f 2438 2815 2689
f 2883 2474 2741
f 2883 2739 2854
f 2438 2437 2815
f 2739 2852 2854
f 2818 2817 2691
f 2849 2816 2817
f 2849 2817 2818
f 2016 2819 2196
f 2799 2819 2016
f 2706 2702 2699
f 2450 2702 2706
f 2820 2450 2706
f 2706 2707 2820
f 2701 2820 2707
f 2706 2644 2709
f 2639 2783 2784
f 2873 2872 2783
f 2460 2718 2464
f 2718 2460 2719
f 2462 2719 2460
f 2722 2822 2453
f 2734 2826 2718
f 2727 2730 2828
f 2825 2475 2824
f 2823 2871 2475
f 2828 2823 2475
f 2823 2617 2827
f 2826 2734 2726
f 2734 2863 2726
f 2861 2736 2735
f 2859 2737 2736
f 2735 2797 2861
f 2468 2469 2466
f 2728 2731 2468
f 2469 2468 2731
f 2733 2829 2731
f 2829 2830 2469
f 2469 2731 2829
f 2832 2831 2829
f 2874 2876 2831
f 2829 2833 2042
f 2168 2722 2167
f 2437 2883 2854
f 2739 2741 2834
f 2474 2834 2741
f 2605 2776 2273
f 2740 2852 2739
f 2495 2835 2478
f 2836 2880 2745
f 2746 2880 2505
f 2748 2836 2507
f 2748 2505 2880
f 2838 2837 2687
f 2839 2838 2687
f 2837 2838 2767
f 2767 2838 2751
f 2544 2766 2751
f 2881 2839 2687
f 2147 2754 2753
f 2760 2840 2527
f 2149 2840 2760
f 2758 2841 2224
f 2841 2758 2844
f 2842 2763 2217
f 2759 2843 2758
f 2844 2842 2224
f 2650 2148 2845
f 2846 2764 2215
f 2537 2764 2762
f 2846 2215 2208
f 2762 2846 2219
f 2351 2847 2352
f 2100 2849 2364
f 2313 2850 2098
f 2850 2313 2103
f 2586 2775 2576
f 2620 2774 2851
f 2606 2851 2774
f 2853 2740 2776
f 2856 2852 2740
f 2582 2598 2604
f 2853 2776 2582
f 2598 2582 2776
f 2582 2604 2775
f 2856 2853 2855
f 2853 2856 2740
f 2852 2856 2854
f 2855 2853 2582
f 2855 2577 2856
f 2856 2583 2870
f 2663 2808 2777
f 2663 2778 2395
f 2779 2796 2857
f 2779 2615 2796
f 2857 2396 2395
f 2857 2796 2405
f 2396 2857 2405
f 2858 2796 2615
f 2793 2796 2858
f 2795 2793 2861
f 2858 2615 2617
f 2859 2858 2617
f 2858 2859 2861
f 2737 2859 2617
f 2859 2736 2861
f 2793 2858 2861
f 2617 2618 2827
f 2610 2857 2778
f 2610 2614 2615
f 2782 2864 2628
f 2791 2860 2790
f 2794 2860 2791
f 2790 2797 2862
f 2790 2862 2863
f 2628 2864 2150
f 2243 2865 2801
f 2804 2801 2865
f 2803 2248 2866
f 2867 2866 2046
f 2802 2866 2867
f 2800 2866 2802
f 2867 2868 2802
f 2869 2045 2771
f 2802 2868 2869
f 2842 2217 2224
f 2418 2762 2219
f 2813 2534 2521
f 2474 2883 2437
f 2583 2818 2870
f 2583 2585 2818
f 2437 2870 2818
f 2583 2856 2577
f 2437 2818 2691
f 2437 2691 2815
f 2783 2821 2714
f 2872 2821 2783
f 2871 2824 2475
f 2612 2871 2827
f 2792 2873 2783
f 2873 2821 2872
f 2863 2734 2821
f 2863 2821 2873
f 2871 2823 2827
f 2829 2831 2830
f 2831 2832 2874
f 2831 2876 2875
f 2169 2831 2875
f 2014 2888 2877
f 2875 2876 1967
f 2877 2876 2878
f 2014 2877 2878
f 2665 2876 2877
f 2884 2878 2876
f 2878 2884 2891
f 2876 2042 2884
f 2878 2891 2879
f 2014 2879 2041
f 2744 2745 2880
f 2748 2880 2836
f 2838 2881 2814
f 2882 2763 2842
f 2842 2844 2882
f 2739 2883 2741
f 2854 2856 2437
f 2870 2437 2856
f 2824 2612 2607
f 2825 2824 2885
f 2608 2605 2885
f 2874 2832 2829
f 2042 2874 2829
f 2891 2884 2886
f 2874 2042 2876
f 2014 2878 2879
f 2763 2882 2533
f 2609 2824 2607
f 2608 2824 2609
f 2871 2612 2824
f 2475 2885 2271
f 2824 2608 2885
f 2042 2886 2884
f 2043 2886 2042
f 2143 2887 2151
f 2189 2410 2187
f 2194 2410 2189
f 2877 2888 2665
f 2573 2367 2366
f 2368 2570 2564
f 2368 2564 2367
f 2140 2137 2139
f 2241 2429 2422
f 2275 2202 2490
f 2261 2710 2458
f 2823 2736 2737
f 2828 2736 2823
f 2617 2823 2737
f 2855 2582 2577
f 2732 2733 2731
f 2829 2733 2833
f 2833 2890 2043
f 2833 2733 2890
f 2879 2891 2041
f 2041 2891 2040
f 2041 2040 2014
f 2910 2912 1883
f 23 2933 1885
f 2892 2933 23
f 2910 1885 2933
f 2915 2906 25
f 2976 1883 2912
f 2976 2922 1883
f 2917 2915 27
f 2976 2912 2923
f 2910 2913 2914
f 2910 2914 2909
f 1885 2910 1883
f 2907 2942 2929
f 2909 2914 2913
f 2912 2910 2923
f 2895 2932 2896
f 2897 2930 2898
f 2921 2922 2976
f 2921 2988 2922
f 2892 24 2906
f 2916 2917 2934
f 2906 24 25
f 2917 27 28
f 2916 2975 2917
f 25 27 2915
f 2915 2917 2911
f 2932 2906 2915
f 2911 2917 2931
f 2919 2924 2988
f 2922 2924 1878
f 2917 2975 2930
f 2992 2918 2920
f 2922 1878 1882
f 2909 2925 2923
f 2921 2918 2988
f 2933 2894 2913
f 2933 2892 2894
f 2913 2925 2909
f 2894 2905 2913
f 2913 2905 2925
f 2905 2904 2925
f 2925 2904 2926
f 2903 2902 2926
f 2926 2902 2927
f 2904 2903 2926
f 2927 2901 2929
f 2902 2901 2927
f 2926 2927 2908
f 2901 2900 2929
f 37 1874 2928
f 2900 2899 2929
f 2929 2899 2907
f 2907 2898 2930
f 2899 2898 2907
f 2937 2907 2930
f 2897 2896 2930
f 2930 2896 2931
f 2911 2931 2896
f 2911 2896 2932
f 2932 2895 2906
f 2893 2906 2895
f 2906 2893 2892
f 2915 2911 2932
f 2910 2933 2913
f 2934 2917 28
f 2936 2935 2934
f 2937 2975 2916
f 2930 2975 2937
f 2916 2934 2937
f 2907 2938 2939
f 2907 2937 2938
f 2907 2939 2941
f 2941 2939 2938
f 2938 2940 2941
f 2907 2941 2942
f 2942 2945 2944
f 2948 2943 2944
f 2944 2945 2948
f 2929 2944 2943
f 2944 2929 2942
f 2940 2981 2945
f 2947 2948 2945
f 2985 2947 2945
f 3007 2943 2949
f 2948 2946 2943
f 2946 2948 2947
f 2949 2943 2946
f 2949 2950 3007
f 2949 2946 2952
f 2950 2951 3007
f 2952 2946 2953
f 2954 2953 2946
f 2953 2949 2952
f 2949 2953 2950
f 2955 2951 2950
f 2953 2955 2950
f 2956 2951 2955
f 2951 2956 2957
f 2963 2957 2956
f 2946 2958 2954
f 2960 2954 2958
f 36 37 2997
f 2958 2959 2960
f 2953 2954 2960
f 2963 2956 2961
f 2967 2961 2956
f 2963 2961 2973
f 2956 2960 2962
f 2956 2955 2953
f 2956 2953 2960
f 2968 2962 2960
f 2956 2962 2968
f 2956 2968 2967
f 2968 2960 2959
f 2973 2961 2969
f 2924 2974 1877
f 2972 2965 2963
f 2964 2966 2963
f 2977 2966 2992
f 2989 2967 2968
f 2964 2963 2919
f 2973 2969 2972
f 2969 2961 2967
f 2970 2969 2967
f 2996 2970 2967
f 2972 2969 2990
f 1877 2974 2990
f 1877 1878 2924
f 2972 2919 2965
f 2919 2972 2924
f 2924 2972 2974
f 2974 2972 2990
f 2917 2930 2931
f 2920 2976 2923
f 2921 2976 2920
f 2988 2924 2922
f 2910 2909 2923
f 2920 2918 2921
f 2964 2918 2966
f 2966 2918 2992
f 2977 2992 2994
f 2957 2995 2951
f 2977 2978 2979
f 2977 2979 2966
f 2995 2979 2978
f 2957 2979 2995
f 2979 2963 2966
f 2978 3002 2995
f 1883 2922 1882
f 2968 2959 2928
f 2928 1874 2971
f 28 2936 2934
f 2936 28 31
f 2983 2934 2982
f 2940 2945 2941
f 2940 2980 2983
f 2980 2938 2937
f 2938 2980 2940
f 2980 2937 2934
f 2940 2984 2981
f 2984 2940 2983
f 2982 2984 2983
f 2982 2934 2935
f 2935 2936 2986
f 2935 3005 2984
f 2935 2984 2982
f 2987 2984 3005
f 2946 2985 3006
f 3005 2935 2986
f 2986 31 3005
f 3005 31 32
f 2929 2943 3007
f 2941 2945 2942
f 2957 2963 2979
f 2963 2965 2919
f 2973 2972 2963
f 2964 2988 2918
f 2919 2988 2964
f 2997 2959 2958
f 2997 2928 2959
f 2996 2989 2968
f 2967 2989 2996
f 2970 2990 2969
f 1876 2971 1875
f 2990 2991 1876
f 2991 2990 2971
f 2970 2996 2971
f 2928 2996 2968
f 1877 2990 1876
f 2920 2925 2926
f 2920 2926 2993
f 2993 2994 2992
f 2994 2978 2977
f 2993 2908 2978
f 2978 2994 2993
f 2978 2908 2927
f 1875 2971 1874
f 2928 2997 37
f 3001 2997 2958
f 2986 2936 31
f 2934 2983 2980
f 2946 2947 2985
f 3005 2998 2987
f 2987 3006 2985
f 2987 2985 2984
f 2987 2998 3006
f 3006 2958 2946
f 3007 2951 2995
f 3007 2995 3003
f 2999 3004 2998
f 2998 3005 2999
f 3004 2999 32
f 34 3004 32
f 3001 3000 3004
f 2997 3001 3004
f 3000 3001 2958
f 3004 3000 3006
f 36 3004 34
f 3000 2958 3006
f 3006 2998 3004
f 2996 2928 2971
f 2970 2971 2990
f 2991 2971 1876
f 2920 2923 2925
f 2993 2992 2920
f 2908 2993 2926
f 2927 3002 2978
f 2995 3002 2927
f 2929 3003 2927
f 2995 2927 3003
f 2929 3007 3003
f 2997 3004 36
f 2981 2985 2945
f 2984 2985 2981
f 2999 3005 32
f 3024 3040 3025
f 3031 1854 3029
f 1854 3032 3029
f 3009 1850 3026
f 3025 3026 1850
f 1852 1854 3031
f 3024 3025 3027
f 110 3028 3030
f 3027 1852 3031
f 3028 115 3051
f 3032 1854 3089
f 3038 3035 3089
f 3030 3028 3034
f 1850 1852 3027
f 3032 3039 3029
f 3010 3011 3052
f 3010 3051 3008
f 3028 110 113
f 3012 3013 3049
f 3031 3029 3027
f 3032 3089 3033
f 118 3051 117
f 118 3021 3051
f 1850 3027 3025
f 115 117 3051
f 114 3028 113
f 115 3028 114
f 3022 3034 3028
f 3049 3053 3030
f 3033 3039 3032
f 3050 3049 3030
f 3028 3052 3022
f 3106 3036 3033
f 3106 3033 3089
f 3089 1857 3038
f 3033 3037 3088
f 3033 3036 3037
f 1857 1858 3038
f 1858 3086 3038
f 3089 1854 1857
f 3106 3089 3035
f 3041 3024 3039
f 3020 3026 3019
f 3026 3025 3019
f 3026 3020 3009
f 3019 3025 3018
f 3025 3040 3018
f 3024 3041 3017
f 3040 3024 3018
f 3018 3024 3017
f 3042 3043 3016
f 3017 3041 3016
f 3041 3042 3016
f 3044 3046 3016
f 3045 3023 3015
f 3016 3046 3015
f 3046 3045 3015
f 3043 3044 3016
f 3015 3023 3014
f 1863 3094 1862
f 3023 3047 3014
f 3014 3047 3013
f 3048 3049 3013
f 3047 3056 3048
f 3047 3048 3013
f 3048 3056 3049
f 3055 3049 3056
f 3049 3050 3012
f 3012 3022 3011
f 3050 3022 3012
f 3052 3011 3022
f 3052 3028 3051
f 3052 3051 3010
f 3051 3021 3008
f 3021 118 3008
f 109 110 3053
f 108 3095 3103
f 3053 3101 3054
f 3053 3095 109
f 3055 3053 3049
f 3097 3053 3055
f 3098 3097 3055
f 3047 3057 3058
f 3098 3056 3096
f 3056 3057 3096
f 3047 3060 3057
f 3056 3047 3058
f 3057 3056 3058
f 3059 3057 3060
f 3023 3060 3047
f 3060 3062 3059
f 3099 3057 3121
f 3120 3057 3059
f 3063 3062 3060
f 3063 3104 3062
f 3063 3023 3045
f 3063 3067 3104
f 3063 3066 3065
f 3068 3104 3067
f 3065 3067 3063
f 3064 3069 3066
f 3075 3066 3069
f 3065 3066 3075
f 3071 3075 3069
f 3037 3090 3091
f 3104 3068 3114
f 3078 3114 3067
f 3071 3070 3075
f 3071 3082 3070
f 3114 3068 3067
f 3075 3074 3072
f 3077 3071 3079
f 3072 3078 3067
f 3072 3074 3078
f 3067 3065 3072
f 3075 3072 3065
f 3073 3078 3074
f 3075 3073 3074
f 3075 3082 3073
f 3076 3082 3071
f 3073 3080 3078
f 3084 3076 3071
f 3084 3071 3105
f 3079 3035 3077
f 3105 3077 3035
f 3079 3071 3091
f 3082 3081 3073
f 3106 3037 3036
f 1863 3111 3110
f 3075 3070 3082
f 3083 3081 3082
f 3083 3082 3076
f 3083 3086 1858
f 3087 3083 3076
f 3076 3084 3086
f 3084 3105 3035
f 3081 3083 3118
f 3035 3086 3084
f 3087 3086 3083
f 3076 3086 3087
f 3083 1858 1860
f 3038 3086 3035
f 3030 3034 3050
f 3034 3022 3050
f 3033 3088 3039
f 3024 3027 3029
f 3107 3039 3042
f 3106 3079 3037
f 3091 3109 3037
f 3079 3091 3090
f 3037 3079 3090
f 3069 3064 3093
f 3091 3092 3093
f 3069 3093 3092
f 3043 3109 3091
f 3092 3091 3071
f 3071 3069 3092
f 3029 3039 3024
f 3115 1863 103
f 3110 3080 3094
f 110 3030 3053
f 3053 3054 3095
f 3057 3099 3096
f 3055 3056 3098
f 3100 3101 3053
f 3100 3097 3098
f 3099 3100 3098
f 3098 3096 3099
f 3101 3100 3099
f 3095 3054 3101
f 3095 3101 3103
f 3099 3112 3101
f 3112 3102 3101
f 3113 108 3103
f 3103 3101 3102
f 3063 3060 3023
f 3059 3062 3104
f 3120 3059 3104
f 3071 3077 3105
f 3035 3079 3106
f 3114 3078 3119
f 3110 3078 3080
f 3080 3085 3094
f 3081 3080 3073
f 1861 1862 3118
f 3083 1861 3118
f 3081 3118 3085
f 3085 3080 3081
f 1860 1861 3083
f 3107 3042 3041
f 3088 3042 3039
f 3109 3108 3037
f 3042 3037 3108
f 3043 3091 3093
f 3109 3042 3108
f 3109 3043 3042
f 3094 3085 3118
f 1862 3094 3118
f 3094 1863 3110
f 3110 3111 3119
f 3117 3119 3115
f 3078 3110 3119
f 108 109 3095
f 3053 3097 3100
f 3061 3120 3104
f 3099 3120 3061
f 3099 3061 3112
f 108 3113 106
f 3116 106 3113
f 3103 3102 3113
f 3116 3113 3061
f 3102 3061 3113
f 3102 3112 3061
f 3061 3114 3119
f 3061 3117 3116
f 3061 3104 3114
f 3045 3046 3064
f 104 3116 3115
f 104 105 3116
f 103 104 3115
f 3116 3117 3115
f 3039 3107 3041
f 3037 3042 3088
f 3064 3044 3043
f 3093 3064 3043
f 3066 3045 3064
f 3064 3046 3044
f 3063 3045 3066
f 3111 1863 3115
f 3111 3115 3119
f 3121 3057 3120
f 3120 3099 3121
f 106 3116 105
f 3117 3061 3119
f 3122 54 3135
f 77 3128 3124
f 3137 3141 58
f 3126 65 3132
f 63 3126 3124
f 68 69 3131
f 77 3124 3125
f 76 3126 75
f 54 55 3134
f 3125 76 77
f 67 68 3131
f 3126 3125 3124
f 79 3127 77
f 76 3125 3126
f 63 65 3126
f 59 61 3127
f 73 75 3126
f 3142 82 85
f 3136 3122 3135
f 80 3127 79
f 3128 3127 61
f 77 3127 3128
f 61 63 3128
f 3124 3128 63
f 3129 3130 71
f 3129 71 3132
f 66 3129 65
f 67 3129 66
f 67 3131 3130
f 3130 3131 69
f 3129 3132 65
f 71 73 3132
f 3126 3132 73
f 3134 3142 54
f 54 3142 3135
f 85 87 3142
f 87 3135 3142
f 3142 3133 82
f 3133 3140 82
f 3140 3133 3134
f 81 82 3140
f 55 3140 3134
f 3135 87 3136
f 87 88 3136
f 3122 3136 88
f 58 3141 55
f 3139 3137 58
f 81 3137 3138
f 58 59 3139
f 81 3138 80
f 3138 3127 80
f 3127 3138 3139
f 3137 3139 3138
f 3127 3139 59
f 3140 3141 81
f 55 3141 3140
f 81 3141 3137
f 3133 3142 3134
f 71 3130 69
f 67 3130 3129
f 3162 94 3167
f 3166 3178 3156
f 3156 3178 3157
f 1864 3163 3167
f 3151 3170 3171
f 48 3178 47
f 3167 3148 3162
f 3150 3163 3170
f 3148 3168 3162
f 3156 3155 3166
f 94 1864 3167
f 3167 3163 3164
f 3164 3163 3149
f 3163 1864 3170
f 3166 3169 1871
f 3166 46 3178
f 1870 1871 3177
f 1871 46 3166
f 3169 3177 1871
f 3165 1869 1870
f 3183 3175 3159
f 1864 1866 3170
f 3177 3154 3153
f 3167 3149 3148
f 1869 3165 3170
f 3184 3186 3160
f 3149 3163 3150
f 3170 3151 3150
f 46 47 3178
f 3148 3147 3168
f 3165 3153 3171
f 3152 3171 3153
f 3155 3169 3166
f 3169 3155 3154
f 3154 3177 3169
f 1869 3170 1866
f 3170 3165 3171
f 3152 3151 3171
f 94 3162 3168
f 3144 3180 3145
f 3173 3172 90
f 3179 3181 91
f 3146 3145 3172
f 3174 3158 3157
f 3161 3186 3123
f 3149 3167 3164
f 3165 3177 3153
f 3177 3165 1870
f 3178 48 3174
f 3168 3179 94
f 94 3179 93
f 3146 3179 3147
f 3185 3180 3143
f 90 3185 3143
f 3172 3185 90
f 3185 3172 3145
f 3143 3180 3144
f 3181 3173 91
f 3146 3173 3181
f 3179 3168 3147
f 3172 3173 3146
f 3174 3159 3158
f 3174 3157 3178
f 3174 3183 3159
f 3182 3174 48
f 3183 3174 3182
f 3175 3183 48
f 50 3175 48
f 48 3183 3182
f 3175 3184 3160
f 3159 3175 3160
f 50 3184 3175
f 3186 3184 50
f 50 52 3186
f 3176 3186 52
f 3176 52 3123
f 3123 3186 3176
f 93 3179 91
f 3181 3179 3146
f 3180 3185 3145
f 91 3173 90
f 3160 3186 3161

