####
#
# Obj File Generated by Style3D V8.1.618
#
####
mtllib LargeT_Flat_Simple_5k.mtl
v 0.766343 0.00444187 0.00461542
v 0.766224 -0.0159449 0.00461672
v 0.766093 -0.0363335 0.00461654
v 0.765951 -0.0567201 0.00461686
v 0.765707 -0.0771057 0.00461664
v 0.765376 -0.0974966 0.00461653
v 0.765036 -0.117884 0.00461673
v 0.764686 -0.138266 0.00461712
v 0.764244 -0.158643 0.00461717
v 0.763713 -0.179014 0.00461734
v 0.763176 -0.199386 0.00461747
v 0.7626 -0.219757 0.00461741
v 0.761887 -0.240121 0.00461773
v 0.761168 -0.26048 0.00503549
v 0.760385 -0.280268 0.00982053
v 0.759321 -0.298589 0.0187367
v 0.739824 -0.298194 0.0183399
v 0.720275 -0.298132 0.0178572
v 0.70077 -0.298029 0.0174341
v 0.681201 -0.297958 0.0171024
v 0.661587 -0.298185 0.0161677
v 0.64207 -0.298455 0.01514
v 0.622563 -0.298668 0.0145285
v 0.603099 -0.298861 0.0142838
v 0.583605 -0.299068 0.0140502
v 0.564061 -0.299226 0.0142011
v 0.544464 -0.299327 0.0146938
v 0.524851 -0.299254 0.014811
v 0.505262 -0.299315 0.0149983
v 0.485618 -0.299391 0.0151181
v 0.465969 -0.299539 0.0153648
v 0.446298 -0.299346 0.0156494
v 0.426635 -0.299356 0.0152994
v 0.40697 -0.299194 0.0150239
v 0.387332 -0.298533 0.0154994
v 0.36774 -0.297198 0.0166526
v 0.34863 -0.293082 0.0189482
v 0.329883 -0.287222 0.0199322
v 0.311217 -0.281173 0.0209991
v 0.299163 -0.266851 0.0149625
v 0.289897 -0.262289 0.0318934
v 0.274484 -0.263357 0.0208402
v 0.256768 -0.25674 0.0158816
v 0.238572 -0.250222 0.0102167
v 0.219523 -0.245094 0.00762202
v 0.200145 -0.240681 0.00745601
v 0.181086 -0.237097 0.010756
v 0.162037 -0.234407 0.0142387
v 0.142847 -0.232438 0.0170334
v 0.123736 -0.232259 0.0198184
v 0.104657 -0.233852 0.0218782
v 0.0857315 -0.23742 0.0230226
v 0.0670845 -0.242381 0.0232829
v 0.0502771 -0.248209 0.0155325
v 0.042349 -0.229965 0.0155867
v 0.0357693 -0.211364 0.0160108
v 0.0303381 -0.192422 0.0169093
v 0.0253416 -0.173444 0.0172366
v 0.0204696 -0.15435 0.0178995
v 0.0163069 -0.135125 0.0182997
v 0.0131169 -0.115799 0.0173681
v 0.0102957 -0.096438 0.0158783
v 0.0272413 -0.0954643 0.0250081
v 0.0461209 -0.0922642 0.0225835
v 0.0560039 -0.0843906 0.00801244
v 0.0728103 -0.0755714 0.00461085
v 0.0880203 -0.063893 0.00655117
v 0.099082 -0.0504911 0.0148736
v 0.107753 -0.0336927 0.0112161
v 0.11185 -0.0153206 0.00709044
v 0.114093 0.00199199 0.0153035
v 0.759598 0.302234 0.00185976
v 0.759303 0.286832 0.0150657
v 0.761055 0.269215 0.00505098
v 0.762028 0.248877 0.00461747
v 0.762912 0.228534 0.00461741
v 0.763566 0.208184 0.00461707
v 0.764154 0.187823 0.00461687
v 0.764698 0.167463 0.00461684
v 0.765121 0.147097 0.00461663
v 0.765436 0.126727 0.004617
v 0.765729 0.106355 0.00461609
v 0.765998 0.085983 0.00461688
v 0.766174 0.0656061 0.00461651
v 0.766243 0.0452217 0.00461596
v 0.766299 0.0248302 0.00461625
v 0.305202 0.286914 0.0146915
v 0.316806 0.271266 0.0154966
v 0.329716 0.28511 0.0202402
v 0.348687 0.289829 0.0189426
v 0.367982 0.293255 0.0171666
v 0.387392 0.295953 0.0150163
v 0.406825 0.29828 0.0125596
v 0.426339 0.30018 0.0101082
v 0.445909 0.30133 0.00772021
v 0.465505 0.302076 0.00540524
v 0.485169 0.302398 0.00359105
v 0.504836 0.302584 0.00205479
v 0.524564 0.3025 0.00153882
v 0.544244 0.302455 0.00153796
v 0.563907 0.302417 0.00153741
v 0.583543 0.302313 0.00153758
v 0.603154 0.302271 0.00153699
v 0.622754 0.302118 0.00153762
v 0.642327 0.302004 0.00153848
v 0.661888 0.301965 0.00153809
v 0.681428 0.302004 0.00153672
v 0.700971 0.301972 0.0015373
v 0.720505 0.302007 0.00153747
v 0.74002 0.302063 0.00160075
v 0.0666453 0.245539 0.0234909
v 0.085592 0.241107 0.0238774
v 0.104469 0.237545 0.0225557
v 0.123501 0.235768 0.0200997
v 0.142594 0.23616 0.0174233
v 0.161759 0.23831 0.0145773
v 0.180771 0.241254 0.0109908
v 0.199768 0.245019 0.00753801
v 0.219119 0.24953 0.00720796
v 0.238016 0.254824 0.00993592
v 0.256287 0.260849 0.0155576
v 0.274156 0.265882 0.02301
v 0.289866 0.275995 0.0195758
v 0.0106292 0.0999008 0.0205654
v 0.0136227 0.118827 0.0184903
v 0.0157896 0.138174 0.0170634
v 0.0193863 0.157398 0.0154323
v 0.024274 0.176281 0.0146593
v 0.0299744 0.194937 0.0147069
v 0.0358309 0.213523 0.0153424
v 0.0422546 0.232107 0.0158143
v 0.0497177 0.250415 0.0153211
v 0.111837 0.019322 0.00715346
v 0.106947 0.0379545 0.00752998
v 0.0996433 0.0540255 0.0152294
v 0.0890075 0.0673907 0.00629881
v 0.0735758 0.0788113 0.00462182
v 0.0564588 0.0875328 0.00627787
v 0.0462637 0.0966424 0.0198946
v 0.0287249 0.0998648 0.0272902
v 0.593549 -0.266122 0.00461782
v 0.671869 -0.266064 0.00461731
v 0.397798 -0.266171 0.00487547
v 0.730559 -0.271015 0.00577203
v 0.749817 -0.289269 0.0133865
v 0.745632 -0.275318 0.00732621
v 0.734105 -0.28557 0.0107927
v 0.742888 -0.257076 0.00461928
v 0.715724 -0.28225 0.0088126
v 0.753661 -0.250033 0.00461767
v 0.740265 -0.230476 0.00461766
v 0.741901 -0.243741 0.00461775
v 0.717631 -0.240081 0.00461777
v 0.728301 -0.251494 0.00461611
v 0.706777 -0.261026 0.00461731
v 0.715876 -0.252458 0.00461755
v 0.699254 -0.24385 0.00461769
v 0.719092 -0.265038 0.00471524
v 0.710649 -0.291927 0.014071
v 0.693756 -0.279352 0.00698229
v 0.688667 -0.258812 0.00461761
v 0.701919 -0.209334 0.00461769
v 0.667634 -0.232703 0.00461778
v 0.683908 -0.271005 0.00524184
v 0.671172 -0.284364 0.00806843
v 0.696728 -0.267784 0.0049614
v 0.705511 -0.27614 0.00620677
v 0.705441 -0.226944 0.00461762
v 0.674452 -0.248753 0.00461762
v 0.646746 -0.274671 0.00495724
v 0.723515 -0.222334 0.00461754
v 0.685384 -0.22191 0.00461752
v 0.656017 -0.286287 0.00836207
v 0.660429 -0.273679 0.00511442
v 0.656348 -0.255007 0.00461758
v 0.741229 -0.207165 0.00461777
v 0.681783 -0.236086 0.00461773
v 0.735667 -0.218621 0.00461752
v 0.749089 -0.220199 0.00461768
v 0.725394 -0.206549 0.00461771
v 0.753979 -0.208328 0.00461737
v 0.748879 -0.193828 0.00461772
v 0.714262 -0.213261 0.00461777
v 0.712479 -0.1976 0.00461775
v 0.729746 -0.186435 0.00461769
v 0.686542 -0.184805 0.00461774
v 0.697692 -0.194875 0.00461779
v 0.709327 -0.173631 0.00461754
v 0.680095 -0.203207 0.00461766
v 0.699241 -0.181916 0.00461763
v 0.687898 -0.160811 0.00461773
v 0.319865 -0.265702 0.00706578
v 0.306516 -0.267545 0.0307029
v 0.323952 -0.268918 0.0247708
v 0.297941 -0.261581 0.0105181
v 0.341949 -0.275607 0.00939145
v 0.298362 -0.261502 0.022914
v 0.312004 -0.263046 0.0186274
v 0.286853 -0.263302 0.0168044
v 0.283752 -0.243636 0.00591015
v 0.277872 -0.255436 0.0101277
v 0.265842 -0.241949 0.009426
v 0.329286 -0.273087 0.0131681
v 0.338406 -0.277058 0.022412
v 0.336507 -0.259139 0.00460881
v 0.251523 -0.243938 0.0107982
v 0.256149 -0.217802 0.00603591
v 0.236915 -0.228503 0.00666184
v 0.257407 -0.231239 0.00925692
v 0.277246 -0.224364 0.00906826
v 0.367595 -0.258917 0.00461644
v 0.316781 -0.232858 0.0046185
v 0.352016 -0.26372 0.00461704
v 0.322872 -0.248833 0.00490586
v 0.361108 -0.281178 0.00696888
v 0.351986 -0.236118 0.00461764
v 0.304556 -0.24682 0.00461154
v 0.334291 -0.235301 0.00461919
v 0.347787 -0.249953 0.00461747
v 0.308984 -0.258989 0.0044778
v 0.297116 -0.228168 0.00471211
v 0.293044 -0.251611 0.0048544
v 0.344966 -0.204714 0.0046183
v 0.328415 -0.21636 0.00461614
v 0.0546742 -0.235471 0.0209521
v 0.0717452 -0.223838 0.0136325
v 0.0553395 -0.21749 0.0181059
v 0.072047 -0.191106 0.00575536
v 0.0672034 -0.207372 0.0100185
v 0.0972293 -0.209627 0.0048333
v 0.0511501 -0.192429 0.0130496
v 0.0822149 -0.203701 0.00562078
v 0.0619699 -0.196479 0.00956418
v 0.0603494 -0.181355 0.00780752
v 0.0540654 -0.20476 0.0158022
v 0.0438124 -0.174626 0.0158079
v 0.0828918 -0.165178 0.00461748
v 0.0737627 -0.176583 0.00461867
v 0.0910192 -0.186227 0.00461722
v 0.0585284 -0.154755 0.00598304
v 0.062925 -0.167929 0.00551333
v 0.0855496 -0.218175 0.00978278
v 0.0999301 -0.221695 0.0138568
v 0.120073 -0.214619 0.00527306
v 0.0400633 -0.12048 0.0195227
v 0.0184809 -0.104673 0.0218508
v 0.0262837 -0.117213 0.0242981
v 0.0305479 -0.131883 0.0229713
v 0.0371414 -0.106661 0.0245762
v 0.0461529 -0.138385 0.0106031
v 0.0501477 -0.106688 0.00974446
v 0.730186 0.0552738 0.00461758
v 0.728407 0.17677 0.00461779
v 0.725564 0.257478 0.0046176
v 0.749663 0.296273 0.0103133
v 0.729878 0.288375 0.0121886
v 0.744437 0.281046 0.0120633
v 0.731417 0.273315 0.00461439
v 0.703036 0.279923 0.00546696
v 0.744609 0.259392 0.00461765
v 0.715761 0.270154 0.00461641
v 0.716777 0.284375 0.0071913
v 0.705596 0.292898 0.0125484
v 0.686943 0.287594 0.0128894
v 0.698168 0.246807 0.00461763
v 0.710313 0.255977 0.00461769
v 0.694302 0.264362 0.00461742
v 0.720821 0.229827 0.00461771
v 0.719271 0.244347 0.0046178
v 0.739668 0.239031 0.00461771
v 0.68978 0.277198 0.00461689
v 0.664747 0.278857 0.00500467
v 0.676549 0.265479 0.00461732
v 0.647089 0.251536 0.00461775
v 0.659797 0.262678 0.00461764
v 0.634364 0.279392 0.0058448
v 0.671571 0.236579 0.00461749
v 0.644529 0.267197 0.0046179
v 0.649607 0.281572 0.00596131
v 0.618076 0.255013 0.00461771
v 0.659708 0.291315 0.0126485
v 0.640217 0.291694 0.0126232
v 0.633039 0.257395 0.0046176
v 0.672994 0.287079 0.0126265
v 0.623612 0.290043 0.0128651
v 0.629839 0.229677 0.00461766
v 0.635366 0.243061 0.00461773
v 0.651511 0.228495 0.00461768
v 0.670385 0.251695 0.00461749
v 0.658875 0.243312 0.00461776
v 0.683562 0.244989 0.00461761
v 0.692742 0.219476 0.00461769
v 0.692515 0.233747 0.00461795
v 0.705997 0.226708 0.00461784
v 0.712386 0.199624 0.00461776
v 0.705366 0.2123 0.0046176
v 0.686427 0.193714 0.00461744
v 0.722097 0.213177 0.00461766
v 0.698552 0.200329 0.00461766
v 0.703852 0.176398 0.00461765
v 0.615607 0.274285 0.00509137
v 0.685004 0.256867 0.00461776
v 0.731698 0.196058 0.00461769
v 0.736144 0.222536 0.00461775
v 0.748867 0.228417 0.00461775
v 0.748465 0.212684 0.00461762
v 0.735427 0.209041 0.00461766
v 0.745253 0.199162 0.00461777
v 0.741539 0.184418 0.0046178
v 0.74455 0.164225 0.00461764
v 0.398192 0.272039 0.00675099
v 0.13259 0.0630673 0.00461733
v 0.0803476 0.113947 0.00461797
v 0.0679886 0.214317 0.0126252
v 0.0364343 0.123287 0.015161
v 0.0192598 0.108636 0.0245518
v 0.0326321 0.113118 0.0241498
v 0.042094 0.10944 0.0128355
v 0.0251291 0.125445 0.0237697
v 0.0585393 0.126169 0.00461636
v 0.0331764 0.140176 0.0186904
v 0.0470707 0.120611 0.00790657
v 0.0585369 0.106103 0.00462093
v 0.0462428 0.137893 0.00760584
v 0.0503226 0.0978921 0.00850426
v 0.0729921 0.154622 0.00461741
v 0.0411496 0.160034 0.0110458
v 0.0618114 0.142413 0.00461653
v 0.0415677 0.147854 0.0136204
v 0.0512826 0.149574 0.00548475
v 0.0584835 0.168378 0.00533525
v 0.0757154 0.131261 0.00461773
v 0.108564 0.131022 0.00461708
v 0.0920842 0.126485 0.00461719
v 0.107869 0.0997305 0.00823091
v 0.0949467 0.149099 0.00461767
v 0.103961 0.115239 0.00461551
v 0.0867777 0.138604 0.0046177
v 0.0927262 0.10363 0.00461621
v 0.132935 0.11603 0.0124672
v 0.0764343 0.096483 0.00461655
v 0.0960105 0.0850558 0.00605275
v 0.118792 0.119522 0.00707116
v 0.121388 0.105495 0.0130686
v 0.134434 0.143894 0.00461813
v 0.120978 0.0817111 0.01271
v 0.123275 0.133744 0.00461946
v 0.117117 0.0935743 0.0136592
v 0.107656 0.0836383 0.0127805
v 0.135412 0.0937412 0.00830016
v 0.11568 0.153595 0.00461757
v 0.111718 0.0668109 0.0140052
v 0.070524 0.106991 0.00461952
v 0.0691451 0.119501 0.00461612
v 0.0646594 0.0959509 0.00460916
v 0.0836698 0.0862494 0.00461619
v 0.100048 0.0725427 0.0117592
v 0.122929 0.0698297 0.00885283
v 0.118673 0.053665 0.00658822
v 0.135572 0.0784397 0.0052753
v 0.161115 0.0659805 0.0046179
v 0.146518 0.0685684 0.00461718
v 0.148862 0.0412441 0.00461734
v 0.158125 0.08959 0.00461689
v 0.151523 0.055289 0.00461753
v 0.145496 0.0868939 0.00461588
v 0.148885 0.103329 0.00536359
v 0.174975 0.0438746 0.00461771
v 0.1649 0.0529231 0.00461772
v 0.186184 0.0665012 0.00461769
v 0.133302 0.0465246 0.00461659
v 0.177955 0.113345 0.00461735
v 0.134072 0.0239576 0.00594412
v 0.164761 0.104229 0.00461686
v 0.180603 0.088363 0.00461777
v 0.157548 0.130037 0.0107072
v 0.176899 0.100561 0.00461776
v 0.200346 0.101371 0.00461754
v 0.188515 0.106176 0.0046177
v 0.203198 0.124976 0.00461781
v 0.190196 0.120014 0.00461761
v 0.156423 0.116084 0.00607543
v 0.188287 0.145521 0.00461547
v 0.145441 0.12267 0.0116953
v 0.176182 0.131621 0.0046177
v 0.145435 0.136314 0.0083539
v 0.163219 0.155167 0.0077906
v 0.148201 0.151514 0.00511981
v 0.157544 0.143213 0.00917721
v 0.171667 0.144063 0.00971278
v 0.150182 0.180469 0.00461733
v 0.132722 0.163609 0.00461768
v 0.179654 0.159258 0.00916159
v 0.153245 0.165758 0.0046164
v 0.168626 0.170354 0.00601719
v 0.138093 0.0354192 0.0046183
v 0.122217 0.0349228 0.00494653
v 0.150716 0.0247251 0.00545229
v 0.168093 0.121456 0.00461709
v 0.208713 0.169457 0.00461693
v 0.162631 0.0345506 0.00461792
v 0.174003 0.00934637 0.0096825
v 0.164616 0.0200118 0.00585974
v 0.149092 -0.00119012 0.0115951
v 0.183468 0.0260681 0.00461776
v 0.160065 0.0075631 0.0107278
v 0.169975 -0.0154241 0.00535934
v 0.168487 -0.00297234 0.0102446
v 0.193015 -0.00655171 0.00886927
v 0.189255 0.180142 0.00765556
v 0.195177 0.160326 0.00461718
v 0.14301 0.0128541 0.0114588
v 0.127091 0.0110633 0.0125315
v 0.208857 0.145005 0.00461776
v 0.130615 -0.0083889 0.0119482
v 0.304238 0.259367 0.0079482
v 0.305337 0.276538 0.0278606
v 0.297603 0.26088 0.0242958
v 0.323507 0.271281 0.033351
v 0.284472 0.258245 0.00956586
v 0.31157 0.264146 0.0277124
v 0.330034 0.264686 0.00892249
v 0.323438 0.265356 0.0209509
v 0.345843 0.27119 0.0246539
v 0.0545992 0.237928 0.0208549
v 0.0542378 0.22098 0.0201566
v 0.0691105 0.229178 0.0204773
v 0.0514548 0.200752 0.0139835
v 0.0885285 0.222737 0.0122902
v 0.0766874 0.222419 0.0140603
v 0.0820721 0.209032 0.00786117
v 0.0683921 0.196527 0.00769619
v 0.110801 0.206175 0.00461739
v 0.0969429 0.211616 0.00681861
v 0.0937293 0.184175 0.00461784
v 0.110941 0.224778 0.00966134
v 0.0991538 0.197577 0.00461677
v 0.117684 0.182312 0.00461779
v 0.0559273 0.184877 0.00940886
v 0.0829314 0.194426 0.00509986
v 0.0729955 0.179256 0.00461686
v 0.0433253 0.188749 0.0162892
v 0.0459859 0.17417 0.013184
v 0.070828 0.166928 0.0046174
v 0.086936 0.163515 0.00461772
v 0.573868 -0.279347 0.0059784
v 0.593414 -0.284724 0.0068393
v 0.612994 -0.283789 0.00628194
v 0.585544 -0.27551 0.00514162
v 0.573061 -0.256772 0.00461726
v 0.581757 -0.288388 0.00829082
v 0.602816 -0.275467 0.0052913
v 0.622852 -0.261452 0.00461764
v 0.607819 -0.261239 0.00461685
v 0.615935 -0.234634 0.00461778
v 0.593654 -0.242505 0.00461781
v 0.615611 -0.24905 0.00461764
v 0.637106 -0.244675 0.00461765
v 0.397441 -0.284703 0.00780085
v 0.41708 -0.283759 0.00815969
v 0.380049 -0.275292 0.00545747
v 0.406961 -0.275572 0.00608109
v 0.427127 -0.261754 0.00461796
v 0.412104 -0.261445 0.00461766
v 0.420359 -0.234902 0.00461759
v 0.398053 -0.242599 0.00461744
v 0.419965 -0.249315 0.00461785
v 0.445625 -0.242543 0.00461769
v 0.431883 -0.242316 0.0046177
v 0.439362 -0.217962 0.00461741
v 0.384427 -0.287317 0.00895499
v 0.691126 -0.290697 0.0128172
v 0.632554 -0.285549 0.007222
v 0.632858 -0.271524 0.00461827
v 0.642722 -0.260559 0.00461758
v 0.745093 -0.175148 0.00461779
v 0.716521 -0.18485 0.00461777
v 0.724863 -0.171512 0.00461768
v 0.713452 -0.144963 0.00461782
v 0.715419 -0.159863 0.00461746
v 0.739163 -0.150171 0.00461778
v 0.701477 -0.154192 0.00461775
v 0.725626 -0.150889 0.00461769
v 0.683098 -0.133427 0.00461761
v 0.731173 -0.126467 0.00461783
v 0.689355 -0.14642 0.00461778
v 0.700689 -0.132866 0.00461766
v 0.663198 -0.151161 0.00461778
v 0.676925 -0.152489 0.00461766
v 0.66793 -0.172843 0.00461763
v 0.715905 -0.129543 0.0046177
v 0.725519 -0.138027 0.00461757
v 0.738447 -0.137201 0.00461782
v 0.751349 -0.142972 0.00461772
v 0.748231 -0.122674 0.00461784
v 0.718168 -0.100881 0.00461762
v 0.704685 -0.114278 0.00461771
v 0.721069 -0.115521 0.00461763
v 0.73675 -0.111128 0.00461771
v 0.687821 -0.0837132 0.00461764
v 0.752353 -0.107036 0.00461764
v 0.700564 -0.0965922 0.00461776
v 0.747767 -0.0870249 0.00461779
v 0.717049 -0.0674215 0.00461777
v 0.676502 -0.107756 0.00461764
v 0.704712 -0.0796885 0.00461777
v 0.691266 -0.108142 0.0046178
v 0.684224 -0.0967039 0.00461766
v 0.663085 -0.0839144 0.00461769
v 0.670587 -0.0953837 0.00461778
v 0.683527 -0.119613 0.00461765
v 0.646501 -0.103073 0.00461772
v 0.659613 -0.125893 0.00461763
v 0.661156 -0.107565 0.00461781
v 0.656915 -0.0953375 0.00461766
v 0.638116 -0.0807658 0.00461774
v 0.721231 -0.0840202 0.00461759
v 0.689247 -0.0517058 0.0046178
v 0.695356 -0.122018 0.00461787
v 0.733421 -0.0949255 0.00461783
v 0.736114 -0.0713829 0.00461761
v 0.693038 -0.0678952 0.0046178
v 0.704857 -0.0565335 0.00461765
v 0.671961 -0.0643795 0.00461765
v 0.730261 -0.0402515 0.00461763
v 0.681365 -0.0728285 0.00461763
v 0.719841 -0.0519798 0.00461762
v 0.73543 -0.0553883 0.00461762
v 0.704814 -0.0280557 0.00461767
v 0.750393 -0.062738 0.00461785
v 0.748617 -0.0423824 0.00461771
v 0.708754 -0.042278 0.00461779
v 0.752786 -0.0260601 0.00461783
v 0.759802 -0.0464867 0.00461729
v 0.748022 -0.00565447 0.00461763
v 0.689799 -0.210515 0.00461791
v 0.669891 -0.216287 0.00461778
v 0.656406 -0.195213 0.00461775
v 0.645769 -0.221477 0.00461763
v 0.666832 -0.203364 0.00461778
v 0.673392 -0.19056 0.00461761
v 0.653731 -0.209405 0.00461763
v 0.630021 -0.197739 0.00461756
v 0.639386 -0.208604 0.00461773
v 0.620713 -0.215335 0.00461761
v 0.658719 -0.223174 0.00461715
v 0.650314 -0.236352 0.00461773
v 0.231164 -0.23992 0.00793231
v 0.218563 -0.226234 0.00604101
v 0.211169 -0.23576 0.00666848
v 0.196207 -0.218623 0.00479055
v 0.232018 -0.195278 0.00461823
v 0.229701 -0.212689 0.00514497
v 0.242773 -0.216028 0.00533419
v 0.252605 -0.197319 0.00461717
v 0.210224 -0.201083 0.00461981
v 0.216514 -0.212956 0.00518811
v 0.351838 -0.280667 0.0163626
v 0.285805 -0.231901 0.00614618
v 0.288775 -0.220316 0.00838296
v 0.27615 -0.202498 0.00461723
v 0.307925 -0.208863 0.00744428
v 0.344407 -0.221347 0.00461787
v 0.374832 -0.21512 0.00461766
v 0.358657 -0.213307 0.00461768
v 0.365095 -0.227422 0.00461758
v 0.366197 -0.243187 0.00461772
v 0.38318 -0.231587 0.00461775
v 0.382216 -0.249652 0.00461756
v 0.367414 -0.184682 0.00461779
v 0.402978 -0.220444 0.00461771
v 0.380064 -0.262394 0.00461691
v 0.393765 -0.254363 0.00461755
v 0.359006 -0.19782 0.00461768
v 0.375295 -0.198863 0.0046177
v 0.339939 -0.176732 0.0046177
v 0.346449 -0.189969 0.00461756
v 0.323989 -0.192955 0.00461803
v 0.388788 -0.218373 0.00461772
v 0.399318 -0.196638 0.00461777
v 0.395558 -0.23045 0.00461746
v 0.407675 -0.234228 0.00461755
v 0.386081 -0.183565 0.00461772
v 0.416056 -0.166474 0.00461781
v 0.403454 -0.179234 0.00461778
v 0.375005 -0.151163 0.0046178
v 0.426553 -0.193782 0.00461763
v 0.37595 -0.168954 0.00461767
v 0.395522 -0.158832 0.00461781
v 0.412472 -0.190505 0.00461776
v 0.411981 -0.206808 0.00461776
v 0.422472 -0.179661 0.00461754
v 0.449533 -0.179316 0.00461766
v 0.436027 -0.183308 0.00461767
v 0.443862 -0.199996 0.00461797
v 0.437116 -0.161738 0.00461775
v 0.355563 -0.161318 0.0046177
v 0.404052 -0.167232 0.00461776
v 0.409301 -0.153396 0.00461774
v 0.391468 -0.17145 0.00461746
v 0.393542 -0.133361 0.00461768
v 0.424346 -0.153849 0.0046178
v 0.398382 -0.145767 0.00461775
v 0.416657 -0.131377 0.00461769
v 0.444853 -0.135042 0.00461762
v 0.437231 -0.147323 0.00461776
v 0.462703 -0.154577 0.00461777
v 0.430548 -0.134713 0.00461764
v 0.451013 -0.147341 0.00461773
v 0.438455 -0.109518 0.0046176
v 0.469791 -0.130112 0.00461774
v 0.426885 -0.11978 0.00461769
v 0.439843 -0.122743 0.00461783
v 0.455576 -0.123426 0.00461774
v 0.41461 -0.0943008 0.00461763
v 0.458166 -0.136281 0.00461777
v 0.474691 -0.101457 0.0046177
v 0.40782 -0.113328 0.00461771
v 0.42436 -0.105282 0.00461783
v 0.46821 -0.115117 0.00461764
v 0.439099 -0.0823696 0.00461771
v 0.495567 -0.119628 0.00461771
v 0.45557 -0.100835 0.00461781
v 0.428513 -0.0917739 0.00461776
v 0.482551 -0.113504 0.00461781
v 0.417253 -0.0684409 0.00461763
v 0.500051 -0.093378 0.00461767
v 0.41958 -0.0817168 0.00461771
v 0.488486 -0.100991 0.00461764
v 0.394837 -0.079384 0.0046176
v 0.480918 -0.0767472 0.00461769
v 0.383513 -0.159564 0.00461768
v 0.417712 -0.220383 0.00461767
v 0.473278 -0.216755 0.00461765
v 0.363014 -0.172217 0.00461773
v 0.367523 -0.160555 0.00461766
v 0.360839 -0.14766 0.00461779
v 0.372834 -0.130411 0.00461762
v 0.334013 -0.145482 0.00461784
v 0.347067 -0.150341 0.00461771
v 0.349991 -0.127488 0.00461767
v 0.335308 -0.161456 0.00461766
v 0.456185 -0.212561 0.0046175
v 0.30625 -0.156224 0.00461774
v 0.321149 -0.174308 0.00461781
v 0.451676 -0.227816 0.00461762
v 0.438948 -0.231141 0.00461766
v 0.474082 -0.245491 0.00461729
v 0.460318 -0.239913 0.00461764
v 0.457238 -0.266844 0.0052685
v 0.471925 -0.231191 0.00461773
v 0.462632 -0.253789 0.00461778
v 0.498292 -0.234208 0.00461766
v 0.482515 -0.269458 0.00521873
v 0.484643 -0.236443 0.00461771
v 0.489787 -0.25328 0.00461808
v 0.489223 -0.220554 0.00461757
v 0.470326 -0.192292 0.00461776
v 0.32158 -0.154733 0.00461761
v 0.311713 -0.128318 0.00461765
v 0.312905 -0.142983 0.00461775
v 0.286333 -0.138163 0.00461779
v 0.298876 -0.144344 0.00461762
v 0.281324 -0.163779 0.00461762
v 0.292786 -0.156492 0.00461777
v 0.29852 -0.178631 0.00461759
v 0.511516 -0.272531 0.00514864
v 0.518019 -0.210963 0.00461777
v 0.457786 -0.198598 0.00461779
v 0.485125 -0.202787 0.00461757
v 0.497554 -0.266402 0.00461966
v 0.493201 -0.283997 0.00822447
v 0.513044 -0.250463 0.00461744
v 0.504926 -0.219828 0.00461762
v 0.515476 -0.233345 0.00461756
v 0.502744 -0.202288 0.00461776
v 0.475387 -0.285467 0.0092304
v 0.543958 -0.245788 0.00461753
v 0.525952 -0.17929 0.00461774
v 0.493393 -0.175366 0.00461781
v 0.469258 -0.27352 0.00605189
v 0.454911 -0.284594 0.00903152
v 0.527886 -0.243688 0.00461759
v 0.51755 -0.194042 0.00461772
v 0.484672 -0.187713 0.00461776
v 0.498903 -0.188528 0.00461773
v 0.474031 -0.170914 0.00461769
v 0.509832 -0.17608 0.00461765
v 0.440414 -0.274029 0.00606645
v 0.527253 -0.262355 0.00461803
v 0.539093 -0.222263 0.00461769
v 0.523793 -0.148958 0.00461779
v 0.443798 -0.258441 0.00461779
v 0.427083 -0.275058 0.00600789
v 0.434621 -0.287523 0.0100429
v 0.528596 -0.281699 0.00706262
v 0.541569 -0.197911 0.00461774
v 0.528454 -0.230362 0.00461751
v 0.502652 -0.15526 0.00461763
v 0.520612 -0.164465 0.00461766
v 0.549555 -0.162145 0.00461776
v 0.53479 -0.159211 0.00461766
v 0.547565 -0.134376 0.00461778
v 0.537704 -0.145015 0.00461771
v 0.523965 -0.122301 0.00461761
v 0.527629 -0.135626 0.00461775
v 0.508472 -0.133873 0.0046175
v 0.530311 -0.191523 0.00461766
v 0.530091 -0.204982 0.00461767
v 0.544443 -0.179783 0.0046177
v 0.574982 -0.193653 0.00461797
v 0.535481 -0.171479 0.00461772
v 0.557721 -0.191057 0.00461776
v 0.55671 -0.211592 0.00461774
v 0.569587 -0.171935 0.00461788
v 0.564877 -0.201625 0.00461747
v 0.578256 -0.220966 0.0046177
v 0.577397 -0.207207 0.00461754
v 0.598797 -0.212575 0.00461773
v 0.591267 -0.197592 0.00461773
v 0.556336 -0.173613 0.00461741
v 0.567679 -0.183986 0.0046177
v 0.582761 -0.180088 0.00461771
v 0.590779 -0.152454 0.00461762
v 0.582898 -0.165169 0.00461754
v 0.609194 -0.172647 0.00461767
v 0.567855 -0.147067 0.00461778
v 0.597127 -0.165176 0.00461783
v 0.616536 -0.147352 0.00461779
v 0.604346 -0.153535 0.00461781
v 0.599661 -0.128858 0.0046178
v 0.610649 -0.197082 0.00461757
v 0.0745875 -0.233069 0.0210281
v 0.0412889 -0.199572 0.0181392
v 0.0343063 -0.181261 0.0194224
v 0.0357214 -0.16077 0.0198295
v 0.0476265 -0.161411 0.0121805
v 0.0325902 -0.146458 0.021394
v 0.100964 -0.0973235 0.0046173
v 0.131765 -0.224371 0.0092982
v 0.151648 -0.217982 0.00527419
v 0.136618 -0.207912 0.00461536
v 0.118357 -0.187378 0.00461749
v 0.161561 -0.186709 0.00461779
v 0.123925 -0.200785 0.00461705
v 0.140068 -0.186857 0.00461748
v 0.108496 -0.199199 0.00461689
v 0.152162 -0.200869 0.00461708
v 0.173862 -0.210544 0.0046153
v 0.161187 -0.209872 0.0046769
v 0.164697 -0.223325 0.00633727
v 0.167868 -0.198546 0.0046178
v 0.189214 -0.195697 0.00461734
v 0.17686 -0.186359 0.0046176
v 0.199002 -0.169316 0.00461763
v 0.190388 -0.181054 0.00461778
v 0.168051 -0.15935 0.00461732
v 0.206899 -0.184381 0.00461775
v 0.168656 -0.174039 0.00461772
v 0.182915 -0.166341 0.00461812
v 0.14826 -0.167176 0.00461769
v 0.17903 -0.224014 0.00530441
v 0.219136 -0.190664 0.00461793
v 0.233707 -0.169797 0.0046176
v 0.219165 -0.175036 0.00461768
v 0.229887 -0.182348 0.00461784
v 0.243439 -0.186526 0.00461772
v 0.217306 -0.146332 0.00461767
v 0.264018 -0.177981 0.00461769
v 0.222246 -0.160423 0.00461775
v 0.244415 -0.14444 0.00461772
v 0.207832 -0.157573 0.00461774
v 0.231121 -0.149309 0.00461771
v 0.192678 -0.134793 0.00461632
v 0.193017 -0.155413 0.00461801
v 0.229313 -0.123095 0.00461773
v 0.203422 -0.144053 0.00461705
v 0.226558 -0.136448 0.00461752
v 0.209825 -0.125421 0.00461767
v 0.0503523 -0.0946037 0.0115029
v 0.0685896 -0.100115 0.00461501
v 0.0511614 -0.122986 0.00785745
v 0.0639285 -0.136625 0.0046175
v 0.0748915 -0.149912 0.00461656
v 0.068807 -0.118678 0.00461688
v 0.105726 -0.143402 0.00461781
v 0.0610003 -0.109477 0.00536698
v 0.0827917 -0.132119 0.00461746
v 0.0855696 -0.109031 0.00461773
v 0.0912441 -0.151038 0.00461762
v 0.104958 -0.168809 0.00461761
v 0.103111 -0.156028 0.00461759
v 0.126211 -0.159336 0.00461762
v 0.115423 -0.152074 0.00461778
v 0.133465 -0.136568 0.0046173
v 0.11913 -0.138049 0.0046175
v 0.123606 -0.111744 0.00609911
v 0.105065 -0.122022 0.00461709
v 0.125062 -0.125501 0.00461755
v 0.148233 -0.116641 0.00994957
v 0.743963 0.034954 0.0046176
v 0.749632 0.0553504 0.00461785
v 0.729843 0.0956965 0.00461785
v 0.730146 0.299634 0.00813265
v 0.719004 0.295513 0.0118734
v 0.748571 0.271375 0.00500172
v 0.69117 0.297005 0.00658365
v 0.735909 0.250744 0.00461748
v 0.749285 0.247474 0.00461764
v 0.554489 0.273428 0.00499815
v 0.671688 0.297447 0.00681777
v 0.669709 0.212731 0.00461779
v 0.708002 0.238989 0.00461782
v 0.627265 0.268863 0.00461752
v 0.604849 0.287632 0.0130143
v 0.612911 0.29555 0.00676799
v 0.593464 0.295678 0.00951683
v 0.573923 0.28746 0.0123574
v 0.589542 0.278219 0.0110681
v 0.573425 0.269944 0.0046181
v 0.72028 0.18812 0.00461772
v 0.757293 0.197816 0.00461759
v 0.754171 0.177381 0.00461763
v 0.716682 0.145043 0.00461748
v 0.756034 0.157103 0.00461765
v 0.739018 0.142415 0.00461769
v 0.39936 0.283454 0.0214983
v 0.380115 0.279954 0.0240174
v 0.422296 0.280788 0.0100627
v 0.389604 0.276773 0.0154654
v 0.368803 0.267406 0.00666526
v 0.383837 0.267469 0.00515311
v 0.376126 0.240895 0.00461756
v 0.398276 0.248781 0.00461753
v 0.376221 0.255271 0.00461792
v 0.350712 0.248258 0.00461488
v 0.364446 0.248139 0.00461657
v 0.357359 0.223918 0.0046176
v 0.413568 0.2875 0.0198479
v 0.408939 0.279257 0.0103686
v 0.415002 0.260624 0.00461618
v 0.0301973 0.164731 0.0166494
v 0.0611084 0.156593 0.00461554
v 0.106856 0.143954 0.00461727
v 0.151552 0.211487 0.00461776
v 0.12734 0.153144 0.00461691
v 0.238485 0.218946 0.00507757
v 0.200605 0.0453983 0.0046177
v 0.191432 0.0109573 0.00863175
v 0.223078 0.00513518 0.00673231
v 0.202784 0.0261883 0.00461747
v 0.206441 0.00358022 0.00826006
v 0.217188 -0.0251177 0.00461718
v 0.213506 0.0161515 0.00483555
v 0.238246 0.027571 0.00461755
v 0.220286 0.034274 0.00461755
v 0.227442 0.0184056 0.0046176
v 0.24887 0.00392437 0.00461699
v 0.240236 0.0142471 0.00461785
v 0.262902 0.0245309 0.00461759
v 0.215849 -0.00917571 0.00580871
v 0.202945 -0.018226 0.00503818
v 0.186059 -0.0218797 0.00461674
v 0.199721 -0.0431738 0.00461776
v 0.205454 -0.0312551 0.0046178
v 0.220699 -0.0459739 0.00461779
v 0.237301 -0.0152812 0.00461759
v 0.166815 -0.0471876 0.00461769
v 0.228243 -0.00637788 0.00510024
v 0.172843 -0.0317712 0.00461767
v 0.146771 -0.0278009 0.00461521
v 0.183222 -0.0448447 0.00461767
v 0.159046 -0.0351588 0.00461806
v 0.141779 -0.0547507 0.00461701
v 0.153198 -0.0474167 0.00461725
v 0.140693 -0.0405278 0.00461614
v 0.160702 -0.0715199 0.00461658
v 0.12758 -0.026301 0.00461874
v 0.121907 -0.0488278 0.00773897
v 0.190396 -0.0341182 0.00461744
v 0.19468 -0.0733483 0.00461783
v 0.177583 -0.06297 0.00461749
v 0.192952 -0.0575051 0.00461771
v 0.211779 -0.0635879 0.00461766
v 0.19339 0.212751 0.0046181
v 0.17023 0.194911 0.00461717
v 0.198243 0.13711 0.00461717
v 0.28519 0.259737 0.0218964
v 0.269988 0.258284 0.0112889
v 0.257025 0.236858 0.00546083
v 0.260192 0.249243 0.00984683
v 0.278081 0.238773 0.00461723
v 0.34055 0.283045 0.0277954
v 0.360684 0.280695 0.0276059
v 0.357149 0.273704 0.0144751
v 0.344057 0.268799 0.0102908
v 0.369979 0.276055 0.0164413
v 0.0472906 0.211154 0.018791
v 0.039314 0.202034 0.0180148
v 0.093395 0.231851 0.0198483
v 0.131197 0.222783 0.00644143
v 0.118884 0.16781 0.00461784
v 0.104951 0.173885 0.00461771
v 0.0847695 0.175674 0.00461748
v 0.554286 -0.283344 0.00732014
v 0.368276 -0.271246 0.00495005
v 0.371685 -0.287696 0.00932716
v 0.756153 -0.168628 0.00461778
v 0.751175 -0.156287 0.00461761
v 0.736669 -0.163973 0.00461769
v 0.681295 -0.172503 0.00461775
v 0.759558 -0.0872063 0.00461739
v 0.753828 -0.0767664 0.00461774
v 0.652544 -0.0673541 0.00461774
v 0.759979 -0.0057173 0.00461733
v 0.754062 0.00509694 0.00461797
v 0.732051 0.0104339 0.00461774
v 0.733233 -0.0199098 0.00461763
v 0.630831 -0.228004 0.00461762
v 0.191401 -0.230705 0.00599838
v 0.241493 -0.203447 0.00462888
v 0.262933 -0.205907 0.00461929
v 0.266717 -0.191994 0.00461783
v 0.283141 -0.186617 0.00461764
v 0.293327 -0.200354 0.00461791
v 0.286899 -0.174726 0.00461778
v 0.307852 -0.192996 0.00461699
v 0.310602 -0.18092 0.00461779
v 0.310098 -0.168256 0.00461755
v 0.309211 -0.221912 0.0046172
v 0.320923 -0.205746 0.00670705
v 0.451658 -0.164578 0.0046176
v 0.404613 -0.126124 0.00461775
v 0.389996 -0.115798 0.00461767
v 0.384053 -0.1262 0.00461771
v 0.382186 -0.138458 0.00461779
v 0.372801 -0.112998 0.00461778
v 0.396847 -0.098806 0.00461756
v 0.362403 -0.121834 0.00461761
v 0.346398 -0.102805 0.00461777
v 0.359571 -0.107969 0.00461773
v 0.374186 -0.0899426 0.00461768
v 0.35833 -0.092069 0.00461758
v 0.403672 -0.0882239 0.00461779
v 0.407062 -0.076016 0.0046178
v 0.398855 -0.0542795 0.00461775
v 0.39808 -0.0670195 0.00461773
v 0.375882 -0.0594621 0.00461759
v 0.384565 -0.070179 0.00461766
v 0.368435 -0.0743994 0.00461782
v 0.345797 -0.0539645 0.00461764
v 0.335459 -0.0786247 0.00461778
v 0.360026 -0.0609639 0.00461752
v 0.365533 -0.0321193 0.0046177
v 0.347167 -0.0689862 0.00461768
v 0.358721 -0.0457993 0.00461773
v 0.332368 -0.0628922 0.00461778
v 0.348525 -0.0826 0.00461761
v 0.337992 -0.0270745 0.00461771
v 0.345693 -0.0393859 0.00461774
v 0.325524 -0.0435477 0.00461766
v 0.305991 -0.0765166 0.00461775
v 0.321063 -0.073408 0.00461775
v 0.316918 -0.0575796 0.00461764
v 0.318658 -0.101153 0.00461781
v 0.323968 -0.0875945 0.00461774
v 0.332752 -0.0987503 0.0046177
v 0.328574 -0.118003 0.00461774
v 0.296516 -0.0354928 0.00461775
v 0.30985 -0.0436312 0.00461773
v 0.31774 -0.0247126 0.00461771
v 0.291699 -0.0583065 0.00461772
v 0.304256 -0.05531 0.00461772
v 0.450521 -0.112167 0.00461773
v 0.442405 -0.0960033 0.00461768
v 0.453625 -0.0859799 0.0046177
v 0.452945 -0.0583843 0.00461771
v 0.449394 -0.0723058 0.00461776
v 0.465108 -0.0748512 0.00461772
v 0.434491 -0.061205 0.0046177
v 0.467654 -0.0889747 0.00461754
v 0.475734 -0.0542171 0.00461769
v 0.474193 -0.0664603 0.00461768
v 0.49163 -0.0623323 0.00461766
v 0.438934 -0.0271333 0.00461775
v 0.418718 -0.0475777 0.0046177
v 0.497028 -0.0775278 0.0046177
v 0.498246 -0.0299874 0.00461778
v 0.441518 -0.0447635 0.00461758
v 0.423183 -0.0583374 0.00461774
v 0.430445 -0.0489696 0.00461763
v 0.410862 -0.0571976 0.00461774
v 0.432341 -0.0371528 0.00461771
v 0.417943 -0.0205932 0.00461772
v 0.526635 -0.0799065 0.00461748
v 0.490385 -0.045253 0.0046177
v 0.461406 -0.0396551 0.00461778
v 0.419183 -0.0340536 0.00461773
v 0.394669 -0.0297021 0.00461784
v 0.405335 -0.0404494 0.00461777
v 0.407332 -0.0278088 0.00461775
v 0.399972 -0.00549914 0.00461774
v 0.51147 -0.0828996 0.00461773
v 0.518673 -0.102281 0.00461778
v 0.514904 -0.0596906 0.00461764
v 0.507886 -0.0705372 0.00461769
v 0.449537 -0.0345217 0.00461766
v 0.464722 -0.0159856 0.00461784
v 0.451413 -0.020588 0.00461764
v 0.450071 0.00523953 0.0046178
v 0.437165 -0.00846883 0.00461764
v 0.454389 -0.0074586 0.00461772
v 0.474807 0.0066946 0.00461775
v 0.502395 -0.0528912 0.00461766
v 0.518646 -0.0380143 0.00461778
v 0.478666 -0.0296405 0.00461783
v 0.420873 0.0197445 0.00461769
v 0.430111 -0.0186056 0.00461775
v 0.421795 -0.00535552 0.00461756
v 0.432528 0.00767941 0.00461761
v 0.444899 0.0312701 0.00461777
v 0.434789 0.0215156 0.0046177
v 0.42529 0.0414427 0.0046177
v 0.427454 -0.208833 0.0046177
v 0.3606 -0.134759 0.00461779
v 0.329523 -0.182462 0.00461784
v 0.507633 -0.286159 0.00897672
v 0.500861 -0.24674 0.00461754
v 0.463461 -0.180137 0.00461774
v 0.534683 -0.291894 0.0114863
v 0.541505 -0.281821 0.0070716
v 0.55032 -0.264309 0.00476502
v 0.48273 -0.152669 0.00461781
v 0.509908 -0.119552 0.00461777
v 0.502749 -0.107317 0.00461779
v 0.5115 -0.146151 0.00461778
v 0.499001 -0.14281 0.0046176
v 0.484277 -0.136727 0.00461762
v 0.544036 -0.210427 0.00461785
v 0.556165 -0.230821 0.00461768
v 0.592578 -0.226944 0.00461761
v 0.603201 -0.233929 0.00461759
v 0.610285 -0.223046 0.00461787
v 0.597901 -0.183441 0.00461767
v 0.638607 -0.168082 0.00461774
v 0.56306 -0.159946 0.00461769
v 0.610392 -0.209173 0.00461762
v 0.620884 -0.18412 0.00461767
v 0.636392 -0.1835 0.00461784
v 0.643083 -0.195007 0.0046177
v 0.650008 -0.183197 0.00461769
v 0.623765 -0.169443 0.00461775
v 0.630033 -0.155083 0.00461783
v 0.646642 -0.15336 0.0046176
v 0.63512 -0.130599 0.00461746
v 0.628561 -0.142028 0.00461778
v 0.61748 -0.12809 0.00461764
v 0.653583 -0.168574 0.00461755
v 0.653336 -0.13972 0.00461771
v 0.628867 -0.111928 0.00461774
v 0.607874 -0.109226 0.00461767
v 0.0428289 -0.149932 0.0147978
v 0.111805 -0.074499 0.0134443
v 0.0899773 -0.082361 0.00461717
v 0.0774495 -0.0890334 0.00461502
v 0.103475 -0.0838568 0.00748589
v 0.118055 -0.0946931 0.0103457
v 0.0994222 -0.0708944 0.00917544
v 0.107475 -0.0614623 0.0144386
v 0.122006 -0.0638404 0.010474
v 0.128764 -0.0805566 0.0120271
v 0.13758 -0.0987008 0.0115137
v 0.135925 -0.0684224 0.00680894
v 0.145328 -0.0836856 0.00629567
v 0.148645 -0.0660979 0.0046172
v 0.155324 -0.099854 0.00520352
v 0.159543 -0.0859978 0.00461708
v 0.181975 -0.100713 0.00461768
v 0.175744 -0.080183 0.00461749
v 0.168721 -0.0965219 0.00461752
v 0.166522 -0.115576 0.00461783
v 0.151997 -0.228688 0.0105294
v 0.18699 -0.208794 0.00461713
v 0.150638 -0.179804 0.00461776
v 0.249532 -0.171512 0.0046177
v 0.263636 -0.159604 0.00461772
v 0.243018 -0.15879 0.00461772
v 0.275534 -0.149466 0.00461764
v 0.263417 -0.12689 0.00461765
v 0.260541 -0.143672 0.00461768
v 0.273055 -0.136203 0.00461775
v 0.283071 -0.116014 0.0046178
v 0.178441 -0.145108 0.00669875
v 0.1772 -0.128549 0.00461745
v 0.156236 -0.139396 0.00522286
v 0.190737 -0.116705 0.00461758
v 0.166251 -0.146943 0.00532115
v 0.153553 -0.153686 0.0046175
v 0.164042 -0.128593 0.00813064
v 0.178744 -0.112858 0.00461706
v 0.208529 -0.0966426 0.00461764
v 0.196026 -0.103447 0.00461773
v 0.208286 -0.111061 0.00461771
v 0.195914 -0.0883766 0.00461787
v 0.225969 -0.104282 0.00461772
v 0.210198 -0.0801113 0.00461753
v 0.183997 -0.0889199 0.00461741
v 0.240197 -0.0747003 0.00461774
v 0.224434 -0.0731954 0.00461774
v 0.223216 -0.0888291 0.00461767
v 0.23384 -0.0580338 0.00461765
v 0.241397 -0.0935262 0.0046177
v 0.262791 -0.0563153 0.00461775
v 0.240887 -0.037047 0.00461778
v 0.248565 -0.0618697 0.00461776
v 0.264103 -0.0811738 0.00461771
v 0.25121 -0.0474011 0.00461781
v 0.259455 -0.0689868 0.00461772
v 0.277299 -0.0690037 0.0046176
v 0.271649 -0.0327604 0.0046178
v 0.263641 -0.0432026 0.00461769
v 0.277756 -0.0506014 0.00461765
v 0.255437 -0.0285959 0.00461767
v 0.232751 -0.0459944 0.00461766
v 0.227896 -0.0333589 0.00461773
v 0.250648 -0.0834119 0.00461769
v 0.260453 -0.101789 0.00461771
v 0.285948 -0.0917357 0.00461777
v 0.291523 -0.0732135 0.00461765
v 0.28945 -0.0459462 0.00461767
v 0.269284 -0.00874882 0.00461777
v 0.243867 -0.0253475 0.00461773
v 0.253737 -0.0126558 0.00461762
v 0.277139 -0.0821224 0.00461775
v 0.272599 -0.0952001 0.00461765
v 0.266023 -0.0212273 0.00461768
v 0.284375 -0.0192779 0.00461771
v 0.284328 -0.0320089 0.00461755
v 0.295591 0.0129402 0.00461757
v 0.285469 -0.00160408 0.00461764
v 0.302838 -0.0114462 0.00461782
v 0.277763 0.0145618 0.00461778
v 0.298084 0.000403699 0.00461777
v 0.321463 0.00305701 0.00461783
v 0.308976 0.00915808 0.00461781
v 0.32612 0.0283388 0.00461775
v 0.307136 0.0280711 0.00461778
v 0.263357 0.00913877 0.00461766
v 0.252872 0.0164846 0.00461768
v 0.283955 0.0398918 0.00461784
v 0.276234 0.0283518 0.00461768
v 0.290874 0.0268906 0.00461775
v 0.264405 0.0446365 0.0046177
v 0.0807489 -0.120171 0.00461753
v 0.0926618 -0.12421 0.0046178
v 0.0946684 -0.136925 0.00461757
v 0.0929151 -0.17342 0.00461751
v 0.104813 -0.183025 0.00461745
v 0.128783 -0.175263 0.00461779
v 0.11771 -0.168793 0.00461773
v 0.109835 -0.108504 0.00461734
v 0.757432 0.0349998 0.00461755
v 0.750734 0.0206132 0.00461759
v 0.748554 0.0756366 0.00461769
v 0.739936 0.0470659 0.00461771
v 0.720534 0.0338323 0.00461771
v 0.749287 0.0959505 0.00461793
v 0.554249 0.290657 0.0122104
v 0.534605 0.289401 0.0122267
v 0.562973 0.281922 0.00907731
v 0.545017 0.281844 0.00894668
v 0.525362 0.268372 0.004616
v 0.540374 0.268341 0.00461535
v 0.556238 0.245804 0.00461784
v 0.551496 0.259347 0.00461751
v 0.532715 0.247675 0.0046181
v 0.56625 0.256884 0.00461754
v 0.580995 0.233525 0.00461772
v 0.587334 0.253692 0.0046176
v 0.570318 0.243149 0.004618
v 0.55867 0.219596 0.00461761
v 0.567843 0.229731 0.0046176
v 0.581341 0.2084 0.00461773
v 0.664585 0.225175 0.00461796
v 0.654833 0.213991 0.00461772
v 0.678928 0.223683 0.00461784
v 0.64013 0.218335 0.00461777
v 0.660186 0.187636 0.00461755
v 0.614857 0.205875 0.00461782
v 0.661321 0.201573 0.00461776
v 0.625727 0.215668 0.00461784
v 0.642667 0.199828 0.00461772
v 0.672616 0.193593 0.00461777
v 0.605233 0.229246 0.00461776
v 0.677054 0.168554 0.00461757
v 0.613016 0.218778 0.00461774
v 0.596742 0.214891 0.00461763
v 0.679683 0.181923 0.00461744
v 0.69034 0.172849 0.0046177
v 0.691292 0.147418 0.00461773
v 0.700837 0.160496 0.00461784
v 0.592356 0.227112 0.00461767
v 0.596542 0.241652 0.00461758
v 0.610979 0.242449 0.00461784
v 0.602663 0.255749 0.00461755
v 0.59339 0.266302 0.00461366
v 0.597015 0.192973 0.00461787
v 0.704155 0.148065 0.00461747
v 0.698863 0.124927 0.00461771
v 0.707669 0.135078 0.0046177
v 0.719538 0.115837 0.00461764
v 0.722328 0.130845 0.00461786
v 0.742704 0.119232 0.00461778
v 0.716332 0.165769 0.00461776
v 0.573767 0.298198 0.00710736
v 0.75351 0.136741 0.00461749
v 0.456802 0.272983 0.00461608
v 0.437607 0.287948 0.0168051
v 0.425568 0.290778 0.0182946
v 0.438512 0.273855 0.00531182
v 0.455812 0.287898 0.0149701
v 0.425853 0.268787 0.0049634
v 0.434814 0.245481 0.00461771
v 0.436865 0.259645 0.00461742
v 0.458338 0.249267 0.00461789
v 0.478961 0.283464 0.00809526
v 0.465683 0.282251 0.00819277
v 0.473617 0.266727 0.00461505
v 0.471422 0.293158 0.0134601
v 0.462049 0.26141 0.00461722
v 0.449313 0.262616 0.00461755
v 0.473835 0.251195 0.00461792
v 0.469546 0.222869 0.00461767
v 0.499781 0.259399 0.00461742
v 0.467676 0.237639 0.00461776
v 0.485587 0.25919 0.00461773
v 0.449018 0.232293 0.00461776
v 0.494007 0.233465 0.00461739
v 0.492495 0.274342 0.0048327
v 0.492858 0.247328 0.00461792
v 0.480228 0.231719 0.00461778
v 0.512853 0.241919 0.0046178
v 0.490102 0.209048 0.00461773
v 0.446035 0.250704 0.00461732
v 0.509303 0.273217 0.0051951
v 0.495017 0.290319 0.0125056
v 0.521012 0.281476 0.0118131
v 0.507611 0.284722 0.0124484
v 0.402434 0.260532 0.00461406
v 0.151586 0.22754 0.00727494
v 0.172446 0.220163 0.00487325
v 0.164 0.228694 0.00719859
v 0.23301 0.236962 0.00654609
v 0.213079 0.228093 0.0053357
v 0.245077 0.230704 0.00546475
v 0.262327 0.212785 0.00461747
v 0.220955 0.237495 0.00615972
v 0.226147 0.224725 0.00548679
v 0.21421 0.205639 0.00461819
v 0.227315 0.210585 0.00483108
v 0.228958 0.184996 0.00461771
v 0.244604 0.198778 0.00461771
v 0.188044 0.0392854 0.00461774
v 0.18923 0.0530643 0.00461778
v 0.204852 0.0638765 0.00461764
v 0.197972 0.0813674 0.00461764
v 0.217069 0.051474 0.00461777
v 0.232443 0.085176 0.00461765
v 0.192257 0.0921062 0.0046178
v 0.235022 0.0460753 0.00461774
v 0.215694 0.0784126 0.00461783
v 0.249373 0.0391237 0.0046177
v 0.23116 0.0654157 0.00461768
v 0.218179 0.096812 0.00461773
v 0.217969 0.0653978 0.00461782
v 0.250369 0.0593163 0.0046176
v 0.207001 0.0905222 0.00461771
v 0.246087 0.116564 0.00461782
v 0.212676 0.111991 0.00461771
v 0.234872 0.102776 0.00461768
v 0.223626 0.130162 0.00461772
v 0.264693 0.0898039 0.00461768
v 0.231182 0.117288 0.00461731
v 0.239401 0.130923 0.00461774
v 0.268108 0.135695 0.00461777
v 0.230646 0.152157 0.00461772
v 0.254424 0.12927 0.00461759
v 0.26739 0.111593 0.00461755
v 0.252518 0.151227 0.00461775
v 0.251618 0.100536 0.00461756
v 0.249049 0.0840046 0.00461765
v 0.262199 0.0723782 0.00461785
v 0.264274 0.0585849 0.00461779
v 0.27649 0.051746 0.00461773
v 0.277352 0.0676261 0.00461752
v 0.3002 0.0584375 0.00461769
v 0.28721 0.0591375 0.00461784
v 0.294743 0.0778727 0.00461774
v 0.208628 0.0366444 0.00461763
v 0.143478 -0.0140133 0.00783931
v 0.156442 -0.0180966 0.00525072
v 0.115954 -0.0265116 0.00685975
v 0.122204 -0.0368835 0.00620383
v 0.110274 -0.0460336 0.0116277
v 0.165314 -0.0597583 0.00461754
v 0.209361 -0.0512553 0.00461754
v 0.191642 0.229797 0.0050331
v 0.179485 0.23033 0.00567366
v 0.201693 0.222473 0.004762
v 0.163586 0.182882 0.00461756
v 0.154583 0.195652 0.00461741
v 0.134697 0.193059 0.00461768
v 0.294873 0.244636 0.00461729
v 0.297253 0.212017 0.00461769
v 0.322293 0.238326 0.00461689
v 0.291429 0.228047 0.00461756
v 0.30962 0.246047 0.00461605
v 0.308183 0.229368 0.00461764
v 0.322455 0.252762 0.00580966
v 0.335749 0.245339 0.00461602
v 0.337637 0.225758 0.00461783
v 0.275804 0.22236 0.00461767
v 0.263292 0.225573 0.00461823
v 0.279727 0.202776 0.00461769
v 0.35567 0.261529 0.0058023
v 0.132484 0.230607 0.0150324
v 0.119786 0.215947 0.00570639
v 0.124484 0.20274 0.00461742
v 0.138096 0.20686 0.0046171
v 0.103484 0.160071 0.00461775
v 0.565529 -0.288233 0.00862936
v 0.650893 -0.0800814 0.00461776
v 0.663189 -0.0721809 0.00461778
v 0.657118 -0.0313752 0.00461776
v 0.740386 -0.0313353 0.00461778
v 0.744833 -0.0171705 0.00461796
v 0.732906 -0.00472823 0.00461766
v 0.705675 0.0012878 0.00461769
v 0.716858 -0.0126971 0.00461777
v 0.720143 0.00213638 0.00461766
v 0.717973 0.01801 0.0046177
v 0.69128 0.0304338 0.00461761
v 0.70638 0.0279994 0.00461781
v 0.703899 0.0542439 0.00461779
v 0.696508 0.0148824 0.00461772
v 0.700682 0.0406956 0.00461765
v 0.677847 0.0522301 0.00461764
v 0.691108 0.0501213 0.00461773
v 0.690231 0.0748824 0.00461778
v 0.666381 0.0133058 0.00461782
v 0.682369 -0.00462706 0.0046175
v 0.681232 0.018357 0.00461769
v 0.673892 0.0347136 0.0046176
v 0.676906 0.00661005 0.00461774
v 0.659825 -0.00863961 0.00461773
v 0.692962 0.00256662 0.00461769
v 0.696254 -0.0137742 0.00461761
v 0.644899 0.050413 0.00461773
v 0.678236 -0.0260524 0.00461775
v 0.661617 0.0466745 0.00461772
v 0.691581 -0.0263221 0.00461773
v 0.684623 -0.0384959 0.00461772
v 0.670022 -0.0381836 0.00461777
v 0.655809 -0.0494835 0.00461767
v 0.660587 0.0763738 0.00461759
v 0.648556 0.0277322 0.00461771
v 0.624451 -0.0382486 0.00461767
v 0.668924 -0.0514417 0.00461768
v 0.656145 0.0613417 0.00461767
v 0.670559 0.065273 0.00461779
v 0.63123 0.0757438 0.0046178
v 0.675629 0.079883 0.00461748
v 0.641645 0.0650306 0.00461777
v 0.690847 0.100555 0.00461758
v 0.645847 0.0795381 0.00461759
v 0.61737 0.0518575 0.00461765
v 0.6865 0.0878115 0.00461766
v 0.70881 0.0872948 0.00461756
v 0.668537 0.101026 0.00461786
v 0.631351 0.0550269 0.00461771
v 0.65614 0.0913973 0.00461773
v 0.628638 0.0342007 0.00461752
v 0.645293 0.118119 0.00461764
v 0.654498 0.106294 0.00461781
v 0.670895 0.128557 0.00461763
v 0.632646 0.0987906 0.00461762
v 0.659562 0.119728 0.00461766
v 0.64342 0.0920298 0.00461768
v 0.649582 0.144214 0.00461765
v 0.651125 0.130569 0.00461765
v 0.626158 0.134647 0.00461773
v 0.660641 0.0333673 0.00461749
v 0.636053 -0.055173 0.00461766
v 0.642296 -0.0394612 0.00461761
v 0.640239 -0.017899 0.00461786
v 0.634053 -0.0294006 0.00461762
v 0.613676 -0.0168559 0.00461764
v 0.626922 -0.0181675 0.00461785
v 0.63321 0.00561045 0.00461777
v 0.621691 -0.00409684 0.00461782
v 0.613756 0.0170742 0.00461754
v 0.600846 8.30962e-05 0.00461779
v 0.720279 -0.0284189 0.0046175
v 0.38724 -0.0900584 0.00461776
v 0.380497 -0.101824 0.00461778
v 0.315043 -0.114698 0.00461766
v 0.300165 -0.103649 0.00461751
v 0.300626 -0.118541 0.00461778
v 0.308015 -0.091094 0.00461766
v 0.287608 -0.104206 0.00461774
v 0.290468 -0.126154 0.00461776
v 0.325996 -0.132865 0.00461769
v 0.338716 -0.133585 0.00461768
v 0.32713 -0.0318141 0.00461778
v 0.429691 -0.0733797 0.00461767
v 0.463559 -0.0518683 0.00461777
v 0.547694 -0.105112 0.0046177
v 0.505898 -0.0403941 0.00461774
v 0.547697 -0.0540215 0.00461767
v 0.522874 0.00224496 0.00461768
v 0.488929 -0.0101011 0.00461776
v 0.466357 -0.0282589 0.00461779
v 0.47402 -0.0415692 0.00461769
v 0.41088 0.00674682 0.00461772
v 0.392922 0.0307916 0.0046178
v 0.405314 0.0213239 0.00461771
v 0.408432 0.0381895 0.0046178
v 0.387428 0.0108465 0.00461764
v 0.41842 0.0315154 0.00461774
v 0.411213 0.0696251 0.00461775
v 0.390695 0.0555148 0.0046177
v 0.414271 0.0535397 0.00461773
v 0.396364 0.0435831 0.00461771
v 0.377232 0.0417873 0.0046178
v 0.441341 0.0670907 0.00461777
v 0.402937 0.0596877 0.00461758
v 0.389474 0.079238 0.0046177
v 0.425904 0.0641163 0.00461766
v 0.436104 0.0525362 0.0046177
v 0.428429 0.0928849 0.0046177
v 0.462867 0.0512339 0.00461777
v 0.423102 0.0788444 0.00461772
v 0.449702 0.0559118 0.00461765
v 0.406494 0.0930845 0.00461773
v 0.452336 0.0426376 0.00461775
v 0.46415 0.0754292 0.0046176
v 0.465587 0.0259285 0.00461759
v 0.519413 -0.289447 0.00988277
v 0.539316 -0.257829 0.00461737
v 0.562137 -0.271774 0.00515851
v 0.558629 -0.250965 0.00461718
v 0.571959 -0.238942 0.00461779
v 0.581685 -0.247193 0.00461789
v 0.47322 -0.159341 0.00461775
v 0.483758 -0.164345 0.00461751
v 0.472189 -0.147667 0.00461779
v 0.544126 -0.233457 0.0046178
v 0.565241 -0.221362 0.00461777
v 0.642686 -0.117605 0.00461772
v 0.63193 -0.0958871 0.00461767
v 0.608346 -0.0774957 0.00461756
v 0.622745 -0.0833351 0.00461775
v 0.628279 -0.0687262 0.00461771
v 0.610246 -0.0933765 0.00461764
v 0.619063 -0.054444 0.00461777
v 0.581195 -0.0889951 0.00461771
v 0.594467 -0.099203 0.00461746
v 0.620194 -0.102005 0.00461772
v 0.597701 -0.0384334 0.00461769
v 0.615597 -0.0668424 0.00461748
v 0.601089 -0.0561699 0.00461778
v 0.59526 -0.0844212 0.00461789
v 0.581963 -0.0670383 0.00461762
v 0.572492 -0.114067 0.00461755
v 0.611081 -0.0428284 0.00461772
v 0.60811 -0.0294356 0.0046178
v 0.596306 -0.0167341 0.00461761
v 0.585085 -0.0501309 0.0046177
v 0.581021 -0.102963 0.0046177
v 0.563889 -0.0958796 0.00461765
v 0.588298 -0.1174 0.00461766
v 0.619712 -0.0274982 0.0046178
v 0.568853 -0.000427371 0.00461768
v 0.577257 -0.0289609 0.00461771
v 0.566735 -0.0555694 0.00461766
v 0.560411 -0.108721 0.00461772
v 0.550347 -0.119735 0.00461749
v 0.536595 -0.114776 0.00461768
v 0.564481 -0.129905 0.0046177
v 0.533564 -0.100016 0.0046177
v 0.547049 -0.0849464 0.00461775
v 0.566739 -0.0775938 0.00461771
v 0.584896 -0.00467969 0.00461773
v 0.585516 -0.0379127 0.00461773
v 0.571908 -0.0422317 0.00461764
v 0.551162 -0.0262246 0.00461747
v 0.563805 -0.0312831 0.00461775
v 0.568204 -0.016149 0.00461766
v 0.552741 -0.0405213 0.00461775
v 0.55177 -0.00769839 0.00461779
v 0.536016 -0.0352365 0.00461754
v 0.582199 -0.135199 0.00461771
v 0.584601 0.0257997 0.00461771
v 0.583408 -0.0175439 0.00461758
v 0.547608 0.0261458 0.00461778
v 0.53522 -0.0165365 0.00461773
v 0.529538 -0.0509864 0.00461764
v 0.579949 -0.147136 0.00461769
v 0.5938 -0.140127 0.00461769
v 0.606514 -0.139558 0.00461764
v 0.580393 0.0104988 0.00461772
v 0.59541 0.0146467 0.00461772
v 0.566053 0.0225847 0.00461779
v 0.602473 0.0323342 0.00461765
v 0.537801 -0.00136154 0.00461767
v 0.551178 0.00941645 0.00461767
v 0.53404 0.0154373 0.00461773
v 0.528186 -0.0654528 0.00461778
v 0.563321 0.0571055 0.00461777
v 0.521967 0.0447307 0.00461777
v 0.559824 0.0394313 0.00461763
v 0.511454 0.0232 0.00461766
v 0.532149 0.0318099 0.00461766
v 0.579009 0.0449062 0.0046177
v 0.54233 0.0519753 0.00461774
v 0.521225 0.0149496 0.00461771
v 0.505589 0.00637126 0.0046177
v 0.519744 0.0324994 0.00461773
v 0.49918 0.0424463 0.00461775
v 0.571628 0.0342668 0.0046177
v 0.543508 0.0387546 0.0046177
v 0.553976 0.0497316 0.00461769
v 0.550664 0.0635581 0.00461768
v 0.568548 0.0828185 0.00461765
v 0.526024 0.0724236 0.00461767
v 0.562311 0.0706845 0.0046176
v 0.537077 0.0645126 0.0046176
v 0.582422 0.0654428 0.00461779
v 0.545459 0.0852071 0.00461774
v 0.524392 0.0585235 0.00461772
v 0.500546 0.0682777 0.0046174
v 0.509577 0.0539617 0.00461777
v 0.513858 0.0667673 0.00461757
v 0.509957 0.0910936 0.00461767
v 0.490432 0.0209951 0.00461777
v 0.509906 -0.0133722 0.00461775
v 0.617628 -0.116096 0.00461743
v 0.0881234 -0.096248 0.00461744
v 0.136194 -0.111553 0.00935964
v 0.138172 -0.124385 0.00659362
v 0.219954 -0.115019 0.00461775
v 0.244655 -0.112141 0.00461757
v 0.24447 -0.128285 0.00461767
v 0.257644 -0.114891 0.00461781
v 0.270612 -0.110744 0.00461761
v 0.296655 -0.0226913 0.00461762
v 0.31702 -0.0104962 0.00461771
v 0.335311 -0.00891213 0.00461773
v 0.32869 -0.0192319 0.00461775
v 0.354496 -0.0152186 0.0046177
v 0.341696 0.012485 0.00461773
v 0.333679 0.00320269 0.00461774
v 0.347879 -0.000955911 0.00461773
v 0.328873 0.0154537 0.0046178
v 0.369015 0.000285851 0.00461767
v 0.357807 0.0118277 0.00461772
v 0.350891 0.0371063 0.00461759
v 0.350261 0.0233353 0.0046177
v 0.367799 0.0266296 0.00461779
v 0.364061 0.0394412 0.00461771
v 0.366547 0.063913 0.0046175
v 0.354949 0.0527023 0.00461766
v 0.340872 0.0787956 0.0046176
v 0.332345 0.0502072 0.00461768
v 0.351604 0.0677355 0.00461775
v 0.365407 0.0903846 0.00461768
v 0.337048 0.0643746 0.00461773
v 0.354648 0.0813997 0.00461779
v 0.317829 0.0771782 0.00461767
v 0.343149 0.104475 0.00461774
v 0.321375 0.0616892 0.00461761
v 0.345639 0.0913163 0.00461775
v 0.355968 0.100075 0.00461773
v 0.326485 0.0945325 0.00461768
v 0.314963 0.0445869 0.00461772
v 0.377923 0.111942 0.00461774
v 0.357087 0.124151 0.00461766
v 0.32597 0.0401976 0.00461777
v 0.337898 0.0344468 0.0046178
v 0.299526 0.0417897 0.00461762
v 0.739875 0.0649963 0.00461786
v 0.732794 0.0796695 0.00461764
v 0.721561 0.0858857 0.00461772
v 0.716503 0.0985864 0.00461763
v 0.713324 0.0697314 0.00461784
v 0.704471 0.109603 0.00461776
v 0.702676 0.0763415 0.00461759
v 0.716961 0.056888 0.00461773
v 0.622907 0.176104 0.00461764
v 0.602586 0.204004 0.00461777
v 0.610528 0.193139 0.00461767
v 0.603967 0.175435 0.0046177
v 0.626979 0.194685 0.00461756
v 0.614187 0.154571 0.00461777
v 0.569231 0.171915 0.00461761
v 0.639819 0.182145 0.00461761
v 0.61374 0.167273 0.00461792
v 0.599671 0.160429 0.00461746
v 0.62826 0.161431 0.00461764
v 0.586747 0.172177 0.00461757
v 0.596508 0.131811 0.00461765
v 0.626047 0.14813 0.00461775
v 0.602135 0.145683 0.00461772
v 0.638925 0.15284 0.00461777
v 0.577956 0.149181 0.00461775
v 0.611267 0.133932 0.0046177
v 0.65668 0.163863 0.00461757
v 0.641902 0.167422 0.00461773
v 0.589356 0.142753 0.00461786
v 0.573449 0.124597 0.00461781
v 0.607451 0.107526 0.00461782
v 0.619403 0.119304 0.00461761
v 0.605524 0.121267 0.00461743
v 0.588753 0.116075 0.00461774
v 0.577741 0.189371 0.00461773
v 0.58659 0.159076 0.00461769
v 0.620963 0.105778 0.00461775
v 0.611417 0.0857185 0.0046177
v 0.63289 0.112423 0.00461773
v 0.571721 0.103629 0.00461765
v 0.735296 0.129944 0.00461769
v 0.732281 0.109659 0.0046176
v 0.752319 0.109384 0.00461771
v 0.729205 0.155583 0.00461782
v 0.416053 0.241615 0.00461782
v 0.482073 0.24311 0.00461781
v 0.530275 0.219569 0.00461778
v 0.519806 0.254827 0.00461727
v 0.514886 0.295243 0.00779804
v 0.165139 0.207941 0.00461447
v 0.179823 0.206463 0.00461676
v 0.184044 0.19318 0.00657038
v 0.201591 0.192873 0.00461831
v 0.201649 0.180028 0.00461778
v 0.21543 0.181813 0.00461745
v 0.225474 0.168298 0.00461772
v 0.202272 0.204932 0.00461849
v 0.21616 0.157375 0.00461779
v 0.242155 0.164894 0.00461772
v 0.269681 0.175144 0.00461764
v 0.257485 0.165841 0.00461776
v 0.270013 0.153296 0.00461764
v 0.253831 0.183374 0.00461772
v 0.300158 0.140934 0.00461769
v 0.267952 0.191523 0.00461771
v 0.241526 0.186409 0.00461771
v 0.28337 0.142861 0.00461764
v 0.285501 0.184911 0.00461771
v 0.283327 0.123136 0.00461767
v 0.293893 0.19736 0.00461769
v 0.311937 0.176008 0.00461772
v 0.299932 0.184171 0.00461773
v 0.291859 0.163452 0.00461766
v 0.319294 0.199836 0.00461777
v 0.306201 0.202135 0.00461773
v 0.315087 0.215088 0.00461754
v 0.312007 0.189069 0.00461778
v 0.333699 0.18222 0.00461769
v 0.3309 0.211078 0.00461776
v 0.282349 0.172355 0.00461772
v 0.282339 0.155378 0.00461778
v 0.333596 0.196765 0.00461766
v 0.35954 0.189499 0.00461772
v 0.34935 0.206969 0.0046177
v 0.345562 0.189479 0.0046177
v 0.352711 0.16482 0.00461779
v 0.352627 0.178135 0.00461776
v 0.376369 0.171557 0.00461772
v 0.346937 0.218462 0.00461755
v 0.370435 0.207437 0.00461772
v 0.359759 0.212434 0.00461775
v 0.370097 0.220554 0.00461772
v 0.39361 0.214549 0.00461761
v 0.23154 0.198005 0.00461809
v 0.249274 0.211132 0.00461861
v 0.239024 0.0569732 0.00461778
v 0.242667 0.0682871 0.00461764
v 0.212036 0.133349 0.00461771
v 0.220757 0.142162 0.00461776
v 0.241244 0.144173 0.00461777
v 0.285448 0.0982839 0.00461766
v 0.131945 0.178444 0.00461776
v 0.31641 0.263358 0.0101722
v 0.348364 0.234579 0.00461769
v 0.284976 0.2139 0.00461781
v 0.67235 -0.0138191 0.00461765
v 0.640933 0.0381164 0.00461763
v 0.679995 0.113932 0.00461765
v 0.692617 0.11395 0.00461793
v 0.684933 0.127159 0.00461783
v 0.679145 0.140088 0.00461756
v 0.678804 0.154372 0.0046178
v 0.664337 0.141964 0.00461767
v 0.652881 -0.0193577 0.00461761
v 0.645455 -0.00348908 0.00461763
v 0.656382 0.0043288 0.0046177
v 0.635212 0.0206093 0.00461773
v 0.645191 0.0116827 0.00461767
v 0.61261 0.00454345 0.00461765
v 0.300485 -0.132481 0.00461768
v 0.475423 -0.00712627 0.00461764
v 0.488634 -0.0223857 0.00461764
v 0.402896 0.0801447 0.00461764
v 0.452793 0.0193405 0.00461772
v 0.462213 0.0102798 0.00461773
v 0.596131 -0.0698167 0.00461754
v 0.537177 -0.127363 0.0046178
v 0.535413 -0.0880875 0.00461776
v 0.538462 -0.075994 0.0046177
v 0.552986 -0.0706113 0.00461777
v 0.615748 0.030384 0.00461772
v 0.563419 0.0105636 0.00461777
v 0.590348 0.0378901 0.00461764
v 0.602302 0.0479131 0.00461767
v 0.605385 0.0671631 0.0046176
v 0.490178 0.00528736 0.00461766
v 0.57512 0.0560768 0.00461778
v 0.587325 0.0541057 0.0046178
v 0.500202 0.0295459 0.00461777
v 0.486877 0.034918 0.00461768
v 0.483047 0.0550367 0.00461759
v 0.496362 0.0556151 0.00461784
v 0.477243 0.0197154 0.00461763
v 0.500488 -0.005126 0.00461778
v 0.511333 -0.0267477 0.00461761
v 0.525041 -0.0258199 0.00461759
v 0.523069 -0.0110958 0.00461779
v 0.352947 -0.0283226 0.00461771
v 0.316686 0.0194902 0.00461742
v 0.371209 -0.0163108 0.00461767
v 0.379902 -0.0282796 0.00461756
v 0.37622 -0.0436659 0.00461772
v 0.388661 -0.0157678 0.0046177
v 0.38624 -0.0516981 0.00461774
v 0.373571 0.0137264 0.00461763
v 0.380985 0.0248268 0.00461767
v 0.377093 0.0553614 0.00461781
v 0.379601 0.0691942 0.00461761
v 0.376273 0.0823052 0.00461762
v 0.386609 0.096621 0.0046177
v 0.374182 0.0997123 0.00461786
v 0.365263 0.109104 0.0046178
v 0.400091 0.11435 0.00461758
v 0.389518 0.108378 0.00461764
v 0.387884 0.123548 0.00461762
v 0.410381 0.140552 0.00461774
v 0.372538 0.126579 0.00461754
v 0.401534 0.12889 0.00461773
v 0.384804 0.148184 0.00461768
v 0.361654 0.145193 0.00461774
v 0.426128 0.119171 0.00461762
v 0.382257 0.135361 0.00461768
v 0.396769 0.141632 0.00461776
v 0.415294 0.127696 0.00461762
v 0.405532 0.165128 0.00461776
v 0.435894 0.142622 0.00461768
v 0.306083 0.0705671 0.00461753
v 0.329036 0.082429 0.00461774
v 0.306751 0.0935468 0.00461778
v 0.726459 0.0680113 0.00461781
v 0.713096 0.0444753 0.0046177
v 0.664874 0.174795 0.00461753
v 0.65171 0.176296 0.00461771
v 0.588702 0.184134 0.00461765
v 0.586153 0.197647 0.00461791
v 0.563964 0.201835 0.00461776
v 0.54451 0.205775 0.00461775
v 0.562191 0.186115 0.00461772
v 0.540449 0.166587 0.00461753
v 0.554087 0.173294 0.00461765
v 0.544635 0.188185 0.00461762
v 0.5563 0.151677 0.00461767
v 0.521919 0.196869 0.00461754
v 0.53497 0.196935 0.00461763
v 0.52855 0.180243 0.00461757
v 0.495984 0.176976 0.00461767
v 0.5118 0.18323 0.00461769
v 0.504537 0.199144 0.00461768
v 0.514114 0.154392 0.00461774
v 0.515087 0.212265 0.00461743
v 0.489162 0.19231 0.00461764
v 0.525072 0.165245 0.00461777
v 0.534608 0.144734 0.00461765
v 0.508527 0.168456 0.00461772
v 0.488301 0.15234 0.00461765
v 0.500894 0.157307 0.00461775
v 0.50271 0.134366 0.00461773
v 0.517109 0.227319 0.00461798
v 0.529821 0.233771 0.00461781
v 0.503211 0.221545 0.00461763
v 0.54445 0.227104 0.00461773
v 0.4702 0.201758 0.00461773
v 0.467978 0.173754 0.00461766
v 0.481481 0.179735 0.00461773
v 0.469859 0.187694 0.00461752
v 0.480029 0.164827 0.00461778
v 0.445024 0.195315 0.00461766
v 0.459731 0.150215 0.00461768
v 0.454688 0.182617 0.00461756
v 0.467576 0.160701 0.00461768
v 0.454226 0.167618 0.00461782
v 0.474283 0.147575 0.0046177
v 0.432396 0.175776 0.0046177
v 0.462233 0.123174 0.00461769
v 0.486089 0.135847 0.00461768
v 0.464813 0.137057 0.00461767
v 0.450187 0.138984 0.0046177
v 0.439577 0.127367 0.00461767
v 0.427513 0.132519 0.00461774
v 0.422877 0.144845 0.00461772
v 0.432032 0.158979 0.00461769
v 0.412805 0.1538 0.00461759
v 0.442546 0.107406 0.00461781
v 0.419765 0.166225 0.00461778
v 0.410741 0.190795 0.00461774
v 0.411771 0.177237 0.00461773
v 0.392739 0.182607 0.00461755
v 0.458409 0.195441 0.0046176
v 0.457117 0.211923 0.00461779
v 0.442293 0.183252 0.00461765
v 0.427917 0.192796 0.00461779
v 0.492127 0.110338 0.00461761
v 0.445539 0.153527 0.00461762
v 0.441608 0.167187 0.00461782
v 0.433345 0.215262 0.00461772
v 0.422506 0.182281 0.00461777
v 0.493394 0.124109 0.00461773
v 0.477842 0.122597 0.00461768
v 0.513402 0.115375 0.00461779
v 0.469088 0.0995613 0.00461774
v 0.46962 0.112522 0.0046177
v 0.455903 0.110925 0.00461766
v 0.453083 0.0943945 0.00461775
v 0.435161 0.202947 0.00461774
v 0.418859 0.206835 0.00461765
v 0.463954 0.0880282 0.0046178
v 0.452769 0.0815011 0.00461777
v 0.484411 0.082124 0.0046176
v 0.44107 0.0881875 0.00461777
v 0.41834 0.224298 0.00461765
v 0.404208 0.204122 0.00461779
v 0.406816 0.217305 0.00461779
v 0.38836 0.19871 0.00461774
v 0.40603 0.231507 0.00461767
v 0.432327 0.230453 0.00461773
v 0.39073 0.235079 0.00461765
v 0.624838 0.0876828 0.00461763
v 0.589894 0.0856519 0.00461779
v 0.558189 0.0949919 0.00461759
v 0.554602 0.115528 0.00461771
v 0.542117 0.102712 0.00461769
v 0.534093 0.122952 0.00461755
v 0.528182 0.0909358 0.00461765
v 0.542662 0.114643 0.00461762
v 0.547693 0.128362 0.00461772
v 0.529057 0.109241 0.00461778
v 0.517331 0.10245 0.00461743
v 0.503711 0.103179 0.00461765
v 0.490922 0.0955222 0.00461765
v 0.423782 0.251608 0.00461732
v 0.321231 0.122172 0.00461773
v 0.257786 0.200299 0.00461755
v 0.270903 0.123539 0.00461779
v 0.324143 0.224982 0.00461763
v 0.219471 0.194033 0.00461764
v 0.272703 0.099875 0.00461778
v 0.277665 0.087682 0.00461776
v 0.280475 0.11038 0.00461778
v 0.299458 0.111101 0.00461773
v 0.665885 0.154787 0.00461778
v 0.464854 -0.00144056 0.0046177
v 0.620007 0.0662858 0.00461771
v 0.474822 0.0430035 0.00461778
v 0.471143 0.0629665 0.00461762
v 0.382948 -0.00273182 0.00461759
v 0.365694 0.0761151 0.00461779
v 0.367065 0.159455 0.00461772
v 0.363625 0.171686 0.00461755
v 0.414867 0.107209 0.00461775
v 0.294844 0.0902374 0.00461776
v 0.56807 0.158438 0.00461768
v 0.565742 0.138679 0.00461774
v 0.578291 0.136386 0.00461768
v 0.543574 0.154059 0.00461752
v 0.547364 0.141488 0.00461782
v 0.5556 0.233156 0.00461771
v 0.544586 0.240056 0.00461772
v 0.477515 0.212551 0.0046177
v 0.492098 0.165567 0.00461784
v 0.429217 0.106202 0.00461778
v 0.390843 0.167847 0.0046177
v 0.446048 0.219333 0.00461778
v 0.48666 0.0684446 0.00461774
v 0.498663 0.0823771 0.00461788
v 0.435191 0.0775416 0.00461763
v 0.37437 0.192809 0.00461782
v 0.383402 0.223611 0.00461786
v 0.580049 0.0777808 0.00461773
v 0.59344 0.0728867 0.00461764
v 0.600666 0.0949944 0.00461795
v 0.586526 0.100406 0.00461758
v 0.566659 0.114586 0.00461757
v 0.520416 0.134153 0.00461748
v 0.52264 0.145942 0.00461769
v 0.328943 0.109307 0.00461768
v 0.340802 0.120891 0.00461756
v 0.314142 0.109205 0.00461772
v 0.345875 0.137615 0.00461773
v 0.348956 0.151305 0.00461775
v 0.333477 0.162945 0.00461772
v 0.333984 0.147521 0.00461767
v 0.314946 0.154753 0.00461763
v 0.283217 0.0775668 0.00461762
v 0.298038 0.126065 0.00461761
v 0.310888 0.131756 0.00461765
v 0.324721 0.136312 0.00461766
v 0.33565 0.131598 0.00461779
v 0.46363 0.0379901 0.00461782
v 0.380741 0.182674 0.00461777
v 0.3689 0.182235 0.00461763
v 0.341531 0.172436 0.00461771
v 0.324691 0.17276 0.00461777
v 0.305323 0.164303 0.00461763
v 0.114061 -0.223178 0.0145901
v 0.168677 0.0790853 0.0046175
v 0.668841 -0.137431 0.0046177
v 0.387891 -0.204563 0.00461767
v 0.553222 -0.147885 0.00461775
v 0.683641 0.20808 0.00461787
v 0.342309 -0.116069 0.00461773
v 0.138692 -0.15088 0.00461738
v 0.73267 0.025296 0.00461763
v 0.761183 -0.0033206 0.00153724
v 0.761135 0.0170435 0.00153738
v 0.761069 0.0374069 0.00153732
v 0.76099 0.0577679 0.00153746
v 0.76091 0.0781349 0.00153754
v 0.760824 0.0985179 0.0015373
v 0.76073 0.118889 0.00153754
v 0.760632 0.139261 0.00153747
v 0.760531 0.159634 0.00153757
v 0.760431 0.180005 0.00153766
v 0.760336 0.200375 0.00153763
v 0.760243 0.220746 0.00153774
v 0.760153 0.241119 0.00153778
v 0.760048 0.261494 0.00153821
v 0.759878 0.281878 0.00153863
v 0.286361 0.281385 0.013242
v 0.272576 0.266635 0.0126245
v 0.253818 0.258745 0.0101218
v 0.235137 0.2529 0.00532388
v 0.215821 0.247735 0.00340866
v 0.196286 0.243523 0.00333721
v 0.176764 0.240109 0.00506104
v 0.157294 0.237831 0.00763103
v 0.137797 0.236505 0.0100955
v 0.118202 0.236365 0.0120929
v 0.0985641 0.238085 0.0131361
v 0.0793418 0.241985 0.0121651
v 0.062438 0.24364 0.00224849
v 0.0100346 0.0952355 0.0117958
v 0.0122158 0.0881022 0.00238035
v 0.021258 0.0711607 0.00153756
v 0.0263602 0.0530242 0.00555844
v 0.0277773 0.034171 0.00173783
v 0.0289748 0.0184291 0.0128251
v 0.759485 -0.288143 0.00153677
v 0.76014 -0.267797 0.0015384
v 0.760434 -0.247465 0.00153792
v 0.760654 -0.227159 0.00153789
v 0.760813 -0.206857 0.00153771
v 0.760945 -0.186534 0.00153766
v 0.761053 -0.166187 0.00153774
v 0.761124 -0.145838 0.00153764
v 0.76118 -0.125481 0.00153758
v 0.761217 -0.105128 0.00153745
v 0.761234 -0.0847756 0.00153743
v 0.76124 -0.0644208 0.00153765
v 0.761236 -0.0440558 0.00153746
v 0.761217 -0.0236882 0.00153739
v 0.0625864 -0.242952 0.0015355
v 0.080903 -0.23699 0.00464005
v 0.0986753 -0.237437 0.0127607
v 0.118185 -0.235383 0.0123427
v 0.137809 -0.235121 0.0106017
v 0.157342 -0.236125 0.00831125
v 0.176842 -0.238281 0.00583544
v 0.19632 -0.241581 0.00406408
v 0.215817 -0.245735 0.0039237
v 0.235284 -0.250703 0.0059648
v 0.254074 -0.256516 0.0102801
v 0.271838 -0.264938 0.0133604
v 0.284639 -0.279643 0.0152294
v 0.029609 0.00264321 0.00176494
v 0.0293996 -0.0190453 0.00153501
v 0.029121 -0.0376703 0.0126393
v 0.0256679 -0.0571723 0.00381007
v 0.0179875 -0.0773845 0.00310718
v 0.00565307 -0.0945934 0.00730115
v 0.0109167 0.108565 0.0105835
v 0.00936455 -0.107227 0.00810565
v 0.0163686 0.100564 0.00180363
v 0.0236906 0.125403 0.00202644
v 0.0240542 -0.0962357 0.00153662
v 0.0242355 -0.123058 0.00242011
v 0.0323403 0.0884017 0.00153776
v 0.593385 0.26745 0.00153633
v 0.691376 0.267129 0.00153769
v 0.436381 0.267912 0.00153836
v 0.749953 0.291972 0.00153831
v 0.739295 0.271545 0.00153783
v 0.734785 0.286955 0.00153836
v 0.714987 0.272898 0.00153757
v 0.727356 0.276449 0.00153745
v 0.726328 0.256838 0.00153771
v 0.717447 0.28751 0.00153841
v 0.699965 0.283046 0.0015385
v 0.681119 0.283063 0.0015383
v 0.691246 0.293069 0.00153793
v 0.658172 0.256984 0.00153784
v 0.671688 0.292723 0.00153808
v 0.663644 0.275342 0.00153832
v 0.658392 0.288379 0.00153853
v 0.638704 0.27294 0.00153829
v 0.676873 0.26904 0.00153779
v 0.680858 0.242297 0.00153787
v 0.682621 0.256215 0.00153786
v 0.70463 0.247431 0.00153792
v 0.318995 0.26818 0.00153751
v 0.0491729 0.239698 0.0056653
v 0.0666792 0.227628 0.00266217
v 0.0493891 0.221988 0.00256489
v 0.0678861 0.194605 0.00153853
v 0.0625239 0.21091 0.00153753
v 0.0922558 0.213127 0.00153777
v 0.0460456 0.196372 0.00153693
v 0.077691 0.206937 0.00153836
v 0.0801823 0.221561 0.00153585
v 0.0946439 0.183981 0.001538
v 0.09372 0.227824 0.00344265
v 0.0828396 0.193025 0.00153845
v 0.113352 0.218924 0.00153759
v 0.0969727 0.198914 0.00153783
v 0.0721269 0.167482 0.00153765
v 0.122497 0.187925 0.00153794
v 0.0738644 0.181692 0.00153823
v 0.10809 0.18983 0.00153774
v 0.0532499 0.176695 0.00153847
v 0.110897 0.204346 0.00153784
v 0.111374 0.163516 0.00153798
v 0.134118 0.208423 0.00153773
v 0.105965 0.17614 0.00153796
v 0.0913674 0.162315 0.00153788
v 0.0573995 0.200133 0.00153719
v 0.0575773 0.188051 0.00153808
v 0.0481663 0.209087 0.0015355
v 0.724686 -0.216705 0.00153782
v 0.729769 -0.277422 0.00153829
v 0.749876 -0.295515 0.00884838
v 0.734672 -0.292497 0.00420256
v 0.745865 -0.284119 0.00153603
v 0.716727 -0.29008 0.00211353
v 0.743448 -0.267794 0.00153843
v 0.710758 -0.296385 0.0106844
v 0.693337 -0.286358 0.00153508
v 0.719603 -0.248662 0.00153766
v 0.728814 -0.261588 0.00153821
v 0.710869 -0.270799 0.00153846
v 0.739903 -0.244059 0.00153787
v 0.725225 -0.0541855 0.00153793
v 0.190596 -0.206132 0.00153764
v 0.0600618 -0.193797 0.00153783
v 0.377655 -0.269814 0.00153786
v 0.318846 -0.268585 0.00153701
v 0.0500114 -0.237459 0.0058278
v 0.0507225 -0.216654 0.00331259
v 0.064158 -0.226933 0.00936498
v 0.0681969 -0.210642 0.0015373
v 0.0564734 -0.20576 0.00153828
v 0.0425026 -0.204946 0.00515224
v 0.0940169 -0.188481 0.00153763
v 0.0829907 -0.223221 0.00509989
v 0.0778755 -0.195884 0.00153848
v 0.0722357 -0.163532 0.00153841
v 0.0933466 -0.207605 0.00153737
v 0.0796242 -0.178999 0.00153836
v 0.0628072 -0.1773 0.00153854
v 0.103331 -0.158804 0.00153781
v 0.0418351 -0.182067 0.00240585
v 0.0944155 -0.172249 0.00153771
v 0.0467053 -0.156117 0.00153753
v 0.0872001 -0.157784 0.00153773
v 0.123272 -0.181698 0.00153786
v 0.0582772 -0.164067 0.00153808
v 0.0641486 -0.143034 0.00153805
v 0.107589 -0.180975 0.00153762
v 0.115759 -0.168164 0.00153788
v 0.114912 -0.202115 0.00153739
v 0.125827 -0.142035 0.00153767
v 0.117034 -0.153609 0.00153791
v 0.100371 -0.131916 0.00153772
v 0.142045 -0.163328 0.00153788
v 0.111733 -0.140511 0.00153786
v 0.129692 -0.169545 0.001538
v 0.130877 -0.154935 0.00153779
v 0.121008 -0.11661 0.0015384
v 0.146322 -0.186206 0.00153784
v 0.150773 -0.14027 0.00153848
v 0.119793 -0.129921 0.00153777
v 0.138492 -0.125227 0.00153848
v 0.0756191 -0.150481 0.00153721
v 0.0801155 -0.130914 0.00153768
v 0.0882395 -0.143248 0.00153783
v 0.0145482 0.128042 0.00997124
v 0.0216006 0.139522 0.00401995
v 0.0477807 0.136943 0.00153818
v 0.0341492 0.134568 0.00153764
v 0.0365695 0.158572 0.00153848
v 0.0448322 0.111699 0.0015382
v 0.0504491 -0.0780242 0.00153884
v 0.0267789 -0.142767 0.00338294
v 0.0147927 -0.125868 0.010038
v 0.0212614 -0.109646 0.00202598
v 0.0462058 -0.108035 0.00153824
v 0.0456697 0.0679596 0.00153866
v 0.573739 0.280785 0.00153851
v 0.593352 0.286251 0.0015384
v 0.612948 0.285135 0.00153843
v 0.585422 0.276881 0.00153814
v 0.572814 0.258114 0.00153789
v 0.581667 0.290152 0.00153824
v 0.602707 0.276798 0.00153853
v 0.619845 0.266147 0.00153825
v 0.606488 0.263653 0.00153831
v 0.593451 0.242289 0.00153786
v 0.617598 0.24205 0.00153803
v 0.397165 0.268017 0.00153765
v 0.416668 0.281167 0.00169701
v 0.436212 0.28664 0.00153904
v 0.455868 0.285547 0.00153824
v 0.428368 0.27729 0.00153821
v 0.416825 0.25944 0.00153745
v 0.42454 0.290421 0.00294205
v 0.445656 0.27725 0.00153824
v 0.465753 0.26321 0.00153687
v 0.450685 0.263041 0.00153764
v 0.458792 0.236455 0.00153801
v 0.436467 0.244363 0.00153789
v 0.458485 0.250854 0.001538
v 0.484196 0.243941 0.00153792
v 0.470401 0.243787 0.00153799
v 0.477802 0.219423 0.00153798
v 0.752123 0.271628 0.0015385
v 0.745799 0.258487 0.00153788
v 0.734829 0.23081 0.00153798
v 0.632539 0.28852 0.00153839
v 0.645468 0.289379 0.00153835
v 0.650833 0.277504 0.00153838
v 0.724464 0.169682 0.00153799
v 0.712468 0.259073 0.00153785
v 0.293269 0.261914 0.00153756
v 0.318838 0.286511 0.00490734
v 0.338369 0.286009 0.002642
v 0.303172 0.277588 0.0015259
v 0.328195 0.277568 0.00218332
v 0.348169 0.263606 0.00153837
v 0.333174 0.263389 0.00153838
v 0.341041 0.236896 0.00153757
v 0.340824 0.251239 0.00153757
v 0.366475 0.244355 0.00153742
v 0.317353 0.24378 0.00153747
v 0.352682 0.24419 0.00153684
v 0.322558 0.255714 0.00153849
v 0.307119 0.255261 0.00153811
v 0.360042 0.219931 0.00153789
v 0.291754 0.231563 0.00153781
v 0.294339 0.246643 0.00153793
v 0.304841 0.237065 0.00153761
v 0.269884 0.243223 0.00153761
v 0.322987 0.218898 0.00153792
v 0.280887 0.253392 0.00153755
v 0.304911 0.219163 0.00153792
v 0.316533 0.230557 0.00153772
v 0.282601 0.24071 0.00153769
v 0.272408 0.221664 0.00153792
v 0.289999 0.274869 0.00215242
v 0.309244 0.280932 0.0119411
v 0.313873 0.187282 0.00153794
v 0.288312 0.214946 0.00153794
v 0.313898 0.204424 0.00153794
v 0.268884 0.190511 0.00153788
v 0.342406 0.196719 0.00153796
v 0.295615 0.196155 0.00153794
v 0.275066 0.20552 0.00153788
v 0.326864 0.19566 0.00153795
v 0.333616 0.208608 0.00153791
v 0.33568 0.168405 0.0015379
v 0.337182 0.222781 0.00153797
v 0.348588 0.210305 0.0015379
v 0.327411 0.180858 0.00153797
v 0.371725 0.194764 0.001538
v 0.3425 0.181704 0.00153792
v 0.309543 0.160424 0.00153787
v 0.357198 0.198153 0.00153798
v 0.363015 0.162684 0.0015379
v 0.31553 0.173188 0.00153793
v 0.350102 0.169362 0.00153794
v 0.294588 0.175339 0.00153794
v 0.358129 0.182608 0.0015379
v 0.344999 0.143454 0.00153796
v 0.34386 0.157182 0.00153796
v 0.325933 0.149095 0.0015379
v 0.301516 0.20715 0.00153789
v 0.282151 0.193735 0.00153792
v 0.279129 0.178465 0.00153791
v 0.281791 0.149742 0.00153791
v 0.284523 0.164408 0.00153797
v 0.252907 0.166737 0.00153796
v 0.295893 0.154518 0.00153794
v 0.264289 0.176335 0.00153795
v 0.268391 0.160037 0.00153792
v 0.309396 0.142685 0.00153797
v 0.241231 0.192024 0.00153796
v 0.293722 0.138476 0.00153796
v 0.254913 0.187382 0.00153789
v 0.254125 0.2084 0.00153806
v 0.376238 0.176229 0.00153789
v 0.249211 0.136141 0.00153791
v 0.328079 0.12024 0.00153798
v 0.255381 0.150853 0.00153789
v 0.272124 0.127635 0.00153797
v 0.306948 0.121801 0.00153794
v 0.322331 0.134403 0.00153792
v 0.336655 0.131762 0.00153793
v 0.361891 0.12254 0.00153792
v 0.350523 0.130676 0.00153791
v 0.363985 0.143797 0.00153788
v 0.345783 0.111994 0.00153791
v 0.226043 0.154747 0.0015379
v 0.263166 0.138823 0.00153796
v 0.280927 0.136915 0.00153792
v 0.289548 0.121716 0.00153793
v 0.355564 0.152958 0.00153794
v 0.385576 0.154034 0.00153787
v 0.241209 0.156953 0.00153793
v 0.230719 0.17462 0.00153804
v 0.298896 0.0910303 0.00153795
v 0.372501 0.153565 0.00153798
v 0.37981 0.138641 0.00153794
v 0.298548 0.107619 0.0015379
v 0.369144 0.132467 0.00153789
v 0.385752 0.116544 0.0015379
v 0.316665 0.106375 0.00153797
v 0.271395 0.0991595 0.00153796
v 0.410229 0.135738 0.00153796
v 0.277069 0.11318 0.00153793
v 0.255189 0.114047 0.00153791
v 0.286324 0.0992566 0.00153788
v 0.279376 0.074757 0.00153788
v 0.279094 0.0881155 0.00153789
v 0.257224 0.0812738 0.00153801
v 0.395367 0.141463 0.00153793
v 0.412598 0.164719 0.00153792
v 0.398084 0.126019 0.00153793
v 0.407307 0.150619 0.00153792
v 0.421752 0.109143 0.00153794
v 0.43516 0.147964 0.0015379
v 0.412255 0.120877 0.0015379
v 0.420915 0.14538 0.00153791
v 0.432238 0.127205 0.00153789
v 0.401842 0.102867 0.00153792
v 0.0684956 0.236814 0.010284
v 0.0347374 0.183385 0.00290525
v 0.0297436 0.170385 0.00356267
v 0.0367064 0.203305 0.00731981
v 0.107366 0.230634 0.00544391
v 0.127096 0.227021 0.00296393
v 0.143912 0.222901 0.00153787
v 0.164551 0.198916 0.00153718
v 0.150778 0.207939 0.00153765
v 0.161611 0.222069 0.0015349
v 0.145468 0.18548 0.00153785
v 0.141934 0.198023 0.00153784
v 0.123384 0.20085 0.00153771
v 0.0850669 0.174178 0.0015377
v 0.73856 -0.196555 0.00153809
v 0.744147 -0.216877 0.00153791
v 0.632648 -0.272457 0.00153846
v 0.691092 -0.296221 0.00921863
v 0.675316 -0.2901 0.00153638
v 0.678184 -0.256299 0.00153793
v 0.681457 -0.273528 0.00153824
v 0.657054 -0.273893 0.00153835
v 0.69524 -0.261919 0.00153804
v 0.669308 -0.27848 0.00153829
v 0.658821 -0.291256 0.00153826
v 0.667427 -0.264898 0.00153788
v 0.646326 -0.251035 0.00153787
v 0.663141 -0.248528 0.00153792
v 0.698415 -0.274475 0.00153824
v 0.695417 -0.233579 0.00153797
v 0.70838 -0.257063 0.00153779
v 0.697395 -0.24776 0.00153787
v 0.683543 -0.242497 0.00153792
v 0.708883 -0.238958 0.00153798
v 0.673626 -0.217185 0.00153796
v 0.708037 -0.221694 0.00153784
v 0.724144 -0.232998 0.00153805
v 0.682187 -0.228442 0.00153786
v 0.66573 -0.231986 0.00153791
v 0.691774 -0.212383 0.00153799
v 0.644253 -0.283888 0.00153777
v 0.643338 -0.210751 0.00153792
v 0.710257 -0.199125 0.00153792
v 0.647469 -0.295462 0.00445948
v 0.632532 -0.295763 0.00399001
v 0.612949 -0.288463 0.00153598
v 0.657556 -0.218235 0.00153773
v 0.674173 -0.182806 0.00153791
v 0.713833 -0.210872 0.00153796
v 0.724719 -0.201197 0.00153798
v 0.723352 -0.174408 0.00153787
v 0.72783 -0.187615 0.0015379
v 0.713543 -0.185048 0.00153795
v 0.74324 -0.175059 0.00153795
v 0.693631 -0.187847 0.00153793
v 0.70023 -0.163079 0.00153801
v 0.710127 -0.172119 0.00153771
v 0.72059 -0.150829 0.00153793
v 0.647821 -0.233242 0.00153793
v 0.678785 -0.200073 0.00153785
v 0.615381 -0.23956 0.00153796
v 0.658965 -0.198499 0.00153797
v 0.632487 -0.240952 0.00153791
v 0.668294 -0.206295 0.00153797
v 0.631527 -0.256707 0.00153786
v 0.610932 -0.266054 0.00153813
v 0.625498 -0.221446 0.00153791
v 0.635914 -0.228747 0.0015379
v 0.748632 -0.254892 0.00153828
v 0.751589 -0.237209 0.00153799
v 0.739506 -0.230079 0.0015378
v 0.738922 -0.0338616 0.00153793
v 0.744664 -0.0542193 0.00153806
v 0.725204 -0.094889 0.00153796
v 0.210192 -0.221536 0.00153952
v 0.188303 -0.224639 0.00155191
v 0.167887 -0.219856 0.00153512
v 0.19824 -0.216618 0.00153839
v 0.212713 -0.197965 0.00153845
v 0.200286 -0.229688 0.00187206
v 0.179867 -0.214009 0.00153686
v 0.16444 -0.198477 0.00153792
v 0.178044 -0.200446 0.00153776
v 0.174222 -0.175549 0.00153803
v 0.191973 -0.185829 0.00153788
v 0.177016 -0.227236 0.00250664
v 0.39727 -0.283115 0.00257969
v 0.377598 -0.288451 0.00318587
v 0.357913 -0.287188 0.00281532
v 0.38559 -0.279253 0.00154601
v 0.398251 -0.260653 0.00153771
v 0.389232 -0.291912 0.005371
v 0.368253 -0.279051 0.00191356
v 0.348392 -0.264695 0.00153654
v 0.363438 -0.264757 0.00153659
v 0.355573 -0.238123 0.00153784
v 0.377797 -0.246264 0.00153782
v 0.355757 -0.252487 0.00153776
v 0.330299 -0.245296 0.00153776
v 0.344019 -0.245266 0.00153754
v 0.336664 -0.221119 0.00153777
v 0.318799 -0.286934 0.00476252
v 0.300199 -0.28519 0.00666368
v 0.335408 -0.278362 0.0018747
v 0.291824 -0.262702 0.0015351
v 0.309645 -0.277569 0.00242401
v 0.305584 -0.264452 0.00153305
v 0.301288 -0.239578 0.00153597
v 0.316243 -0.252772 0.00153427
v 0.331519 -0.289604 0.00711586
v 0.344561 -0.288045 0.00422095
v 0.291114 -0.275538 0.0045158
v 0.0410889 -0.219805 0.00936629
v 0.0882284 -0.231377 0.0121815
v 0.0994888 -0.222656 0.00408015
v 0.106002 -0.211633 0.0015377
v 0.124237 -0.219632 0.00242232
v 0.0752965 -0.229449 0.0111307
v 0.0810318 -0.211049 0.00160421
v 0.0472617 -0.193682 0.00153568
v 0.031476 -0.181932 0.00981858
v 0.0327297 -0.165631 0.00405028
v 0.0342633 -0.153134 0.00153512
v 0.0443887 -0.137754 0.00153774
v 0.0528137 -0.146123 0.00153844
v 0.033132 -0.132059 0.0015379
v 0.0373619 -0.118736 0.00153777
v 0.0540025 -0.123553 0.00153838
v 0.0731966 -0.104456 0.00153681
v 0.0603619 -0.110747 0.00153791
v 0.0560232 -0.0942059 0.00153789
v 0.0723838 -0.118727 0.00153738
v 0.092041 -0.113046 0.0015379
v 0.0398412 -0.0929482 0.0015386
v 0.0771372 -0.0782648 0.00153539
v 0.0342001 -0.0776471 0.00196907
v 0.063791 -0.0826213 0.0015382
v 0.0638766 -0.0607439 0.00153829
v 0.0426853 -0.0620692 0.00207288
v 0.0376152 -0.0487318 0.00687136
v 0.0538256 -0.0308141 0.00370819
v 0.0526467 -0.0508512 0.00486587
v 0.0431579 -0.036462 0.0110811
v 0.0723073 -0.0418126 0.00932254
v 0.0411297 -0.0259275 0.00259911
v 0.0433522 -0.00846126 0.00153741
v 0.0536222 -0.0666557 0.00153702
v 0.0481065 0.00842284 0.0107365
v 0.0414205 0.00307043 0.00265868
v 0.055394 -0.000444584 0.00202205
v 0.0567983 -0.0158148 0.00153809
v 0.0741092 0.0132348 0.00827072
v 0.0704333 -0.0264452 0.0015372
v 0.0619362 0.00731555 0.0114578
v 0.0751442 -0.00639398 0.0015355
v 0.0563495 0.0300066 0.00255834
v 0.101587 -0.0325779 0.00153734
v 0.0850964 -0.0340593 0.00187759
v 0.0921281 -0.0156528 0.00153868
v 0.0955733 -0.0576134 0.00324464
v 0.0860031 -0.0474408 0.00818814
v 0.0799212 -0.0606015 0.00153888
v 0.102363 -0.198526 0.00153817
v 0.132382 -0.197488 0.00153723
v 0.148363 -0.202704 0.00153756
v 0.125899 -0.207655 0.00153801
v 0.139745 -0.215926 0.00153604
v 0.159139 -0.210141 0.0015373
v 0.154039 -0.223313 0.00286515
v 0.138006 -0.137987 0.00153796
v 0.100623 -0.146422 0.00153794
v 0.0747678 0.140694 0.00153787
v 0.0246192 0.152753 0.00408417
v 0.0555697 0.157979 0.00153781
v 0.0464152 0.166267 0.00153786
v 0.0691058 0.153605 0.00153742
v 0.0608318 0.142231 0.00153732
v 0.065199 0.120696 0.00153694
v 0.0457073 0.149589 0.00153794
v 0.0342076 0.146443 0.00153803
v 0.0315089 0.103731 0.00153774
v 0.0219931 0.112429 0.00153487
v 0.032671 0.064492 0.00218182
v 0.0429338 0.0511348 0.00153871
v 0.0726585 0.0552699 0.00153829
v 0.0572256 0.0576014 0.00153842
v 0.0691777 0.0822683 0.00153775
v 0.0628386 0.0436839 0.00153832
v 0.0668766 0.068209 0.00153853
v 0.0859365 0.0342196 0.00153747
v 0.091673 0.07166 0.00153856
v 0.0712007 0.031503 0.00153766
v 0.0768519 0.0431592 0.00153526
v 0.0898339 0.0546041 0.00153798
v 0.121106 0.06023 0.00153844
v 0.104725 0.0618204 0.00153853
v 0.116067 0.0899352 0.00153853
v 0.110374 0.0379795 0.00153833
v 0.114366 0.0743322 0.00153853
v 0.101899 0.0834084 0.00153853
v 0.143031 0.0794278 0.00153746
v 0.0854305 0.0872306 0.00153735
v 0.129374 0.0728766 0.00153831
v 0.0992469 0.10786 0.00153693
v 0.147602 0.0522121 0.0015377
v 0.104646 0.0961177 0.0015385
v 0.120016 0.110305 0.0015389
v 0.135535 0.0599557 0.00153759
v 0.13095 0.0398627 0.0015379
v 0.101924 0.0485183 0.00153849
v 0.0721436 0.102047 0.00153629
v 0.5541 0.284937 0.00153844
v 0.635548 0.252383 0.00153787
v 0.397029 0.286752 0.00172058
v 0.408629 0.290384 0.00334749
v 0.40503 0.277352 0.00153766
v 0.372994 0.277468 0.00153813
v 0.382363 0.288663 0.00330631
v 0.38631 0.27596 0.00153818
v 0.381002 0.257258 0.00153825
v 0.475514 0.285577 0.00153878
v 0.429928 0.256178 0.00153776
v 0.4198 0.242986 0.00153792
v 0.43084 0.214172 0.00153791
v 0.400278 0.24814 0.00153774
v 0.42938 0.230094 0.00153793
v 0.444511 0.231408 0.00153795
v 0.458 0.216436 0.00153798
v 0.402957 0.219938 0.0015379
v 0.414531 0.229156 0.00153792
v 0.401119 0.233992 0.00153793
v 0.38146 0.224504 0.00153798
v 0.385816 0.240328 0.00153791
v 0.514916 0.267744 0.00153839
v 0.737057 0.245946 0.00153786
v 0.747186 0.236716 0.00153794
v 0.720799 0.240632 0.00153802
v 0.7463 0.22264 0.00153795
v 0.726117 0.206357 0.0015379
v 0.733914 0.217349 0.00153793
v 0.745759 0.20672 0.0015379
v 0.71543 0.222257 0.00153792
v 0.747234 0.190128 0.00153799
v 0.743421 0.171426 0.00153793
v 0.624247 0.278455 0.00153842
v 0.724669 0.128964 0.001538
v 0.266429 0.25693 0.00365547
v 0.250281 0.241215 0.00161152
v 0.280431 0.266121 0.00262376
v 0.297853 0.276145 0.0162332
v 0.301666 0.185323 0.00153786
v 0.323704 0.162372 0.00153797
v 0.212302 0.212358 0.0015388
v 0.244362 0.178145 0.00153794
v 0.36817 0.0958024 0.00153803
v 0.171227 -0.111599 0.00153778
v 0.254988 0.0975946 0.00153787
v 0.227106 0.085786 0.00153793
v 0.234678 0.106293 0.00153792
v 0.242765 0.0877698 0.00153791
v 0.238712 0.059166 0.00153792
v 0.236676 0.0740691 0.00153788
v 0.211141 0.0631884 0.00153802
v 0.222342 0.0722379 0.00153797
v 0.200499 0.0874597 0.00153791
v 0.213576 0.082928 0.00153797
v 0.213624 0.104014 0.00153794
v 0.470657 0.131897 0.00153792
v 0.193162 0.17296 0.00153834
v 0.752038 -0.196652 0.00153785
v 0.625823 -0.284162 0.00153787
v 0.612826 -0.298417 0.00773846
v 0.601824 -0.294342 0.00267084
v 0.600435 -0.278323 0.00153813
v 0.583802 -0.287687 0.00153811
v 0.583899 -0.253635 0.00153802
v 0.595663 -0.263657 0.00153791
v 0.579505 -0.270622 0.0015383
v 0.599801 -0.246972 0.00153792
v 0.561448 -0.284041 0.00153739
v 0.579958 -0.222194 0.00153789
v 0.612086 -0.252636 0.00153769
v 0.573379 -0.281179 0.00153746
v 0.571878 -0.295009 0.00335185
v 0.563871 -0.268583 0.00153849
v 0.535032 -0.271857 0.00153836
v 0.549942 -0.274276 0.00153836
v 0.546297 -0.290125 0.00153611
v 0.546595 -0.246821 0.00153775
v 0.55216 -0.260103 0.00153844
v 0.565885 -0.246705 0.00153779
v 0.599694 -0.226798 0.00153789
v 0.586375 -0.237368 0.00153798
v 0.557333 -0.295269 0.00451414
v 0.572513 -0.234222 0.00153797
v 0.55609 -0.233532 0.00153785
v 0.564792 -0.221177 0.0015379
v 0.538354 -0.21193 0.00153798
v 0.550273 -0.220251 0.00153797
v 0.574135 -0.194933 0.00153806
v 0.540354 -0.232397 0.00153793
v 0.573186 -0.209382 0.0015378
v 0.51974 -0.24966 0.00153792
v 0.558322 -0.207746 0.00153786
v 0.596012 -0.203641 0.00153791
v 0.532712 -0.24416 0.0015378
v 0.537342 -0.257736 0.00153782
v 0.51707 -0.225778 0.00153787
v 0.744848 -0.155963 0.00153792
v 0.754981 -0.176336 0.00153784
v 0.697176 -0.200452 0.001538
v 0.68716 -0.172876 0.00153795
v 0.69879 -0.176771 0.00153787
v 0.663002 -0.154903 0.00153795
v 0.672539 -0.167283 0.00153797
v 0.652595 -0.17723 0.00153791
v 0.683856 -0.148749 0.00153791
v 0.688034 -0.160477 0.00153788
v 0.696435 -0.150913 0.00153797
v 0.693903 -0.127572 0.00153794
v 0.74311 -0.0135075 0.00153803
v 0.752388 -0.0338716 0.00153792
v 0.743609 -0.0745743 0.00153789
v 0.73494 -0.0459695 0.00153795
v 0.715497 -0.0327881 0.00153785
v 0.744645 -0.0949309 0.00153804
v 0.23054 -0.229774 0.00153873
v 0.16134 -0.183532 0.00153795
v 0.151548 -0.173558 0.00153796
v 0.173408 -0.188354 0.00153785
v 0.159531 -0.156865 0.00153779
v 0.147718 -0.152305 0.0015378
v 0.177232 -0.137376 0.00153829
v 0.163281 -0.168958 0.00153786
v 0.177085 -0.158366 0.00153818
v 0.164628 -0.143777 0.00153852
v 0.161533 -0.126325 0.00153845
v 0.150591 -0.108678 0.00153851
v 0.199601 -0.196648 0.00153831
v 0.207476 -0.183067 0.0015379
v 0.196216 -0.165909 0.00153794
v 0.236502 -0.181288 0.00153799
v 0.222246 -0.186301 0.001538
v 0.219545 -0.163007 0.00153795
v 0.237252 -0.205959 0.00153853
v 0.225933 -0.174083 0.00153786
v 0.242433 -0.157283 0.00153789
v 0.225966 -0.199011 0.00153839
v 0.224131 -0.214496 0.00153842
v 0.184193 -0.168479 0.00153816
v 0.41682 -0.287341 0.00261709
v 0.333109 -0.263238 0.00153736
v 0.273115 -0.246133 0.00153751
v 0.112616 -0.225488 0.0052596
v 0.127518 -0.229442 0.00821561
v 0.0656484 -0.12996 0.00153773
v 0.0904333 -0.124903 0.00153793
v 0.10615 -0.118327 0.00153747
v 0.108113 -0.0910455 0.00153828
v 0.111902 -0.105108 0.00153808
v 0.132401 -0.0924465 0.00153735
v 0.125445 -0.103934 0.00153838
v 0.0592178 -0.0408948 0.010262
v 0.0436491 0.0235681 0.00978473
v 0.0560275 0.0189688 0.00965193
v 0.0797717 -0.0180012 0.00153795
v 0.0926023 0.00250182 0.0101718
v 0.102528 0.137012 0.00153755
v 0.0517371 0.123769 0.00153827
v 0.0858367 0.123418 0.0015377
v 0.134598 0.0971408 0.00153848
v 0.120004 0.0471083 0.00153848
v 0.0538392 0.0944031 0.00153763
v 0.0864219 0.101399 0.00153712
v 0.565399 0.290057 0.00153853
v 0.561303 0.270028 0.00153842
v 0.546162 0.24378 0.0015379
v 0.538166 0.268132 0.00153666
v 0.55744 0.254732 0.00153786
v 0.570356 0.23336 0.00153795
v 0.544571 0.256734 0.00153776
v 0.524515 0.247843 0.00153806
v 0.559434 0.241359 0.00153805
v 0.550941 0.218071 0.00153798
v 0.549339 0.273479 0.00153799
v 0.536566 0.285601 0.00153842
v 0.526338 0.275956 0.0015379
v 0.510814 0.285428 0.00153852
v 0.493204 0.272161 0.0015385
v 0.505014 0.27482 0.00153853
v 0.502169 0.260305 0.00153789
v 0.496034 0.286666 0.00153877
v 0.487383 0.258483 0.00153794
v 0.622839 0.253676 0.00153786
v 0.631451 0.263581 0.00153775
v 0.643577 0.261623 0.00153798
v 0.647895 0.249717 0.00153791
v 0.662924 0.239362 0.00153795
v 0.637176 0.229139 0.0015379
v 0.677237 0.20892 0.00153804
v 0.649433 0.235778 0.00153792
v 0.660959 0.219869 0.00153806
v 0.356852 0.286576 0.00257491
v 0.369284 0.289476 0.00479063
v 0.359546 0.272386 0.00153828
v 0.361554 0.258006 0.00153799
v 0.465778 0.276527 0.00153751
v 0.479129 0.271973 0.00153771
v 0.392742 0.2572 0.00153764
v 0.404951 0.258994 0.00153659
v 0.444205 0.217603 0.00153795
v 0.449303 0.192626 0.00153788
v 0.440716 0.203951 0.00153795
v 0.42652 0.184415 0.00153796
v 0.426032 0.199705 0.00153795
v 0.39948 0.191531 0.00153799
v 0.41575 0.211251 0.0015379
v 0.413977 0.191815 0.00153794
v 0.402542 0.205558 0.00153799
v 0.414437 0.178193 0.00153791
v 0.386523 0.201835 0.00153794
v 0.426707 0.169492 0.00153794
v 0.397118 0.173894 0.00153787
v 0.442224 0.176951 0.00153792
v 0.385529 0.187337 0.00153793
v 0.373072 0.210582 0.00153791
v 0.473763 0.171919 0.00153795
v 0.439923 0.162141 0.00153798
v 0.456881 0.166909 0.00153797
v 0.452725 0.149796 0.0015379
v 0.461396 0.182115 0.00153787
v 0.466199 0.199838 0.00153788
v 0.469927 0.1545 0.00153791
v 0.445486 0.135772 0.0015379
v 0.458629 0.137787 0.00153793
v 0.455543 0.115896 0.00153794
v 0.444522 0.122874 0.00153789
v 0.440451 0.104091 0.00153796
v 0.468945 0.211458 0.00153792
v 0.486393 0.201009 0.00153801
v 0.502828 0.15602 0.00153792
v 0.486105 0.159895 0.00153797
v 0.493956 0.180305 0.00153786
v 0.490335 0.139198 0.00153795
v 0.485688 0.171815 0.00153796
v 0.47967 0.185942 0.00153788
v 0.498053 0.168043 0.00153795
v 0.517663 0.181175 0.00153786
v 0.513065 0.166912 0.00153793
v 0.540748 0.165583 0.00153781
v 0.527047 0.17015 0.00153791
v 0.541701 0.192091 0.00153788
v 0.526209 0.14402 0.00153788
v 0.537487 0.179003 0.00153791
v 0.516317 0.153587 0.00153795
v 0.530368 0.156917 0.00153796
v 0.562833 0.177819 0.00153788
v 0.509068 0.136175 0.00153789
v 0.550909 0.142923 0.00153792
v 0.481128 0.148185 0.0015379
v 0.49476 0.104551 0.00153787
v 0.500719 0.144512 0.00153794
v 0.49743 0.122436 0.00153797
v 0.531904 0.109524 0.00153794
v 0.480246 0.116063 0.00153795
v 0.512784 0.110792 0.00153791
v 0.524207 0.126029 0.00153793
v 0.483163 0.128577 0.00153788
v 0.468497 0.0861961 0.00153799
v 0.467824 0.119433 0.0015379
v 0.470169 0.10283 0.00153791
v 0.510203 0.123386 0.00153799
v 0.538235 0.133414 0.00153792
v 0.561682 0.115465 0.00153785
v 0.552448 0.127721 0.00153801
v 0.578563 0.137734 0.00153787
v 0.546539 0.1137 0.0015379
v 0.56696 0.129017 0.00153799
v 0.557564 0.0876675 0.00153796
v 0.588429 0.112593 0.00153787
v 0.543506 0.0971447 0.00153792
v 0.575416 0.117796 0.00153796
v 0.57506 0.097582 0.00153791
v 0.483363 0.0929106 0.00153797
v 0.455102 0.09614 0.00153794
v 0.556923 0.101998 0.00153787
v 0.521132 0.0878013 0.00153797
v 0.444504 0.0676782 0.00153794
v 0.50175 0.0862914 0.00153797
v 0.530546 0.0966232 0.00153788
v 0.537948 0.079286 0.00153794
v 0.440065 0.0856498 0.00153794
v 0.485394 0.0690658 0.00153795
v 0.454493 0.0795164 0.00153799
v 0.468231 0.0690282 0.00153786
v 0.41053 0.0692447 0.00153796
v 0.428191 0.0952987 0.00153789
v 0.424594 0.0786874 0.00153788
v 0.480033 0.0806747 0.00153775
v 0.515542 0.0553541 0.00153794
v 0.427234 0.0597243 0.00153789
v 0.408887 0.0867153 0.00153794
v 0.523159 0.0706903 0.00153788
v 0.47725 0.0385967 0.00153797
v 0.385348 0.07605 0.00153791
v 0.414253 0.0985483 0.00153801
v 0.54532 0.0498519 0.00153791
v 0.506126 0.0697194 0.00153786
v 0.477018 0.0550337 0.00153787
v 0.393247 0.0896735 0.00153798
v 0.399084 0.0771025 0.00153791
v 0.379729 0.0884853 0.00153787
v 0.39398 0.0572477 0.00153792
v 0.362181 0.0733509 0.00153791
v 0.380732 0.102973 0.00153797
v 0.368311 0.109888 0.00153794
v 0.531194 0.0570182 0.00153795
v 0.544082 0.0651555 0.00153788
v 0.526465 0.029737 0.00153791
v 0.571776 0.0593848 0.00153795
v 0.524783 0.0441249 0.00153788
v 0.557162 0.0583658 0.00153793
v 0.501899 0.0344235 0.00153795
v 0.556362 0.0730395 0.00153795
v 0.566558 0.0329067 0.00153791
v 0.514848 0.0357881 0.00153791
v 0.51087 0.0136471 0.00153792
v 0.574272 0.0787266 0.00153793
v 0.558293 0.0443531 0.00153786
v 0.54686 0.0274437 0.00153793
v 0.496473 0.053218 0.00153793
v 0.495473 0.0758677 0.00153796
v 0.455261 0.0467865 0.00153797
v 0.602287 0.0866862 0.00153808
v 0.46391 0.0566276 0.00153794
v 0.58687 0.0875045 0.00153793
v 0.595097 0.0995063 0.00153797
v 0.593675 0.0656069 0.00153793
v 0.614808 0.11765 0.00153783
v 0.612242 0.100633 0.00153801
v 0.60237 0.111385 0.00153797
v 0.596782 0.130269 0.00153786
v 0.643675 0.104303 0.00153796
v 0.6274 0.106909 0.00153793
v 0.631217 0.0763975 0.00153799
v 0.639885 0.134466 0.00153799
v 0.618215 0.0857644 0.00153788
v 0.632526 0.0920259 0.00153787
v 0.613928 0.0659748 0.00153794
v 0.655799 0.0819841 0.00153791
v 0.642563 0.0832166 0.00153788
v 0.647469 0.0622816 0.00153795
v 0.63754 0.118894 0.00153794
v 0.625499 0.128795 0.0015379
v 0.666325 0.122282 0.00153791
v 0.62241 0.157279 0.0015379
v 0.652443 0.116512 0.00153795
v 0.627959 0.143432 0.00153792
v 0.66735 0.100437 0.00153803
v 0.61152 0.138821 0.00153791
v 0.64959 0.159992 0.0015379
v 0.641132 0.148626 0.00153794
v 0.661084 0.142509 0.00153791
v 0.59448 0.15106 0.00153786
v 0.466595 0.22604 0.00153787
v 0.477913 0.232511 0.00153789
v 0.501421 0.226878 0.0015379
v 0.368862 0.230628 0.00153796
v 0.732747 0.18337 0.001538
v 0.708437 0.188831 0.00153793
v 0.735413 0.19659 0.00153792
v 0.719678 0.181967 0.00153797
v 0.704011 0.168814 0.00153796
v 0.747528 0.159041 0.00153794
v 0.73477 0.161683 0.001538
v 0.737571 0.142869 0.00153782
v 0.717103 0.149475 0.00153782
v 0.749922 0.146384 0.00153803
v 0.747575 0.131184 0.00153786
v 0.728943 0.151209 0.00153798
v 0.738893 0.108639 0.00153789
v 0.747751 0.118153 0.00153791
v 0.735075 0.121113 0.00153794
v 0.717874 0.109053 0.00153782
v 0.261459 0.231535 0.0015384
v 0.245298 0.224139 0.00153959
v 0.236604 0.209043 0.00153855
v 0.222647 0.196259 0.00153805
v 0.22629 0.225242 0.00185808
v 0.224726 0.21284 0.00153951
v 0.208742 0.230452 0.00197635
v 0.186717 0.216131 0.00153817
v 0.194119 0.229013 0.00154483
v 0.199962 0.217136 0.0015383
v 0.198369 0.194756 0.00153845
v 0.160952 0.0169486 0.00153744
v 0.240317 0.122013 0.00153799
v 0.222471 0.119626 0.00153784
v 0.231352 0.137579 0.00153797
v 0.190175 0.127447 0.00153786
v 0.240843 0.144905 0.00153791
v 0.208905 0.140101 0.00153785
v 0.205223 0.119051 0.00153798
v 0.220651 0.143707 0.00153789
v 0.218037 0.131413 0.0015379
v 0.210559 0.155539 0.001538
v 0.188572 0.14996 0.00153709
v 0.196246 0.104211 0.00153787
v 0.201772 0.130484 0.00153779
v 0.193365 0.139011 0.00153707
v 0.175386 0.137587 0.00153793
v 0.200528 0.148703 0.00153761
v 0.195807 0.160513 0.00153742
v 0.180025 0.163475 0.00153852
v 0.207094 0.169526 0.00153741
v 0.171043 0.0888262 0.00153771
v 0.176053 0.182928 0.0015384
v 0.186009 0.0926887 0.00153801
v 0.184661 0.0667394 0.0015379
v 0.173175 0.111717 0.00153763
v 0.181303 0.0798948 0.00153803
v 0.162781 0.0680999 0.00153802
v 0.177146 0.124431 0.0015377
v 0.186219 0.114728 0.00153777
v 0.152535 0.124849 0.00153846
v 0.224956 0.0982513 0.00153792
v 0.590483 -0.2967 0.00491781
v 0.51482 -0.28429 0.00153598
v 0.571768 -0.258318 0.00153786
v 0.613079 -0.226436 0.00153797
v 0.606043 -0.21393 0.00153794
v 0.619349 -0.191094 0.0015379
v 0.609459 -0.200647 0.00153778
v 0.597384 -0.178399 0.00153792
v 0.62421 -0.205913 0.00153787
v 0.637598 -0.193377 0.0015379
v 0.630974 -0.172276 0.00153794
v 0.629467 -0.184329 0.00153797
v 0.616944 -0.176645 0.00153791
v 0.616168 -0.149636 0.00153801
v 0.620377 -0.163037 0.00153802
v 0.60617 -0.166691 0.00153798
v 0.63988 -0.149602 0.00153791
v 0.580937 -0.156978 0.00153786
v 0.592187 -0.165379 0.00153793
v 0.5795 -0.177929 0.00153792
v 0.597211 -0.146959 0.00153792
v 0.546566 -0.176895 0.00153791
v 0.562894 -0.182037 0.00153792
v 0.561018 -0.194978 0.00153792
v 0.545896 -0.198444 0.00153799
v 0.518074 -0.191844 0.00153793
v 0.531055 -0.199044 0.00153787
v 0.523149 -0.211944 0.00153791
v 0.531558 -0.182929 0.00153796
v 0.530355 -0.223319 0.00153786
v 0.495468 -0.208102 0.00153792
v 0.508773 -0.213914 0.00153791
v 0.491865 -0.234325 0.00153789
v 0.5069 -0.200152 0.00153796
v 0.497392 -0.221736 0.00153788
v 0.486954 -0.183954 0.00153796
v 0.472152 -0.218207 0.00153779
v 0.503493 -0.184044 0.00153794
v 0.560459 -0.161295 0.00153786
v 0.49532 -0.154807 0.0015379
v 0.5689 -0.170838 0.00153799
v 0.528258 -0.153388 0.00153795
v 0.495269 -0.170567 0.00153804
v 0.467256 -0.162542 0.00153797
v 0.51218 -0.162761 0.00153798
v 0.482391 -0.162622 0.00153779
v 0.474906 -0.135838 0.00153798
v 0.482438 -0.148189 0.00153796
v 0.500575 -0.128738 0.00153787
v 0.494268 -0.141029 0.00153784
v 0.512861 -0.142803 0.00153794
v 0.53409 -0.16771 0.0015379
v 0.521295 -0.173397 0.00153793
v 0.544932 -0.154995 0.00153796
v 0.539355 -0.124694 0.00153793
v 0.561528 -0.136366 0.00153795
v 0.537875 -0.140617 0.00153792
v 0.519721 -0.124463 0.00153785
v 0.556558 -0.148629 0.00153792
v 0.570659 -0.147209 0.00153795
v 0.583673 -0.12702 0.00153797
v 0.548809 -0.133642 0.00153793
v 0.559874 -0.11249 0.00153796
v 0.591778 -0.216174 0.00153794
v 0.733613 -0.164632 0.00153798
v 0.743494 -0.135619 0.00153805
v 0.661801 -0.186071 0.00153791
v 0.666185 -0.127397 0.00153791
v 0.725095 0.0272077 0.0015379
v 0.743558 0.00684813 0.001538
v 0.755007 -0.0135086 0.00153777
v 0.749663 -0.0646911 0.00153797
v 0.737562 -0.0640478 0.00153783
v 0.726415 -0.0774643 0.0015379
v 0.736549 -0.0851306 0.00153803
v 0.694977 -0.0839548 0.00153793
v 0.711621 -0.0851602 0.00153794
v 0.705819 -0.107671 0.00153797
v 0.704746 -0.0636147 0.00153791
v 0.71305 -0.097547 0.00153793
v 0.722591 -0.11204 0.00153787
v 0.700133 -0.0959331 0.00153789
v 0.686644 -0.109676 0.00153791
v 0.685529 -0.0950887 0.00153792
v 0.663813 -0.104002 0.00153797
v 0.670464 -0.0726952 0.00153788
v 0.681147 -0.0817786 0.00153784
v 0.671651 -0.0922403 0.00153793
v 0.686617 -0.0644815 0.00153797
v 0.646833 -0.0841521 0.00153791
v 0.658114 -0.0916905 0.00153787
v 0.639182 -0.107874 0.00153793
v 0.714391 -0.0724114 0.00153798
v 0.710536 -0.124042 0.00153792
v 0.69608 -0.0719603 0.00153797
v 0.663857 -0.039867 0.00153797
v 0.694599 -0.0427261 0.00153799
v 0.727347 -0.128894 0.00153797
v 0.704894 -0.138217 0.00153796
v 0.671785 -0.0553747 0.00153789
v 0.69524 -0.0553215 0.00153795
v 0.683478 -0.0495677 0.00153794
v 0.709678 -0.048314 0.00153792
v 0.680085 -0.0315963 0.00153794
v 0.742375 -0.115538 0.00153797
v 0.731308 -0.142129 0.00153784
v 0.650819 -0.0623761 0.00153791
v 0.6572 -0.00684814 0.00153791
v 0.69806 -0.0230988 0.00153788
v 0.734026 -0.105017 0.00153793
v 0.659008 -0.052105 0.00153788
v 0.636629 -0.042606 0.00153787
v 0.650269 -0.0415019 0.00153795
v 0.641663 -0.0216836 0.00153793
v 0.65541 -0.0275241 0.00153786
v 0.727738 -0.0209127 0.00153794
v 0.72856 -0.00296279 0.00153788
v 0.712061 -0.0111467 0.00153797
v 0.729232 0.0123929 0.00153795
v 0.741848 0.0238712 0.00153785
v 0.714112 0.00541425 0.00153797
v 0.737936 0.0484868 0.00153788
v 0.690427 4.4289e-05 0.00153786
v 0.735407 0.0354793 0.00153796
v 0.718902 0.0455179 0.00153787
v 0.74798 0.0397417 0.00153787
v 0.703267 -0.00160673 0.00153788
v 0.699018 0.0168156 0.00153792
v 0.712991 0.0196735 0.00153792
v 0.702361 0.0357668 0.00153789
v 0.668403 0.0220594 0.00153797
v 0.682901 0.0145443 0.00153789
v 0.673034 0.00026426 0.00153793
v 0.683473 0.0335789 0.00153791
v 0.681617 -0.0145623 0.00153794
v 0.659617 0.0088586 0.00153794
v 0.630628 0.00549659 0.00153791
v 0.645626 0.00306641 0.00153785
v 0.636226 -0.00806023 0.00153807
v 0.642135 0.0304082 0.0015379
v 0.614918 -0.024347 0.00153795
v 0.654008 0.0221698 0.00153793
v 0.639969 0.0162702 0.00153792
v 0.618742 -0.00726823 0.00153793
v 0.627887 -0.0192359 0.00153798
v 0.660015 0.0436716 0.00153793
v 0.616426 0.0273321 0.00153787
v 0.625966 -0.0332479 0.00153788
v 0.629754 0.0251655 0.00153789
v 0.614839 -0.0567382 0.00153798
v 0.6263 0.0472569 0.00153791
v 0.623724 -0.0465845 0.00153793
v 0.634676 -0.0589693 0.0015379
v 0.60655 -0.0404675 0.00153793
v 0.668963 -0.0219515 0.00153795
v 0.586569 -0.00879076 0.00153791
v 0.61328 0.00978583 0.00153789
v 0.640481 -0.0716948 0.00153807
v 0.621706 -0.0890504 0.00153795
v 0.623261 -0.0718222 0.0015379
v 0.581983 -0.0630821 0.0015379
v 0.602904 -0.0125816 0.00153791
v 0.590774 0.0230966 0.00153796
v 0.597482 -0.0552753 0.00153795
v 0.590799 -0.0282426 0.0015379
v 0.597886 0.00341598 0.001538
v 0.604413 0.020527 0.00153795
v 0.600937 0.0405202 0.00153788
v 0.604911 -0.0721176 0.00153782
v 0.60322 -0.0284535 0.00153795
v 0.582315 -0.0445985 0.00153793
v 0.580417 0.0083134 0.00153791
v 0.594046 -0.0403566 0.00153789
v 0.549413 -0.0530076 0.00153789
v 0.562796 -0.0239326 0.0015379
v 0.576385 0.0222263 0.00153801
v 0.582527 0.0377663 0.00153786
v 0.559135 0.00985097 0.00153793
v 0.567082 -0.053455 0.00153789
v 0.576093 -0.0309239 0.0015379
v 0.563498 -0.0388916 0.00153794
v 0.574955 -0.0167916 0.00153782
v 0.542705 -0.0321993 0.00153779
v 0.560985 -0.00704028 0.00153798
v 0.589852 0.0509702 0.00153793
v 0.559066 -0.0824128 0.001538
v 0.548061 -0.0168482 0.00153804
v 0.569357 0.0023315 0.00153791
v 0.567535 -0.0691957 0.001538
v 0.584839 -0.0897294 0.00153793
v 0.551934 -0.0684565 0.00153795
v 0.573052 -0.0821077 0.00153798
v 0.530867 -0.0879176 0.00153799
v 0.5705 -0.0990819 0.0015379
v 0.544167 -0.0811789 0.0015379
v 0.550403 -0.0976441 0.00153795
v 0.526607 -0.0631873 0.00153794
v 0.539954 -0.0624072 0.00153801
v 0.532202 -0.0463949 0.00153795
v 0.532597 -0.0749116 0.00153788
v 0.510927 -0.0785131 0.0015379
v 0.518601 -0.0149432 0.00153796
v 0.545481 -5.00617e-05 0.00153796
v 0.586873 -0.108476 0.00153791
v 0.545268 -0.111327 0.00153785
v 0.529635 -0.112373 0.00153794
v 0.506138 -0.103203 0.00153802
v 0.536636 -0.100503 0.00153791
v 0.516405 -0.111627 0.00153798
v 0.519567 -0.0972782 0.00153792
v 0.533096 -0.0201262 0.00153792
v 0.520543 -0.0327448 0.00153788
v 0.530379 -0.00451864 0.00153793
v 0.516132 -0.000282072 0.00153797
v 0.533245 0.0131128 0.0015379
v 0.491467 -0.0117468 0.00153791
v 0.500147 0.0017404 0.00153796
v 0.574186 -0.115799 0.00153784
v 0.603462 -0.0972835 0.00153787
v 0.514502 -0.0497139 0.00153796
v 0.522122 0.0183335 0.00153787
v 0.503718 -0.0254446 0.00153794
v 0.505268 -0.0111705 0.00153791
v 0.472497 0.0101859 0.00153796
v 0.493491 0.0185713 0.00153792
v 0.607943 -0.12176 0.0015379
v 0.512116 -0.0640345 0.00153783
v 0.485868 -0.0689854 0.00153792
v 0.496536 -0.0539505 0.0015379
v 0.499716 -0.0702219 0.00153794
v 0.495149 -0.0881826 0.0015379
v 0.485139 0.00194991 0.00153789
v 0.464893 -0.0155522 0.00153796
v 0.472449 -0.00383237 0.00153789
v 0.4484 0.00353342 0.00153794
v 0.488757 0.0313222 0.00153789
v 0.476258 0.0241463 0.00153789
v 0.456021 0.0223257 0.00153789
v 0.594708 -0.119419 0.001538
v 0.599194 -0.132911 0.00153792
v 0.613636 -0.13524 0.00153792
v 0.626705 -0.121832 0.00153789
v 0.627987 -0.140164 0.00153792
v 0.645785 -0.129943 0.001538
v 0.502739 -0.0403784 0.00153793
v 0.477914 -0.0370624 0.00153794
v 0.491162 -0.0320132 0.00153796
v 0.479514 -0.0215903 0.00153797
v 0.480756 -0.110184 0.00153793
v 0.617311 -0.107455 0.00153789
v 0.638722 -0.120017 0.00153782
v 0.652872 -0.114525 0.001538
v 0.650493 -0.101943 0.00153788
v 0.639558 -0.0948904 0.001538
v 0.633633 -0.0830148 0.00153795
v 0.480026 -0.0534782 0.0015379
v 0.492109 -0.101915 0.00153789
v 0.498058 -0.1148 0.00153793
v 0.475363 -0.0909043 0.00153792
v 0.486363 -0.124057 0.00153802
v 0.627941 -0.100305 0.0015379
v 0.488471 -0.0442612 0.00153787
v 0.449946 -0.0487661 0.001538
v 0.465613 -0.0468793 0.00153794
v 0.464807 -0.0679571 0.00153795
v 0.455657 -0.0313448 0.00153793
v 0.468273 -0.0281895 0.00153794
v 0.421886 -0.0296583 0.00153792
v 0.446152 -0.0150752 0.00153793
v 0.438575 -0.035269 0.00153788
v 0.455645 -0.0068746 0.00153789
v 0.461091 0.00460908 0.00153794
v 0.42195 -0.00243731 0.00153789
v 0.420523 -0.0620117 0.00153789
v 0.4337 -0.0218395 0.00153792
v 0.436322 -0.00432998 0.00153787
v 0.431482 0.0161833 0.0015379
v 0.425771 -0.0460652 0.00153788
v 0.436695 -0.0585919 0.00153789
v 0.394855 -0.0445128 0.00153799
v 0.450656 -0.0635597 0.00153792
v 0.450897 -0.0881747 0.00153789
v 0.438489 -0.0759102 0.00153795
v 0.45466 -0.0758549 0.00153797
v 0.466775 -0.0809413 0.00153788
v 0.410496 -0.0409258 0.00153792
v 0.423061 -0.103908 0.00153796
v 0.405815 -0.0560379 0.00153791
v 0.403131 -0.0840017 0.00153797
v 0.381971 -0.0677286 0.00153784
v 0.408592 -0.070439 0.00153795
v 0.392051 -0.058158 0.00153792
v 0.422726 -0.0777546 0.00153789
v 0.394928 -0.0727715 0.00153788
v 0.371551 -0.0466746 0.00153794
v 0.4323 -0.0907533 0.00153794
v 0.379964 -0.0922378 0.00153792
v 0.396219 -0.0155265 0.00153801
v 0.444413 -0.109102 0.00153794
v 0.407143 -0.0261173 0.00153792
v 0.410481 -0.0116987 0.00153796
v 0.396292 0.0117821 0.0015379
v 0.408156 0.00289563 0.00153793
v 0.412836 0.0216544 0.0015379
v 0.442692 -0.0970805 0.00153785
v 0.456245 -0.101333 0.00153794
v 0.460836 -0.121133 0.00153791
v 0.749656 -0.0844754 0.00153791
v 0.227183 -0.241355 0.00350441
v 0.217193 -0.23276 0.00205566
v 0.240545 -0.23915 0.00153851
v 0.247783 -0.221654 0.00153845
v 0.27064 -0.195267 0.00153802
v 0.258271 -0.236068 0.00153794
v 0.255454 -0.205251 0.00153835
v 0.260184 -0.249068 0.00153808
v 0.280331 -0.220342 0.00153853
v 0.24593 -0.193319 0.00153803
v 0.258583 -0.173886 0.00153794
v 0.272084 -0.231969 0.00153853
v 0.26458 -0.218126 0.00153853
v 0.287189 -0.233751 0.00153853
v 0.274027 -0.208354 0.00153811
v 0.301944 -0.218128 0.00153828
v 0.289479 -0.24823 0.00153845
v 0.289873 -0.207885 0.00153839
v 0.314155 -0.191984 0.00153783
v 0.304295 -0.20333 0.00153816
v 0.29069 -0.186004 0.00153791
v 0.322329 -0.208835 0.00153761
v 0.351205 -0.189989 0.00153779
v 0.318724 -0.227383 0.00153788
v 0.339471 -0.203489 0.0015382
v 0.332362 -0.185593 0.00153798
v 0.364467 -0.213141 0.00153787
v 0.328115 -0.197548 0.00153828
v 0.349698 -0.214246 0.00153803
v 0.35615 -0.202503 0.00153799
v 0.358042 -0.224923 0.00153785
v 0.375959 -0.187615 0.001538
v 0.376753 -0.227493 0.00153797
v 0.370055 -0.200317 0.00153788
v 0.395684 -0.204426 0.00153798
v 0.380079 -0.212312 0.00153789
v 0.383439 -0.198785 0.00153795
v 0.395805 -0.223772 0.00153786
v 0.39958 -0.180038 0.00153792
v 0.368454 -0.237268 0.00153794
v 0.388475 -0.236355 0.00153786
v 0.411577 -0.241338 0.00153788
v 0.390813 -0.249504 0.00153783
v 0.150172 -0.121008 0.00153853
v 0.192097 -0.148144 0.00153796
v 0.202561 -0.118218 0.00153796
v 0.206531 -0.154293 0.00153784
v 0.205708 -0.136129 0.00153766
v 0.22253 -0.144562 0.00153792
v 0.191071 -0.129318 0.00153742
v 0.229728 -0.15519 0.00153791
v 0.238536 -0.141577 0.00153791
v 0.22227 -0.124134 0.00153793
v 0.178308 -0.12359 0.00153767
v 0.187895 -0.110044 0.00153782
v 0.268534 -0.142532 0.0015379
v 0.176448 -0.0814932 0.00153771
v 0.253397 -0.14626 0.00153793
v 0.254308 -0.11777 0.00153797
v 0.264481 -0.158494 0.00153788
v 0.257904 -0.132144 0.00153797
v 0.281756 -0.118633 0.00153791
v 0.271753 -0.128731 0.001538
v 0.294799 -0.141311 0.00153789
v 0.281492 -0.138241 0.00153795
v 0.284009 -0.157471 0.00153795
v 0.178143 -0.0973213 0.00153775
v 0.209559 -0.0884235 0.00153789
v 0.253158 -0.163052 0.00153802
v 0.246091 -0.173303 0.00153791
v 0.159267 -0.091116 0.00153815
v 0.201831 -0.102305 0.00153797
v 0.192395 -0.0879724 0.00153794
v 0.221746 -0.104264 0.00153791
v 0.195621 -0.0567753 0.00153792
v 0.201206 -0.0731866 0.00153806
v 0.185916 -0.069051 0.00153793
v 0.158746 -0.05841 0.0015377
v 0.170859 -0.0674952 0.00153758
v 0.155792 -0.0747802 0.0015375
v 0.176653 -0.0473986 0.00153791
v 0.227562 -0.0554182 0.00153795
v 0.145418 -0.0853717 0.00320127
v 0.144034 -0.0977795 0.00153745
v 0.137566 -0.108839 0.00153847
v 0.125708 -0.0660307 0.00584322
v 0.13278 -0.0785237 0.00466138
v 0.120595 -0.0847154 0.00153811
v 0.142056 -0.0649759 0.00153828
v 0.106439 -0.0726259 0.00153805
v 0.220254 -0.0728482 0.00153793
v 0.131224 -0.0372249 0.00153757
v 0.0933366 -0.0829392 0.00153786
v 0.111489 -0.0582242 0.00672694
v 0.144872 -0.0478548 0.0015372
v 0.094668 -0.0981084 0.00153773
v 0.0900384 -0.0697848 0.00153735
v 0.103395 -0.0459314 0.00731787
v 0.115786 -0.0386357 0.00153721
v 0.119102 -0.0117989 0.00153423
v 0.12449 -0.051265 0.0015387
v 0.122431 -0.0257857 0.0015383
v 0.145786 -0.0127116 0.00153672
v 0.136705 -0.0238595 0.00153782
v 0.156367 -0.0305339 0.00153795
v 0.144066 -0.0348998 0.00153702
v 0.158593 -0.0443977 0.00153795
v 0.208624 -0.170104 0.00153802
v 0.405606 -0.291988 0.005139
v 0.409722 -0.272528 0.00153712
v 0.413884 -0.257151 0.00153794
v 0.440903 -0.245307 0.00153793
v 0.432999 -0.270646 0.00153809
v 0.425691 -0.247429 0.00153797
v 0.429436 -0.219594 0.00153785
v 0.4349 -0.257326 0.00153806
v 0.431499 -0.234045 0.00153789
v 0.45945 -0.261985 0.00153835
v 0.450977 -0.223998 0.00153775
v 0.446043 -0.265691 0.00153833
v 0.458616 -0.284081 0.00153561
v 0.444206 -0.280256 0.00153439
v 0.448897 -0.291171 0.00621009
v 0.436423 -0.294291 0.0085556
v 0.421762 -0.275997 0.00153805
v 0.429357 -0.286014 0.00216846
v 0.0668338 0.0219755 0.00650489
v 0.0870911 -0.00469861 0.00231554
v 0.0792241 0.00177271 0.0103537
v 0.100555 -0.00518126 0.00271889
v 0.115849 0.0108835 0.00730758
v 0.106273 -0.0183568 0.0015377
v 0.0900249 0.0180618 0.00411242
v 0.099158 0.0289392 0.00153665
v 0.112662 0.0237144 0.00153763
v 0.131891 0.0204649 0.00153738
v 0.102064 0.012183 0.00704134
v 0.101859 0.15185 0.00153786
v 0.121857 0.145604 0.00153795
v 0.0893719 0.143659 0.00153789
v 0.0818631 0.153741 0.00153786
v 0.108281 0.121716 0.00153736
v 0.115733 0.133295 0.00153841
v 0.134813 0.131821 0.00153853
v 0.074747 0.128511 0.00153779
v 0.0764481 0.114315 0.00153796
v 0.128328 0.0857463 0.00153853
v 0.12315 0.0992023 0.00153853
v 0.0586073 0.107929 0.00153846
v 0.0545925 0.0797676 0.00153845
v 0.526706 0.261134 0.00153712
v 0.532155 0.227998 0.001538
v 0.52363 0.289186 0.00153844
v 0.475372 0.255175 0.00153779
v 0.630514 0.240397 0.00153796
v 0.6225 0.228083 0.0015379
v 0.605516 0.230048 0.0015379
v 0.631933 0.202505 0.00153802
v 0.6308 0.216596 0.00153795
v 0.646063 0.216623 0.00153795
v 0.610173 0.208033 0.00153794
v 0.658077 0.19785 0.00153796
v 0.587292 0.224074 0.00153794
v 0.613058 0.220102 0.00153801
v 0.599458 0.217102 0.0015378
v 0.588978 0.193671 0.00153802
v 0.586748 0.208809 0.00153792
v 0.598329 0.202687 0.001538
v 0.613911 0.184214 0.00153786
v 0.60174 0.189745 0.00153798
v 0.600267 0.169964 0.00153787
v 0.592074 0.180618 0.00153785
v 0.582914 0.165107 0.00153788
v 0.576942 0.184039 0.0015379
v 0.572559 0.217094 0.00153791
v 0.574533 0.199391 0.00153802
v 0.580627 0.151436 0.00153794
v 0.565875 0.146813 0.00153793
v 0.554788 0.158194 0.00153792
v 0.569597 0.160446 0.0015379
v 0.561977 0.224027 0.00153778
v 0.550872 0.23133 0.00153788
v 0.561378 0.207 0.00153799
v 0.561819 0.192395 0.00153797
v 0.547738 0.204563 0.00153794
v 0.526463 0.207334 0.0015379
v 0.676741 0.225871 0.001538
v 0.696064 0.229665 0.00153812
v 0.371495 0.265235 0.00153843
v 0.390639 0.214574 0.00153785
v 0.397592 0.160306 0.00153801
v 0.385894 0.167152 0.00153794
v 0.433144 0.114557 0.0015379
v 0.50507 0.195936 0.00153784
v 0.506986 0.0986703 0.00153786
v 0.432861 0.070076 0.00153788
v 0.411277 0.050917 0.0015379
v 0.429006 0.0379235 0.00153791
v 0.396105 0.0356486 0.00153798
v 0.42309 0.0484817 0.00153803
v 0.437372 0.0494556 0.00153785
v 0.414724 0.0369578 0.00153794
v 0.444576 0.0353396 0.00153796
v 0.400079 0.0468737 0.00153787
v 0.38601 0.0456863 0.00153798
v 0.376584 0.0608044 0.00153792
v 0.374329 0.0238241 0.00153796
v 0.447384 0.0559702 0.00153783
v 0.442939 0.0223675 0.00153796
v 0.364812 0.0431121 0.00153793
v 0.374756 0.0492253 0.00153797
v 0.377062 0.036449 0.00153794
v 0.362898 0.0572085 0.00153789
v 0.338921 0.0471255 0.00153793
v 0.352381 0.0487669 0.00153789
v 0.348884 0.0240369 0.00153794
v 0.343053 0.0668992 0.00153796
v 0.537629 0.0381619 0.00153795
v 0.507031 0.0460019 0.00153797
v 0.581134 0.0679182 0.00153789
v 0.584665 0.126466 0.00153797
v 0.603572 0.0738065 0.00153785
v 0.654483 0.0957069 0.00153797
v 0.653515 0.130614 0.00153782
v 0.608717 0.15299 0.00153793
v 0.590111 0.14011 0.001538
v 0.4923 0.214884 0.00153789
v 0.508501 0.211966 0.00153786
v 0.516896 0.225025 0.00153809
v 0.510704 0.239858 0.00153793
v 0.497146 0.239796 0.00153805
v 0.512529 0.252596 0.00153781
v 0.708763 0.20622 0.00153787
v 0.692221 0.197906 0.00153787
v 0.702797 0.218149 0.0015379
v 0.68856 0.217545 0.00153791
v 0.69383 0.181634 0.00153793
v 0.675206 0.190351 0.00153789
v 0.679841 0.160048 0.00153797
v 0.659539 0.177587 0.00153783
v 0.690443 0.168478 0.00153799
v 0.697774 0.150481 0.00153795
v 0.676566 0.175058 0.00153774
v 0.714576 0.161871 0.0015379
v 0.742856 0.0882835 0.00153805
v 0.691271 0.112334 0.00153804
v 0.230362 0.186783 0.00153789
v 0.217104 0.180412 0.00153769
v 0.203884 0.182562 0.00153803
v 0.228208 0.239875 0.0029709
v 0.239578 0.235201 0.00202582
v 0.21027 0.199609 0.00153823
v 0.149237 0.0326374 0.00153838
v 0.220094 0.166698 0.00153783
v 0.153349 0.0952322 0.00153764
v 0.158344 0.0817632 0.00153755
v 0.145532 0.109754 0.00153853
v 0.165487 0.100819 0.00153756
v 0.159458 0.113069 0.00153794
v 0.181828 0.1993 0.0015379
v 0.189 0.185371 0.00153851
v 0.159152 0.16904 0.00153785
v 0.148574 0.0663965 0.0015376
v 0.530576 -0.287039 0.00153633
v 0.514843 -0.296043 0.00693848
v 0.500388 -0.290635 0.00274572
v 0.497162 -0.264076 0.0015385
v 0.502891 -0.276918 0.00153796
v 0.48058 -0.279829 0.00184216
v 0.513463 -0.264593 0.00153842
v 0.644171 -0.164366 0.00153791
v 0.632492 -0.159733 0.00153797
v 0.605753 -0.154996 0.00153792
v 0.524928 -0.136875 0.00153792
v 0.755248 -0.135645 0.00153792
v 0.749397 -0.125411 0.00153792
v 0.670469 -0.141832 0.0015379
v 0.655268 -0.141832 0.00153791
v 0.680028 -0.131156 0.00153791
v 0.75529 0.00685498 0.00153791
v 0.697012 -0.115911 0.00153797
v 0.717975 -0.138014 0.00153786
v 0.74934 -0.105879 0.00153785
v 0.656869 -0.0747724 0.00153791
v 0.70334 -0.0341757 0.00153801
v 0.753861 0.0272133 0.00153777
v 0.743509 0.0679188 0.00153794
v 0.714619 0.0338842 0.00153796
v 0.692006 0.0719486 0.00153797
v 0.693773 0.0275454 0.00153782
v 0.644062 0.0464733 0.00153788
v 0.670278 0.0640983 0.00153793
v 0.67029 0.0351954 0.00153778
v 0.673512 0.0496192 0.00153792
v 0.628178 0.0619309 0.00153797
v 0.604106 0.0549693 0.0015379
v 0.614475 0.0407672 0.00153797
v 0.571669 0.0458825 0.00153797
v 0.558848 0.0227113 0.00153799
v 0.551417 -0.0409103 0.00153791
v 0.546495 0.0141327 0.00153795
v 0.597836 -0.084295 0.00153804
v 0.586719 -0.0760696 0.00153795
v 0.484123 -0.0816435 0.00153786
v 0.416165 -0.0908885 0.00153789
v 0.398756 -0.108351 0.00153795
v 0.404691 -0.0968641 0.00153787
v 0.419783 0.010491 0.00153795
v 0.469523 -0.102887 0.00153803
v 0.451904 -0.143689 0.00153791
v 0.283528 -0.196682 0.00153782
v 0.275077 -0.178783 0.00153793
v 0.287974 -0.171595 0.00153794
v 0.304632 -0.159414 0.00153795
v 0.304184 -0.176086 0.00153785
v 0.322544 -0.168272 0.00153793
v 0.316549 -0.179499 0.00153798
v 0.313674 -0.216727 0.0015376
v 0.330716 -0.232457 0.00153849
v 0.343829 -0.232141 0.00153816
v 0.314539 -0.239743 0.00153748
v 0.306816 -0.229093 0.00153835
v 0.161827 -0.103284 0.00153809
v 0.214449 -0.114342 0.0015379
v 0.236842 -0.113862 0.00153795
v 0.242967 -0.12741 0.00153788
v 0.242995 -0.0876467 0.00153794
v 0.248503 -0.102767 0.00153793
v 0.234855 -0.0990859 0.00153797
v 0.223688 -0.0902586 0.00153785
v 0.272666 -0.0855573 0.00153793
v 0.23201 -0.0796673 0.00153796
v 0.251591 -0.0643663 0.00153794
v 0.267722 -0.104052 0.0015379
v 0.25814 -0.0907752 0.00153795
v 0.252848 -0.078061 0.00153792
v 0.267255 -0.0699098 0.00153793
v 0.26915 -0.0395336 0.00153797
v 0.297781 -0.0682734 0.00153797
v 0.263906 -0.0544377 0.00153794
v 0.245379 -0.0442259 0.00153795
v 0.284165 -0.0532037 0.00153789
v 0.282767 -0.0733807 0.00153793
v 0.299127 -0.0964297 0.00153791
v 0.287368 -0.0874182 0.0015379
v 0.284651 -0.103044 0.00153793
v 0.298326 -0.113638 0.00153793
v 0.293396 -0.127074 0.00153795
v 0.319509 -0.131767 0.00153789
v 0.305795 -0.133078 0.00153789
v 0.311399 -0.119832 0.00153794
v 0.314056 -0.14665 0.00153791
v 0.336674 -0.111544 0.00153799
v 0.341913 -0.148361 0.0015379
v 0.325223 -0.119242 0.0015379
v 0.32823 -0.143378 0.00153797
v 0.317489 -0.101803 0.00153796
v 0.333386 -0.130511 0.00153793
v 0.330957 -0.157098 0.00153797
v 0.349248 -0.168589 0.00153795
v 0.211744 -0.0589869 0.00153787
v 0.207294 -0.0295042 0.00153794
v 0.216353 -0.0432992 0.00153796
v 0.201399 -0.0431072 0.00153794
v 0.185865 -0.0281941 0.00153749
v 0.2313 -0.0238304 0.00153786
v 0.220362 -0.0309022 0.00153778
v 0.215516 -0.0117783 0.00153766
v 0.232741 -0.0378312 0.00153792
v 0.24481 -0.0296281 0.00153794
v 0.248108 -0.00295899 0.00153764
v 0.256177 -0.0365643 0.00153795
v 0.259669 -0.0180237 0.00153789
v 0.2427 -0.0157961 0.00153789
v 0.229685 -0.00961156 0.00153794
v 0.218136 0.014008 0.00153751
v 0.220683 0.000684317 0.00334888
v 0.195568 0.00347322 0.0054476
v 0.23572 0.0101375 0.00153809
v 0.231906 0.0350024 0.00153795
v 0.229054 0.0218835 0.00153786
v 0.213076 0.0322341 0.00153783
v 0.247877 0.024529 0.00153789
v 0.081142 -0.0923303 0.00153683
v 0.411633 -0.214047 0.00153792
v 0.412586 -0.194611 0.00153793
v 0.417122 -0.227724 0.00153788
v 0.424273 -0.204932 0.00153796
v 0.436838 -0.179214 0.00153794
v 0.443354 -0.206571 0.0015381
v 0.426898 -0.19031 0.00153781
v 0.415619 -0.17891 0.0015379
v 0.440861 -0.192713 0.00153802
v 0.457391 -0.180512 0.00153793
v 0.456919 -0.197028 0.00153796
v 0.405553 -0.151177 0.00153792
v 0.471362 -0.18919 0.00153798
v 0.474775 -0.175048 0.00153787
v 0.406662 -0.166455 0.00153795
v 0.380529 -0.161563 0.00153787
v 0.428385 -0.157242 0.00153793
v 0.394415 -0.159641 0.00153792
v 0.419592 -0.166668 0.00153796
v 0.384886 -0.135726 0.00153789
v 0.393038 -0.14635 0.00153794
v 0.379636 -0.148125 0.00153795
v 0.405099 -0.128751 0.00153791
v 0.362795 -0.155945 0.0015379
v 0.362538 -0.133591 0.0015379
v 0.483325 -0.198761 0.00153794
v 0.367235 -0.172659 0.00153793
v 0.350716 -0.156646 0.00153794
v 0.354405 -0.143987 0.00153796
v 0.348098 -0.130732 0.0015379
v 0.35944 -0.11109 0.00153791
v 0.367775 -0.144723 0.00153799
v 0.495421 -0.194126 0.00153788
v 0.363197 -0.184968 0.00153793
v 0.46705 -0.240477 0.00153772
v 0.112698 -0.0023043 0.00863409
v 0.131714 0.000475268 0.00878606
v 0.123664 0.0297023 0.00153807
v 0.134526 0.16503 0.00153785
v 0.124396 0.123076 0.00153853
v 0.534334 0.240199 0.00153809
v 0.645489 0.203032 0.00153793
v 0.64633 0.186913 0.00153792
v 0.664916 0.208113 0.00153796
v 0.582675 0.23586 0.00153793
v 0.574247 0.24545 0.00153805
v 0.585276 0.253034 0.00153791
v 0.619078 0.197163 0.00153792
v 0.630885 0.187068 0.00153786
v 0.638594 0.172393 0.00153794
v 0.614764 0.1697 0.00153805
v 0.626163 0.175265 0.00153782
v 0.537542 0.215317 0.00153799
v 0.526941 0.192552 0.00153794
v 0.693381 0.241947 0.00153796
v 0.708854 0.234187 0.00153798
v 0.505665 0.183713 0.00153796
v 0.494052 0.192029 0.00153789
v 0.424278 0.0264467 0.00153794
v 0.400354 0.0236953 0.00153794
v 0.387358 0.0216061 0.00153796
v 0.377893 0.0040237 0.00153784
v 0.361578 0.0296035 0.00153792
v 0.361654 0.0124623 0.0015379
v 0.355961 -0.0187954 0.00153789
v 0.363493 -0.00406801 0.00153792
v 0.378498 -0.0137897 0.00153788
v 0.337229 0.000277831 0.00153798
v 0.386049 -0.0294843 0.00153793
v 0.347679 0.00984296 0.00153797
v 0.329927 0.0187304 0.00153796
v 0.349697 -0.00620922 0.00153796
v 0.333795 -0.021844 0.00153794
v 0.397456 -0.0329203 0.001538
v 0.382789 -0.0414614 0.00153797
v 0.371422 -0.0318202 0.00153787
v 0.35199 -0.0392531 0.00153794
v 0.312577 0.0633369 0.00153789
v 0.34584 0.0893418 0.0015379
v 0.664739 0.157412 0.00153792
v 0.706682 0.134009 0.00153787
v 0.713025 0.121863 0.001538
v 0.685185 0.133068 0.00153797
v 0.695676 0.138715 0.00153791
v 0.6964 0.12502 0.00153788
v 0.684501 0.146861 0.0015379
v 0.748163 0.0998687 0.00153802
v 0.754725 0.0883056 0.00153802
v 0.728168 0.0960096 0.00153799
v 0.727954 0.0776518 0.00153794
v 0.706445 0.0894335 0.00153785
v 0.728823 0.0616632 0.00153797
v 0.710955 0.0687783 0.00153799
v 0.719059 0.0869683 0.00153788
v 0.716991 0.0578472 0.00153787
v 0.705249 0.0497605 0.00153793
v 0.69163 0.0453421 0.00153793
v 0.694825 0.0585846 0.00153806
v 0.676626 0.111749 0.00153792
v 0.684718 0.0955708 0.00153793
v 0.697679 0.100099 0.00153792
v 0.672329 0.0843924 0.00153794
v 0.685033 0.0827469 0.00153786
v 0.142384 0.0418538 0.00153764
v 0.171679 0.0445878 0.00153796
v 0.14637 0.0183068 0.00153733
v 0.152311 0.00267318 0.00821436
v 0.173829 0.000332045 0.00678537
v 0.141233 0.00839079 0.00703028
v 0.163638 0.00675291 0.00724669
v 0.175205 0.0138074 0.00153856
v 0.161903 -0.00685339 0.00241417
v 0.171192 0.0289273 0.0015381
v 0.176159 -0.0149557 0.00153712
v 0.161333 0.0369762 0.00153803
v 0.191707 0.0362396 0.00153795
v 0.156906 -0.0181659 0.00153804
v 0.168 -0.0249085 0.00153809
v 0.18574 -0.00550899 0.0029401
v 0.200232 -0.0105795 0.00153783
v 0.20784 -0.000611311 0.00443416
v 0.205014 0.0119611 0.00153845
v 0.190433 0.0176436 0.00153666
v 0.175437 -0.0349948 0.00153784
v 0.183292 0.0274201 0.00153792
v 0.200873 0.0262933 0.00153774
v 0.13776 0.0305434 0.0015383
v 0.160651 0.184161 0.0015377
v 0.171136 0.171686 0.00153836
v 0.167491 0.15892 0.00153853
v 0.149012 0.152276 0.00153833
v 0.176078 0.150006 0.00153853
v 0.161874 0.144391 0.00153853
v 0.534611 -0.296579 0.0079333
v 0.486772 -0.29185 0.00389667
v 0.471789 -0.29138 0.00452538
v 0.467854 -0.273426 0.00153717
v 0.478593 -0.257027 0.00153841
v 0.522324 -0.273904 0.00153833
v 0.748305 0.0559976 0.00153804
v 0.65943 0.0567982 0.00153796
v 0.443648 -0.127364 0.00153797
v 0.435141 -0.141857 0.00153789
v 0.431061 -0.11764 0.00153792
v 0.415581 -0.117414 0.00153794
v 0.423157 -0.131391 0.00153791
v 0.412713 -0.139833 0.00153795
v 0.423476 -0.145922 0.001538
v 0.416537 -0.155359 0.001538
v 0.461582 -0.134478 0.00153789
v 0.46696 -0.148009 0.00153798
v 0.274675 -0.166127 0.00153794
v 0.294837 -0.152965 0.00153791
v 0.267131 -0.116811 0.00153787
v 0.240798 -0.056599 0.00153794
v 0.313373 -0.0817055 0.00153793
v 0.343626 -0.179863 0.00153792
v 0.336121 -0.16912 0.00153791
v 0.18828 -0.0411768 0.00153783
v 0.220228 0.0481618 0.00153797
v 0.204549 0.0455632 0.00153791
v 0.190012 0.0519076 0.00153792
v 0.197629 0.063006 0.00153785
v 0.233095 0.0477177 0.00153791
v 0.253958 0.044506 0.00153793
v 0.280443 0.00975368 0.00153794
v 0.40008 -0.192625 0.00153802
v 0.38872 -0.186754 0.00153788
v 0.381503 -0.175161 0.00153789
v 0.448124 -0.163793 0.0015379
v 0.440615 -0.153423 0.00153798
v 0.458897 -0.211608 0.00153786
v 0.469978 -0.203063 0.00153797
v 0.391342 -0.121796 0.00153787
v 0.37483 -0.12261 0.00153797
v 0.382566 -0.108193 0.00153798
v 0.37001 -0.101993 0.00153796
v 0.348476 -0.0878028 0.00153782
v 0.35725 -0.0979163 0.00153789
v 0.344083 -0.100421 0.00153791
v 0.365295 -0.0821285 0.00153795
v 0.330284 -0.0885148 0.00153798
v 0.349496 -0.0634756 0.00153789
v 0.377772 -0.0797056 0.00153796
v 0.369341 -0.0699753 0.00153794
v 0.329979 -0.100985 0.00153794
v 0.353761 -0.0758656 0.00153799
v 0.338857 -0.0763793 0.00153795
v 0.322258 -0.0518801 0.0015379
v 0.334179 -0.0616941 0.00153792
v 0.324751 -0.0727051 0.00153799
v 0.337237 -0.0458247 0.00153798
v 0.324209 -0.0353719 0.00153792
v 0.340384 -0.0331786 0.00153793
v 0.302748 -0.0410862 0.00153798
v 0.314661 -0.0425627 0.00153788
v 0.30739 -0.0561839 0.00153791
v 0.31043 -0.0270925 0.00153793
v 0.312148 -0.0685426 0.00153792
v 0.286626 -0.0230733 0.00153788
v 0.297849 -0.0292609 0.00153792
v 0.288689 -0.0399006 0.00153786
v 0.300899 -0.0103103 0.00153793
v 0.348206 -0.117711 0.00153789
v 0.463494 -0.227942 0.00153796
v 0.476922 -0.231039 0.00153794
v 0.453616 -0.237386 0.0015379
v 0.481991 -0.243801 0.00153789
v 0.453081 -0.250452 0.00153794
v 0.496473 -0.248864 0.00153795
v 0.507109 -0.237627 0.00153779
v 0.507982 -0.253511 0.00153804
v 0.132502 -0.010835 0.00153776
v 0.12755 0.0111095 0.00693053
v 0.123235 0.158431 0.00153754
v 0.122552 0.172565 0.00153803
v 0.135042 0.151187 0.00153823
v 0.133183 0.180493 0.00153797
v 0.146091 0.172134 0.00153754
v 0.634975 0.160028 0.00153792
v 0.391261 -0.00180224 0.00153794
v 0.336199 0.032343 0.00153792
v 0.309519 0.0366139 0.00153796
v 0.324021 0.0424091 0.00153794
v 0.321026 0.029162 0.00153791
v 0.312531 0.0497845 0.00153793
v 0.327214 0.057645 0.00153793
v 0.309366 0.0102608 0.00153793
v 0.287572 0.0488489 0.00153801
v 0.326204 0.0772476 0.0015379
v 0.299662 0.0567927 0.00153794
v 0.286912 0.0628384 0.00153796
v 0.269532 0.0552567 0.00153792
v 0.29488 0.0760739 0.0015379
v 0.310376 0.0797493 0.00153796
v 0.312474 0.0933259 0.00153802
v 0.329524 0.0948506 0.00153786
v 0.34049 0.100741 0.00153797
v 0.354743 0.100793 0.00153786
v 0.329605 0.107578 0.0015379
v 0.368094 -0.0200446 0.00153792
v 0.359618 -0.0301696 0.00153788
v 0.350076 0.0773374 0.00153795
v 0.358716 0.0869675 0.00153794
v 0.671857 0.134458 0.00153785
v 0.702685 0.0778168 0.00153776
v 0.161542 0.0541713 0.00153787
v 0.17461 0.0577022 0.00153803
v 0.196886 -0.0225084 0.00153821
v 0.147714 0.138133 0.00153853
v 0.485081 -0.268001 0.00153833
v 0.467135 -0.252617 0.00153799
v 0.310145 -0.0928091 0.00153786
v 0.301133 -0.0841537 0.00153797
v 0.225747 0.0597814 0.00153789
v 0.244359 0.036557 0.00153787
v 0.266126 -0.0011851 0.00153794
v 0.255692 0.0107501 0.00153778
v 0.26851 0.0269141 0.00153786
v 0.281925 -0.00695273 0.00153797
v 0.273601 -0.0180339 0.00153801
v 0.436127 -0.166891 0.00153786
v 0.358317 -0.0521934 0.00153792
v 0.320027 -0.00822141 0.00153791
v 0.295073 0.00420807 0.00153791
v 0.294076 0.0241568 0.00153789
v 0.254469 0.0602036 0.00153788
v 0.265849 0.0693983 0.00153797
v 0.268168 0.0140049 0.00153796
v 0.257314 0.0325079 0.00153792
v 0.267527 0.0416492 0.00153791
v 0.281377 0.0349834 0.001538
v 0.331727 -0.0101546 0.00153788
v 0.321249 -0.0207593 0.00153793
v 0.309579 -0.00189713 0.00153803
v 0.320356 0.00424318 0.00153796
v 0.307405 0.0234776 0.0015379
v 0.295811 0.0377495 0.00153785
v 0.249131 0.0716828 0.00153795
v 0.60553 0.249523 0.00153802
v 0.645292 -0.265427 0.00153825
v 0.656222 -0.259103 0.00153804
v 0.0427321 0.0361733 0.00153472
v 0.277726 -0.259612 0.00153575
v 0.175951 0.225908 0.00153836
v 0.172575 0.211465 0.0015373
v 0.58856 -0.19057 0.00153805
v 0.583865 -0.141438 0.00153792
v 0.673252 -0.114882 0.00153793
v 0.463373 0.0346991 0.00153794
v 0.258824 -0.187788 0.00153778
v 0.304198 0.287333 0.0355902
v 0.303946 0.307659 0.0374849
v 0.311324 0.32351 0.026192
v 0.319345 0.339166 0.0147984
v 0.324071 0.358934 0.00955253
v 0.329007 0.378991 0.00556319
v 0.334075 0.399281 0.00294787
v 0.339316 0.419631 0.00153715
v 0.321328 0.427832 0.00599225
v 0.302589 0.435713 0.0046346
v 0.283749 0.443601 0.00461788
v 0.264865 0.451537 0.00461776
v 0.245925 0.459457 0.00461785
v 0.226918 0.467305 0.00461769
v 0.207865 0.475005 0.00461775
v 0.1893 0.482364 0.00918078
v 0.177271 0.486453 0.0252611
v 0.158402 0.493836 0.0228003
v 0.169331 0.49134 0.00561911
v 0.188069 0.483866 0.00181207
v 0.207073 0.475997 0.00153825
v 0.225991 0.46797 0.00153788
v 0.244875 0.45992 0.00153792
v 0.263754 0.451873 0.00153791
v 0.282636 0.443829 0.00153798
v 0.301514 0.435771 0.00153785
v 0.320398 0.427688 0.00153839
v 0.324965 0.41235 0.00153826
v 0.303497 0.414323 0.00153597
v 0.312524 0.393689 0.00153861
v 0.283958 0.332984 0.00378692
v 0.164679 0.454255 0.00153925
v 0.296418 0.283267 0.02354
v 0.282791 0.296883 0.0258992
v 0.281516 0.281739 0.0272992
v 0.291102 0.289903 0.0328197
v 0.264584 0.285733 0.0106832
v 0.272263 0.289106 0.0214948
v 0.275637 0.304438 0.00649141
v 0.241485 0.421943 0.00461774
v 0.326123 0.41267 0.00637623
v 0.312026 0.394062 0.00507692
v 0.304781 0.414199 0.00466807
v 0.322327 0.400883 0.00656289
v 0.280841 0.333632 0.0107315
v 0.278468 0.295214 0.028012
v 0.299406 0.281062 0.0260139
v 0.285231 0.282552 0.03325
v 0.271407 0.281205 0.0263687
v 0.291554 0.296932 0.0374842
v 0.259088 0.298917 0.00749684
v 0.266215 0.293851 0.0197091
v 0.256007 0.279021 0.0172586
v 0.276673 0.311549 0.0103916
v 0.290187 0.31369 0.02479
v 0.308311 0.425576 0.0017271
v 0.295497 0.424408 0.00153813
v 0.281781 0.405147 0.0015379
v 0.324861 0.390527 0.00180257
v 0.315669 0.379864 0.00153771
v 0.290706 0.381505 0.00153673
v 0.313614 0.406454 0.00197898
v 0.301456 0.401143 0.00153798
v 0.303168 0.330206 0.0086121
v 0.143685 0.269649 0.00153699
v 0.221383 0.430479 0.00153785
v 0.18895 0.459218 0.00153845
v 0.172175 0.472319 0.00196625
v 0.154795 0.45696 0.0298148
v 0.259068 0.272418 0.0144672
v 0.239204 0.283422 0.00153847
v 0.247233 0.270957 0.00445662
v 0.253146 0.283315 0.00296738
v 0.230505 0.268841 0.00260875
v 0.259969 0.298744 0.00153688
v 0.209164 0.291623 0.00153758
v 0.261208 0.323328 0.00153902
v 0.223002 0.283154 0.00153932
v 0.265151 0.310843 0.00153461
v 0.278488 0.318769 0.00227112
v 0.24552 0.311621 0.00153623
v 0.292864 0.311617 0.0158836
v 0.204687 0.268579 0.00179031
v 0.226068 0.303812 0.00153842
v 0.217556 0.271175 0.00186753
v 0.249007 0.440067 0.0046179
v 0.181725 0.275759 0.00469541
v 0.20366 0.437614 0.00461756
v 0.308182 0.373129 0.00904544
v 0.309412 0.425545 0.00485787
v 0.296556 0.424212 0.00463496
v 0.282797 0.404613 0.0046177
v 0.300524 0.330819 0.0116159
v 0.226828 0.288294 0.00750488
v 0.254351 0.327086 0.00785431
v 0.280245 0.306496 0.021678
v 0.28866 0.320535 0.0112537
v 0.301685 0.315662 0.0291298
v 0.263524 0.424976 0.00153786
v 0.289992 0.394731 0.00153767
v 0.269839 0.387183 0.00153828
v 0.305513 0.350969 0.00334913
v 0.145782 0.251155 0.00165082
v 0.164558 0.253866 0.00153743
v 0.121804 0.257851 0.00153742
v 0.153877 0.261443 0.0015377
v 0.172834 0.276353 0.00153783
v 0.157499 0.27621 0.00153764
v 0.164663 0.303338 0.0015379
v 0.164971 0.288719 0.00153787
v 0.186803 0.293879 0.00153825
v 0.139319 0.2958 0.00153817
v 0.145537 0.283365 0.00153768
v 0.153108 0.29591 0.00153777
v 0.123262 0.280205 0.00153749
v 0.145733 0.319983 0.00153756
v 0.183382 0.25751 0.00185691
v 0.131713 0.247524 0.00331933
v 0.13477 0.260062 0.00153734
v 0.197193 0.257111 0.00224434
v 0.190475 0.269733 0.00169708
v 0.198481 0.281828 0.00153896
v 0.172281 0.263788 0.00153627
v 0.184659 0.281244 0.00153862
v 0.228937 0.448554 0.00153781
v 0.194153 0.471732 0.00153845
v 0.205317 0.459695 0.00153812
v 0.197925 0.436562 0.00153811
v 0.197477 0.449479 0.00153797
v 0.179779 0.442569 0.00153845
v 0.212127 0.443417 0.00153773
v 0.157342 0.47623 0.0125427
v 0.176115 0.460154 0.0015381
v 0.161394 0.475437 0.0287722
v 0.245094 0.296999 0.00153758
v 0.283784 0.303346 0.015879
v 0.29334 0.305859 0.0282713
v 0.302839 0.319956 0.0170681
v 0.293352 0.321853 0.00789284
v 0.267473 0.431151 0.00461764
v 0.229666 0.446957 0.00461764
v 0.203924 0.26792 0.00523946
v 0.186507 0.257772 0.00501682
v 0.167791 0.253967 0.00603897
v 0.191781 0.268703 0.00484393
v 0.198729 0.289979 0.00461769
v 0.198773 0.256912 0.00562147
v 0.17529 0.264518 0.00464228
v 0.152331 0.272121 0.00461683
v 0.166666 0.276896 0.00461736
v 0.150705 0.299795 0.00461743
v 0.175615 0.300256 0.00461717
v 0.155478 0.286136 0.00461765
v 0.174841 0.287087 0.00461777
v 0.128961 0.284878 0.00461735
v 0.141994 0.289237 0.00461747
v 0.127515 0.310263 0.00472222
v 0.189905 0.45801 0.00567936
v 0.211081 0.455721 0.00461742
v 0.316913 0.382673 0.00814349
v 0.320163 0.370339 0.00749353
v 0.311405 0.360996 0.00857217
v 0.28905 0.359801 0.00468177
v 0.297731 0.400185 0.00461741
v 0.283962 0.38192 0.00461751
v 0.244885 0.287905 0.00527486
v 0.243683 0.271001 0.00850503
v 0.236344 0.310834 0.00745219
v 0.224709 0.268852 0.00736884
v 0.246219 0.301757 0.00462628
v 0.255454 0.312902 0.0046011
v 0.267346 0.321297 0.00513078
v 0.266495 0.337602 0.00459793
v 0.242858 0.354621 0.00461612
v 0.278517 0.347896 0.00461734
v 0.293302 0.345428 0.0115658
v 0.261478 0.355442 0.00722191
v 0.252236 0.342631 0.0079056
v 0.234195 0.33197 0.00461715
v 0.299608 0.356404 0.0105574
v 0.309871 0.347823 0.010896
v 0.251372 0.386766 0.00461773
v 0.251811 0.369452 0.00461618
v 0.222855 0.377181 0.00461781
v 0.266758 0.378591 0.00467693
v 0.238491 0.377689 0.00461799
v 0.231074 0.364253 0.00461784
v 0.230029 0.400461 0.00461769
v 0.227707 0.347624 0.00461817
v 0.238968 0.390874 0.00461777
v 0.245448 0.406001 0.00461768
v 0.210591 0.359907 0.00461771
v 0.266507 0.396679 0.00461772
v 0.277457 0.368674 0.00483637
v 0.25762 0.417558 0.00461765
v 0.203934 0.328016 0.00461772
v 0.278324 0.392945 0.00461742
v 0.25466 0.39836 0.0046177
v 0.272835 0.357923 0.00560644
v 0.265052 0.366818 0.00596406
v 0.273083 0.416659 0.0046179
v 0.282242 0.428574 0.0046174
v 0.218506 0.334384 0.00461761
v 0.218062 0.314936 0.00461733
v 0.205725 0.344313 0.00461766
v 0.176609 0.33964 0.00461773
v 0.188515 0.358586 0.00461773
v 0.191846 0.337757 0.00461765
v 0.18635 0.317764 0.00461759
v 0.269172 0.438361 0.00153804
v 0.250119 0.438589 0.00153796
v 0.279523 0.426041 0.0015378
v 0.273757 0.359153 0.00153849
v 0.26221 0.405361 0.00153796
v 0.297517 0.34092 0.003354
v 0.28988 0.355655 0.00153918
v 0.279567 0.346236 0.00153744
v 0.258308 0.344499 0.00153711
v 0.269803 0.3355 0.00153611
v 0.301921 0.368051 0.00153856
v 0.284131 0.368855 0.00153834
v 0.313075 0.361506 0.0032122
v 0.109121 0.247667 0.00460863
v 0.100316 0.270662 0.00153815
v 0.0919022 0.251144 0.00365392
v 0.108799 0.260481 0.00153742
v 0.0750851 0.255677 0.00153434
v 0.0864987 0.265165 0.00153768
v 0.0830474 0.292526 0.00153789
v 0.0669067 0.276706 0.00170242
v 0.0886457 0.279302 0.00153804
v 0.105519 0.290008 0.00153844
v 0.0586128 0.261047 0.00354445
v 0.0705071 0.267515 0.010231
v 0.0588593 0.262104 0.0184813
v 0.0586251 0.273719 0.0118121
v 0.0747548 0.291883 0.016207
v 0.200623 0.321487 0.00153794
v 0.218434 0.456925 0.00153774
v 0.151493 0.42195 0.00153713
v 0.164526 0.480763 0.00449848
v 0.160307 0.46938 0.00302415
v 0.14885 0.460759 0.013657
v 0.151995 0.469761 0.0222196
v 0.138762 0.432091 0.0202271
v 0.144793 0.447138 0.0217234
v 0.157165 0.431497 0.0174796
v 0.145155 0.440516 0.00326262
v 0.149595 0.43546 0.0297299
v 0.14494 0.4101 0.026521
v 0.143111 0.423327 0.0298595
v 0.127631 0.412591 0.0149194
v 0.174603 0.469104 0.0146779
v 0.155134 0.482647 0.0220237
v 0.260654 0.440645 0.00461766
v 0.255372 0.429618 0.00461765
v 0.234166 0.457901 0.00461746
v 0.236252 0.434764 0.00461795
v 0.218994 0.420163 0.00461752
v 0.22154 0.434671 0.00461731
v 0.212628 0.281516 0.00477218
v 0.213011 0.298659 0.00461586
v 0.198627 0.30666 0.00461793
v 0.225774 0.302187 0.00742864
v 0.188549 0.298466 0.00461788
v 0.130977 0.256799 0.0063221
v 0.195013 0.470605 0.00559966
v 0.199672 0.449781 0.0046173
v 0.180095 0.436521 0.00610548
v 0.233367 0.277658 0.0069034
v 0.214805 0.261533 0.00614372
v 0.242343 0.322419 0.00762645
v 0.228993 0.32056 0.00467832
v 0.198148 0.382172 0.0046177
v 0.163313 0.320443 0.00461791
v 0.251964 0.45034 0.00153821
v 0.240716 0.446123 0.00153799
v 0.23263 0.436329 0.001538
v 0.237478 0.413303 0.00153795
v 0.242853 0.426424 0.00153794
v 0.251619 0.415048 0.00153792
v 0.24656 0.398719 0.00153793
v 0.216523 0.390013 0.00153801
v 0.230278 0.398648 0.00153793
v 0.220037 0.412974 0.00153793
v 0.238839 0.369571 0.00153802
v 0.207021 0.422911 0.00153781
v 0.238607 0.385286 0.00153801
v 0.225502 0.377374 0.00153795
v 0.254822 0.377517 0.00153784
v 0.198927 0.367913 0.00153797
v 0.219731 0.351721 0.00153821
v 0.210854 0.376422 0.00153796
v 0.226547 0.363617 0.00153807
v 0.189713 0.393591 0.0015379
v 0.211571 0.362747 0.00153788
v 0.239097 0.348329 0.0015374
v 0.197901 0.382029 0.00153783
v 0.197016 0.34462 0.00153795
v 0.17356 0.373426 0.00153776
v 0.186984 0.374249 0.00153793
v 0.181538 0.355967 0.00153792
v 0.25706 0.390587 0.00153793
v 0.253211 0.360665 0.00153748
v 0.268488 0.372727 0.00153853
v 0.203825 0.404931 0.00153789
v 0.184765 0.41784 0.00153704
v 0.191036 0.406468 0.00153776
v 0.170212 0.402354 0.00153771
v 0.1949 0.424648 0.00153798
v 0.183647 0.430472 0.00153796
v 0.166134 0.431613 0.00153889
v 0.16555 0.416651 0.00153829
v 0.153205 0.40475 0.00153842
v 0.137846 0.412073 0.0015324
v 0.159313 0.386529 0.00153844
v 0.134483 0.424266 0.00870145
v 0.135988 0.389042 0.00153838
v 0.141522 0.400206 0.0015384
v 0.127199 0.402465 0.00407493
v 0.12379 0.387561 0.0240664
v 0.122342 0.399552 0.0168238
v 0.131982 0.4047 0.0257134
v 0.115026 0.382493 0.00438602
v 0.143417 0.388476 0.0190665
v 0.271977 0.398756 0.00153793
v 0.272035 0.414489 0.00153805
v 0.11059 0.278174 0.0015378
v 0.12145 0.298101 0.0015385
v 0.131988 0.31084 0.00153853
v 0.0986667 0.322346 0.00211934
v 0.106684 0.307097 0.00153881
v 0.122818 0.339492 0.00153832
v 0.0897037 0.308084 0.00257567
v 0.117071 0.322095 0.00153853
v 0.094859 0.296712 0.00153817
v 0.092474 0.319089 0.02038
v 0.0745654 0.30523 0.0069315
v 0.131708 0.326667 0.00153785
v 0.150033 0.348201 0.0015368
v 0.137597 0.340278 0.00153706
v 0.131178 0.363918 0.00326735
v 0.138122 0.35312 0.00153901
v 0.151016 0.368295 0.00153932
v 0.12502 0.352468 0.0015374
v 0.11437 0.365749 0.00153593
v 0.107146 0.349082 0.00153686
v 0.0833226 0.322479 0.00735471
v 0.0865797 0.303428 0.0185596
v 0.112194 0.365551 0.0229774
v 0.10793 0.334052 0.00153489
v 0.0918896 0.340382 0.0114839
v 0.107116 0.305083 0.0109313
v 0.103164 0.360761 0.0111371
v 0.109579 0.372696 0.0119007
v 0.10704 0.345705 0.0241064
v 0.0965363 0.308992 0.0150494
v 0.107479 0.320487 0.0154513
v 0.0959239 0.29388 0.00968658
v 0.100224 0.3321 0.0224404
v 0.113741 0.334515 0.0157465
v 0.120279 0.323056 0.00831386
v 0.127883 0.351577 0.0186756
v 0.141954 0.327469 0.00461648
v 0.128716 0.337653 0.00894259
v 0.112022 0.289429 0.0046181
v 0.149148 0.352486 0.00461636
v 0.118142 0.301099 0.00487173
v 0.115754 0.269769 0.00461663
v 0.14116 0.341316 0.00461316
v 0.158143 0.337344 0.00461756
v 0.0994538 0.276958 0.00549308
v 0.0996865 0.255779 0.0110195
v 0.0852616 0.282542 0.00928848
v 0.0869789 0.266147 0.00771073
v 0.104245 0.265847 0.00602116
v 0.114825 0.255116 0.00853059
v 0.0854395 0.253326 0.0153013
v 0.124646 0.247477 0.0135865
v 0.199101 0.304923 0.00153805
v 0.212847 0.311917 0.00153739
v 0.229266 0.323993 0.00153814
v 0.181284 0.315084 0.00153783
v 0.1717 0.476388 0.0233206
v 0.165214 0.466152 0.0219626
v 0.170319 0.45103 0.0124201
v 0.178867 0.459059 0.0100802
v 0.182763 0.448268 0.00651807
v 0.191695 0.440191 0.00462093
v 0.192122 0.417787 0.00461778
v 0.167425 0.437831 0.0109842
v 0.170486 0.417241 0.00549799
v 0.16018 0.44513 0.021068
v 0.206208 0.315996 0.00461756
v 0.209395 0.373931 0.00461777
v 0.197178 0.368743 0.00461778
v 0.177731 0.377001 0.0046176
v 0.212645 0.390479 0.00461777
v 0.197479 0.400411 0.00461777
v 0.185105 0.390833 0.00461773
v 0.161483 0.394674 0.00510704
v 0.172665 0.388668 0.00461767
v 0.158594 0.375577 0.00461682
v 0.173255 0.403104 0.00461705
v 0.206103 0.412599 0.0046176
v 0.185893 0.406332 0.00461707
v 0.174265 0.313346 0.00461756
v 0.162996 0.305716 0.00461776
v 0.174735 0.326563 0.00461762
v 0.246023 0.332162 0.00153828
v 0.193854 0.356649 0.0015379
v 0.204422 0.392511 0.00153798
v 0.175735 0.388305 0.00153787
v 0.142387 0.429349 0.00153309
v 0.134992 0.392472 0.027645
v 0.13481 0.377862 0.0249675
v 0.143227 0.373957 0.0110042
v 0.121794 0.374444 0.0260627
v 0.131115 0.364559 0.0227665
v 0.137765 0.358906 0.0110328
v 0.150937 0.365252 0.00526896
v 0.169353 0.359339 0.00461785
v 0.166274 0.346983 0.00461767
v 0.128288 0.377666 0.00387047
v 0.164414 0.357369 0.00153789
v 0.16882 0.33465 0.00153794
v 0.162086 0.345181 0.00153779
v 0.15289 0.333253 0.00153735
v 0.174522 0.345706 0.00153794
v 0.185299 0.332975 0.00153788
v 0.162056 0.319566 0.00153801
v 0.161407 0.374518 0.00153721
v 0.146938 0.381168 0.00153818
v 0.098366 0.350252 0.0161524
v 0.116676 0.353862 0.0237822
v 0.13004 0.270783 0.00461614
v 0.0961843 0.246621 0.0192634
v 0.0721659 0.255837 0.0166457
v 0.233676 0.312941 0.00153842
v 0.227568 0.33889 0.00153789
v 0.211606 0.337966 0.00153796
v 0.177476 0.30282 0.00153749
v 0.181153 0.424073 0.00461525
v 0.151389 0.386264 0.00839998
v 0.150663 0.399908 0.0134459
v 0.160445 0.408086 0.00811368
v 0.216672 0.403743 0.00461759
v 0.16472 0.293732 0.00461786
v 0.179128 0.365388 0.00461761
v 0.178723 0.351649 0.00461778
v 0.140847 0.276921 0.00461672
v 0.142041 0.263885 0.00464426
v 0.154853 0.25864 0.00471385
v 0.143648 0.250307 0.00849906
v 0.215821 0.325097 0.00153784
v 0.299249 0.384761 0.0046144
v 0.295433 0.371787 0.00461573
v 0.0691611 0.290598 0.00342803
v 0.151106 0.452783 0.00296914
v 0.230786 0.413869 0.00461775
v 0.149757 0.314709 0.00461728
v 0.153218 0.417397 0.0168134
v 0.303078 -0.283588 0.0267973
v 0.305046 -0.301128 0.0375539
v 0.3091 -0.320043 0.030527
v 0.314167 -0.339154 0.0249782
v 0.321349 -0.357255 0.0179148
v 0.329698 -0.374488 0.00937986
v 0.335267 -0.39461 0.00752715
v 0.341106 -0.414792 0.0061929
v 0.322689 -0.422746 0.00900947
v 0.304599 -0.430457 0.00461566
v 0.286046 -0.438602 0.0046179
v 0.267405 -0.446688 0.0046179
v 0.248689 -0.454774 0.00461783
v 0.229868 -0.462838 0.00461788
v 0.210941 -0.470773 0.00461763
v 0.191979 -0.478427 0.00624429
v 0.181371 -0.482525 0.0232037
v 0.162506 -0.490254 0.0224479
v 0.171355 -0.488236 0.00405581
v 0.190265 -0.48065 0.00153922
v 0.209341 -0.472886 0.00153793
v 0.228383 -0.464928 0.00153807
v 0.247367 -0.456812 0.00153799
v 0.266314 -0.448598 0.00153804
v 0.285218 -0.440297 0.00153805
v 0.304044 -0.431887 0.00153644
v 0.322782 -0.423363 0.00266243
v 0.32703 -0.407859 0.003367
v 0.30576 -0.410385 0.0015375
v 0.314437 -0.389505 0.00218871
v 0.285131 -0.329508 0.00350565
v 0.166738 -0.45105 0.00153922
v 0.293116 -0.273644 0.0247943
v 0.281443 -0.294264 0.0276886
v 0.279493 -0.278801 0.02938
v 0.290601 -0.285725 0.0299273
v 0.262469 -0.284449 0.0131242
v 0.271214 -0.287098 0.023257
v 0.275752 -0.301475 0.00786788
v 0.243864 -0.417263 0.00461757
v 0.327328 -0.407809 0.0100765
v 0.312871 -0.389423 0.0106502
v 0.306593 -0.409029 0.00468683
v 0.323328 -0.396077 0.0106368
v 0.284427 -0.327495 0.00747687
v 0.27845 -0.290216 0.0305252
v 0.297447 -0.272009 0.0273158
v 0.284905 -0.276804 0.0354602
v 0.270784 -0.276553 0.0285728
v 0.292974 -0.29065 0.03754
v 0.260753 -0.293964 0.00933946
v 0.265449 -0.289502 0.0228091
v 0.255346 -0.274657 0.0191988
v 0.277006 -0.307719 0.015641
v 0.288447 -0.310103 0.0313248
v 0.310708 -0.421542 0.00164245
v 0.297871 -0.420637 0.00153715
v 0.2839 -0.401649 0.00153813
v 0.326432 -0.386048 0.00477061
v 0.317319 -0.375596 0.00318422
v 0.292537 -0.377854 0.00153766
v 0.315702 -0.402256 0.00228325
v 0.303519 -0.397246 0.00153851
v 0.302522 -0.327755 0.0132126
v 0.144031 -0.267747 0.00153726
v 0.22364 -0.427544 0.00153806
v 0.19114 -0.456074 0.00153812
v 0.17435 -0.469089 0.00153891
v 0.159087 -0.453329 0.02938
v 0.258291 -0.270256 0.0154636
v 0.239436 -0.281056 0.00153382
v 0.247449 -0.268527 0.0043827
v 0.253224 -0.280864 0.00326913
v 0.230774 -0.266549 0.0028285
v 0.260484 -0.295965 0.00153393
v 0.209654 -0.289374 0.00153806
v 0.26219 -0.320453 0.00153788
v 0.223348 -0.280905 0.00153863
v 0.265946 -0.307885 0.00153695
v 0.279184 -0.315531 0.00337627
v 0.246308 -0.309063 0.0015366
v 0.290953 -0.310287 0.019849
v 0.204965 -0.26642 0.00153937
v 0.226703 -0.301459 0.00153808
v 0.217877 -0.268956 0.00165062
v 0.251504 -0.435342 0.00461776
v 0.182511 -0.271716 0.00461801
v 0.206352 -0.433368 0.00461731
v 0.308732 -0.368745 0.005706
v 0.31122 -0.420375 0.00569961
v 0.298483 -0.419056 0.00462805
v 0.284835 -0.399522 0.00461784
v 0.294746 -0.332093 0.0240551
v 0.228195 -0.283512 0.0049576
v 0.256407 -0.321964 0.00461632
v 0.27847 -0.30297 0.0274768
v 0.284591 -0.320157 0.0206848
v 0.300591 -0.311436 0.0337471
v 0.265848 -0.421726 0.00153789
v 0.291986 -0.391079 0.00153836
v 0.271755 -0.383902 0.00153716
v 0.306185 -0.34752 0.00675986
v 0.14602 -0.249244 0.0015389
v 0.164765 -0.251856 0.00153758
v 0.122157 -0.256148 0.00153739
v 0.154161 -0.259487 0.00153723
v 0.173204 -0.274279 0.00153792
v 0.157881 -0.274206 0.00153756
v 0.165313 -0.301212 0.00153798
v 0.165446 -0.28664 0.00153794
v 0.187337 -0.291694 0.00153799
v 0.139866 -0.293938 0.00153816
v 0.145979 -0.281442 0.00153772
v 0.153666 -0.293902 0.00153768
v 0.123727 -0.278528 0.00153776
v 0.146649 -0.317952 0.00153796
v 0.18359 -0.255415 0.00153856
v 0.131945 -0.24566 0.00292367
v 0.135088 -0.258232 0.00153764
v 0.19736 -0.255026 0.0022228
v 0.190776 -0.267615 0.0015384
v 0.198891 -0.279646 0.00153812
v 0.172587 -0.261733 0.0015372
v 0.185064 -0.279111 0.00153804
v 0.231324 -0.445539 0.00153797
v 0.19639 -0.468562 0.00153762
v 0.207603 -0.456627 0.00153743
v 0.200055 -0.433622 0.00153794
v 0.199673 -0.446445 0.00153783
v 0.181816 -0.439473 0.00153848
v 0.214396 -0.44045 0.00153797
v 0.160433 -0.472821 0.0120085
v 0.178255 -0.45696 0.00153817
v 0.16573 -0.471765 0.028085
v 0.245538 -0.29454 0.0015352
v 0.283572 -0.300601 0.0176257
v 0.292642 -0.302332 0.0307776
v 0.302536 -0.316391 0.0197797
v 0.293347 -0.318937 0.0104599
v 0.269753 -0.426275 0.00461772
v 0.23236 -0.442428 0.00461778
v 0.204602 -0.263587 0.00530383
v 0.187028 -0.253693 0.00522115
v 0.168286 -0.250057 0.0058326
v 0.192465 -0.264534 0.00479103
v 0.199779 -0.285705 0.00461767
v 0.199275 -0.252651 0.00581204
v 0.175863 -0.260556 0.0046168
v 0.153064 -0.26846 0.00461649
v 0.167463 -0.27308 0.0046175
v 0.151829 -0.296174 0.00461741
v 0.17678 -0.296303 0.0046175
v 0.156419 -0.28245 0.0046178
v 0.17581 -0.283151 0.00461771
v 0.129905 -0.281463 0.00461715
v 0.142988 -0.285694 0.0046175
v 0.128762 -0.306834 0.00461869
v 0.192791 -0.453925 0.00474377
v 0.213956 -0.451427 0.00461755
v 0.317648 -0.378358 0.00631733
v 0.319644 -0.36692 0.0110968
v 0.309465 -0.359375 0.0139833
v 0.290111 -0.355107 0.00979542
v 0.299639 -0.394956 0.00479785
v 0.285981 -0.376788 0.00461094
v 0.246736 -0.28288 0.00536925
v 0.244167 -0.266448 0.0089875
v 0.238142 -0.3059 0.00461848
v 0.225579 -0.264229 0.0061136
v 0.248196 -0.296598 0.0048979
v 0.257645 -0.307469 0.00461088
v 0.269523 -0.315828 0.00603769
v 0.269109 -0.332206 0.00476555
v 0.244838 -0.349801 0.00461796
v 0.280497 -0.342853 0.00676923
v 0.296358 -0.339704 0.00943781
v 0.263477 -0.350362 0.00461317
v 0.254503 -0.337512 0.00461775
v 0.23601 -0.327211 0.004618
v 0.3018 -0.351157 0.00790716
v 0.305573 -0.348081 0.0204141
v 0.253541 -0.381909 0.00461754
v 0.253859 -0.364574 0.00461901
v 0.225045 -0.372576 0.00461766
v 0.26884 -0.373595 0.00461798
v 0.240637 -0.372935 0.0046181
v 0.233145 -0.359547 0.00461758
v 0.232344 -0.395834 0.0046178
v 0.229641 -0.342936 0.0046179
v 0.241202 -0.386139 0.00461775
v 0.247732 -0.401244 0.0046176
v 0.212648 -0.355417 0.00461772
v 0.268642 -0.391723 0.00461774
v 0.279471 -0.363553 0.00461407
v 0.259882 -0.412733 0.0046179
v 0.205629 -0.323608 0.00461773
v 0.280378 -0.387873 0.0046176
v 0.256866 -0.393505 0.00461763
v 0.274861 -0.352768 0.00461907
v 0.267102 -0.361759 0.00461809
v 0.275242 -0.411701 0.00461718
v 0.284349 -0.423582 0.00461804
v 0.220304 -0.329791 0.00461779
v 0.219627 -0.310341 0.00461786
v 0.207619 -0.339874 0.00461759
v 0.178353 -0.335595 0.00461758
v 0.190541 -0.354354 0.0046179
v 0.193626 -0.3335 0.0046179
v 0.18784 -0.313629 0.00461758
v 0.271643 -0.435032 0.001538
v 0.252525 -0.43546 0.00153784
v 0.2819 -0.422572 0.00153821
v 0.275322 -0.355886 0.0015373
v 0.264325 -0.402146 0.00153799
v 0.298429 -0.337459 0.00551739
v 0.291333 -0.352062 0.00153976
v 0.280911 -0.342883 0.0015385
v 0.259731 -0.341544 0.00153724
v 0.271049 -0.332402 0.00153855
v 0.303595 -0.364112 0.00153507
v 0.285821 -0.365362 0.00153643
v 0.313581 -0.357952 0.00740997
v 0.109393 -0.245812 0.00338577
v 0.100772 -0.269206 0.00153822
v 0.0924252 -0.249698 0.0015358
v 0.109248 -0.258934 0.00153739
v 0.0756861 -0.254216 0.0051226
v 0.0867973 -0.263604 0.00153767
v 0.0836777 -0.291103 0.00234714
v 0.0676209 -0.275531 0.00389035
v 0.089123 -0.277794 0.00153751
v 0.106088 -0.288507 0.00153847
v 0.0590339 -0.260025 0.00475174
v 0.0717598 -0.265536 0.0126477
v 0.0596361 -0.259481 0.0196645
v 0.0601012 -0.271794 0.0143598
v 0.0766606 -0.289775 0.0190132
v 0.201494 -0.319116 0.00153798
v 0.220788 -0.453903 0.00153788
v 0.153202 -0.41876 0.00153703
v 0.166603 -0.477597 0.00330151
v 0.162407 -0.466172 0.00208231
v 0.152164 -0.457294 0.0136533
v 0.155957 -0.466207 0.0220318
v 0.142577 -0.428518 0.0206188
v 0.148734 -0.443529 0.0217434
v 0.159759 -0.428087 0.0162735
v 0.147062 -0.437271 0.00318567
v 0.153894 -0.431823 0.0295104
v 0.148898 -0.406548 0.0264417
v 0.147352 -0.419745 0.0300836
v 0.131014 -0.408928 0.0163263
v 0.177179 -0.465597 0.0124206
v 0.159141 -0.479082 0.0217657
v 0.263084 -0.435825 0.00461761
v 0.257735 -0.424829 0.00461748
v 0.236971 -0.453345 0.00461783
v 0.238765 -0.430151 0.00461766
v 0.221458 -0.415696 0.00461754
v 0.224114 -0.430217 0.00461804
v 0.213538 -0.277047 0.00483123
v 0.214253 -0.294159 0.00461763
v 0.199974 -0.302364 0.00461796
v 0.227442 -0.297331 0.0046179
v 0.18973 -0.294328 0.00461783
v 0.131497 -0.253337 0.00635146
v 0.198049 -0.466431 0.0046158
v 0.2025 -0.445573 0.00461748
v 0.182735 -0.432555 0.00539318
v 0.234476 -0.272871 0.00543814
v 0.215409 -0.257098 0.00624444
v 0.244378 -0.317334 0.00461984
v 0.230638 -0.315883 0.00461771
v 0.200413 -0.377837 0.00461776
v 0.16471 -0.316652 0.00461759
v 0.254455 -0.447179 0.0015381
v 0.24314 -0.443051 0.00153804
v 0.23496 -0.433319 0.00153783
v 0.239621 -0.41031 0.00153783
v 0.24514 -0.423366 0.00153779
v 0.253815 -0.411927 0.00153809
v 0.248562 -0.395682 0.00153789
v 0.218361 -0.387241 0.00153788
v 0.232242 -0.395751 0.00153793
v 0.222116 -0.4101 0.00153788
v 0.240469 -0.366704 0.00153826
v 0.209141 -0.420063 0.00153771
v 0.24043 -0.382364 0.00153798
v 0.227197 -0.374585 0.00153789
v 0.256594 -0.374456 0.00153822
v 0.200461 -0.365344 0.00153783
v 0.221058 -0.349086 0.00153806
v 0.212512 -0.373742 0.00153787
v 0.228055 -0.360875 0.00153787
v 0.191523 -0.390955 0.00153774
v 0.213028 -0.360122 0.00153788
v 0.240445 -0.345566 0.0015381
v 0.199612 -0.379409 0.0015379
v 0.198247 -0.342149 0.00153795
v 0.175199 -0.370907 0.00153761
v 0.188603 -0.371722 0.00153772
v 0.182965 -0.353517 0.00153785
v 0.258994 -0.387462 0.00153789
v 0.254788 -0.357682 0.00153793
v 0.270232 -0.369499 0.00153729
v 0.205788 -0.402185 0.00153785
v 0.186695 -0.41499 0.00153689
v 0.192945 -0.403733 0.00153799
v 0.171909 -0.399553 0.0015377
v 0.196948 -0.42179 0.001538
v 0.185638 -0.427504 0.00153761
v 0.167996 -0.428485 0.0015387
v 0.167297 -0.413649 0.00153839
v 0.154715 -0.401726 0.00153803
v 0.139237 -0.40879 0.00153276
v 0.160918 -0.383738 0.00153796
v 0.137263 -0.420694 0.00956196
v 0.13759 -0.385809 0.00331784
v 0.14297 -0.396988 0.00153873
v 0.1289 -0.399109 0.00552006
v 0.127837 -0.383929 0.0260813
v 0.125783 -0.395952 0.0188674
v 0.135997 -0.401105 0.0269348
v 0.116703 -0.379045 0.00785785
v 0.146722 -0.38492 0.0191265
v 0.274031 -0.395425 0.00153788
v 0.274259 -0.41114 0.00153743
v 0.11108 -0.276625 0.00153838
v 0.122047 -0.296452 0.00153845
v 0.132727 -0.309048 0.0015385
v 0.0994898 -0.321011 0.00175057
v 0.107371 -0.305608 0.00153846
v 0.124232 -0.337692 0.00153838
v 0.090445 -0.306741 0.00266736
v 0.117921 -0.320516 0.00153849
v 0.0954664 -0.295258 0.00153852
v 0.0959227 -0.316308 0.022995
v 0.0767031 -0.303428 0.0102128
v 0.132765 -0.324815 0.00153853
v 0.151019 -0.346421 0.00153755
v 0.13888 -0.338237 0.00153854
v 0.132156 -0.361687 0.00153833
v 0.131098 -0.348678 0.00153723
v 0.10908 -0.355981 0.0060604
v 0.0860446 -0.320389 0.01071
v 0.0890461 -0.300965 0.0213629
v 0.0967085 -0.339796 0.0137625
v 0.1102 -0.300944 0.0152291
v 0.0930942 -0.329786 0.00753064
v 0.107468 -0.335648 0.00159848
v 0.0956684 -0.328598 0.0197861
v 0.115694 -0.338249 0.0271631
v 0.109803 -0.323695 0.0247355
v 0.127032 -0.326885 0.0125315
v 0.0997619 -0.305652 0.0187721
v 0.109916 -0.312226 0.0202302
v 0.0980651 -0.290943 0.0126166
v 0.119284 -0.309021 0.0125391
v 0.119613 -0.296804 0.0060696
v 0.114766 -0.345848 0.00152917
v 0.111378 -0.280257 0.00520533
v 0.121533 -0.266816 0.00461774
v 0.0924966 -0.270331 0.0087475
v 0.11128 -0.249716 0.0103932
v 0.0998015 -0.279843 0.00815465
v 0.106039 -0.267334 0.00603833
v 0.08691 -0.282552 0.0127466
v 0.0967192 -0.255399 0.00982712
v 0.0794203 -0.251033 0.0155638
v 0.0835032 -0.261738 0.0104992
v 0.199763 -0.302647 0.00153805
v 0.213611 -0.30956 0.00153801
v 0.230227 -0.321477 0.00153802
v 0.182068 -0.312821 0.00153781
v 0.175294 -0.472696 0.0214733
v 0.168421 -0.462673 0.0204454
v 0.17272 -0.447486 0.0104218
v 0.181546 -0.455288 0.00846086
v 0.185495 -0.444302 0.00549945
v 0.194436 -0.436055 0.00461887
v 0.194668 -0.413597 0.00461791
v 0.169783 -0.434225 0.00928849
v 0.173041 -0.413326 0.00478047
v 0.163152 -0.441684 0.0196886
v 0.207742 -0.31157 0.00461789
v 0.132676 -0.241625 0.0140495
v 0.149501 -0.247568 0.00763305
v 0.143564 -0.259033 0.00465806
v 0.139845 -0.272102 0.00461606
v 0.157619 -0.256757 0.00461726
v 0.211575 -0.369466 0.00461755
v 0.199314 -0.364409 0.00461766
v 0.179963 -0.372898 0.00461711
v 0.214948 -0.386001 0.00461768
v 0.199883 -0.396111 0.00461769
v 0.187462 -0.386648 0.00461751
v 0.163923 -0.390801 0.00480921
v 0.175015 -0.38462 0.00461738
v 0.160808 -0.371688 0.00554599
v 0.175738 -0.399083 0.00461607
v 0.208565 -0.408248 0.00461758
v 0.188354 -0.402178 0.00461749
v 0.175629 -0.309399 0.00461757
v 0.164206 -0.301942 0.00461786
v 0.176288 -0.322579 0.00461741
v 0.164508 -0.331339 0.00461711
v 0.145098 -0.324021 0.00461765
v 0.165751 -0.351802 0.00461793
v 0.24715 -0.329436 0.00153802
v 0.195259 -0.354147 0.00153801
v 0.206262 -0.389807 0.00153798
v 0.177433 -0.38567 0.00153764
v 0.144151 -0.426081 0.00153836
v 0.139252 -0.388846 0.0285989
v 0.139005 -0.374188 0.0258596
v 0.144907 -0.370797 0.0105277
v 0.118564 -0.362147 0.0257213
v 0.134244 -0.354446 0.0190245
v 0.165536 -0.356178 0.00153844
v 0.14964 -0.364006 0.0052822
v 0.170374 -0.333192 0.00153761
v 0.138803 -0.372577 0.006837
v 0.163338 -0.343708 0.00153785
v 0.154239 -0.331317 0.00153803
v 0.163055 -0.317493 0.0015378
v 0.118569 -0.320056 0.0174037
v 0.114492 -0.240141 0.0175859
v 0.0965237 -0.243832 0.0172243
v 0.234468 -0.310494 0.00153812
v 0.22874 -0.336273 0.00153809
v 0.212731 -0.335444 0.00153798
v 0.178115 -0.300633 0.0015378
v 0.187643 -0.32887 0.00153802
v 0.181344 -0.340435 0.00153795
v 0.183789 -0.42001 0.00461509
v 0.1534 -0.382774 0.00758553
v 0.152922 -0.396465 0.0126375
v 0.162872 -0.404367 0.0073271
v 0.219045 -0.399253 0.00461734
v 0.165778 -0.289934 0.00461789
v 0.151505 -0.310804 0.0046174
v 0.133513 -0.318712 0.00488663
v 0.170976 -0.363649 0.00461646
v 0.178603 -0.348925 0.00461763
v 0.148994 -0.342803 0.00470722
v 0.11838 -0.3752 0.0210024
v 0.110172 -0.367842 0.0127125
v 0.123909 -0.349476 0.0267708
v 0.110124 -0.350963 0.0253534
v 0.129782 -0.340741 0.0164666
v 0.131339 -0.363837 0.0274762
v 0.161502 -0.370206 0.00223635
v 0.216778 -0.322637 0.00153801
v 0.143509 -0.356322 0.00768843
v 0.103203 -0.350333 0.0152495
v 0.137511 -0.33552 0.00623662
v 0.155853 -0.359819 0.00701157
v 0.299923 -0.380308 0.0102221
v 0.296261 -0.367228 0.0105556
v 0.0703317 -0.289216 0.00651578
v 0.153089 -0.449565 0.00258252
v 0.233161 -0.409269 0.00461779
v 0.15564 -0.414002 0.015741
v -0.0014046 0.0749106 0.0158617
v 0.00135905 0.0593035 0.00372334
v 0.0057268 0.0398424 0.00153716
v 0.00732152 0.0196448 0.00374669
v 0.00787919 -0.000732541 0.00573931
v 0.00833992 -0.0205404 0.0112845
v 0.00619147 -0.0407515 0.0105312
v 0.0016665 -0.0580643 0.00153494
v -0.00323899 -0.0745522 0.0117207
v 0.0165351 -0.0742777 0.0157642
v 0.0346495 -0.0719989 0.0246901
v 0.0536353 -0.0655499 0.0215519
v 0.0649823 -0.0550981 0.00827409
v 0.0784839 -0.0413305 0.0149933
v 0.0876502 -0.0249357 0.00697865
v 0.09108 -0.00652808 0.0153831
v 0.093631 0.0133632 0.0199047
v 0.0858429 0.0305452 0.0118945
v 0.0789936 0.0482025 0.00456316
v 0.0645428 0.0599133 0.0126064
v 0.0542349 0.0728002 0.0245694
v 0.0350861 0.0779888 0.0291957
v 0.0150663 0.0780626 0.0269967
v 0.00786125 -0.0842577 0.0153074
v 0.00905483 0.0876306 0.0213306
v 0.0220351 0.0888028 0.0241813
v 0.0347539 -0.0845345 0.0218926
v 0.0475391 -0.0780882 0.0195789
v 0.0618977 -0.0718864 0.0126486
v 0.0858229 -0.0511616 0.0109656
v 0.0924463 -0.0376655 0.0117618
v 0.103349 -0.00612599 0.0124906
v 0.102309 0.00743282 0.0123907
v 0.0994657 -0.0199838 0.011868
v 0.0992969 0.0257253 0.0116755
v 0.0865753 0.0550903 0.0118098
v 0.0767244 0.0643836 0.0109154
v 0.0924935 0.0423353 0.0120879
v 0.049711 0.0832946 0.0178534
v 0.0608095 0.0760807 0.0133227
v 0.0358644 0.088851 0.0228627
v 0.0748753 -0.0628802 0.00958689
v 0.00482425 -0.0804271 0.00292288
v 0.00854054 0.0742858 0.00670453
v 0.0144141 0.0590292 0.00368669
v 0.0181377 0.00925043 0.00810442
v 0.018373 0.0259923 0.00771737
v 0.0199491 -0.00833296 0.00592172
v 0.0176623 0.042578 0.00496977
v 0.0181998 -0.0457818 0.00715717
v 0.0162519 -0.0318431 0.00887703
v 0.0133584 -0.0637674 0.003258
# 4867 vertices
vn 0.000206324 1.08584e-05 1
vn 9.34542e-05 6.6095e-06 1
vn 7.91295e-05 5.0179e-07 1
vn 7.13428e-05 -3.10823e-06 1
vn 9.37901e-05 5.20647e-06 1
vn 0.000102051 -1.26609e-05 1
vn 6.78809e-05 8.29403e-06 1
vn 4.89498e-05 5.89058e-06 1
vn 4.44753e-05 1.00526e-05 1
vn 3.07449e-05 -4.07844e-06 1
vn 9.15807e-06 -5.99157e-06 1
vn 1.34229e-05 1.23888e-05 1
vn -0.0054019 0.00448733 0.999975
vn -0.0288397 0.114351 0.993022
vn -0.0603646 0.343527 0.937201
vn -0.0402244 0.466312 0.883705
vn -0.0169757 0.501191 0.86517
vn -0.0170738 0.497905 0.867063
vn -0.0172314 0.511476 0.859125
vn -0.029617 0.529308 0.847913
vn -0.049794 0.530206 0.846406
vn -0.0367549 0.514994 0.856406
vn -0.0155503 0.489318 0.871967
vn -0.00948581 0.467339 0.884027
vn -0.0167359 0.467349 0.883914
vn 0.0336459 0.443845 0.895472
vn 0.0153006 0.403801 0.914719
vn -0.00334809 0.431575 0.902071
vn 0.0174586 0.420739 0.907014
vn 0.0103955 0.40095 0.916041
vn 0.0112259 0.396936 0.917778
vn -0.00467578 0.410882 0.911677
vn -0.0117875 0.412645 0.910815
vn -0.00310892 0.434626 0.900606
vn 0.0278359 0.515059 0.856703
vn 0.262111 0.49655 0.827488
vn 0.192966 0.00641698 0.981184
vn -0.0107028 -0.245933 0.969228
vn -0.224245 -0.502837 0.834787
vn -0.575994 -0.783081 0.234555
vn -0.0757126 0.980189 0.183022
vn 0.104832 0.902219 0.418343
vn 0.0543853 0.449418 0.891665
vn -0.130582 0.195793 0.971912
vn -0.0397702 0.10803 0.993352
vn 0.0819456 0.199916 0.97638
vn 0.175038 0.415412 0.892633
vn 0.142065 0.617968 0.773261
vn 0.133121 0.753535 0.643789
vn 0.13521 0.66226 0.736974
vn 0.00375774 0.542543 0.84002
vn -0.0334436 0.492111 0.86989
vn -0.146098 0.0937981 0.984813
vn -0.395861 -0.240435 0.886276
vn -0.316049 -0.0386337 0.947956
vn -0.0663888 -0.0528072 0.996395
vn -0.231694 -0.114024 0.966083
vn -0.238035 -0.0589937 0.969463
vn -0.191554 -0.0972206 0.976655
vn -0.315521 -0.103769 0.943228
vn -0.517963 -0.0621834 0.85314
vn -0.545055 0.064491 0.835916
vn -0.180862 0.0140314 0.983408
vn 0.724525 -0.19353 0.661521
vn 0.421806 -0.0770201 0.903409
vn 0.0419172 -0.016779 0.99898
vn -0.237852 -0.167224 0.956798
vn -0.0490771 -0.0798657 0.995597
vn 0.332672 0.1153 0.935968
vn 0.10095 -0.160691 0.981829
vn 0.0102782 0.000756019 0.999947
vn 0.120247 0.73927 0.662586
vn -0.0447883 0.0168505 0.998854
vn -0.0464324 -0.234917 0.970906
vn -0.00412568 -0.00685507 0.999968
vn 2.37035e-05 -4.91748e-06 1
vn 4.81492e-05 2.29264e-06 1
vn 8.65285e-05 -7.58428e-06 1
vn 8.61516e-05 2.74121e-06 1
vn 8.46738e-05 -6.19529e-06 1
vn 5.60573e-05 -2.03418e-06 1
vn 0.00010532 -8.07159e-06 1
vn 6.61203e-05 2.49751e-06 1
vn 7.56267e-05 -1.04569e-05 1
vn 0.0001298 1.15155e-05 1
vn 0.000126519 -9.45443e-06 1
vn 0.223776 0.766669 0.601783
vn 0.125445 0.954858 0.269275
vn -0.427635 0.761614 0.486901
vn -0.0447535 0.763501 0.644255
vn 0.0517404 0.572296 0.818413
vn 0.0359285 0.485808 0.873327
vn 0.0137933 0.538286 0.84265
vn 0.069112 0.603531 0.794339
vn 0.0799235 0.523413 0.848323
vn 0.00140997 0.612756 0.790271
vn 0.0730177 0.652939 0.753883
vn 0.0425489 0.570233 0.82038
vn 0.013797 0.636048 0.771526
vn -0.0127285 0.652035 0.758082
vn -0.028698 0.730247 0.68258
vn 0.0100405 0.784844 0.619612
vn 0.0538988 0.661261 0.748217
vn -0.0285535 0.679244 0.733357
vn 0.00633435 0.728199 0.685336
vn -0.0121189 0.735383 0.677544
vn -0.000499146 0.679381 0.733785
vn -0.0172618 0.748452 0.662964
vn -0.0722562 0.859595 0.505841
vn 0.026624 0.885678 0.463535
vn -0.177345 -0.0435979 0.983183
vn 0.0199129 -0.399749 0.916408
vn 0.0584861 -0.600043 0.797827
vn 0.0532145 -0.660279 0.749133
vn 0.166011 -0.634065 0.75525
vn 0.160413 -0.608873 0.776879
vn 0.157297 -0.433413 0.887362
vn 0.0462958 -0.143554 0.988559
vn -0.0324883 -0.111106 0.993277
vn -0.0430925 -0.260222 0.964587
vn 0.0376803 -0.586914 0.808772
vn -0.0699152 -0.569043 0.81933
vn -0.234755 0.289249 0.928022
vn -0.458161 0.0476189 0.887593
vn -0.511114 0.170246 0.842484
vn -0.240146 0.207055 0.948398
vn -0.0101952 0.094549 0.995468
vn -0.0349888 0.0318191 0.998881
vn -0.236438 -0.0213137 0.971413
vn -0.309551 0.102774 0.945313
vn -0.346245 0.0793452 0.934783
vn -0.406127 0.23284 0.883655
vn 0.0136645 0.265633 0.963978
vn 0.244777 -0.0930179 0.965107
vn 0.0534494 -0.0484237 0.997396
vn -0.302199 0.132622 0.943974
vn 0.0192395 0.0358595 0.999172
vn 0.463335 0.164506 0.870781
vn 0.742376 0.389599 0.545061
vn 0.000538505 0.0917613 0.995781
vn -0.00157528 0.0327988 0.999461
vn -0.00676718 0.0781992 0.996915
vn -0.0072454 0.0824631 0.996568
vn -0.0221825 0.195203 0.980512
vn -0.038603 0.446407 0.893997
vn -0.0409189 0.27031 0.961903
vn -0.0269817 0.420997 0.906661
vn -0.00539239 0.0635312 0.997965
vn -0.0124493 0.384974 0.922843
vn -0.0120338 0.0132524 0.99984
vn -2.50644e-06 7.1334e-06 1
vn -2.26549e-05 2.16709e-05 1
vn 1.33875e-05 -2.08282e-05 1
vn -0.00339987 0.0176354 0.999839
vn -0.000455149 0.0431953 0.999067
vn -0.00108513 0.00274641 0.999996
vn 1.70278e-06 -6.65799e-06 1
vn -0.0171877 0.104338 0.994393
vn -0.0181072 0.484038 0.87486
vn -0.0258768 0.324269 0.945611
vn -0.000991126 0.0209555 0.99978
vn 6.2052e-06 -2.21489e-06 1
vn -7.60465e-06 7.12929e-06 1
vn -0.00346071 0.138029 0.990422
vn -0.0344731 0.375592 0.926144
vn -0.00587142 0.101827 0.994785
vn -0.0280618 0.269369 0.962628
vn -2.57058e-09 -3.44904e-07 1
vn -1.80899e-06 -1.13652e-05 1
vn -0.0187411 0.139524 0.990041
vn 4.21732e-06 -1.35718e-07 1
vn -1.83465e-06 -3.93484e-06 1
vn -0.0365828 0.401949 0.914931
vn -0.0249465 0.146457 0.988903
vn 0.000208057 0.00871805 0.999962
vn 6.66202e-06 -5.61898e-06 1
vn 1.6378e-06 2.50124e-06 1
vn -5.10219e-06 -4.57682e-06 1
vn 7.29679e-06 6.75465e-06 1
vn 2.47826e-06 -4.91187e-06 1
vn 1.49504e-05 -1.27706e-06 1
vn 1.24579e-05 -3.19451e-06 1
vn 2.79965e-06 -6.66834e-06 1
vn 6.73305e-07 3.81621e-07 1
vn 1.43077e-07 -2.20359e-07 1
vn -1.45601e-06 1.01859e-06 1
vn 1.88838e-06 4.57817e-06 1
vn -2.71936e-07 6.81911e-06 1
vn -3.36895e-06 1.5326e-06 1
vn 3.58415e-06 6.40005e-06 1
vn -2.31263e-07 -2.00279e-06 1
vn 0.257555 0.687932 0.678539
vn -0.134883 0.0622228 0.988906
vn 0.431639 0.507897 0.745472
vn 0.146561 0.871618 0.467763
vn 0.286527 0.68882 0.665905
vn 0.0875302 0.983322 0.159428
vn 0.258316 0.936097 0.238738
vn 0.0432555 0.941343 0.334666
vn 0.187496 0.0667654 0.979994
vn 0.187335 0.525899 0.82966
vn 0.131022 0.140022 0.981441
vn 0.392656 0.833447 0.388829
vn 0.305221 0.481565 0.821545
vn 0.0638951 0.181895 0.98124
vn -0.0653091 0.23013 0.970966
vn -0.0388562 0.165519 0.985441
vn -0.0585917 0.131843 0.989538
vn -0.0335969 0.141309 0.989395
vn 0.0518659 0.0357823 0.998013
vn -0.000217658 0.0110203 0.999939
vn -0.000760762 0.00522162 0.999986
vn 0.0565983 0.120122 0.991144
vn 0.00222127 0.041371 0.999141
vn 0.230927 0.459011 0.857894
vn 3.30716e-05 -5.97644e-06 1
vn 0.00569922 -0.00193094 0.999982
vn 0.0033054 0.00326265 0.999989
vn -0.000183729 -0.00017356 1
vn 0.0958196 0.524628 0.845922
vn 0.105024 -0.131032 0.985799
vn 0.164395 0.285394 0.944206
vn 0.0154761 0.000745885 0.99988
vn 0.0321443 -0.064528 0.997398
vn -0.231475 0.020955 0.972615
vn 0.120786 0.426753 0.896266
vn 0.116745 0.154111 0.981132
vn 0.175534 0.103669 0.979
vn 0.304307 0.239336 0.922017
vn 0.0395329 0.297585 0.953877
vn 0.376129 0.1518 0.914048
vn 0.142957 0.170433 0.974944
vn 0.341139 0.195017 0.919561
vn 0.338603 0.0908042 0.936538
vn 0.266591 0.182368 0.946399
vn 0.426249 0.0300571 0.904106
vn 0.0142378 -0.00055537 0.999899
vn 0.0883276 0.0340513 0.995509
vn 0.020166 0.0173193 0.999647
vn 0.295648 0.0460145 0.954188
vn 0.24608 0.0605264 0.967358
vn 0.052566 0.456216 0.888315
vn -0.0317582 0.573505 0.818586
vn 0.0764909 0.361748 0.929133
vn 0.565292 -0.126101 0.815195
vn -0.427441 0.00159379 0.904042
vn -0.123733 -0.0712514 0.989754
vn 0.146269 -0.123167 0.981547
vn 0.325572 -0.131298 0.936357
vn 0.509522 0.0100238 0.860399
vn 0.585375 -0.136905 0.79912
vn -4.00011e-06 -6.95655e-06 1
vn -2.03888e-07 1.03111e-06 1
vn 1.53408e-05 8.13532e-05 1
vn 0.0271367 0.568865 0.821983
vn -0.0883199 -0.0941596 0.991632
vn -0.0707736 -0.31826 0.945358
vn -0.0721703 -0.243806 0.967135
vn 0.0331331 -0.305197 0.951713
vn -0.00763301 -0.0111123 0.999909
vn -0.000404577 -0.0742661 0.997238
vn -0.0500906 -0.343891 0.937673
vn 0.0225341 0.198158 0.979911
vn 0.00374792 -0.0494157 0.998771
vn -2.96422e-06 1.3244e-05 1
vn 1.92654e-06 4.06219e-05 1
vn -0.00587711 -0.0109629 0.999923
vn 3.5387e-06 -2.95123e-06 1
vn 4.65401e-06 4.69927e-06 1
vn 9.72564e-07 8.36209e-06 1
vn 0.00510659 -0.308948 0.951065
vn -0.0262281 -0.314008 0.949058
vn 0.00427865 -0.0081056 0.999958
vn -7.27284e-07 -1.51222e-06 1
vn 0.00463922 -0.0202091 0.999785
vn 0.0374015 -0.314911 0.948384
vn 6.51911e-06 1.49058e-05 1
vn -0.00636503 -0.0496045 0.998749
vn 0.00707359 -0.338282 0.941018
vn 0.00326209 -0.00782258 0.999964
vn -0.0227339 0.13248 0.990925
vn 0.0215271 0.150952 0.988307
vn -6.26964e-06 2.8931e-06 1
vn -0.0233981 -0.140387 0.98982
vn 0.00631181 0.125031 0.992133
vn 1.4658e-06 1.72308e-06 1
vn 5.93914e-07 6.59652e-07 1
vn -7.73068e-06 1.25504e-06 1
vn 4.45206e-06 4.18761e-06 1
vn 7.89918e-06 4.32444e-06 1
vn -1.01811e-05 3.06052e-06 1
vn 6.23381e-06 -7.69291e-06 1
vn -3.96913e-06 5.58509e-06 1
vn 3.59229e-06 -8.25145e-06 1
vn -2.39471e-06 3.0983e-06 1
vn -9.8986e-07 -3.16765e-06 1
vn 3.75887e-06 -1.25236e-05 1
vn 1.69522e-07 -1.10934e-06 1
vn -3.16572e-06 -3.70553e-06 1
vn -3.23788e-06 5.66731e-06 1
vn 0.0568416 -0.258695 0.964285
vn -3.36897e-06 1.69517e-05 1
vn -1.70085e-06 3.68535e-06 1
vn -1.55839e-07 -3.11923e-06 1
vn 1.24304e-05 -1.09167e-06 1
vn 1.65139e-05 -5.42057e-07 1
vn -4.62425e-07 6.89315e-07 1
vn 5.35123e-06 4.36413e-06 1
vn 4.04408e-06 -7.5493e-07 1
vn 5.07741e-06 -5.9983e-07 1
vn 0.045562 -0.508808 0.859674
vn 0.140367 -0.065176 0.987952
vn 4.37748e-05 2.93577e-06 1
vn 0.253482 -0.348804 0.902265
vn 0.642007 0.113394 0.758267
vn -0.333614 0.10924 0.936359
vn 0.42846 0.249545 0.868417
vn 0.679698 0.280693 0.677659
vn 0.0268513 0.205025 0.978388
vn 0.132771 -0.000934898 0.991146
vn 0.31898 0.135704 0.937996
vn 0.438159 0.0683709 0.896293
vn 0.213595 0.0540261 0.975427
vn 0.460162 -0.0360467 0.887103
vn 0.646298 0.244469 0.722865
vn -7.35058e-05 5.20274e-06 1
vn 0.461968 -0.039176 0.886031
vn 0.0694414 0.0091434 0.997544
vn 0.509657 0.0439806 0.859253
vn 0.335541 -0.000290555 0.942025
vn 0.242809 -0.127557 0.961651
vn -4.22238e-05 -1.45736e-05 1
vn -0.0343991 0.0380577 0.998683
vn 4.89808e-05 -3.46014e-05 1
vn -0.331364 0.161743 0.929536
vn 8.05789e-06 -1.07995e-05 1
vn -0.140287 0.0972512 0.985323
vn 1.10885e-05 -1.02668e-05 1
vn -0.0837322 0.0430783 0.995557
vn -0.00510135 0.0852945 0.996343
vn -0.000152753 -2.63474e-05 1
vn -0.296643 0.137214 0.94508
vn -0.21607 0.243583 0.945506
vn -0.0890981 0.102402 0.990745
vn -0.0900915 0.0954902 0.991345
vn 0.250163 -0.0894918 0.964059
vn -0.0919261 0.139354 0.985967
vn -0.0571417 0.0803281 0.995129
vn -0.257519 0.139639 0.95613
vn 0.288732 -0.122154 0.949585
vn 7.16958e-06 1.51754e-05 1
vn 0.196408 -0.0853171 0.976803
vn 2.25905e-05 -0.000188512 1
vn -9.96655e-06 9.60263e-05 1
vn 0.104864 0.0299704 0.994035
vn -0.0520569 0.0360899 0.997992
vn -0.359947 0.166438 0.918007
vn 0.389795 -0.197521 0.899469
vn 0.274022 -0.155259 0.949108
vn 0.234108 -0.112966 0.965625
vn -1.78125e-05 1.17497e-05 1
vn 0.0110849 -0.00771456 0.999909
vn -0.000714072 0.0175727 0.999845
vn 0.0096859 -0.0125176 0.999875
vn -2.64379e-05 -7.3399e-06 1
vn 0.110864 -0.06648 0.99161
vn 0.175691 -0.123865 0.976622
vn 3.13852e-06 3.01455e-06 1
vn -6.96719e-06 -3.19199e-06 1
vn 1.33605e-06 3.39186e-06 1
vn 0.0474472 -0.0109785 0.998813
vn -2.94796e-05 4.55284e-06 1
vn 0.00727876 0.280861 0.959721
vn 0.0341757 -0.0210504 0.999194
vn -1.44625e-05 -3.45565e-06 1
vn 0.12149 -0.0877411 0.988707
vn -3.21329e-05 1.63421e-05 1
vn 2.72883e-06 5.5899e-06 1
vn 1.29815e-06 1.19923e-05 1
vn -1.24176e-05 1.47347e-05 1
vn -6.514e-06 4.13823e-06 1
vn 0.215822 -0.196708 0.956414
vn 0.137775 -0.0774737 0.987429
vn 0.0722109 -0.0111001 0.997328
vn 0.162869 -0.134222 0.977475
vn -0.155972 0.213271 0.964463
vn -0.135962 0.142923 0.980351
vn -0.127397 0.128791 0.983455
vn -0.126838 0.164139 0.978249
vn 0.14229 -0.0718293 0.987215
vn 1.4885e-05 -2.58836e-05 1
vn -0.00555098 0.00706448 0.99996
vn 0.0887103 0.0109066 0.995998
vn -0.072887 0.0615575 0.995439
vn -0.122731 0.11101 0.986212
vn 0.00695471 0.0521128 0.998617
vn 0.0881165 0.0256468 0.99578
vn 0.0406405 0.214618 0.975852
vn 0.149361 -0.126807 0.980618
vn -2.44517e-06 -3.89519e-06 1
vn 0.0107844 0.0385281 0.999199
vn 0.0338705 0.168865 0.985057
vn 0.0267524 0.237055 0.971128
vn 0.0603845 -0.131996 0.989409
vn 0.0044888 0.135639 0.990748
vn 0.0740503 0.165168 0.983482
vn 0.0150727 -0.219448 0.975508
vn 0.0477578 -0.170008 0.984285
vn 0.0600017 -0.147432 0.98725
vn 0.0878549 0.0285307 0.995725
vn 0.134166 -0.044271 0.989969
vn 0.0553262 0.246114 0.96766
vn 0.0262484 0.265066 0.963873
vn -4.03307e-05 -2.14026e-06 1
vn 0.0510435 -0.251369 0.966544
vn 0.091893 -0.702483 0.705743
vn -0.0442916 0.530088 0.846785
vn -0.115782 -0.665772 0.737118
vn -0.0756883 -0.0527274 0.995737
vn 0.0858506 -0.752962 0.65244
vn 0.00388451 -0.725666 0.688036
vn 0.114166 -0.704282 0.700681
vn 0.19289 -0.951086 0.241307
vn 0.288884 -0.740857 0.606363
vn -0.282928 0.0650238 0.956935
vn -0.0037313 -0.172391 0.985022
vn 0.107172 -0.337312 0.935273
vn 0.321554 -0.204557 0.924532
vn 0.13907 -0.521995 0.841535
vn 0.182218 -0.461641 0.86815
vn 0.143762 -0.263367 0.953924
vn 0.226736 -0.184116 0.956395
vn 0.0422438 -0.11879 0.99202
vn 0.10401 -0.249427 0.962792
vn 0.0115307 -0.00815186 0.9999
vn 0.0961876 -0.520411 0.848481
vn 0.0432731 -0.0673595 0.99679
vn -5.00784e-06 1.21017e-05 1
vn 0.351381 -0.147972 0.924465
vn 0.0819532 -0.111648 0.990363
vn 0.0943995 -0.0738717 0.99279
vn 0.180538 -0.110312 0.977362
vn 0.325844 -0.159171 0.931928
vn 0.0224714 -0.00990573 0.999698
vn -1.15894e-05 2.98723e-06 1
vn 0.0257936 0.178348 0.983629
vn 0.00372179 0.316022 0.948745
vn -0.00234268 0.287501 0.957778
vn 0.0185029 0.126225 0.991829
vn 0.00511103 0.0211118 0.999764
vn 0.00186032 0.369477 0.929238
vn -0.013715 0.0968639 0.995203
vn 0.0100531 0.0235908 0.999671
vn -0.00649221 0.0290551 0.999557
vn -1.28753e-06 -4.94156e-06 1
vn 1.11429e-05 2.00173e-06 1
vn -1.1506e-05 -1.92896e-05 1
vn 3.44764e-07 -2.85409e-06 1
vn -0.00768182 0.325114 0.945644
vn -0.0191759 0.326532 0.944992
vn 0.00485495 0.18074 0.983519
vn -0.00348747 0.162909 0.986635
vn -0.0039834 0.0545154 0.998505
vn -0.00115089 0.0497464 0.998761
vn -2.18964e-06 5.53721e-06 1
vn -9.44587e-07 1.32627e-06 1
vn -7.67657e-06 7.53709e-06 1
vn 9.17911e-07 5.40009e-06 1
vn 1.20498e-06 9.43398e-06 1
vn 3.02743e-06 -4.18662e-06 1
vn 0.00825935 0.403885 0.914772
vn -0.0310292 0.497781 0.866747
vn -0.0191349 0.356456 0.934116
vn 0.00656472 0.0830539 0.996523
vn -0.00560545 0.00871121 0.999946
vn 4.07909e-06 -9.3948e-07 1
vn -1.65632e-06 4.36486e-06 1
vn -6.5123e-06 4.33414e-06 1
vn 4.01267e-06 -3.23392e-06 1
vn -9.7679e-07 -6.39057e-06 1
vn 1.15761e-07 -3.97634e-06 1
vn 4.75362e-06 -5.7794e-06 1
vn -3.20674e-06 -1.54292e-06 1
vn -1.80645e-06 -4.32797e-07 1
vn -7.22402e-06 -6.83562e-07 1
vn -3.95384e-06 3.7943e-06 1
vn 1.13696e-07 -9.6953e-07 1
vn -8.55795e-07 -2.06294e-06 1
vn -8.16352e-07 4.64211e-07 1
vn -3.18038e-06 -3.88387e-07 1
vn 4.4409e-08 1.00959e-06 1
vn -1.25573e-06 -3.2886e-06 1
vn -5.29783e-06 -5.04868e-06 1
vn 2.54546e-05 -2.97066e-06 1
vn 2.63986e-05 5.03077e-06 1
vn -7.69353e-07 -3.9488e-07 1
vn 7.39505e-06 5.86136e-07 1
vn -2.35113e-06 4.24271e-06 1
vn -1.81373e-06 2.39709e-06 1
vn -3.35692e-06 -3.44707e-07 1
vn 4.36094e-05 -8.68139e-07 1
vn 1.47762e-06 1.08221e-06 1
vn 1.25771e-05 -1.37559e-07 1
vn 2.3222e-06 9.57582e-07 1
vn 1.13619e-06 -3.56798e-06 1
vn 2.02933e-06 -2.05291e-06 1
vn -4.56428e-06 2.42762e-06 1
vn -3.4961e-07 1.36628e-06 1
vn 1.79669e-06 -1.53554e-06 1
vn 2.21908e-06 1.27823e-06 1
vn -9.05892e-06 -1.34752e-06 1
vn -1.68388e-06 1.52323e-06 1
vn 2.21615e-06 -4.9142e-07 1
vn 1.99433e-06 -2.08629e-06 1
vn -9.40161e-07 2.62659e-06 1
vn -1.04285e-06 -5.1726e-07 1
vn -7.44486e-08 -3.00331e-07 1
vn -1.27197e-06 -8.95397e-08 1
vn 2.05356e-06 -5.22186e-06 1
vn -4.9916e-06 -3.61924e-08 1
vn -3.42525e-06 3.07513e-07 1
vn -2.6689e-06 -1.31123e-06 1
vn 4.16166e-06 -1.17905e-06 1
vn 1.80694e-06 5.05613e-07 1
vn -3.1236e-06 -4.70894e-07 1
vn -3.06754e-06 -2.36673e-06 1
vn 3.14369e-06 4.90841e-08 1
vn -4.42028e-06 1.51597e-06 1
vn 3.07721e-06 2.54718e-06 1
vn 2.50941e-05 -1.42131e-06 1
vn 2.19256e-05 3.15901e-07 1
vn 4.63281e-06 1.15975e-06 1
vn 4.78219e-05 -9.39992e-07 1
vn 6.63907e-05 1.84815e-05 1
vn 9.10094e-06 -2.24347e-07 1
vn -1.15897e-05 -7.8229e-06 1
vn -6.48499e-06 -6.8615e-06 1
vn -1.18186e-06 7.3696e-08 1
vn 1.40189e-05 -1.53756e-06 1
vn 1.02936e-06 2.4744e-06 1
vn -4.3596e-08 1.85275e-06 1
vn 1.98883e-07 -1.22981e-05 1
vn -6.21339e-06 -3.13384e-06 1
vn -1.23326e-06 3.48989e-07 1
vn 4.06797e-06 5.45617e-06 1
vn -9.46677e-06 2.62935e-06 1
vn 1.88734e-06 6.1367e-06 1
vn -0.0777512 0.132097 0.988183
vn -0.0262762 0.0810041 0.996367
vn -0.00659908 0.102854 0.994675
vn -0.00770995 0.0573979 0.998322
vn 0.0053403 0.0119298 0.999915
vn 0.0012284 0.0579532 0.998319
vn -0.0326832 0.102213 0.994226
vn 0.000992429 0.0216846 0.999764
vn -0.0163934 0.0164699 0.99973
vn -0.0161459 0.044479 0.99888
vn 0.418583 0.628802 0.655284
vn 0.17171 -0.122581 0.977492
vn 0.0740758 -0.0318283 0.996745
vn -0.0162519 0.0939982 0.99544
vn 0.0346701 0.0108971 0.999339
vn -1.34519e-05 2.29897e-05 1
vn -2.01522e-06 -8.50306e-07 1
vn 1.5636e-05 -6.43033e-06 1
vn 2.17717e-07 6.50529e-07 1
vn -2.74537e-06 -3.14097e-05 1
vn 6.93364e-06 -2.39601e-06 1
vn -1.05733e-05 -3.17038e-05 1
vn -2.66719e-06 -2.34583e-07 1
vn -2.13935e-06 -9.6782e-06 1
vn -0.00335821 0.0298199 0.99955
vn -0.000986693 0.00745696 0.999972
vn 7.86843e-06 6.36478e-06 1
vn 8.54458e-07 -3.16991e-06 1
vn 5.24114e-06 -6.25138e-07 1
vn 7.95391e-06 1.73833e-05 1
vn 0.0163885 0.063807 0.997828
vn 1.98768e-06 -1.91344e-06 1
vn -2.90984e-06 -1.76251e-06 1
vn 6.40288e-06 -8.24539e-06 1
vn -7.74547e-06 -1.50316e-06 1
vn 9.53458e-07 5.96202e-06 1
vn 2.09808e-06 -5.21133e-06 1
vn -2.868e-06 3.46289e-06 1
vn 8.88861e-07 -4.44354e-06 1
vn -3.90036e-06 5.5092e-06 1
vn 5.11099e-06 2.53276e-06 1
vn -6.14727e-06 -6.35768e-06 1
vn 7.32158e-06 3.15445e-06 1
vn 2.51283e-06 -1.75012e-06 1
vn 3.53788e-06 -2.90236e-06 1
vn 2.36196e-07 5.32341e-06 1
vn -7.23196e-06 4.71784e-06 1
vn 3.98285e-07 -6.63978e-06 1
vn 3.8939e-06 -3.55182e-06 1
vn -4.1733e-07 -1.18095e-06 1
vn -8.31148e-06 -2.31227e-06 1
vn -2.8011e-07 2.27942e-06 1
vn -4.60136e-06 1.09492e-06 1
vn -1.59217e-07 3.95584e-06 1
vn 2.64537e-07 2.40359e-06 1
vn 4.44621e-07 1.88254e-06 1
vn 2.46214e-06 1.12284e-06 1
vn -1.48707e-06 -2.00547e-06 1
vn 1.75345e-06 5.18006e-06 1
vn -4.30606e-06 -4.98817e-06 1
vn 4.1046e-07 6.17537e-07 1
vn -2.21597e-06 -2.20258e-07 1
vn 5.17183e-07 1.709e-06 1
vn 1.91823e-06 1.75775e-06 1
vn -7.76804e-07 -1.81923e-06 1
vn -2.55952e-06 -4.32999e-07 1
vn 2.01451e-06 8.97974e-07 1
vn -3.78303e-06 -2.19081e-06 1
vn -4.44862e-06 1.47095e-06 1
vn -3.43674e-07 3.86009e-06 1
vn -2.95651e-06 2.96225e-06 1
vn 1.74012e-07 -9.83037e-07 1
vn -2.49648e-06 9.01785e-07 1
vn -1.58265e-07 -3.66583e-08 1
vn 8.51077e-07 -4.99085e-06 1
vn 1.37485e-07 1.2359e-06 1
vn -7.95652e-07 2.47385e-06 1
vn 8.85574e-07 2.49529e-06 1
vn 4.53021e-06 -1.13683e-06 1
vn -3.3698e-06 1.60947e-06 1
vn 1.7892e-06 1.32908e-06 1
vn 2.69942e-07 3.60614e-06 1
vn -3.40916e-06 3.78066e-06 1
vn -9.07811e-07 -6.63754e-07 1
vn 3.67084e-07 -8.79188e-06 1
vn 3.18287e-06 -5.22789e-06 1
vn 1.33464e-06 7.60652e-07 1
vn -4.12786e-07 2.11276e-06 1
vn 9.27039e-07 -3.81384e-06 1
vn -5.72346e-07 -1.95997e-06 1
vn -2.09739e-06 2.21654e-06 1
vn 1.81163e-06 -5.02565e-07 1
vn -2.26164e-07 -1.90565e-06 1
vn 9.28181e-08 1.86119e-06 1
vn 7.97691e-08 -6.46113e-07 1
vn -3.38175e-06 -9.84042e-06 1
vn 3.01613e-06 -5.4966e-06 1
vn -4.2895e-06 8.06318e-06 1
vn -3.26466e-06 7.3891e-06 1
vn 9.02708e-07 8.72855e-06 1
vn -0.00110757 0.00780748 0.999969
vn 6.93182e-06 1.01819e-07 1
vn -0.00823175 0.116636 0.993141
vn 1.32981e-07 -7.29854e-06 1
vn -0.00509347 0.0273171 0.999614
vn 3.82495e-06 -1.96552e-06 1
vn 0.0150424 0.130745 0.991302
vn -5.32373e-06 1.22788e-06 1
vn 0.00924896 0.0110305 0.999896
vn 9.03755e-08 2.17636e-06 1
vn 3.05397e-06 -1.50904e-06 1
vn -2.21662e-06 -5.51224e-06 1
vn 1.085e-06 4.76302e-07 1
vn -2.41131e-06 1.67339e-07 1
vn 1.53801e-06 -1.52276e-06 1
vn 2.74041e-06 1.58845e-06 1
vn -5.99695e-06 2.70185e-06 1
vn 4.39429e-07 -7.69817e-07 1
vn 7.48627e-06 -6.51699e-06 1
vn 0.00118945 0.151304 0.988487
vn 7.22761e-07 -3.61557e-06 1
vn 4.44783e-06 -4.86601e-06 1
vn 3.26155e-07 -4.61978e-06 1
vn 0.0118297 0.08785 0.996063
vn 0.0159117 0.308612 0.951055
vn -0.000106783 0.00632842 0.99998
vn -2.29868e-06 -4.73503e-06 1
vn 2.17409e-06 -4.80802e-06 1
vn -4.40598e-06 -1.87321e-06 1
vn 0.0103878 0.325298 0.945555
vn -0.000749382 0.00175304 0.999998
vn -7.47929e-07 2.39736e-07 1
vn 3.53841e-07 5.11304e-06 1
vn 0.0116047 0.1791 0.983763
vn 0.00150955 0.316109 0.948722
vn -1.72201e-06 3.66925e-06 1
vn 2.11095e-06 1.55368e-06 1
vn -9.87278e-09 -5.52974e-06 1
vn 9.99432e-07 -1.83722e-06 1
vn 1.55765e-06 3.26836e-06 1
vn 1.66942e-06 2.41391e-06 1
vn -0.0141757 0.189802 0.98172
vn -0.0114821 0.056954 0.998311
vn -5.1681e-06 -3.83211e-06 1
vn 2.12158e-06 -3.32151e-06 1
vn -0.00364686 0.0426646 0.999083
vn -0.0167484 0.193237 0.981009
vn -0.0157159 0.358649 0.93334
vn -0.00487398 0.259813 0.965647
vn -3.61557e-06 3.33174e-06 1
vn -5.83749e-06 -2.70318e-06 1
vn -2.07449e-06 -1.46382e-06 1
vn -1.97422e-06 -1.41711e-06 1
vn 4.37542e-06 -6.259e-06 1
vn -1.30432e-06 -1.17342e-06 1
vn 2.5529e-06 4.80933e-06 1
vn 3.05379e-07 -2.70396e-06 1
vn -2.93105e-06 -1.64089e-06 1
vn -4.67019e-06 4.31564e-06 1
vn -1.52098e-06 2.5831e-06 1
vn 4.13821e-07 -1.35015e-06 1
vn -1.1087e-06 2.00867e-06 1
vn 5.83679e-06 2.21136e-06 1
vn -3.71915e-06 -8.19646e-06 1
vn -1.00176e-06 2.2818e-06 1
vn 2.18595e-07 3.05133e-06 1
vn 8.3839e-06 2.37372e-06 1
vn -6.3299e-06 2.42533e-06 1
vn 4.46885e-06 -1.18182e-05 1
vn 2.95089e-06 5.23942e-06 1
vn -3.87083e-06 -4.95035e-06 1
vn -1.51073e-06 2.84073e-06 1
vn 4.35533e-06 -2.87781e-06 1
vn 1.59818e-07 -2.40599e-06 1
vn -1.0041e-05 9.17594e-06 1
vn 3.44665e-06 4.64652e-06 1
vn -7.1902e-06 -1.01413e-06 1
vn -2.07191e-06 6.40226e-06 1
vn 1.5707e-06 -4.89897e-06 1
vn 2.11547e-06 -2.43878e-06 1
vn -4.21017e-06 6.49048e-07 1
vn -3.22292e-06 4.69217e-06 1
vn -2.96172e-06 3.16921e-06 1
vn 2.69948e-06 -6.68544e-07 1
vn 3.44095e-06 -1.01363e-06 1
vn -0.0277029 0.468412 0.883076
vn 0.0902826 -0.0351457 0.995296
vn 0.00921502 -0.046726 0.998865
vn 0.210507 -0.0236223 0.977307
vn 0.490545 0.0673496 0.868809
vn 0.187387 -0.0441054 0.981296
vn -0.135147 -0.0887627 0.986842
vn 0.114304 0.560438 0.820271
vn 0.0411793 0.239667 0.969981
vn 0.0124604 0.10403 0.994496
vn -8.03692e-06 -2.7636e-05 1
vn -8.93003e-06 -1.00787e-05 1
vn 0.00596306 0.0189144 0.999803
vn -4.44773e-06 -4.83173e-05 1
vn -0.000277221 0.0164172 0.999865
vn 0.000689905 0.0125994 0.99992
vn 0.0131006 0.0432853 0.998977
vn 0.00414814 0.0560437 0.99842
vn 0.0765557 0.330395 0.940733
vn 0.000651331 0.00114601 0.999999
vn -3.28446e-05 1.62618e-06 1
vn 6.1216e-06 -1.04404e-05 1
vn 1.17743e-05 -5.6796e-06 1
vn 3.53207e-06 -1.78273e-05 1
vn -0.0276456 -0.042612 0.998709
vn -1.06672e-05 4.17722e-05 1
vn -7.57124e-06 5.81369e-06 1
vn 0.00556268 -0.0280299 0.999592
vn 3.34311e-06 1.26132e-05 1
vn 0.0649371 0.211601 0.975196
vn -0.00135203 0.00807137 0.999967
vn 1.09833e-06 2.41361e-06 1
vn -1.19898e-06 6.7943e-06 1
vn 3.26373e-06 2.15719e-05 1
vn 3.8663e-05 0.000166331 1
vn -1.24079e-05 8.43345e-06 1
vn -2.25448e-06 -2.31284e-06 1
vn 3.16205e-06 -1.39074e-06 1
vn -1.44217e-06 2.79473e-06 1
vn 2.69958e-07 1.2694e-05 1
vn -1.29907e-06 5.30693e-06 1
vn 0.0303568 0.0211112 0.999316
vn 0.0412067 -0.0178179 0.998992
vn 1.82347e-06 -6.0298e-06 1
vn -2.61156e-05 3.15802e-05 1
vn 1.92529e-07 3.13054e-07 1
vn -2.03454e-05 -1.65238e-05 1
vn 0.736539 -0.141928 0.661337
vn 0.134612 -0.0451943 0.989867
vn 0.471301 -0.0321973 0.881384
vn 0.148745 0.00516671 0.988862
vn 0.029017 0.0132166 0.999492
vn 0.0730053 0.00184712 0.99733
vn -3.95548e-07 1.11038e-05 1
vn 0.23129 -0.0543138 0.971368
vn -2.16166e-05 -1.16835e-05 1
vn -4.43301e-05 2.97379e-05 1
vn -2.67652e-05 -2.0284e-06 1
vn -7.95718e-06 -5.17303e-06 1
vn -7.57187e-06 -8.04584e-06 1
vn 9.05914e-06 9.77332e-06 1
vn 7.37563e-06 3.21239e-06 1
vn -0.0369707 -0.0493652 0.998096
vn 7.59533e-06 1.15415e-05 1
vn -0.15222 -0.161104 0.975128
vn -0.013498 -0.00778403 0.999879
vn -0.0736281 -0.0852499 0.993635
vn 0.0648088 -0.056493 0.996297
vn 3.79044e-06 -3.75458e-06 1
vn 4.29811e-05 -2.78689e-06 1
vn -7.77305e-06 4.23524e-06 1
vn 0.0117227 0.732131 0.681063
vn -0.0728977 0.367374 0.927212
vn -0.0344725 -0.311672 0.949564
vn -0.0788495 0.660809 0.746401
vn 1.75828e-06 3.04212e-06 1
vn 5.44944e-06 3.76112e-06 1
vn 0.00573459 -0.239516 0.970876
vn 0.038439 0.656523 0.753326
vn -2.92789e-06 -4.94924e-06 1
vn 1.14002e-06 5.50972e-06 1
vn 0.0023995 -0.053273 0.998577
vn 0.0339125 0.0911189 0.995262
vn -0.0323514 0.644546 0.76388
vn 0.0256548 0.513252 0.857854
vn -0.0267071 0.0146033 0.999537
vn -0.00803698 -0.276667 0.960932
vn -0.047039 -0.216668 0.975112
vn -1.06811e-06 5.14914e-07 1
vn 5.38087e-05 1.28126e-06 1
vn 4.17318e-05 -1.29256e-06 1
vn -5.73654e-06 4.53842e-06 1
vn 5.23271e-05 -4.21942e-06 1
vn 5.55841e-06 -2.63601e-06 1
vn 0.182726 -0.212327 0.959963
vn 0.119201 -0.332133 0.93567
vn 0.0779038 -0.564371 0.821837
vn 0.151546 -0.805239 0.573257
vn 0.0854625 -0.474084 0.876322
vn 0.0615505 -0.420313 0.905289
vn -2.66419e-05 8.3568e-06 1
vn 0.00298066 -0.00504623 0.999983
vn 0.0338044 -0.0568409 0.997811
vn 0.0390274 -0.0954495 0.994669
vn 0.00676858 -0.0424894 0.999074
vn -1.71263e-06 1.32945e-05 1
vn 0.137651 -0.11448 0.983843
vn 0.158308 -0.607722 0.778211
vn 0.026892 -0.113432 0.993182
vn 0.0833092 0.0114289 0.996458
vn 0.0571117 -0.0180735 0.998204
vn -3.321e-05 -6.82877e-06 1
vn 9.79492e-05 -0.0811893 0.996699
vn -0.00772927 -0.000363927 0.99997
vn 0.0146757 -0.0439366 0.998927
vn 2.31463e-06 -4.60138e-06 1
vn 0.0541065 0.144936 0.987961
vn 0.083913 0.0274758 0.996094
vn 0.0288927 0.0786378 0.996485
vn 0.0930472 0.0298102 0.995215
vn 0.00990567 -0.0268078 0.999591
vn 0.0492528 0.125473 0.990874
vn -4.41703e-06 2.65481e-06 1
vn 0.000978717 0.002616 0.999996
vn 0.0128066 0.0652334 0.997788
vn 0.00652044 0.00111055 0.999978
vn 0.0233039 0.0148485 0.999618
vn -4.55346e-07 6.67026e-07 1
vn 0.0596901 -0.10394 0.992791
vn 0.03576 -0.115084 0.992712
vn -0.00849029 -0.114233 0.993418
vn -6.98584e-08 3.59584e-07 1
vn 0.00460411 -0.0137252 0.999895
vn -1.96745e-06 1.49628e-06 1
vn 0.0105781 -0.0113652 0.999879
vn -7.02575e-06 -1.50322e-05 1
vn 0.0628579 -0.0524895 0.996641
vn 0.00669295 -0.0173864 0.999826
vn 0.0127677 -0.0875026 0.996082
vn -2.13959e-07 3.25502e-06 1
vn -0.00141542 -0.0141308 0.999899
vn 0.10861 0.0414313 0.993221
vn -4.96826e-05 -4.267e-06 1
vn 0.0524047 0.0241789 0.998333
vn 0.0220611 0.0140167 0.999658
vn 0.0658324 -0.109554 0.991798
vn 0.244003 0.124962 0.96169
vn -0.00305273 -0.00482933 0.999984
vn -3.37433e-06 -3.54814e-08 1
vn -1.77361e-05 -1.03078e-05 1
vn -3.51717e-06 1.19312e-06 1
vn -2.29946e-07 6.3366e-07 1
vn 0.00996703 0.0135529 0.999858
vn -0.0609754 0.03941 0.997361
vn -4.58063e-05 5.85553e-05 1
vn -0.048141 -0.66172 0.748204
vn 0.0434383 -0.620595 0.782927
vn 0.0336397 -0.178742 0.983321
vn 0.0383635 -0.353734 0.934559
vn 0.0504247 -0.141788 0.988612
vn -0.00559609 0.490917 0.871189
vn 0.184238 -0.125651 0.974817
vn 0.201927 -0.814711 0.543573
vn 0.182731 -0.740335 0.646926
vn 0.0580515 -0.842775 0.535126
vn 0.024657 -0.123935 0.991984
vn -0.101912 -0.0427101 0.993876
vn 0.0547104 -0.552879 0.831464
vn 0.0581854 -0.442213 0.895021
vn 5.6709e-06 -1.37894e-05 1
vn -4.83792e-06 -2.73601e-06 1
vn 0.00169173 -0.0083658 0.999964
vn 0.0189372 0.279024 0.960097
vn 0.00843172 0.131089 0.991335
vn 0.0671303 0.447383 0.891819
vn 2.90532e-05 2.10346e-06 1
vn 1.74858e-05 2.084e-06 1
vn -5.62598e-07 1.44772e-06 1
vn -2.68576e-06 -4.81907e-07 1
vn 8.69883e-05 -5.48816e-06 1
vn 4.54517e-05 4.8939e-06 1
vn -6.63819e-07 3.38943e-06 1
vn 0.00012154 1.85278e-05 1
vn 7.78663e-05 -5.25233e-07 1
vn -2.01992e-06 1.1834e-06 1
vn -1.31264e-05 -3.42915e-06 1
vn 1.85397e-06 1.79149e-06 1
vn 0.0879776 0.222448 0.970967
vn -0.00700647 0.0336966 0.999408
vn -0.0074675 0.090674 0.995853
vn 5.3042e-07 2.64435e-05 1
vn -2.84911e-06 -5.78243e-06 1
vn -0.0332904 0.105601 0.993851
vn 2.68973e-06 -3.56161e-06 1
vn -0.0140326 0.0731704 0.997221
vn -2.29511e-05 -1.45024e-05 1
vn -4.17174e-06 3.05997e-06 1
vn 0.0684853 -0.107962 0.991793
vn 0.0547417 0.00860325 0.998464
vn 1.77276e-06 -2.02848e-06 1
vn -1.29003e-07 1.18991e-06 1
vn 3.13767e-06 1.45932e-06 1
vn 1.05738e-06 9.46388e-07 1
vn -2.22027e-06 4.1624e-06 1
vn -2.08971e-06 -4.02046e-06 1
vn 3.29072e-06 -6.28456e-06 1
vn -9.08385e-07 -1.00512e-06 1
vn 5.69046e-07 3.18493e-06 1
vn -7.59305e-07 -1.32841e-07 1
vn -3.30357e-06 8.60816e-07 1
vn -7.89784e-07 1.68195e-06 1
vn -6.4502e-07 -7.98042e-06 1
vn -8.75181e-07 1.14428e-06 1
vn -2.39236e-08 -1.60116e-06 1
vn -4.49283e-06 -2.82893e-06 1
vn -4.17715e-06 1.95241e-07 1
vn 7.0076e-07 5.05006e-08 1
vn 3.13511e-07 3.06454e-06 1
vn 3.03034e-06 -1.84106e-06 1
vn 4.69122e-06 -2.50723e-06 1
vn -7.8731e-08 3.44421e-06 1
vn 3.5782e-06 2.28049e-06 1
vn 4.42988e-06 2.43662e-06 1
vn -4.99249e-08 -5.54691e-06 1
vn 7.41236e-07 3.81795e-06 1
vn 2.24187e-06 -2.89608e-06 1
vn 3.01881e-06 1.89698e-06 1
vn -6.97304e-07 -2.1257e-06 1
vn 8.69867e-07 -4.88026e-06 1
vn -1.17033e-06 3.14186e-07 1
vn -2.42735e-06 1.7979e-06 1
vn -6.61864e-08 1.63844e-06 1
vn -4.57896e-06 -6.13545e-07 1
vn -8.0895e-07 -6.17104e-07 1
vn 2.63719e-06 9.41072e-07 1
vn -8.66209e-07 -1.8267e-06 1
vn -6.73646e-06 3.07732e-06 1
vn 1.37097e-06 -2.37614e-06 1
vn -2.26143e-06 5.91462e-07 1
vn -2.42524e-06 -1.18487e-06 1
vn 1.09334e-06 -1.521e-07 1
vn -1.40245e-06 1.20567e-06 1
vn -5.38093e-07 -1.13327e-06 1
vn 3.15484e-06 -5.24856e-07 1
vn -2.31143e-06 1.47662e-06 1
vn -1.96938e-07 -1.48879e-08 1
vn 3.0296e-06 -3.43799e-06 1
vn 5.74683e-07 2.75831e-06 1
vn 1.07968e-06 1.95251e-06 1
vn 3.39001e-06 -1.06652e-06 1
vn 1.95604e-06 8.08769e-08 1
vn 2.10661e-07 4.87656e-07 1
vn 3.84555e-06 -6.8387e-08 1
vn 3.70784e-06 3.22544e-07 1
vn -1.15769e-06 4.58302e-07 1
vn 2.5659e-06 2.01036e-06 1
vn -4.3791e-07 -1.91452e-06 1
vn 1.33569e-06 -1.92856e-07 1
vn 5.02304e-06 6.01445e-07 1
vn 1.97865e-06 -1.0041e-06 1
vn 2.90623e-06 -5.81053e-06 1
vn 7.91804e-07 4.07178e-06 1
vn -4.17703e-06 -2.9043e-07 1
vn 4.53405e-07 -4.65681e-06 1
vn -2.53159e-06 4.80123e-08 1
vn 1.37118e-06 -9.13652e-07 1
vn -2.8463e-06 4.5711e-06 1
vn 3.07956e-06 -1.66965e-06 1
vn 3.21843e-06 2.05279e-06 1
vn -1.05621e-06 1.79826e-06 1
vn 5.6189e-06 3.85552e-06 1
vn 2.06526e-06 1.18878e-06 1
vn -1.9384e-06 2.50837e-06 1
vn 1.29554e-06 1.44291e-06 1
vn -2.78716e-06 -1.245e-06 1
vn -2.53492e-06 2.84992e-06 1
vn -3.87066e-06 -7.59999e-08 1
vn -1.78154e-06 -1.30844e-06 1
vn -2.62259e-06 2.2315e-06 1
vn -3.95299e-06 -2.5601e-06 1
vn 2.75323e-06 6.27813e-07 1
vn -1.84782e-07 -2.72307e-06 1
vn 3.19626e-06 4.00959e-06 1
vn 2.05718e-06 -1.38807e-07 1
vn 1.52361e-06 -3.11422e-06 1
vn -1.93178e-07 5.96734e-06 1
vn 2.26549e-06 2.37363e-06 1
vn -4.21815e-06 -3.60267e-06 1
vn -8.95838e-07 -2.14797e-06 1
vn -2.75613e-06 -2.98564e-06 1
vn 1.44515e-06 3.49693e-07 1
vn 1.69751e-06 -8.34521e-06 1
vn 2.65416e-06 5.27877e-06 1
vn 9.19377e-06 8.46942e-06 1
vn 0.0117339 0.339863 0.940402
vn 1.44782e-05 4.04619e-05 1
vn -1.76536e-06 4.5448e-06 1
vn -0.0051393 0.403475 0.914976
vn 0.00777869 0.258655 0.965939
vn 0.0144632 0.0678758 0.997589
vn 5.19374e-06 -5.49248e-06 1
vn 2.3567e-06 -1.10575e-05 1
vn -4.35534e-06 1.93593e-06 1
vn -8.31423e-06 4.46964e-06 1
vn 9.98745e-07 4.57031e-06 1
vn 4.70957e-06 1.28841e-06 1
vn -2.56407e-07 -2.54974e-06 1
vn -1.31644e-06 -9.27562e-06 1
vn -1.16527e-07 -1.87781e-07 1
vn -2.00953e-06 -2.67241e-06 1
vn 2.56798e-06 7.16474e-07 1
vn 3.7158e-06 -3.03826e-06 1
vn 8.09105e-06 2.44727e-06 1
vn -2.6256e-07 -4.42897e-06 1
vn 5.61977e-06 8.84128e-06 1
vn -4.59929e-06 -6.31562e-06 1
vn -6.26235e-08 -4.48727e-06 1
vn -1.92751e-06 -3.86193e-06 1
vn 4.26161e-06 3.89283e-06 1
vn -3.36246e-06 -3.24548e-06 1
vn 4.33409e-06 6.12799e-08 1
vn 2.96305e-06 -3.1556e-06 1
vn -8.74742e-07 4.815e-06 1
vn 3.94493e-06 1.04727e-05 1
vn 1.71002e-06 7.2479e-06 1
vn 9.84659e-07 1.41796e-06 1
vn -2.31781e-06 1.3674e-06 1
vn -6.18564e-06 -4.32432e-06 1
vn 1.83033e-06 -3.30076e-07 1
vn 0.539268 0.0836595 0.837968
vn -0.111477 -0.108287 0.987849
vn -0.111034 -0.0881909 0.989896
vn 0.0512817 -0.00921985 0.998642
vn -0.294169 -0.19815 0.934987
vn -0.16565 -0.19551 0.96661
vn -0.323974 -0.205599 0.923455
vn 0.00670555 -0.0536487 0.998537
vn 0.243686 0.13624 0.960237
vn 0.180722 0.0690298 0.981109
vn 0.103367 -0.0162231 0.994511
vn 0.254851 0.115228 0.96009
vn 0.230419 0.0964585 0.968299
vn 0.068136 0.048829 0.996481
vn 0.193785 0.07719 0.978003
vn 0.0603127 0.00425764 0.99817
vn -1.48632e-05 -5.70976e-06 1
vn -2.35163e-05 4.65553e-06 1
vn 0.0149527 0.00448021 0.999878
vn 0.140466 0.0973171 0.985291
vn 0.102917 0.607448 0.787665
vn 0.00184175 0.0167252 0.999858
vn -4.55323e-06 -1.15618e-05 1
vn -1.96629e-06 -4.72534e-07 1
vn 2.61659e-06 5.09517e-07 1
vn -2.54641e-06 -2.18049e-06 1
vn -1.91156e-06 -3.47225e-06 1
vn -1.11651e-06 -1.13898e-06 1
vn 1.22606e-07 7.42057e-07 1
vn -4.41458e-06 -2.3117e-06 1
vn -4.77686e-06 3.51717e-06 1
vn 0.0406433 -0.0229447 0.99891
vn 0.112266 0.0895412 0.989636
vn -0.0688683 -0.123211 0.989988
vn -1.34431e-05 -2.48921e-05 1
vn -0.0754493 -0.0968188 0.992438
vn -0.0103515 -0.0234989 0.99967
vn 0.101583 0.00912479 0.994785
vn -1.16651e-06 -3.48311e-06 1
vn 4.50962e-06 2.52778e-06 1
vn -3.2447e-06 -3.48597e-06 1
vn -2.71808e-06 -7.08365e-07 1
vn -9.33638e-06 -2.27715e-06 1
vn 1.3275e-06 1.27788e-06 1
vn 4.13224e-06 -9.69814e-07 1
vn -1.23335e-05 6.52934e-07 1
vn -1.80574e-07 -5.23485e-07 1
vn -4.45189e-06 -1.47403e-07 1
vn -4.55734e-06 9.0856e-07 1
vn -1.76023e-06 3.9073e-08 1
vn 4.66449e-07 -2.26011e-06 1
vn 5.28444e-06 -8.35281e-07 1
vn -1.99777e-06 3.02119e-08 1
vn -2.16279e-06 -1.68059e-06 1
vn 2.8001e-07 4.26691e-07 1
vn 6.86415e-07 7.6424e-07 1
vn 3.19865e-06 -2.1222e-06 1
vn 7.90013e-07 2.2213e-06 1
vn 3.46555e-06 -1.29902e-06 1
vn 2.11962e-06 -1.81142e-08 1
vn 1.90812e-06 -2.126e-07 1
vn 8.82227e-07 3.59615e-06 1
vn 9.89963e-07 -3.03657e-06 1
vn -1.65389e-05 1.23859e-05 1
vn 7.74626e-07 -1.02491e-06 1
vn 1.74178e-06 3.88312e-07 1
vn 1.76392e-07 -2.27539e-06 1
vn -2.87341e-06 3.07604e-06 1
vn -5.08437e-06 2.59266e-06 1
vn -2.73521e-06 -1.1541e-06 1
vn 3.55766e-07 6.97775e-06 1
vn -1.0622e-05 1.27563e-05 1
vn -1.8847e-06 3.44723e-06 1
vn -1.85447e-06 -3.29672e-06 1
vn -4.18969e-06 1.62388e-06 1
vn 2.81417e-06 -4.66e-06 1
vn 4.74743e-06 -2.68617e-06 1
vn -3.70268e-06 -2.20232e-07 1
vn 1.3379e-06 1.64325e-06 1
vn -1.33952e-06 -4.67698e-06 1
vn 6.39807e-08 7.13004e-07 1
vn -1.0256e-05 6.29861e-06 1
vn -9.4156e-07 2.12225e-06 1
vn 2.05606e-06 8.18694e-06 1
vn -7.43121e-06 -4.16629e-06 1
vn 1.73745e-06 -2.41211e-06 1
vn -1.64237e-05 -1.41465e-06 1
vn 5.24957e-07 -1.62563e-05 1
vn 6.00183e-07 -2.64856e-06 1
vn -6.68577e-06 -1.29822e-06 1
vn 2.22698e-06 -3.55671e-06 1
vn -3.69466e-06 -2.58668e-06 1
vn -4.29189e-05 -6.68098e-06 1
vn 1.94691e-05 1.80533e-07 1
vn -1.84316e-06 6.29913e-06 1
vn 1.54158e-05 -3.40723e-06 1
vn -9.04663e-06 -2.37092e-05 1
vn -2.61942e-06 -7.70414e-06 1
vn -4.63259e-06 -3.68509e-06 1
vn -0.116334 -0.0929145 0.988855
vn 8.68462e-05 5.36651e-07 1
vn 3.3406e-05 1.02607e-05 1
vn 2.98311e-05 -1.99602e-06 1
vn -3.92562e-06 -5.93136e-06 1
vn 4.54942e-06 1.15413e-06 1
vn 3.69118e-05 5.40659e-06 1
vn -0.0179743 0.193835 0.980869
vn 0.00895118 0.173158 0.984853
vn -0.0497243 -0.394208 0.917675
vn 0.0411084 -0.353722 0.934447
vn 0.0114523 -0.199312 0.979869
vn 0.0164793 -0.1551 0.987761
vn -9.77702e-06 1.04828e-05 1
vn -0.0043648 -0.0103354 0.999937
vn 1.64731e-08 3.98686e-05 1
vn 0.00270052 -0.00505565 0.999984
vn 4.73575e-06 -3.82084e-06 1
vn 4.43891e-05 8.7223e-05 1
vn 3.0498e-06 2.33015e-06 1
vn 3.25679e-06 1.90173e-06 1
vn -9.20351e-07 -1.24749e-05 1
vn -2.46722e-06 5.95018e-06 1
vn -3.58649e-07 4.62961e-06 1
vn -4.01587e-06 -2.04381e-06 1
vn 3.59726e-07 5.29853e-06 1
vn 2.98246e-06 3.98437e-06 1
vn 1.52477e-06 -7.21198e-06 1
vn 8.84248e-07 -5.80804e-06 1
vn -3.59526e-06 -5.47626e-06 1
vn -1.12445e-07 2.68454e-06 1
vn -9.83039e-07 -6.39203e-06 1
vn 3.71065e-06 -1.68309e-05 1
vn -4.83179e-06 -1.31983e-06 1
vn -5.56883e-06 1.29867e-05 1
vn -3.73018e-06 3.83959e-06 1
vn -1.09757e-06 3.82937e-06 1
vn -2.49374e-06 9.80352e-08 1
vn -6.44073e-06 1.12585e-05 1
vn 3.18914e-06 -4.6931e-06 1
vn 6.3126e-06 -6.00632e-06 1
vn 8.88938e-07 1.01751e-06 1
vn -4.36299e-06 4.9272e-06 1
vn -5.92577e-06 3.48819e-06 1
vn -0.00368288 -0.00689509 0.999969
vn 0.0145226 -0.203653 0.978935
vn 4.31776e-06 -5.35247e-06 1
vn 1.17399e-05 -1.69884e-06 1
vn 7.7391e-06 4.68854e-06 1
vn 1.07665e-06 7.76103e-06 1
vn 2.48487e-06 -3.9712e-06 1
vn -1.1878e-06 4.53581e-07 1
vn 4.53529e-06 1.52298e-06 1
vn -3.26444e-06 -2.92737e-06 1
vn -0.0110771 0.652717 0.757521
vn 3.59035e-05 -3.54653e-07 1
vn 0.0199104 -0.268176 0.963164
vn 0.0754689 -0.0897194 0.993104
vn 0.10008 0.102538 0.989682
vn 0.024821 -0.346993 0.937539
vn 0.111989 -0.0706344 0.991196
vn 0.0640856 -0.190403 0.979612
vn 4.22141e-06 1.87267e-05 1
vn 0.00365393 -0.0216266 0.999759
vn -1.15804e-05 1.5819e-05 1
vn 0.01089 -0.373631 0.927514
vn 0.108595 -0.419101 0.901422
vn 0.0013031 -0.0931899 0.995648
vn 0.0449401 0.177868 0.983028
vn 5.88555e-05 0.000111417 1
vn 0.0101212 -0.0141351 0.999849
vn -1.24842e-06 5.7663e-05 1
vn -3.86871e-07 -8.4515e-07 1
vn -0.00542813 -0.0137425 0.999891
vn -3.01071e-07 -7.75809e-06 1
vn -0.0016011 -0.00502903 0.999986
vn -1.81094e-06 3.93931e-06 1
vn 3.57159e-06 -8.9992e-06 1
vn -0.0317217 -0.235374 0.971387
vn 4.09234e-06 -1.66698e-06 1
vn 9.11135e-06 -1.90618e-06 1
vn -6.38136e-06 1.30451e-05 1
vn 2.70115e-06 9.16699e-07 1
vn -1.10835e-05 8.0474e-06 1
vn -0.0488134 -0.307533 0.950284
vn 0.0308252 0.141558 0.98945
vn 0.00795211 -0.20745 0.978213
vn -0.00927864 -0.0602902 0.998138
vn -0.0171566 -0.114343 0.993293
vn 0.0854207 -0.44222 0.89283
vn 0.0680185 -0.087056 0.993879
vn 0.105068 -0.360707 0.926742
vn -0.0231139 -0.121295 0.992347
vn -0.00754157 -0.0743693 0.997202
vn 0.0422646 -0.0920532 0.994857
vn 4.27907e-05 -3.03158e-05 1
vn -0.0100751 -0.0841128 0.996405
vn -0.012457 -0.0577613 0.998253
vn -0.00821275 -0.0139499 0.999869
vn 0.0004857 -0.0299948 0.99955
vn -1.02755e-05 -1.02723e-05 1
vn 0.00316079 -0.00566624 0.999979
vn 4.3764e-06 -3.17758e-06 1
vn 1.81732e-06 1.7974e-06 1
vn -4.63493e-06 5.4918e-07 1
vn -3.6875e-07 -4.50063e-06 1
vn -1.38184e-06 -4.0195e-06 1
vn 4.25538e-06 2.87792e-07 1
vn 5.36768e-06 2.36049e-07 1
vn -1.6707e-06 -5.84618e-06 1
vn -1.31978e-06 1.01271e-06 1
vn 3.62001e-07 -2.48223e-06 1
vn 4.37375e-06 2.77561e-06 1
vn -9.58989e-07 2.47105e-06 1
vn -7.9968e-07 -1.99001e-06 1
vn -2.6805e-07 -1.44268e-06 1
vn -3.42379e-06 6.15944e-06 1
vn -3.88901e-06 -2.97714e-07 1
vn 2.27601e-06 -2.04547e-06 1
vn -3.47111e-07 4.61171e-06 1
vn 3.58941e-06 -1.01781e-05 1
vn -6.87547e-06 4.31116e-06 1
vn -3.84659e-06 -1.92091e-07 1
vn -1.30217e-06 -6.76884e-06 1
vn -7.74063e-07 8.57431e-07 1
vn 5.99818e-07 2.6388e-06 1
vn 1.61587e-06 -7.60457e-07 1
vn -8.60846e-06 -6.08875e-07 1
vn 1.8511e-06 -1.03986e-06 1
vn 1.98245e-06 -1.81814e-06 1
vn -3.02576e-06 3.80001e-06 1
vn 2.42415e-07 -1.38733e-06 1
vn -5.61716e-07 -2.22786e-06 1
vn -4.99181e-06 5.41096e-06 1
vn -1.11602e-06 -5.03962e-07 1
vn 7.26928e-06 1.44667e-06 1
vn -4.16912e-06 3.98826e-06 1
vn 1.41906e-06 -1.1241e-06 1
vn 4.16593e-07 -1.27515e-05 1
vn 0.0971508 -0.302082 0.948319
vn 0.0464677 -0.193414 0.980016
vn 0.285993 0.0957631 0.953435
vn 0.218771 0.106515 0.969945
vn 0.297267 0.104888 0.949016
vn -1.07574e-05 -3.56047e-05 1
vn -4.93735e-06 -2.4894e-06 1
vn 0.0452351 -0.154965 0.986884
vn 0.0655485 -0.274736 0.959283
vn -0.0131126 -0.0553485 0.998381
vn -0.0581966 0.0316041 0.997805
vn 3.80418e-05 3.76114e-05 1
vn 8.55664e-06 1.78852e-05 1
vn 0.040808 -0.143369 0.988828
vn 5.2091e-06 3.79728e-06 1
vn -0.00079109 -0.0276792 0.999617
vn -2.91095e-06 1.61841e-05 1
vn -0.00324329 -0.133746 0.99101
vn 1.02809e-05 3.50845e-05 1
vn 0.030826 -0.22235 0.974479
vn 0.00729596 -0.10591 0.994349
vn -3.00805e-06 2.64938e-05 1
vn 1.08357e-05 3.04607e-06 1
vn 0.0196082 -0.0240267 0.999519
vn -5.92277e-06 -4.35897e-07 1
vn 0.100795 -0.295451 0.950026
vn 0.103689 -0.674798 0.730682
vn 0.0776796 -0.197871 0.977145
vn 0.00224674 -0.0332537 0.999444
vn 0.0120231 -0.0475329 0.998797
vn 1.51617e-06 -1.00967e-05 1
vn 0.0426186 0.353477 0.934472
vn 5.90541e-07 -1.58814e-06 1
vn 3.8592e-06 2.23047e-06 1
vn -6.50306e-06 2.94628e-06 1
vn -9.14159e-06 -5.63995e-06 1
vn 7.95298e-06 6.4047e-06 1
vn -8.6971e-07 1.60437e-06 1
vn -7.54304e-07 -8.38298e-07 1
vn 1.16194e-06 -3.0694e-06 1
vn 3.53873e-07 7.56439e-07 1
vn 2.3965e-06 -1.57874e-06 1
vn -3.99814e-06 1.82205e-06 1
vn -2.58639e-06 1.12584e-06 1
vn -2.81982e-07 -3.83596e-06 1
vn -2.00303e-06 -3.48562e-07 1
vn -3.59527e-06 -1.29833e-06 1
vn 2.90494e-07 -4.10032e-06 1
vn -3.48594e-06 -4.43795e-06 1
vn 1.38302e-06 7.83564e-06 1
vn 9.70809e-08 5.16903e-09 1
vn 4.68649e-06 -6.35106e-06 1
vn 3.24411e-06 4.69092e-06 1
vn -1.79992e-06 3.80752e-07 1
vn 4.98095e-06 -5.14505e-06 1
vn -2.14968e-06 -4.90349e-06 1
vn -2.6762e-06 -5.89436e-06 1
vn -3.21205e-06 2.25484e-06 1
vn -6.75363e-07 -4.05811e-06 1
vn 1.26632e-06 4.62624e-06 1
vn 6.55771e-07 -7.06217e-06 1
vn 3.39779e-06 2.82991e-06 1
vn 4.64636e-09 1.08691e-06 1
vn 4.62143e-07 -3.15448e-06 1
vn -2.48609e-06 3.73311e-07 1
vn 1.16629e-06 2.45861e-06 1
vn 3.4685e-06 8.52669e-06 1
vn 6.38692e-06 -2.01805e-06 1
vn -1.19866e-06 -2.1501e-06 1
vn -7.37152e-07 3.99951e-06 1
vn -1.79336e-06 5.06534e-06 1
vn -2.39969e-06 4.03188e-06 1
vn -4.78446e-06 3.41674e-06 1
vn 4.52905e-06 1.86351e-06 1
vn 1.83992e-06 -6.38222e-06 1
vn 6.4719e-06 -4.35143e-07 1
vn -1.99716e-07 -1.23026e-06 1
vn 9.98324e-07 -4.79623e-07 1
vn -5.46107e-06 2.6734e-06 1
vn 3.24937e-06 -1.66305e-06 1
vn -3.57887e-06 -5.76865e-06 1
vn -1.29106e-06 -9.19371e-06 1
vn 1.67132e-06 5.82782e-06 1
vn 9.3657e-07 6.09218e-06 1
vn -3.22151e-06 3.24436e-06 1
vn -2.2267e-06 1.87651e-06 1
vn -6.67561e-08 -3.90773e-06 1
vn 3.22511e-07 5.97923e-06 1
vn -2.78459e-06 -2.25555e-06 1
vn 1.81789e-06 -9.59291e-07 1
vn 8.75382e-07 -3.2783e-07 1
vn -3.67183e-07 -2.58961e-06 1
vn -7.82147e-09 1.20127e-06 1
vn 1.64756e-06 3.09818e-06 1
vn -1.72017e-06 1.17612e-06 1
vn 1.07677e-05 -8.02861e-06 1
vn 5.56055e-06 -8.92462e-06 1
vn -7.04178e-06 3.32023e-06 1
vn -3.42954e-06 -5.11199e-06 1
vn 2.17821e-06 1.73205e-06 1
vn -8.54376e-06 3.69324e-06 1
vn -9.0574e-07 -3.63112e-07 1
vn 3.40442e-06 -4.13011e-07 1
vn 2.16189e-06 -6.90369e-07 1
vn 1.91547e-06 4.49756e-07 1
vn 3.54638e-06 9.14913e-07 1
vn -4.09968e-06 -1.11943e-06 1
vn 4.29289e-06 2.79868e-06 1
vn 5.59548e-06 3.42932e-06 1
vn -3.15194e-06 -4.3263e-06 1
vn 3.78679e-06 3.83891e-06 1
vn 2.44212e-06 -2.74181e-06 1
vn -1.12219e-06 3.79641e-06 1
vn 2.66815e-06 2.70988e-06 1
vn 7.43423e-08 -1.69741e-06 1
vn -1.89943e-06 9.09243e-07 1
vn 1.13696e-06 -2.44577e-06 1
vn 1.04143e-06 -5.46495e-06 1
vn -3.92681e-08 -1.22201e-06 1
vn -1.83875e-06 1.93655e-06 1
vn 1.549e-07 1.51384e-06 1
vn -4.79183e-06 -3.30312e-06 1
vn -5.46744e-06 -3.29988e-06 1
vn 1.57443e-06 -4.404e-06 1
vn 2.68508e-06 -1.86459e-06 1
vn -1.17275e-06 -2.46977e-06 1
vn 5.72801e-07 -3.69854e-06 1
vn 7.85743e-07 9.85261e-07 1
vn -3.29471e-06 -2.42563e-06 1
vn 2.94714e-06 -1.90663e-06 1
vn -5.86151e-06 1.21126e-07 1
vn 6.08666e-06 3.30632e-06 1
vn -1.53662e-06 2.62254e-06 1
vn 3.94539e-07 6.10874e-06 1
vn -6.4263e-07 -6.72306e-07 1
vn -1.14774e-06 1.07307e-07 1
vn -3.52436e-06 1.77484e-06 1
vn -1.60796e-06 -1.98365e-06 1
vn 1.08705e-06 1.19091e-06 1
vn -2.90623e-07 7.47479e-07 1
vn -1.44463e-06 -3.17677e-06 1
vn -1.40018e-06 8.99766e-06 1
vn 3.33066e-06 -9.45099e-07 1
vn 1.88986e-06 2.69749e-06 1
vn -1.19541e-06 -5.34455e-07 1
vn -3.14722e-06 4.91868e-06 1
vn 4.4733e-06 -6.66174e-06 1
vn 3.69736e-06 -3.54531e-06 1
vn 0.00934236 0.376583 0.926336
vn -0.00323466 0.037655 0.999286
vn 0.0118098 0.110038 0.993857
vn 0.000340479 0.00910487 0.999959
vn -1.07708e-05 -1.07892e-05 1
vn -1.56917e-05 -9.58442e-06 1
vn 4.16586e-06 -7.73738e-06 1
vn 3.59366e-06 9.08254e-07 1
vn 1.17365e-06 1.95736e-06 1
vn 1.52005e-06 -5.07901e-06 1
vn 2.40079e-07 4.7101e-06 1
vn -3.69774e-06 -6.28264e-06 1
vn 4.36959e-07 -7.50343e-07 1
vn 3.02621e-06 1.02623e-05 1
vn -5.0044e-06 2.46386e-06 1
vn -5.71477e-06 1.11615e-06 1
vn -3.96359e-06 -1.4863e-06 1
vn 4.69005e-07 -4.68524e-06 1
vn -1.20467e-06 -3.78387e-06 1
vn 1.34446e-06 -5.99148e-06 1
vn -2.81641e-06 -4.38001e-06 1
vn -2.26294e-06 1.44096e-06 1
vn -7.05565e-06 -6.58939e-06 1
vn 3.89761e-07 -7.53364e-06 1
vn 3.21142e-06 -2.00895e-06 1
vn 1.56044e-07 9.0121e-07 1
vn 1.95876e-06 -2.24135e-07 1
vn 6.02019e-07 -1.13665e-07 1
vn -4.6269e-06 2.92871e-06 1
vn -2.51969e-06 -1.9288e-06 1
vn -3.22981e-06 -1.03971e-06 1
vn 3.74894e-06 -2.27971e-06 1
vn 1.57165e-06 -1.89092e-06 1
vn -3.25785e-06 5.07969e-06 1
vn 1.62983e-06 -1.69167e-06 1
vn 2.45562e-06 -2.8064e-06 1
vn 3.07689e-06 2.89706e-06 1
vn 1.85915e-06 5.20403e-07 1
vn 2.77276e-06 -1.53555e-06 1
vn 8.05059e-07 1.84376e-06 1
vn 3.41175e-06 -5.78515e-07 1
vn 6.19934e-08 5.71225e-06 1
vn 2.63853e-06 -3.18856e-06 1
vn 5.74116e-07 -6.90463e-07 1
vn 2.82361e-06 8.12079e-08 1
vn -1.30194e-06 -4.89776e-06 1
vn -7.10208e-07 7.17469e-07 1
vn 3.93196e-07 -2.16781e-06 1
vn -3.99179e-06 9.10024e-07 1
vn -4.19913e-06 3.74269e-06 1
vn 6.66671e-08 -1.42733e-06 1
vn -5.48288e-06 4.03039e-06 1
vn -2.84351e-07 -4.10033e-06 1
vn 2.82999e-06 1.82885e-06 1
vn -4.00367e-07 1.46765e-06 1
vn 2.39029e-06 3.12764e-06 1
vn 1.80972e-06 -1.88314e-06 1
vn -1.19737e-06 1.76955e-06 1
vn 2.22886e-06 -7.04909e-06 1
vn 2.38542e-06 3.78209e-06 1
vn 5.00246e-06 -5.65536e-06 1
vn -5.72843e-07 -4.06729e-06 1
vn 5.15126e-07 2.69569e-06 1
vn 7.84473e-07 -8.82714e-07 1
vn 3.2849e-06 2.99607e-06 1
vn 3.25093e-07 2.1982e-06 1
vn -7.5883e-07 -1.05941e-06 1
vn -6.71986e-07 2.31597e-06 1
vn -3.58266e-06 1.12385e-07 1
vn -8.95475e-07 -5.9338e-07 1
vn -1.93875e-06 -2.73319e-06 1
vn -2.43125e-06 2.19442e-06 1
vn 1.37852e-06 -1.38118e-06 1
vn 1.25462e-07 1.45449e-06 1
vn 2.90534e-07 -3.64053e-06 1
vn -1.47848e-07 -9.89225e-07 1
vn -5.83192e-07 -5.84754e-06 1
vn 1.77956e-06 2.76626e-06 1
vn -1.36698e-06 -1.68769e-08 1
vn 9.47076e-07 1.81563e-06 1
vn 2.36372e-06 -2.86163e-06 1
vn -3.68297e-06 -1.23279e-06 1
vn -3.64981e-07 4.9517e-06 1
vn 1.1449e-06 -7.87619e-08 1
vn 3.99772e-07 -2.9428e-06 1
vn -1.17507e-06 2.57645e-06 1
vn -2.26687e-06 1.07832e-06 1
vn -1.73077e-06 -7.74108e-07 1
vn -4.87927e-07 2.78713e-06 1
vn 6.71609e-07 2.78185e-06 1
vn 1.27172e-06 4.5831e-06 1
vn 1.24883e-06 6.69389e-07 1
vn 2.5319e-07 6.43676e-06 1
vn 5.24642e-06 -5.04024e-06 1
vn 3.88444e-07 8.75759e-06 1
vn -5.68023e-06 3.08912e-06 1
vn 6.30149e-06 7.48157e-06 1
vn -4.50128e-06 -1.41943e-06 1
vn 7.82572e-07 -2.56494e-06 1
vn -6.51855e-06 6.96741e-07 1
vn -7.21736e-05 4.20228e-05 1
vn -0.175145 -0.167248 0.970233
vn -0.116641 -0.194327 0.973977
vn -1.33641e-06 -8.67471e-07 1
vn -3.25453e-06 1.71708e-06 1
vn -2.32201e-06 -1.78927e-07 1
vn -1.35765e-07 1.25082e-06 1
vn 6.93156e-08 2.50923e-06 1
vn -2.74131e-06 -6.30782e-06 1
vn 2.40628e-06 -2.19077e-06 1
vn 1.47448e-06 -1.2394e-06 1
vn 5.48064e-07 1.18857e-06 1
vn 1.39302e-06 -1.03353e-07 1
vn 3.00777e-06 -8.36614e-07 1
vn 4.3675e-06 -1.0172e-06 1
vn 1.46424e-06 -6.08694e-07 1
vn -8.44423e-06 2.03448e-06 1
vn 4.27857e-06 3.48618e-07 1
vn 1.69959e-06 -1.37821e-06 1
vn 1.40751e-06 3.50422e-06 1
vn 1.51434e-06 2.35791e-06 1
vn 2.50435e-07 -2.18324e-06 1
vn -7.99685e-06 1.13284e-06 1
vn -2.79429e-07 -1.49808e-07 1
vn -3.01296e-07 -5.76162e-07 1
vn 5.16121e-07 -2.00249e-06 1
vn 3.49927e-07 3.02449e-06 1
vn 1.21434e-06 -3.42386e-06 1
vn 1.10794e-06 -3.46526e-06 1
vn -1.85219e-06 -2.11667e-07 1
vn -3.05065e-06 4.80496e-07 1
vn -3.97088e-06 -5.47485e-06 1
vn -1.64991e-06 4.09848e-06 1
vn -3.04266e-06 1.40119e-06 1
vn -2.25297e-06 -1.29384e-06 1
vn -1.56999e-06 4.53384e-07 1
vn -3.32356e-07 8.63009e-07 1
vn -1.50257e-06 3.75118e-06 1
vn 4.53087e-06 9.05302e-06 1
vn 5.46361e-07 8.62626e-07 1
vn -2.08353e-06 3.76913e-06 1
vn 6.10793e-06 5.01291e-06 1
vn 2.63669e-06 1.30296e-06 1
vn -2.22149e-06 1.61296e-06 1
vn 1.59936e-06 3.85507e-07 1
vn -5.30538e-06 1.89215e-06 1
vn -3.70174e-06 6.86413e-07 1
vn -6.52242e-06 3.77191e-06 1
vn 5.45947e-06 -4.21308e-06 1
vn -1.05563e-06 8.1508e-06 1
vn 7.17897e-06 -7.98193e-06 1
vn 4.73064e-06 6.90373e-06 1
vn 1.30336e-06 4.47978e-06 1
vn 7.72205e-06 -4.411e-06 1
vn -5.44209e-06 -2.98635e-06 1
vn 7.27006e-07 -6.06527e-06 1
vn -4.017e-06 -1.92391e-06 1
vn 1.76107e-06 -3.5597e-07 1
vn -1.51132e-06 3.46268e-06 1
vn -2.84323e-06 3.73951e-06 1
vn -5.30904e-06 2.37512e-06 1
vn 2.03425e-06 2.31108e-06 1
vn 1.73605e-06 -2.01421e-06 1
vn 5.23582e-06 -7.98757e-06 1
vn -2.09687e-07 1.65422e-06 1
vn 2.57637e-08 4.52747e-06 1
vn 2.54405e-06 4.76501e-07 1
vn -3.43794e-06 2.48639e-06 1
vn -3.64625e-06 -8.40277e-06 1
vn 9.16478e-07 2.84444e-06 1
vn 1.101e-06 1.66565e-06 1
vn 1.59972e-06 -3.60127e-06 1
vn 8.68113e-07 -3.95671e-06 1
vn 1.06379e-06 1.0578e-05 1
vn -6.25656e-06 3.16622e-06 1
vn 6.59087e-07 4.52402e-06 1
vn 2.30023e-06 -2.04779e-07 1
vn -1.81881e-06 -6.74497e-06 1
vn 7.55073e-06 9.41709e-06 1
vn 4.14171e-06 6.61135e-07 1
vn 4.88435e-06 -5.34909e-06 1
vn -6.22997e-07 2.73672e-07 1
vn -3.24011e-06 6.09771e-07 1
vn 6.40917e-06 -2.14335e-06 1
vn -4.70235e-06 4.94943e-06 1
vn 5.44204e-05 -3.66607e-06 1
vn -2.22508e-06 -6.83814e-06 1
vn -5.13576e-06 2.88524e-05 1
vn 5.80021e-06 -8.58996e-06 1
vn -1.02697e-06 -7.77836e-06 1
vn 0.00354819 -0.00659889 0.999972
vn -0.0323876 0.499857 0.865502
vn 0.00798596 -0.0396133 0.999183
vn -0.0348119 0.0442169 0.998415
vn -0.0322782 0.079575 0.996306
vn 0.0728764 0.0149427 0.997229
vn 0.107584 -0.0156048 0.994074
vn 8.12825e-07 -2.32205e-05 1
vn -1.48953e-05 5.35145e-06 1
vn 0.0284763 0.0103826 0.999541
vn -1.50139e-05 1.95374e-05 1
vn -1.23127e-06 9.89615e-07 1
vn 8.2539e-07 -4.1971e-07 1
vn 3.36018e-06 3.96175e-07 1
vn 5.25166e-07 1.016e-06 1
vn 1.29281e-06 2.68623e-06 1
vn 6.99878e-07 -2.24933e-06 1
vn -2.74962e-06 3.64894e-06 1
vn 4.63032e-06 -5.52225e-06 1
vn 7.89561e-08 -3.71235e-06 1
vn -1.6377e-06 9.2627e-07 1
vn 5.84506e-06 4.69538e-06 1
vn -1.16486e-06 1.19135e-07 1
vn -3.90436e-06 -5.04906e-06 1
vn -1.46345e-06 -1.23703e-06 1
vn 5.47798e-06 3.86226e-07 1
vn 2.96958e-07 4.12889e-06 1
vn -7.71161e-07 5.8626e-06 1
vn -1.57521e-06 3.82108e-06 1
vn -8.24719e-07 -4.94385e-07 1
vn 2.28563e-06 2.49311e-06 1
vn -1.40165e-06 5.3998e-07 1
vn -2.3141e-06 4.32354e-07 1
vn -2.81093e-06 -1.75495e-06 1
vn 3.02e-06 -1.19257e-06 1
vn -3.22396e-07 -1.46121e-06 1
vn -1.98577e-06 3.99505e-06 1
vn -2.18517e-06 1.65436e-06 1
vn 3.75168e-06 2.61498e-06 1
vn 3.35855e-06 4.07161e-07 1
vn -5.14619e-06 5.58415e-08 1
vn 5.28784e-06 7.8041e-07 1
vn -5.05711e-08 7.40872e-07 1
vn -4.34454e-06 4.92479e-06 1
vn -7.78974e-06 6.1829e-06 1
vn -5.49797e-07 1.33053e-06 1
vn 0.00153666 -0.00865578 0.999961
vn 0.0170227 -0.0139633 0.999758
vn 2.3303e-06 4.15245e-06 1
vn 9.2101e-08 2.03811e-06 1
vn -1.11509e-05 2.4636e-06 1
vn -2.71937e-07 -1.96896e-06 1
vn 2.42662e-06 -9.05513e-07 1
vn 1.40031e-06 1.33149e-06 1
vn 1.34138e-05 3.00836e-07 1
vn 0.153636 -0.798102 0.582605
vn -6.21377e-06 8.18769e-05 1
vn -1.94901e-06 3.34202e-06 1
vn 4.21432e-06 2.07587e-06 1
vn -2.76034e-06 -1.54732e-06 1
vn -5.6806e-06 -1.81709e-06 1
vn -1.72195e-06 -7.16285e-06 1
vn -6.80989e-06 3.91687e-06 1
vn -5.66323e-06 -6.86278e-07 1
vn -2.26664e-06 -1.06274e-06 1
vn 1.02528e-06 -5.37248e-06 1
vn 7.85947e-07 -3.88371e-07 1
vn 3.62203e-06 1.79506e-06 1
vn -4.64531e-06 -3.08469e-06 1
vn -1.35044e-06 3.35402e-06 1
vn 9.08095e-07 -1.6511e-06 1
vn 4.09311e-07 6.18219e-06 1
vn 3.0888e-06 -3.27737e-06 1
vn 3.34363e-06 2.24319e-06 1
vn 1.35979e-06 7.7392e-06 1
vn -5.99586e-07 -3.73405e-06 1
vn 3.91485e-06 3.26356e-06 1
vn 3.15472e-06 3.54641e-06 1
vn 6.86802e-06 2.73012e-06 1
vn 1.19866e-06 6.25066e-06 1
vn -6.35601e-06 5.21132e-06 1
vn -6.27377e-06 -6.00506e-07 1
vn -5.1111e-07 2.14098e-06 1
vn 2.67392e-07 -2.52753e-06 1
vn -1.30532e-06 -1.47978e-06 1
vn 1.66671e-06 -1.41203e-06 1
vn 2.2641e-06 -3.06371e-07 1
vn -3.75443e-08 -2.06508e-07 1
vn -2.30707e-06 8.18705e-07 1
vn -3.14955e-06 -1.4437e-06 1
vn 3.34693e-06 -2.68918e-06 1
vn 6.59849e-07 -2.09274e-06 1
vn -3.16772e-06 8.13385e-07 1
vn -3.54459e-06 -5.62004e-07 1
vn -1.18518e-06 5.95829e-06 1
vn -2.75105e-06 2.89816e-06 1
vn 6.00441e-07 1.72901e-06 1
vn 5.12093e-06 -3.63727e-07 1
vn 2.1685e-06 -3.16451e-06 1
vn 1.58832e-07 -1.19163e-06 1
vn 3.84619e-07 1.24781e-06 1
vn 4.11835e-06 -2.57087e-06 1
vn 2.64127e-06 -3.74944e-07 1
vn -4.95872e-06 3.39035e-06 1
vn -2.55472e-06 -4.01368e-07 1
vn -5.35234e-06 2.16078e-06 1
vn -4.76473e-06 -4.14924e-06 1
vn 3.84883e-06 -3.95899e-06 1
vn -5.787e-07 -6.45865e-06 1
vn -1.5881e-06 8.30506e-06 1
vn -2.5318e-06 1.45714e-06 1
vn 3.12192e-06 -1.86618e-06 1
vn 3.82663e-06 -7.97709e-07 1
vn 2.37424e-06 -3.47913e-06 1
vn -3.32702e-06 6.36677e-06 1
vn -1.52442e-06 7.7803e-07 1
vn 5.64529e-06 4.34096e-06 1
vn -1.7264e-06 -1.67004e-06 1
vn 2.80811e-06 1.75966e-06 1
vn 6.78713e-07 6.47682e-07 1
vn 9.37864e-07 -7.09075e-06 1
vn -1.75643e-06 5.19859e-07 1
vn 2.13458e-06 -2.53976e-06 1
vn -1.56256e-06 3.13216e-06 1
vn -3.23135e-06 -5.46875e-06 1
vn -1.6039e-06 -1.27432e-07 1
vn 2.38014e-07 -3.4639e-06 1
vn -5.53627e-07 -1.7588e-07 1
vn 2.68272e-06 1.29016e-06 1
vn 5.75625e-06 -6.8706e-07 1
vn -1.54616e-06 -5.13027e-07 1
vn 1.89234e-06 -1.63443e-06 1
vn 2.47154e-06 -2.05404e-06 1
vn 2.88979e-06 -2.31793e-07 1
vn 5.72627e-06 4.50164e-06 1
vn 5.44036e-06 3.69845e-06 1
vn -3.60563e-06 -1.22582e-05 1
vn -8.30525e-06 2.97611e-07 1
vn -7.90301e-07 1.82228e-06 1
vn -6.90464e-07 -2.8888e-06 1
vn -2.04097e-06 -4.00124e-06 1
vn 3.23896e-06 4.94079e-07 1
vn -4.14735e-06 -1.75329e-06 1
vn -3.9256e-06 -4.03366e-06 1
vn -3.50147e-06 6.34203e-06 1
vn -1.28895e-06 1.30666e-06 1
vn -5.20892e-06 -5.52541e-06 1
vn 4.30579e-06 3.79566e-06 1
vn 2.60154e-06 6.98322e-06 1
vn 2.83445e-06 3.92966e-06 1
vn 5.59617e-06 2.476e-06 1
vn 5.80245e-07 -1.54471e-06 1
vn -2.07044e-06 -9.45904e-06 1
vn -9.13445e-07 -1.25371e-06 1
vn 6.67909e-06 3.43433e-06 1
vn -2.0618e-06 -1.06362e-06 1
vn 1.45886e-07 2.86953e-06 1
vn -7.67052e-07 -4.88487e-06 1
vn 2.7999e-07 -3.37143e-06 1
vn 2.09806e-06 7.85856e-07 1
vn -6.67132e-06 -8.26756e-06 1
vn 5.57459e-06 -5.94195e-06 1
vn -7.43836e-06 -7.67957e-08 1
vn 4.7687e-06 -4.38314e-07 1
vn -7.31284e-07 -7.52528e-06 1
vn -1.78435e-06 7.39567e-06 1
vn -3.83373e-06 8.3193e-06 1
vn -3.50573e-06 -2.86567e-07 1
vn -4.60026e-06 -1.5975e-06 1
vn 5.10509e-06 -5.02637e-06 1
vn -6.07637e-07 -1.80642e-06 1
vn 4.69839e-06 6.57066e-06 1
vn -2.15999e-07 -1.03561e-06 1
vn 3.15052e-06 2.28056e-06 1
vn -3.08572e-07 -1.73942e-06 1
vn 1.8319e-06 7.98101e-07 1
vn -4.15179e-08 4.10389e-08 1
vn -1.43058e-06 9.58979e-07 1
vn 4.97427e-07 -8.87619e-08 1
vn -4.71988e-07 1.03482e-06 1
vn 2.28112e-07 1.89156e-07 1
vn -1.0516e-06 -3.19182e-06 1
vn -1.39341e-06 2.91924e-06 1
vn -7.51182e-07 -3.5093e-06 1
vn 2.6322e-06 -1.47187e-06 1
vn 1.98061e-06 3.60816e-06 1
vn 8.21832e-07 -5.43079e-06 1
vn -2.87545e-06 -1.44922e-06 1
vn -5.49804e-06 1.72752e-06 1
vn 4.59524e-06 -7.24875e-07 1
vn 1.73206e-06 -8.71774e-06 1
vn 1.8997e-06 -2.29778e-06 1
vn 5.13724e-06 2.93527e-06 1
vn 1.49007e-06 1.54495e-06 1
vn -1.47455e-06 -2.61988e-06 1
vn -6.90655e-07 -4.23135e-06 1
vn -3.45227e-06 -1.52238e-06 1
vn -4.69051e-06 -4.26894e-08 1
vn 2.98568e-07 -1.57366e-06 1
vn -3.60153e-06 -2.20039e-06 1
vn 2.61951e-07 -7.04437e-07 1
vn 2.47601e-06 -4.17077e-06 1
vn 2.65575e-06 2.44313e-06 1
vn 9.25492e-07 1.45161e-06 1
vn 2.18509e-06 2.93662e-06 1
vn 1.23537e-06 2.08401e-06 1
vn -2.07239e-07 2.82951e-07 1
vn 1.79858e-06 2.08455e-06 1
vn 3.6211e-06 -4.02612e-06 1
vn 1.77978e-06 -4.66871e-06 1
vn -7.29959e-06 1.3507e-06 1
vn -4.13768e-06 -4.95043e-06 1
vn 8.41679e-07 -2.10242e-06 1
vn -2.25527e-07 6.23251e-07 1
vn -1.63075e-06 3.72645e-06 1
vn 1.99038e-06 7.49256e-07 1
vn -4.8006e-06 1.04399e-06 1
vn -1.29733e-06 -1.25421e-06 1
vn 2.2886e-06 7.99463e-06 1
vn 7.96433e-08 2.08576e-06 1
vn -4.43614e-06 -2.44398e-06 1
vn 2.33696e-06 2.53013e-06 1
vn 8.58172e-07 -4.3887e-06 1
vn 2.87943e-06 2.27541e-07 1
vn -2.3086e-06 5.00052e-06 1
vn -4.25224e-06 1.80144e-06 1
vn -2.51183e-06 3.75606e-06 1
vn -5.6224e-06 -4.3842e-06 1
vn -1.53675e-06 -6.03408e-07 1
vn -2.37009e-06 -6.71313e-06 1
vn 2.60775e-06 -2.84733e-06 1
vn -1.25725e-06 3.50968e-06 1
vn -0.000733842 -0.00561664 0.999984
vn -6.99897e-07 5.6231e-07 1
vn 1.70764e-05 -1.12513e-05 1
vn -5.2297e-06 -4.46046e-06 1
vn -6.97075e-06 2.40833e-05 1
vn -0.00126487 -0.00285908 0.999995
vn -4.31241e-06 3.38314e-06 1
vn 2.37688e-06 -1.30135e-06 1
vn -1.59393e-06 -8.59933e-08 1
vn 7.52109e-07 4.61777e-06 1
vn -4.79426e-06 3.97485e-06 1
vn 2.77851e-06 3.10184e-07 1
vn -5.55594e-06 -1.74803e-06 1
vn 6.52774e-06 2.28923e-07 1
vn -1.40565e-07 3.94265e-06 1
vn -2.14105e-06 1.85415e-06 1
vn 6.74132e-06 -4.89855e-06 1
vn 1.39481e-06 3.43034e-06 1
vn 3.44784e-06 2.82229e-06 1
vn -3.22534e-06 3.47009e-06 1
vn -3.16322e-06 2.30545e-07 1
vn -1.18569e-06 3.88913e-06 1
vn 8.42314e-07 1.65072e-06 1
vn 1.13283e-06 -1.5074e-06 1
vn -8.90396e-07 7.55592e-06 1
vn -5.16273e-06 4.68116e-06 1
vn -1.24393e-08 -9.19924e-06 1
vn 7.3493e-06 -2.81981e-06 1
vn -1.34188e-06 3.20328e-07 1
vn 1.12094e-06 -4.87065e-07 1
vn -2.40107e-06 2.48942e-06 1
vn 5.84976e-07 2.66944e-06 1
vn -1.75592e-06 3.71209e-07 1
vn -2.24091e-06 4.07962e-07 1
vn 8.50254e-07 -1.45266e-06 1
vn -3.18999e-06 -2.42126e-07 1
vn -2.04685e-06 -1.88996e-06 1
vn 5.51876e-06 1.75737e-06 1
vn -3.02377e-06 -1.37229e-07 1
vn 5.10314e-06 -1.50361e-06 1
vn -9.43904e-07 5.64063e-07 1
vn -6.90763e-06 1.44198e-06 1
vn 1.84455e-06 -1.25201e-05 1
vn 6.13325e-06 -3.78384e-06 1
vn 3.77871e-06 -1.00596e-05 1
vn 2.11848e-06 1.77342e-06 1
vn 1.37557e-06 -2.0114e-06 1
vn 9.65561e-07 1.88412e-06 1
vn 6.56597e-07 -2.92113e-06 1
vn -1.55865e-06 -1.64739e-06 1
vn -1.81924e-06 -2.62875e-06 1
vn -3.94387e-06 5.22433e-07 1
vn -1.19639e-06 -1.3739e-06 1
vn -1.80798e-06 -4.27184e-06 1
vn 1.26479e-07 2.07278e-06 1
vn -1.7601e-06 1.0292e-06 1
vn -4.88362e-06 4.35843e-06 1
vn 2.85643e-06 -4.33359e-06 1
vn 3.11776e-06 -7.11646e-06 1
vn 3.17727e-06 -2.93461e-06 1
vn -4.06851e-06 -7.83655e-06 1
vn -2.02226e-06 2.32777e-06 1
vn 1.17424e-07 -1.68395e-06 1
vn -4.77433e-07 -2.55128e-06 1
vn 0.122197 0.614161 0.779663
vn -1.65034e-05 2.14728e-05 1
vn 2.67611e-06 2.85553e-06 1
vn -2.5708e-06 -1.38556e-06 1
vn -3.39609e-07 -6.52085e-07 1
vn 6.3121e-06 -6.31498e-06 1
vn 1.10589e-06 -2.33959e-06 1
vn -0.00688367 -0.00714725 0.999951
vn 3.81431e-06 1.82564e-06 1
vn -9.42065e-05 5.40567e-06 -1
vn -4.71738e-05 -7.95896e-06 -1
vn -4.53708e-05 -2.1208e-06 -1
vn -4.47052e-05 5.93539e-06 -1
vn -4.53358e-05 8.33864e-06 -1
vn -6.41651e-05 -9.09615e-06 -1
vn -3.30192e-05 -1.96396e-06 -1
vn -3.8614e-05 6.58336e-06 -1
vn -3.25958e-05 -6.88953e-09 -1
vn -2.18594e-05 2.1131e-06 -1
vn -2.0796e-05 -1.29069e-06 -1
vn -1.44666e-05 2.83434e-06 -1
vn -4.96911e-06 4.18544e-06 -1
vn 1.09698e-05 2.79256e-05 -1
vn 0.00397846 0.00389394 -0.999985
vn 0.0146798 0.0175184 -0.999739
vn 0.00491585 0.00890553 -0.999948
vn 0.00107941 0.000959611 -0.999999
vn 1.05957e-05 -7.411e-05 -1
vn -1.37609e-05 -8.57761e-05 -1
vn -2.6004e-05 -3.23586e-05 -1
vn 6.77132e-06 -3.67577e-06 -1
vn 2.73328e-05 -4.75208e-05 -1
vn -5.33091e-07 -7.39683e-05 -1
vn -8.78078e-06 -5.95368e-05 -1
vn 2.3388e-06 -6.89221e-05 -1
vn -2.37458e-05 -2.58781e-05 -1
vn -0.00872558 0.000627413 -0.999962
vn -0.0275063 0.0339501 -0.999045
vn -0.0595187 0.124719 -0.990405
vn -0.0724546 0.232204 -0.969965
vn -0.0792226 0.377926 -0.92244
vn -0.0676353 0.551727 -0.831278
vn -0.12182 0.71563 -0.687774
vn -0.0984263 0.825646 -0.555537
vn -0.126754 0.932522 -0.338137
vn -0.157617 0.969153 -0.18947
vn -0.343874 0.917039 0.201964
vn -0.178228 0.72119 0.669417
vn 0.0398202 -0.168172 -0.984953
vn -0.196066 0.593512 -0.780578
vn -0.460219 0.702247 -0.543182
vn -0.162898 0.558181 -0.813571
vn 0.00738958 0.226997 -0.973868
vn 0.0189027 0.10448 -0.994347
vn -0.0364309 0.115886 -0.992594
vn -0.102684 0.209557 -0.97239
vn -0.0931855 0.359591 -0.928446
vn -0.0532267 0.567118 -0.821915
vn -0.0027721 0.704984 -0.709218
vn 0.0526035 0.691428 -0.720528
vn 0.116395 0.293118 -0.948965
vn 0.0323935 -0.294668 -0.955051
vn -0.658911 0.521702 -0.541907
vn -0.835533 0.237122 -0.495639
vn -0.73395 0.292823 -0.61284
vn -0.823225 0.24192 -0.513591
vn -0.808202 0.239118 -0.538175
vn -0.854258 0.184218 -0.486115
vn -0.931774 0.203909 -0.300363
vn -0.984999 0.155336 0.0751481
vn -0.990166 0.118507 0.0743473
vn -0.941323 0.120651 -0.315204
vn -0.367205 0.102381 -0.924488
vn -0.0288506 -0.0798077 -0.996393
vn -0.185472 -0.0695153 -0.980188
vn -0.0356904 -0.250996 -0.96733
vn 0.0560866 0.169449 -0.983942
vn 0.122487 -0.908566 -0.399381
vn 0.00683264 -0.437959 -0.898969
vn 1.25206e-05 4.87029e-05 -1
vn -1.71123e-05 -1.3764e-05 -1
vn -2.31354e-06 -5.00151e-06 -1
vn -1.27271e-05 -2.42567e-06 -1
vn -2.33153e-05 1.89018e-06 -1
vn -1.38095e-05 -1.63873e-06 -1
vn -2.58075e-05 4.40764e-06 -1
vn -3.32884e-05 -8.11803e-06 -1
vn -3.44194e-05 -2.98028e-06 -1
vn -3.95899e-05 6.4765e-06 -1
vn -3.08442e-05 -9.63258e-07 -1
vn -4.1496e-05 -7.41704e-08 -1
vn -6.23231e-05 -1.87213e-06 -1
vn -0.213608 -0.412754 0.885441
vn -0.389948 -0.818799 0.421317
vn -0.270361 -0.949103 0.161582
vn -0.120497 -0.959789 -0.253545
vn -0.124349 -0.833674 -0.538075
vn -0.0896306 -0.818719 -0.567155
vn 0.0351717 -0.791624 -0.609995
vn -0.0202631 -0.732874 -0.680063
vn 0.021462 -0.775769 -0.630652
vn -0.0412236 -0.732722 -0.679278
vn -0.00603628 -0.818566 -0.574382
vn -0.0538007 -0.865507 -0.498
vn -0.00431261 -0.928104 -0.372296
vn -0.0178706 -0.87901 -0.476468
vn -0.00428717 -0.929679 -0.368345
vn -0.014686 -0.954184 -0.298859
vn -0.0111635 -0.966989 -0.254575
vn 0.0425822 -0.986169 -0.160179
vn 0.02427 -0.966782 -0.254448
vn 0.0825311 -0.91109 -0.403861
vn -0.0421505 -0.931684 -0.360815
vn 0.00291362 -0.974249 -0.225454
vn 0.0364662 -0.920844 -0.388222
vn -0.0288903 -0.941208 -0.336589
vn -0.685928 -0.496876 -0.531618
vn -0.127466 0.263128 -0.956303
vn 0.153249 0.637686 -0.754898
vn 0.0396713 -0.292627 -0.955403
vn -0.00680459 -0.546818 -0.837224
vn -0.0880209 -0.437028 -0.895131
vn -0.103482 -0.348444 -0.9316
vn -0.0965031 -0.258494 -0.961181
vn -0.069838 -0.178909 -0.981384
vn 0.00219158 -0.167307 -0.985902
vn 0.0170479 -0.311648 -0.950045
vn -0.141686 -0.572662 -0.807455
vn -0.455603 -0.652548 -0.605481
vn -0.434505 -0.887407 -0.153994
vn -0.919246 -0.174792 0.352754
vn -0.973025 -0.182729 0.140826
vn -0.916432 -0.269877 -0.295496
vn -0.784727 -0.198269 -0.587277
vn -0.833944 -0.177744 -0.522441
vn -0.751991 -0.191919 -0.630617
vn -0.843411 -0.197123 -0.499801
vn -0.864294 -0.342062 -0.368768
vn 0.0360135 0.239513 -0.970225
vn -0.059633 -0.191364 -0.979706
vn -0.128502 -0.0952685 -0.987123
vn -0.0556545 0.221951 -0.973468
vn -0.14705 0.0350438 -0.988508
vn -0.698132 -0.187101 -0.69109
vn -0.935539 0.152807 -0.318461
vn -0.88775 -0.202553 -0.413366
vn -0.476768 0.103775 -0.872882
vn -0.340557 0.0575697 -0.93846
vn -0.159831 -0.00778243 -0.987114
vn -0.347636 -0.0826738 -0.933978
vn -0.0133575 -0.00424399 -0.999902
vn 2.15716e-05 5.45061e-05 -1
vn -2.46181e-06 1.41187e-05 -1
vn -3.1397e-06 2.72404e-05 -1
vn 0.00709345 0.00957153 -0.999929
vn 3.11359e-05 1.13756e-05 -1
vn 0.000340005 0.00122593 -0.999999
vn -1.4637e-05 2.17705e-05 -1
vn 9.91213e-06 3.50352e-05 -1
vn -8.97254e-07 -1.23219e-05 -1
vn -5.69077e-06 -4.09953e-06 -1
vn -2.80019e-06 2.97629e-06 -1
vn -5.61237e-07 -1.19037e-05 -1
vn 1.98235e-05 -7.50527e-05 -1
vn -5.23693e-06 7.88442e-06 -1
vn -4.07097e-05 -4.66027e-05 -1
vn -1.24849e-05 2.0307e-05 -1
vn -7.50963e-06 -1.0155e-05 -1
vn 5.81678e-06 2.4027e-05 -1
vn -9.54232e-06 2.06825e-05 -1
vn 3.19891e-06 -5.73252e-06 -1
vn -5.46964e-07 -6.13618e-06 -1
vn 1.47924e-06 -7.0902e-06 -1
vn 0.00679207 0.0614499 -0.998087
vn -0.538738 0.315288 -0.781252
vn 0.0922606 0.350181 -0.932127
vn -0.422539 0.152124 -0.893487
vn 3.9194e-05 -1.26419e-05 -1
vn -0.0103866 0.0331089 -0.999398
vn 0.00725896 0.0456871 -0.998929
vn -0.19543 0.0658712 -0.978503
vn 5.62968e-06 -8.38093e-05 -1
vn 0.00432325 0.219485 -0.975606
vn -1.08032e-05 1.01979e-05 -1
vn 0.0184955 0.408494 -0.912574
vn -2.10309e-05 5.76552e-06 -1
vn -0.00538678 0.136304 -0.990653
vn -1.82516e-05 -6.50544e-06 -1
vn -7.79804e-06 2.21737e-05 -1
vn 4.60561e-06 -1.21527e-05 -1
vn -1.10046e-05 2.93516e-05 -1
vn -1.94604e-06 -8.10246e-06 -1
vn -0.0244876 0.00399101 -0.999692
vn -6.44524e-06 -4.73404e-06 -1
vn -5.01932e-06 5.08333e-06 -1
vn -0.00539766 0.0186425 -0.999812
vn 3.58363e-06 -3.90642e-06 -1
vn 6.59016e-06 -3.59371e-06 -1
vn 9.43543e-05 -6.19554e-05 -1
vn 4.09546e-05 -4.23916e-05 -1
vn -0.323229 0.121196 -0.938528
vn -1.53173e-06 2.08788e-06 -1
vn 0.00330704 -0.0591621 -0.998243
vn 0.0466915 -0.829525 -0.556514
vn 0.00551075 -0.644978 -0.764181
vn -0.0107118 -0.230448 -0.973026
vn 0.00617951 -0.506544 -0.862192
vn -1.11063e-05 5.0531e-05 -1
vn 0.038549 -0.887216 -0.459741
vn 0.0323599 -0.314699 -0.94864
vn 1.9578e-06 -2.58394e-06 -1
vn 8.45707e-06 -2.11278e-05 -1
vn 0.000288065 -0.0118788 -0.999929
vn 1.02946e-05 -1.23336e-05 -1
vn -1.25032e-06 3.27348e-07 -1
vn 5.46207e-05 9.07805e-06 -1
vn 8.66152e-05 1.88797e-06 -1
vn -0.00689461 -0.00993843 -0.999927
vn -0.00699737 -0.0665961 -0.997756
vn -0.51482 -0.254821 -0.818551
vn -0.193408 -0.178553 -0.964734
vn 0.103242 -0.0800103 -0.991433
vn -0.0178515 -0.190974 -0.981433
vn -0.0965673 -0.0675627 -0.993031
vn -0.572131 -0.106196 -0.813258
vn -1.3533e-05 -2.55256e-06 -1
vn -0.0361198 -0.476852 -0.878241
vn 0.000176399 -0.000983073 -1
vn -1.61513e-05 -2.92126e-05 -1
vn -0.00938153 -0.0873993 -0.996129
vn -3.06462e-05 -5.13849e-06 -1
vn -0.0138521 0.00163646 -0.999903
vn 5.85663e-06 6.48085e-06 -1
vn -0.329894 -0.103981 -0.938274
vn -1.52623e-05 9.17404e-07 -1
vn -0.0321834 -0.0311433 -0.998997
vn -6.8751e-07 -1.39859e-05 -1
vn 6.03532e-06 1.84944e-05 -1
vn -0.0111467 -0.00899949 -0.999897
vn -3.33066e-05 -8.51775e-06 -1
vn 2.30787e-06 4.25434e-06 -1
vn 8.9802e-06 6.01399e-06 -1
vn 0.00337374 -0.0131101 -0.999908
vn 4.75991e-06 1.20016e-06 -1
vn -3.3058e-06 -4.47648e-06 -1
vn -7.05494e-06 -9.10342e-06 -1
vn -1.75491e-06 -1.01783e-05 -1
vn -4.78296e-06 -8.42402e-06 -1
vn 1.1048e-06 -5.92983e-07 -1
vn -1.66067e-06 -7.38946e-06 -1
vn 3.27327e-05 1.91713e-05 -1
vn 9.73415e-06 1.62762e-05 -1
vn 2.10717e-05 2.73318e-05 -1
vn 1.78063e-05 1.74549e-05 -1
vn 1.64783e-05 1.81295e-05 -1
vn -3.3044e-05 -2.70829e-05 -1
vn 1.08336e-05 -2.26909e-06 -1
vn 2.09914e-05 4.33897e-06 -1
vn -0.902398 0.156515 -0.401474
vn -0.613025 0.152178 -0.775269
vn -1.19512e-05 -9.4002e-06 -1
vn -0.0700461 0.0174542 -0.997391
vn -0.108728 0.042219 -0.993175
vn -0.00280202 0.00187836 -0.999994
vn -0.0136732 0.00787808 -0.999876
vn -0.533106 -0.194941 -0.823283
vn -0.868172 -0.248983 -0.429284
vn -0.297832 -0.0599476 -0.952734
vn -0.00421395 -0.000669293 -0.999991
vn -0.0178469 -0.00395556 -0.999833
vn -1.58401e-05 7.43411e-06 -1
vn 2.18255e-06 -3.02902e-05 -1
vn 3.57005e-06 -3.10798e-05 -1
vn -2.46116e-05 5.70292e-05 -1
vn -1.97602e-05 3.75989e-06 -1
vn -6.33179e-06 -3.39819e-05 -1
vn 3.1302e-05 3.79953e-05 -1
vn -1.97464e-05 2.09913e-05 -1
vn 6.52809e-05 2.42716e-05 -1
vn 1.92229e-06 2.66105e-06 -1
vn -2.46389e-06 -8.13547e-07 -1
vn -5.31792e-05 3.4121e-05 -1
vn -0.00762676 0.0867837 -0.996198
vn -0.0287655 0.231185 -0.972484
vn -0.0176961 0.148446 -0.988762
vn -0.0133399 0.031369 -0.999419
vn 3.87804e-05 0.00135695 -0.999999
vn -0.0200122 0.409521 -0.912081
vn -2.74298e-05 3.6965e-05 -1
vn 2.28693e-06 -1.67533e-05 -1
vn -2.71508e-05 6.61395e-06 -1
vn -1.35539e-06 1.97568e-06 -1
vn 1.68868e-06 -7.70902e-06 -1
vn -5.25807e-06 -2.96008e-05 -1
vn 5.35496e-06 -2.36379e-06 -1
vn -4.92078e-06 -3.34278e-06 -1
vn 2.16495e-07 -4.06732e-06 -1
vn 2.39917e-05 1.52525e-05 -1
vn 1.55385e-05 1.16311e-05 -1
vn -1.59614e-06 -4.98353e-07 -1
vn 7.30529e-06 -1.13967e-05 -1
vn -3.65325e-07 3.97802e-07 -1
vn 2.64697e-06 1.43855e-05 -1
vn 1.33601e-06 8.7267e-07 -1
vn -4.01871e-06 -1.41341e-05 -1
vn -0.0274681 0.0209118 -0.999404
vn -0.273265 0.894017 -0.355048
vn -0.0740311 0.689183 -0.720795
vn -0.203568 0.630393 -0.749109
vn -0.0527441 0.117837 -0.991631
vn -0.00613251 0.0169331 -0.999838
vn 0.00288138 0.0220721 -0.999752
vn -1.67779e-05 -2.20229e-05 -1
vn -2.10969e-05 4.34405e-05 -1
vn 3.10251e-05 8.48836e-06 -1
vn -5.61276e-06 2.62788e-05 -1
vn -3.35143e-06 1.12077e-05 -1
vn 4.04821e-06 1.81726e-05 -1
vn 3.68841e-05 -0.000151307 -1
vn 4.72829e-06 -1.17297e-05 -1
vn -1.99775e-06 -5.56401e-06 -1
vn 9.86027e-06 -3.58443e-07 -1
vn -1.03483e-05 1.86198e-06 -1
vn -0.0244733 0.0552916 -0.99817
vn 1.99145e-06 -6.16971e-06 -1
vn -0.0529636 0.0492668 -0.99738
vn -8.56914e-07 -7.39538e-06 -1
vn 4.15854e-07 -1.85302e-05 -1
vn 1.02485e-05 -8.24789e-06 -1
vn -1.31521e-05 -7.33945e-07 -1
vn -0.193916 0.597874 -0.777781
vn -0.120882 0.828866 0.546231
vn 2.83319e-06 1.16812e-06 -1
vn -5.016e-08 -2.29017e-06 -1
vn 5.64148e-07 -1.03483e-06 -1
vn -1.09835e-06 2.69973e-07 -1
vn 3.89105e-07 -6.82154e-07 -1
vn 4.00465e-07 2.53817e-06 -1
vn -1.19734e-06 1.29961e-06 -1
vn 8.39108e-08 -1.31621e-06 -1
vn 9.24003e-09 -5.07974e-07 -1
vn -1.91618e-06 -1.63609e-06 -1
vn -7.14994e-07 -1.20566e-05 -1
vn -1.65544e-07 -1.55851e-06 -1
vn -9.40128e-07 5.4388e-08 -1
vn -3.29547e-07 5.39144e-07 -1
vn -1.09165e-06 1.10482e-06 -1
vn 1.17451e-07 2.84242e-08 -1
vn 1.1497e-06 -5.32426e-07 -1
vn 4.83581e-07 -2.96085e-06 -1
vn 3.1989e-06 5.72354e-07 -1
vn -9.37062e-07 -1.3796e-06 -1
vn -1.58471e-06 -2.20997e-06 -1
vn -3.76935e-08 2.30214e-06 -1
vn -4.72193e-07 1.33411e-06 -1
vn 3.0977e-08 -8.66992e-07 -1
vn 8.46814e-07 1.03046e-06 -1
vn 7.67536e-08 -1.05769e-06 -1
vn 1.79675e-06 1.65357e-07 -1
vn 8.64035e-07 -1.51409e-06 -1
vn 5.67839e-07 6.97942e-07 -1
vn 8.9152e-07 2.69359e-08 -1
vn 3.05486e-07 1.19542e-06 -1
vn -9.71105e-07 -7.95954e-07 -1
vn -1.18512e-06 -2.02466e-06 -1
vn 1.1693e-07 6.83385e-07 -1
vn -1.57431e-06 -1.43879e-06 -1
vn -3.83208e-06 1.38944e-05 -1
vn 1.78309e-06 -1.10877e-08 -1
vn -1.54295e-06 1.11331e-06 -1
vn -2.49834e-05 2.78629e-05 -1
vn 1.42078e-06 6.46661e-07 -1
vn -8.00616e-07 -1.39853e-06 -1
vn -1.35677e-06 -1.23331e-07 -1
vn 1.02052e-06 2.00953e-07 -1
vn -4.09099e-07 1.10092e-07 -1
vn 1.00929e-06 5.50816e-07 -1
vn -9.72329e-07 -1.39159e-06 -1
vn -4.13963e-07 -4.36219e-07 -1
vn -1.96019e-07 -1.4116e-06 -1
vn -1.25719e-06 5.61233e-07 -1
vn 6.99321e-07 3.44231e-06 -1
vn -1.42255e-06 1.61583e-08 -1
vn 6.72937e-07 3.15665e-08 -1
vn 1.35637e-06 -1.14246e-06 -1
vn -3.88956e-07 -1.28955e-06 -1
vn -3.24022e-07 1.35088e-06 -1
vn -1.60492e-06 6.18882e-07 -1
vn 9.86996e-08 1.89763e-06 -1
vn -5.57015e-07 2.57734e-06 -1
vn 7.28557e-06 -4.07342e-06 -1
vn 3.752e-06 -1.65152e-07 -1
vn -1.83208e-07 8.14155e-07 -1
vn 8.02899e-07 6.56796e-07 -1
vn 2.27023e-06 -8.51046e-08 -1
vn 8.10164e-07 -6.29175e-07 -1
vn -1.20438e-07 -1.12505e-06 -1
vn -1.31027e-06 -1.14392e-07 -1
vn -1.29041e-06 -7.09251e-07 -1
vn -8.27534e-07 1.60262e-07 -1
vn -8.40895e-07 1.40427e-06 -1
vn 4.65121e-08 1.6883e-06 -1
vn -3.90482e-07 -4.7334e-07 -1
vn -1.46381e-06 -8.85825e-07 -1
vn -2.45772e-06 7.21751e-07 -1
vn 1.57419e-06 -9.60886e-07 -1
vn 1.25118e-06 6.16371e-08 -1
vn -5.75248e-07 -1.12934e-06 -1
vn 3.8957e-07 1.22729e-06 -1
vn -2.78181e-06 6.05158e-07 -1
vn -9.50041e-07 -2.95134e-06 -1
vn 3.7914e-07 1.9531e-06 -1
vn -5.8731e-07 6.45501e-07 -1
vn -1.50081e-06 -4.18336e-07 -1
vn -8.45961e-07 2.80154e-07 -1
vn 5.73967e-07 -2.19013e-06 -1
vn 0.239552 0.066692 -0.96859
vn -0.482752 0.144527 -0.863749
vn -0.540353 0.15537 -0.82697
vn -0.670099 0.289256 -0.683592
vn 0.015916 0.566097 -0.824185
vn -0.00982992 0.401994 -0.91559
vn -0.0266682 0.2365 -0.971266
vn 7.18418e-06 -1.45282e-05 -1
vn -3.91568e-05 -3.10062e-05 -1
vn -0.0194163 0.160963 -0.98677
vn -1.45898e-05 3.01627e-06 -1
vn -1.09596e-05 -7.65624e-06 -1
vn 1.28443e-06 -9.02672e-06 -1
vn -1.50792e-06 1.60879e-05 -1
vn -2.56497e-06 -1.5955e-07 -1
vn -1.72231e-06 4.12797e-06 -1
vn -7.82222e-07 1.04522e-05 -1
vn 0.00843193 -0.85663 -0.515862
vn 0.0122182 -0.506591 -0.8621
vn 3.3027e-06 -6.45753e-06 -1
vn -2.0915e-05 6.46017e-05 -1
vn 3.18119e-06 -4.59413e-06 -1
vn 3.28881e-07 -1.80676e-05 -1
vn -3.82519e-05 3.95239e-05 -1
vn 0.0468612 -0.503178 -0.862912
vn -4.7031e-06 -1.5886e-05 -1
vn 2.25758e-06 -9.1605e-06 -1
vn -4.46608e-07 -1.48945e-06 -1
vn 0.00597023 -0.00622577 -0.999963
vn 1.05257e-06 6.60301e-07 -1
vn -1.70012e-06 -2.27499e-05 -1
vn -1.88809e-06 1.33718e-06 -1
vn -1.60062e-07 -2.50586e-07 -1
vn -1.90871e-06 5.90934e-06 -1
vn 3.51588e-06 1.38215e-06 -1
vn -2.08144e-06 3.05254e-07 -1
vn -3.05571e-06 1.25985e-06 -1
vn 1.87786e-06 1.42587e-06 -1
vn 1.44476e-06 -2.87553e-06 -1
vn 1.39933e-06 7.33449e-07 -1
vn -0.0131375 -0.103039 -0.994591
vn -1.69196e-06 1.53628e-06 -1
vn -4.21351e-07 -1.92422e-06 -1
vn 0.0232319 -0.729432 -0.683659
vn 0.0244253 -0.689861 -0.72353
vn 0.0112361 -0.233427 -0.972309
vn 4.80714e-07 5.7201e-07 -1
vn -4.05715e-08 3.44625e-06 -1
vn -3.57246e-06 6.57742e-06 -1
vn 2.74345e-06 2.42767e-06 -1
vn 5.74749e-06 -1.22903e-06 -1
vn 3.26724e-06 -5.30232e-06 -1
vn 2.52207e-07 -6.43223e-06 -1
vn -4.54207e-06 -9.5501e-07 -1
vn 9.34287e-07 -1.35937e-06 -1
vn -3.39773e-06 5.12579e-06 -1
vn -3.63019e-06 -1.20602e-06 -1
vn -1.79504e-06 -1.23003e-06 -1
vn -1.03886e-06 -1.48371e-06 -1
vn 4.01642e-07 -2.3978e-06 -1
vn 6.4727e-07 6.0932e-06 -1
vn -6.33632e-07 5.77744e-07 -1
vn -1.27201e-06 1.51578e-06 -1
vn 2.16082e-07 8.64192e-07 -1
vn 3.9934e-06 -1.74969e-05 -1
vn 5.22202e-06 4.90315e-06 -1
vn -1.52269e-06 -1.41098e-06 -1
vn 5.05934e-07 -2.16064e-07 -1
vn -1.68311e-08 -1.87412e-05 -1
vn 1.39842e-06 -1.02646e-05 -1
vn -1.15168e-06 -3.0512e-06 -1
vn 1.35464e-06 1.2856e-06 -1
vn -3.99584e-06 2.33967e-06 -1
vn 2.89088e-06 1.77753e-06 -1
vn 0.00288686 -0.0230687 -0.99973
vn -0.0386756 -0.101024 -0.994132
vn -0.038437 -0.145456 -0.988618
vn 0.00105006 -0.00846859 -0.999964
vn 6.41166e-07 -2.70764e-05 -1
vn -0.0191403 -0.101296 -0.994672
vn -0.00422904 -0.020049 -0.99979
vn 1.6395e-07 2.68661e-05 -1
vn -1.37474e-06 3.38339e-05 -1
vn 6.16608e-06 8.24056e-06 -1
vn 6.59259e-06 1.06776e-06 -1
vn -0.0626504 -0.213841 -0.974858
vn 0.0246524 -0.188003 -0.981859
vn -0.0251474 -0.513463 -0.857743
vn -0.076394 -0.531021 -0.843908
vn 0.0231798 -0.121622 -0.992306
vn 0.000440961 -0.010139 -0.999949
vn -0.036572 -0.615424 -0.787348
vn -0.0205249 -0.0737377 -0.997066
vn 0.00169031 -0.0352507 -0.999377
vn -0.00628181 -0.0203138 -0.999774
vn 1.5645e-06 1.13175e-05 -1
vn 6.26256e-06 1.22291e-05 -1
vn 1.5458e-05 5.30635e-05 -1
vn 5.7295e-05 7.49975e-05 -1
vn -3.17042e-06 3.82437e-05 -1
vn 1.09847e-05 -1.7107e-05 -1
vn -0.140049 -0.815277 -0.56188
vn -0.356262 -0.907515 -0.22247
vn -0.00111841 -0.188822 -0.982011
vn -0.0205042 -0.115764 -0.993065
vn -0.0599551 -0.213708 -0.975056
vn -0.0309548 -0.0603074 -0.9977
vn -6.45255e-05 0.000149776 -1
vn 0.000116237 7.75785e-05 -1
vn -0.138722 -0.882059 -0.450253
vn -0.0164434 -0.642246 -0.766322
vn -0.348342 -0.44863 -0.823037
vn -0.759188 -0.218509 -0.613097
vn 0.0989714 -0.071375 -0.992527
vn -0.0504864 -0.368568 -0.928229
vn -0.0108083 -0.119495 -0.992776
vn 0.00529507 -0.299254 -0.954159
vn 0.043911 -0.0376884 -0.998324
vn 0.0177174 -0.151832 -0.988247
vn -0.303692 -0.0743612 -0.949864
vn -0.73019 -0.246212 -0.63734
vn -0.545895 -0.11477 -0.829956
vn -0.342938 -0.114723 -0.932326
vn -0.0224531 -0.00607122 -0.99973
vn 3.40921e-05 -1.13657e-06 -1
vn -0.0791954 -0.0504552 -0.995581
vn -0.0241 0.00288929 -0.999705
vn -1.03219e-05 1.61675e-05 -1
vn -1.69616e-05 -1.23026e-05 -1
vn -4.97281e-05 -1.9285e-05 -1
vn -3.97976e-05 2.44591e-05 -1
vn -1.26111e-05 -2.1565e-05 -1
vn 1.42907e-05 -5.83978e-06 -1
vn -0.00521365 0.00881679 -0.999948
vn -3.126e-05 4.48023e-06 -1
vn -0.0471388 0.0400865 -0.998084
vn -8.0476e-05 -1.07055e-05 -1
vn -0.01728 0.193609 -0.980927
vn -0.0337525 0.161981 -0.986216
vn -0.0680175 0.364707 -0.928635
vn -0.079478 -0.423978 -0.902179
vn 0.00947551 0.345511 -0.938367
vn -0.107555 -0.199465 -0.973985
vn -0.10175 -0.0731419 -0.992118
vn -0.0767858 -0.3607 -0.929516
vn 0.00629258 0.0182879 -0.999813
vn -0.025266 0.0757372 -0.996808
vn 0.0952659 0.402921 -0.910263
vn 0.113991 0.441287 -0.890096
vn 0.0798106 0.421104 -0.903494
vn -0.0188009 -0.0397932 -0.999031
vn -0.146591 -0.289428 -0.945908
vn -0.0562566 -0.213322 -0.975361
vn 0.0230842 0.242971 -0.969759
vn 0.0517602 0.345868 -0.936854
vn -0.0803532 -0.343957 -0.935541
vn -0.0300524 -0.176655 -0.983814
vn -0.0801797 -0.267627 -0.960181
vn 0.00426491 0.0409482 -0.999152
vn 0.071123 0.26235 -0.962348
vn -0.0386008 0.0557932 -0.997696
vn 0.0264718 0.211928 -0.976927
vn 5.58768e-06 5.27602e-06 -1
vn -9.70828e-06 2.25026e-05 -1
vn 2.95005e-05 5.44715e-05 -1
vn -0.0181066 -0.0335089 -0.999274
vn -0.0212142 -0.19597 -0.98038
vn -0.0087903 -0.0287534 -0.999548
vn -0.0488938 -0.290114 -0.955742
vn 2.96247e-05 2.7441e-05 -1
vn 3.79768e-06 -1.91277e-06 -1
vn 2.22737e-05 -2.76088e-06 -1
vn -0.611279 0.131727 -0.780375
vn -1.61118e-05 1.95889e-05 -1
vn -0.0385347 0.0238835 -0.998972
vn 1.06438e-05 4.94994e-06 -1
vn -1.49237e-05 -2.1218e-07 -1
vn -9.50293e-06 -3.94576e-05 -1
vn -2.70237e-05 6.70127e-07 -1
vn -0.114747 0.0181189 -0.99323
vn -0.00602543 -0.00265692 -0.999978
vn -0.320038 0.0882505 -0.943285
vn -0.0806098 -0.0971771 -0.991997
vn -0.0737971 0.0100136 -0.997223
vn -4.10477e-05 8.74913e-05 -1
vn -1.25149e-05 7.01791e-06 -1
vn -1.90145e-05 -6.27618e-05 -1
vn -0.00655835 -0.0183862 -0.999809
vn -7.28612e-06 -1.20884e-05 -1
vn -0.00329155 -0.0657122 -0.997833
vn 1.20878e-05 -1.28101e-05 -1
vn -0.0472655 -0.186456 -0.981326
vn -2.35846e-05 1.42372e-05 -1
vn 3.79127e-05 4.47761e-05 -1
vn -2.95432e-05 4.63562e-06 -1
vn 7.91813e-06 5.53927e-06 -1
vn 9.48437e-07 -8.45874e-07 -1
vn 3.82189e-05 4.69764e-05 -1
vn -5.02632e-06 2.61208e-06 -1
vn 2.68602e-05 -1.40931e-05 -1
vn -3.21677e-05 2.9288e-06 -1
vn 3.48082e-05 -4.99567e-05 -1
vn -3.67377e-05 1.2258e-05 -1
vn 3.68218e-05 -3.6028e-05 -1
vn 1.19309e-05 -5.25551e-06 -1
vn 4.48797e-05 -3.53902e-05 -1
vn 3.32456e-05 -1.75674e-05 -1
vn -2.82308e-05 1.38624e-05 -1
vn -2.39518e-05 -1.44138e-05 -1
vn 2.61698e-05 2.62168e-05 -1
vn -2.33444e-05 5.24031e-05 -1
vn 7.8424e-06 -8.57028e-06 -1
vn 4.62379e-06 -5.09224e-06 -1
vn -0.036458 0.409031 -0.911792
vn -0.0379662 0.505714 -0.861866
vn 0.0130069 0.0443267 -0.998932
vn -0.00346353 0.104687 -0.994499
vn -0.052154 0.587418 -0.807601
vn -0.0132489 0.047349 -0.998791
vn -1.57347e-05 1.88158e-05 -1
vn -0.0168458 0.0870828 -0.996059
vn 8.71732e-06 7.60048e-06 -1
vn 7.66297e-06 -1.69779e-05 -1
vn 1.621e-06 -6.32387e-07 -1
vn -1.74376e-05 -4.34243e-05 -1
vn 6.86706e-07 -4.42626e-07 -1
vn 2.75476e-06 -8.1747e-07 -1
vn -2.97846e-06 1.04962e-06 -1
vn -9.9229e-10 -7.21562e-09 -1
vn 1.79444e-07 9.03257e-07 -1
vn -4.15309e-07 -4.717e-06 -1
vn -1.24352e-06 2.23341e-06 -1
vn 6.60751e-07 -3.59438e-06 -1
vn -3.30578e-05 3.13102e-05 -1
vn 1.42013e-06 -7.41993e-06 -1
vn -6.4196e-06 -2.15884e-06 -1
vn -1.92746e-06 -5.0963e-06 -1
vn -8.05141e-06 1.99083e-06 -1
vn 6.56804e-07 -1.14512e-07 -1
vn 4.78562e-07 3.28474e-06 -1
vn -7.96693e-06 -1.57694e-07 -1
vn 8.3533e-07 3.86621e-06 -1
vn -1.16515e-05 -1.49987e-06 -1
vn -8.45552e-06 -4.70823e-07 -1
vn -3.86999e-06 1.33432e-05 -1
vn -1.29066e-06 -2.71249e-07 -1
vn -0.234772 0.440461 -0.866531
vn -0.0531799 0.172455 -0.983581
vn -0.358687 0.385085 -0.850325
vn 0.0489772 0.650676 -0.757775
vn 9.54554e-07 1.13655e-06 -1
vn 2.3171e-06 2.21566e-06 -1
vn 0.00162524 0.0110644 -0.999937
vn -1.9274e-06 -1.85395e-06 -1
vn 1.18976e-06 2.7138e-06 -1
vn -2.23526e-05 -3.65431e-06 -1
vn 2.44872e-06 -2.66686e-06 -1
vn -2.44716e-06 -7.59447e-07 -1
vn 1.0003e-06 4.66227e-07 -1
vn 1.09293e-06 -1.31913e-06 -1
vn 9.70574e-07 -4.93314e-07 -1
vn 1.6017e-07 3.83981e-07 -1
vn 3.31795e-06 -7.31114e-08 -1
vn -4.83527e-06 9.62351e-07 -1
vn -5.7808e-07 1.83942e-07 -1
vn 1.7328e-06 -1.2262e-06 -1
vn -9.984e-07 -9.25341e-07 -1
vn -1.71166e-06 1.07542e-06 -1
vn -3.55891e-05 2.88546e-05 -1
vn -1.7558e-05 2.57593e-07 -1
vn 0.0170263 -0.0842491 -0.996299
vn -0.00257699 -0.883364 -0.468681
vn 0.0154272 -0.569289 -0.821993
vn -0.0010143 -0.021954 -0.999759
vn -0.00441603 -0.154643 -0.987961
vn 9.98908e-07 -4.65123e-06 -1
vn -7.02859e-06 -1.1536e-05 -1
vn 4.46814e-06 6.92208e-06 -1
vn -7.20996e-06 3.89944e-06 -1
vn 0.0088666 -0.103633 -0.994576
vn 1.29699e-06 -4.70076e-06 -1
vn 2.30704e-07 -2.48896e-06 -1
vn -0.00730581 -0.0479239 -0.998824
vn -0.0212269 -0.625531 -0.779911
vn -1.32529e-05 1.3627e-05 -1
vn 1.86704e-06 3.99803e-05 -1
vn 1.28348e-05 6.52955e-05 -1
vn -0.0231163 -0.414572 -0.909723
vn 5.12149e-06 -1.18301e-05 -1
vn 1.20008e-05 -2.20413e-05 -1
vn 1.54186e-06 -5.84805e-06 -1
vn 9.88357e-07 2.85501e-07 -1
vn -2.35407e-06 -3.52443e-06 -1
vn -0.0309584 -0.689824 -0.723315
vn 4.99681e-06 1.11558e-07 -1
vn 1.10751e-07 6.72977e-06 -1
vn -1.53477e-06 -3.04788e-06 -1
vn 2.43313e-06 1.00022e-06 -1
vn -2.57401e-06 6.83073e-07 -1
vn 4.71459e-06 5.72508e-06 -1
vn 2.80128e-06 5.60343e-06 -1
vn 1.39618e-06 3.17952e-06 -1
vn -6.60475e-06 -1.51346e-05 -1
vn -5.23303e-06 3.93897e-07 -1
vn -3.69184e-06 1.56612e-06 -1
vn -3.08158e-06 9.47452e-07 -1
vn 5.19738e-06 -1.95231e-05 -1
vn 2.07201e-08 2.61874e-06 -1
vn -6.82059e-06 -2.65942e-07 -1
vn -1.58126e-05 1.1018e-06 -1
vn 7.9123e-07 -3.45152e-06 -1
vn -5.50354e-07 3.19405e-07 -1
vn -5.85541e-06 -5.34524e-07 -1
vn 4.77724e-07 -1.62509e-06 -1
vn -6.88426e-07 1.87304e-07 -1
vn 3.8452e-07 7.79141e-07 -1
vn 1.15895e-06 1.5861e-07 -1
vn 2.78511e-06 -1.42625e-06 -1
vn 3.28516e-06 -1.86818e-07 -1
vn 1.49034e-06 -4.66458e-08 -1
vn -6.54005e-06 -8.87084e-07 -1
vn -3.01122e-05 8.43576e-09 -1
vn 3.45843e-06 -3.36494e-06 -1
vn 4.03565e-06 -8.35281e-07 -1
vn -2.04716e-06 -2.89449e-07 -1
vn -1.49153e-05 3.56723e-06 -1
vn -0.029731 -0.0549898 -0.998044
vn 1.51145e-06 2.16044e-06 -1
vn -1.45301e-06 -1.48719e-06 -1
vn -4.07048e-06 8.14294e-06 -1
vn 1.26208e-05 1.94004e-05 -1
vn 1.09295e-05 1.88281e-05 -1
vn -2.96794e-05 -1.86018e-05 -1
vn 7.27997e-06 -2.90489e-06 -1
vn 1.12303e-06 7.54039e-06 -1
vn 1.11946e-06 1.82916e-05 -1
vn -2.10789e-05 -1.18862e-05 -1
vn -6.24522e-06 -4.41452e-05 -1
vn 3.31788e-05 -1.24279e-05 -1
vn 2.08115e-06 -1.40208e-05 -1
vn -7.92212e-06 -4.57527e-07 -1
vn -1.24191e-06 -1.35403e-05 -1
vn 2.69807e-06 -2.41076e-05 -1
vn -2.69998e-06 -7.27353e-07 -1
vn -2.24808e-06 -1.23969e-05 -1
vn -8.81539e-07 -3.60893e-06 -1
vn 4.01678e-06 -6.48624e-09 -1
vn -1.89151e-06 -1.67517e-05 -1
vn -0.00222267 -0.00593294 -0.99998
vn -6.55639e-06 5.73211e-06 -1
vn -0.0187399 -0.418996 -0.907795
vn 0.00128552 -0.00935551 -0.999955
vn 2.34833e-06 7.73068e-05 -1
vn -0.00573234 -0.442838 -0.896583
vn -0.00970992 -0.492431 -0.870298
vn -1.98986e-05 -9.52806e-06 -1
vn 1.44927e-06 -1.55938e-06 -1
vn 8.60291e-06 1.72517e-05 -1
vn 1.52122e-05 1.79197e-06 -1
vn 2.44082e-05 1.51899e-05 -1
vn 0.0326254 0.0902476 -0.995385
vn -8.65068e-06 -2.35947e-05 -1
vn -0.0254174 -0.0372974 -0.998981
vn -0.0949353 -0.385211 -0.917932
vn -0.10987 -0.312171 -0.943651
vn 0.0106068 0.0049789 -0.999931
vn 0.00527034 0.208249 -0.978062
vn 9.65179e-06 1.04246e-05 -1
vn -2.99753e-05 -1.51478e-05 -1
vn -1.87568e-05 1.2807e-05 -1
vn -2.66268e-05 2.32715e-05 -1
vn -2.58392e-05 7.29353e-06 -1
vn -2.13071e-05 -6.80159e-06 -1
vn 3.27634e-05 -3.18939e-07 -1
vn 8.30961e-06 -5.04228e-05 -1
vn 1.24438e-05 2.33135e-05 -1
vn -3.04841e-06 -6.91158e-06 -1
vn 2.89688e-05 1.63706e-05 -1
vn 8.28671e-06 4.36511e-06 -1
vn 1.657e-06 7.92621e-06 -1
vn 2.14779e-05 -2.4629e-05 -1
vn 3.69754e-06 -3.0851e-05 -1
vn 4.83831e-06 9.20058e-07 -1
vn -4.41196e-06 -5.04047e-06 -1
vn 4.82648e-05 3.46599e-05 -1
vn -2.56387e-06 3.44774e-05 -1
vn -4.02131e-05 4.75956e-05 -1
vn -0.00160515 0.012728 -0.999918
vn 1.22905e-05 3.55379e-05 -1
vn -4.94053e-06 2.18817e-05 -1
vn 4.28973e-07 2.33189e-05 -1
vn -0.0144588 0.039379 -0.99912
vn 1.28469e-05 6.79403e-06 -1
vn -1.08531e-05 3.16712e-06 -1
vn -2.05999e-06 2.03854e-05 -1
vn 6.00253e-06 1.67949e-05 -1
vn -1.66191e-06 -4.38947e-07 -1
vn -7.51733e-07 -5.81651e-06 -1
vn 1.24274e-07 4.59287e-07 -1
vn -2.84875e-06 3.54386e-06 -1
vn 1.99971e-06 -1.50723e-06 -1
vn 3.38794e-06 1.28243e-06 -1
vn -0.0607242 0.614888 -0.786273
vn -0.0333689 0.737462 -0.674563
vn -0.0120299 0.0315973 -0.999428
vn 1.30074e-05 4.62731e-05 -1
vn 6.13916e-06 6.8822e-05 -1
vn 4.80476e-05 4.70972e-05 -1
vn -5.22815e-05 -3.28987e-06 -1
vn -1.0624e-05 -5.42715e-06 -1
vn 1.87527e-06 5.42154e-08 -1
vn -2.46959e-06 1.64844e-06 -1
vn -6.1876e-07 9.81249e-07 -1
vn 2.13271e-07 1.07091e-06 -1
vn 1.10539e-06 -1.6897e-06 -1
vn 5.08999e-07 2.59118e-06 -1
vn -8.23573e-07 -1.58195e-06 -1
vn -8.94184e-07 6.15436e-07 -1
vn -1.67152e-07 -3.52161e-06 -1
vn 1.6022e-06 1.64875e-06 -1
vn 4.35846e-07 -3.4361e-06 -1
vn 1.21017e-06 4.18711e-07 -1
vn -1.00785e-06 -1.51927e-06 -1
vn -1.33804e-06 -2.31067e-06 -1
vn -3.2166e-07 2.41696e-06 -1
vn -4.00254e-07 -1.44559e-06 -1
vn 9.61169e-07 -2.74142e-06 -1
vn 1.25785e-06 1.11079e-06 -1
vn -5.3238e-07 -1.2026e-06 -1
vn 2.26696e-07 1.5286e-06 -1
vn -3.90976e-09 -3.10264e-06 -1
vn 1.29199e-06 3.05411e-06 -1
vn 3.09649e-07 1.6874e-06 -1
vn 1.1783e-06 5.72e-07 -1
vn 6.57011e-07 -3.82887e-07 -1
vn -1.01081e-07 -1.23597e-06 -1
vn 1.90689e-06 -1.30332e-06 -1
vn 9.76407e-07 -8.54144e-07 -1
vn 2.04896e-06 1.0135e-06 -1
vn -2.47033e-06 2.06438e-06 -1
vn -9.24246e-07 -6.35496e-07 -1
vn 4.25431e-07 1.37825e-06 -1
vn 2.5614e-06 -2.46172e-06 -1
vn 2.47221e-06 -1.5822e-07 -1
vn -1.63109e-06 -4.45815e-06 -1
vn 6.22796e-07 2.31955e-07 -1
vn -5.52984e-07 -1.17752e-06 -1
vn -1.33687e-06 -1.07991e-06 -1
vn -1.40321e-06 -9.84394e-07 -1
vn -2.33983e-06 -1.15718e-06 -1
vn -1.59934e-06 -2.1057e-06 -1
vn 1.22603e-07 7.54263e-07 -1
vn 3.26802e-07 2.0295e-06 -1
vn -1.19815e-06 2.31605e-06 -1
vn -1.86349e-07 1.28477e-06 -1
vn -2.30419e-06 -1.394e-06 -1
vn 6.70564e-07 2.03597e-06 -1
vn -1.54193e-06 -1.38251e-06 -1
vn 1.34717e-06 -2.87168e-06 -1
vn 1.39066e-06 2.19869e-06 -1
vn -2.61019e-06 -1.86118e-07 -1
vn -1.14803e-06 1.83081e-06 -1
vn 9.6607e-07 4.8784e-07 -1
vn 2.8639e-07 1.45307e-06 -1
vn 1.37104e-06 -1.97776e-06 -1
vn 2.6454e-07 4.08323e-06 -1
vn -3.63964e-07 -1.53099e-06 -1
vn 2.52121e-06 -1.12487e-06 -1
vn -4.65687e-06 3.57878e-06 -1
vn -1.03215e-06 -7.36884e-07 -1
vn 1.00366e-06 -1.85329e-06 -1
vn -1.04738e-06 -7.94768e-07 -1
vn 2.02828e-06 -1.87819e-06 -1
vn 8.20107e-07 4.73659e-06 -1
vn 1.27369e-06 1.84287e-06 -1
vn 2.11755e-06 -1.83091e-06 -1
vn -1.67129e-06 2.02892e-06 -1
vn -1.14002e-06 2.97856e-07 -1
vn -4.03734e-07 -2.06094e-06 -1
vn 2.19302e-07 -8.81605e-07 -1
vn 1.131e-07 -1.31667e-06 -1
vn 5.89616e-07 3.69054e-06 -1
vn 9.43791e-07 -1.10351e-06 -1
vn 3.41948e-07 2.56305e-06 -1
vn 1.56801e-09 -1.49286e-06 -1
vn -9.77655e-07 -2.99499e-06 -1
vn -4.48544e-07 -2.67695e-06 -1
vn 1.90579e-06 4.0097e-06 -1
vn -1.77609e-06 -1.15965e-06 -1
vn 8.75057e-07 -8.80894e-07 -1
vn 8.06812e-07 1.62522e-06 -1
vn 3.02969e-06 2.99764e-07 -1
vn 4.7079e-06 -4.0249e-06 -1
vn -2.3512e-07 2.1878e-06 -1
vn -3.05024e-06 -1.93688e-08 -1
vn -7.78524e-07 1.65881e-07 -1
vn -3.09737e-07 2.22511e-06 -1
vn -1.19434e-06 4.2357e-07 -1
vn 1.15136e-06 5.05247e-06 -1
vn -5.79859e-07 -1.44572e-06 -1
vn -2.32017e-06 -2.21326e-06 -1
vn -9.93164e-07 1.55335e-06 -1
vn 8.07177e-07 6.3613e-07 -1
vn -1.11804e-06 1.21838e-06 -1
vn 1.12025e-06 2.05334e-07 -1
vn -9.50803e-09 2.91571e-07 -1
vn -2.51084e-06 -1.6767e-07 -1
vn -2.54179e-06 8.68958e-07 -1
vn -3.56496e-07 -2.6456e-06 -1
vn 7.73648e-07 1.31707e-06 -1
vn 9.87581e-07 1.59095e-06 -1
vn 1.0843e-06 3.70369e-06 -1
vn -1.02552e-06 -1.20699e-07 -1
vn -1.66395e-06 4.55778e-07 -1
vn -1.33942e-06 -1.3187e-06 -1
vn 1.48378e-06 -2.59054e-06 -1
vn -5.55289e-07 -1.30684e-06 -1
vn 8.23158e-07 8.94802e-07 -1
vn 1.84961e-06 6.75954e-07 -1
vn -1.01029e-06 -1.0966e-06 -1
vn 8.54661e-07 1.41527e-06 -1
vn 2.45947e-06 1.82857e-06 -1
vn 9.42199e-07 8.27799e-07 -1
vn 9.01301e-07 1.33532e-06 -1
vn 1.02343e-06 -4.64382e-06 -1
vn -3.07415e-06 9.8872e-07 -1
vn -1.66706e-06 -1.88067e-06 -1
vn -1.70251e-06 1.50767e-07 -1
vn 2.02437e-06 1.3264e-06 -1
vn 9.85842e-07 -1.84501e-06 -1
vn 7.86601e-07 -8.6495e-07 -1
vn 3.08283e-07 1.38337e-06 -1
vn 1.62661e-06 -3.70565e-06 -1
vn 3.78315e-07 8.01193e-06 -1
vn -1.57757e-06 -3.09522e-06 -1
vn 2.98582e-06 1.81255e-06 -1
vn 4.73851e-06 -3.37974e-06 -1
vn -1.85803e-06 -8.89568e-07 -1
vn -9.19584e-08 -3.72785e-06 -1
vn -3.6235e-06 -2.36179e-06 -1
vn -7.34737e-08 -5.69842e-06 -1
vn -4.28233e-06 4.50255e-06 -1
vn 1.88431e-06 1.19489e-06 -1
vn 2.14564e-07 -7.85663e-07 -1
vn -2.01929e-07 -3.88563e-06 -1
vn -3.69876e-06 6.16322e-07 -1
vn -2.54351e-06 1.97961e-06 -1
vn 1.58411e-07 5.00748e-07 -1
vn 4.39884e-06 -8.13991e-07 -1
vn 1.11815e-06 1.1147e-06 -1
vn -4.83495e-07 -1.56292e-06 -1
vn -5.21219e-07 7.3604e-07 -1
vn 3.37635e-07 -9.54879e-07 -1
vn 3.58981e-06 1.33204e-06 -1
vn 1.34872e-06 -5.09309e-06 -1
vn -2.80567e-06 3.46606e-07 -1
vn 6.92394e-07 -5.25118e-06 -1
vn 2.00775e-06 -5.06772e-07 -1
vn -1.25479e-06 1.64382e-07 -1
vn 3.80748e-07 2.10699e-06 -1
vn -1.56831e-06 -1.63782e-06 -1
vn -9.8389e-07 -1.17511e-06 -1
vn -2.12432e-07 3.99757e-06 -1
vn -1.81104e-06 -4.69187e-06 -1
vn -4.05502e-06 5.39463e-07 -1
vn 2.70801e-08 1.70876e-06 -1
vn 3.13408e-06 4.058e-06 -1
vn 2.0554e-05 -1.77591e-05 -1
vn 3.68645e-07 -1.68032e-06 -1
vn 1.6228e-06 -2.91406e-06 -1
vn 1.36937e-06 -4.32166e-06 -1
vn 1.70786e-06 -2.48868e-06 -1
vn -1.04138e-06 4.58661e-07 -1
vn -1.21658e-05 -1.92871e-06 -1
vn -2.95507e-06 8.8872e-07 -1
vn -2.32373e-06 2.58684e-06 -1
vn 4.63806e-06 1.92572e-06 -1
vn -1.56205e-05 3.26058e-06 -1
vn -1.42303e-05 3.6917e-07 -1
vn -9.25704e-08 3.53936e-06 -1
vn 3.82718e-06 -3.87315e-06 -1
vn -1.39924e-05 -3.78777e-06 -1
vn -1.63467e-06 1.40202e-06 -1
vn -1.25431e-06 3.39674e-06 -1
vn -0.00141112 0.00156681 -0.999998
vn -0.0115561 0.0105839 -0.999877
vn -0.00196458 0.0044019 -0.999988
vn -6.91766e-07 4.15354e-05 -1
vn -0.00605481 0.0421161 -0.999094
vn 0.00192238 0.0140587 -0.999899
vn 0.00840535 0.0608208 -0.998113
vn 8.18046e-05 0.000166505 -1
vn -0.0159777 0.0826711 -0.996449
vn 0.0068484 0.00813472 -0.999943
vn -5.58044e-06 3.37812e-06 -1
vn -0.0171113 -0.228372 -0.973423
vn 1.2748e-07 1.46476e-06 -1
vn -2.76145e-07 9.77771e-07 -1
vn 1.85768e-06 -1.16939e-06 -1
vn -1.48893e-06 -2.11551e-05 -1
vn -1.66511e-06 -1.62689e-06 -1
vn 2.11552e-05 8.62433e-07 -1
vn 2.058e-06 -3.34368e-06 -1
vn 2.62315e-06 1.07964e-06 -1
vn 2.68418e-06 -1.6331e-07 -1
vn 1.69437e-05 -9.9957e-06 -1
vn -3.64625e-05 2.48148e-05 -1
vn 2.0447e-06 -2.80286e-06 -1
vn 1.57746e-05 -2.65921e-05 -1
vn 6.03743e-06 -2.47932e-05 -1
vn -3.7251e-05 1.5607e-05 -1
vn 4.19473e-05 9.10759e-06 -1
vn -1.37848e-05 3.00843e-05 -1
vn -3.01275e-05 1.74844e-05 -1
vn -6.05672e-06 8.35951e-06 -1
vn 1.57268e-05 -9.28011e-06 -1
vn 2.44035e-05 -2.22354e-05 -1
vn 5.11982e-06 -5.28017e-06 -1
vn -5.99922e-06 8.94401e-07 -1
vn -1.63471e-06 3.80919e-06 -1
vn 2.57175e-06 -2.08946e-06 -1
vn 1.7834e-05 -6.7767e-06 -1
vn -6.5247e-06 1.22243e-05 -1
vn 9.89119e-06 -1.73562e-06 -1
vn -1.97569e-05 1.06254e-05 -1
vn -1.31858e-06 -1.9243e-06 -1
vn -0.0135378 -0.776191 -0.630352
vn -0.00415345 -0.186136 -0.982515
vn -3.75855e-06 -2.3452e-05 -1
vn 2.35002e-07 -4.30919e-07 -1
vn -9.54724e-07 -3.8111e-06 -1
vn 3.26743e-06 4.19604e-06 -1
vn -1.38118e-06 -1.65003e-06 -1
vn -1.76477e-06 7.42893e-09 -1
vn 1.57201e-06 -1.51348e-06 -1
vn 3.838e-07 1.87929e-06 -1
vn -1.11411e-06 1.2163e-06 -1
vn 9.09596e-07 2.59396e-06 -1
vn 9.82812e-07 3.19177e-06 -1
vn 1.61825e-06 -2.27383e-06 -1
vn 2.35472e-07 2.65871e-06 -1
vn 1.83053e-06 9.62686e-07 -1
vn -1.65957e-06 -1.39676e-08 -1
vn -1.02793e-07 1.39226e-07 -1
vn 2.78057e-06 -1.18936e-06 -1
vn -4.30374e-07 -3.91623e-06 -1
vn 1.67598e-06 -1.65284e-08 -1
vn -1.45943e-06 -1.55489e-06 -1
vn 3.11512e-06 -1.15747e-06 -1
vn 1.51037e-06 3.19318e-06 -1
vn -1.03019e-06 8.64859e-07 -1
vn -1.72813e-06 6.04849e-07 -1
vn 2.47044e-06 6.72978e-07 -1
vn -7.71909e-08 1.72846e-06 -1
vn 4.48763e-07 -5.77089e-07 -1
vn 3.0106e-06 3.77475e-06 -1
vn 1.9922e-06 2.04332e-06 -1
vn 1.06769e-07 3.62052e-06 -1
vn -3.24222e-06 -6.65508e-07 -1
vn 1.31071e-06 4.77386e-07 -1
vn -8.11706e-09 1.90678e-06 -1
vn 6.84411e-07 1.58473e-06 -1
vn -2.3172e-06 -1.88469e-06 -1
vn -5.85444e-07 2.56289e-06 -1
vn 4.72166e-08 4.2325e-08 -1
vn 2.77915e-06 -2.72358e-06 -1
vn 2.66304e-06 -1.50432e-06 -1
vn -7.63218e-07 -2.59969e-08 -1
vn 3.3095e-06 -2.5272e-06 -1
vn -2.77697e-06 2.62272e-06 -1
vn -1.05831e-06 -4.25125e-07 -1
vn 4.90761e-07 2.86383e-07 -1
vn 1.01556e-06 5.96724e-07 -1
vn -4.79668e-06 2.24429e-06 -1
vn -2.60501e-06 2.51417e-06 -1
vn -2.00387e-06 1.56934e-07 -1
vn 1.42837e-06 -2.85933e-06 -1
vn -3.35647e-07 5.95741e-07 -1
vn -1.298e-06 2.66763e-07 -1
vn -1.47163e-06 3.45529e-07 -1
vn -9.27643e-07 -1.34881e-06 -1
vn 6.61321e-07 1.54533e-08 -1
vn 5.28493e-08 -9.45368e-07 -1
vn 1.32858e-07 2.30214e-06 -1
vn -2.19393e-07 1.73291e-06 -1
vn -1.10875e-06 2.98934e-06 -1
vn 2.0346e-06 -7.05592e-07 -1
vn 1.08249e-06 -3.08471e-08 -1
vn -1.19755e-06 2.23604e-07 -1
vn 2.69872e-06 2.39616e-07 -1
vn 1.50854e-06 5.82909e-07 -1
vn -1.51516e-06 2.36485e-06 -1
vn -4.35139e-07 -6.73133e-08 -1
vn -1.9304e-06 2.12782e-06 -1
vn -8.7122e-07 1.06085e-09 -1
vn -3.11025e-06 -2.54751e-06 -1
vn -4.83879e-05 -2.13694e-06 -1
vn -1.07817e-05 2.45611e-06 -1
vn 4.2108e-06 3.6629e-06 -1
vn -8.87783e-07 -3.02217e-06 -1
vn 1.00028e-06 -6.23605e-06 -1
vn 2.7535e-06 2.10321e-06 -1
vn 1.94886e-07 1.42506e-06 -1
vn -8.30683e-07 -1.4897e-06 -1
vn -1.22367e-06 -3.06733e-06 -1
vn 9.33396e-07 4.96858e-07 -1
vn 3.98576e-07 -2.86474e-07 -1
vn 1.26952e-06 -5.475e-07 -1
vn 7.22286e-07 -9.20886e-07 -1
vn -1.73753e-07 -1.28181e-06 -1
vn 1.75502e-07 -3.08455e-06 -1
vn 2.47619e-07 8.75435e-07 -1
vn 1.03486e-06 -1.7199e-07 -1
vn -4.39114e-07 -3.11222e-06 -1
vn 2.60251e-06 1.31212e-06 -1
vn -4.57228e-06 3.23251e-06 -1
vn 1.11661e-06 -1.52221e-06 -1
vn 1.61221e-06 3.02961e-06 -1
vn -1.80063e-06 3.76534e-08 -1
vn -1.58796e-06 3.84193e-07 -1
vn 1.2858e-06 1.08292e-06 -1
vn 1.76737e-06 7.6064e-07 -1
vn 7.89753e-07 6.0462e-07 -1
vn 3.96842e-06 2.3033e-06 -1
vn -2.5523e-06 -1.40762e-06 -1
vn 2.72479e-06 2.62286e-06 -1
vn -1.76592e-06 6.11281e-07 -1
vn 1.91832e-06 1.00588e-06 -1
vn -2.78035e-06 4.0882e-07 -1
vn -9.48225e-07 -1.12773e-06 -1
vn -4.41869e-06 -4.45445e-06 -1
vn 3.88902e-06 3.26048e-06 -1
vn -3.73126e-06 -3.03062e-06 -1
vn -1.19172e-07 -6.1208e-08 -1
vn -1.64021e-07 -2.50775e-06 -1
vn 1.34443e-06 3.66101e-06 -1
vn -1.06148e-06 3.22043e-06 -1
vn 1.47138e-06 -5.97269e-07 -1
vn 1.18676e-06 -1.08137e-07 -1
vn -2.97156e-06 4.17602e-06 -1
vn 6.09165e-07 -2.04056e-06 -1
vn 2.79844e-06 2.09731e-06 -1
vn 1.58878e-06 -4.0906e-08 -1
vn 2.10921e-06 7.62778e-07 -1
vn -2.53514e-08 -1.69443e-06 -1
vn -8.34485e-06 -2.88051e-07 -1
vn 9.76273e-07 -1.17039e-07 -1
vn 2.71321e-06 3.8785e-06 -1
vn -1.02279e-06 -9.04614e-08 -1
vn -1.58641e-06 7.27705e-07 -1
vn -1.61033e-06 -1.31417e-06 -1
vn -2.0398e-05 1.92879e-06 -1
vn 5.10337e-06 3.5306e-07 -1
vn 2.8274e-06 -1.51487e-06 -1
vn 4.60148e-07 -1.55234e-06 -1
vn 3.48302e-06 2.13614e-06 -1
vn 6.30511e-07 -5.15962e-06 -1
vn -3.04756e-06 3.3271e-07 -1
vn -1.64148e-06 -4.25e-08 -1
vn -8.71982e-07 8.76703e-07 -1
vn -2.48929e-06 -1.26214e-06 -1
vn 3.05233e-06 1.50191e-06 -1
vn 2.298e-07 -3.98458e-06 -1
vn -1.45719e-06 -4.1575e-06 -1
vn -1.34026e-06 -2.69026e-06 -1
vn 1.20214e-06 -7.32367e-07 -1
vn 1.25871e-07 1.09697e-06 -1
vn 1.1461e-06 -8.86401e-07 -1
vn 2.17213e-07 9.81726e-07 -1
vn 2.17957e-06 -1.70509e-06 -1
vn 9.93098e-07 4.57243e-06 -1
vn -2.00263e-06 3.06928e-06 -1
vn 2.96621e-07 2.18898e-06 -1
vn -1.59685e-06 2.15448e-06 -1
vn 6.07113e-07 2.55312e-07 -1
vn -6.19285e-08 2.09963e-06 -1
vn -1.2037e-06 8.24016e-07 -1
vn -2.93016e-06 -2.47519e-06 -1
vn 4.72186e-07 -3.54239e-06 -1
vn 7.89905e-07 -6.90536e-07 -1
vn 2.0685e-06 -6.47551e-07 -1
vn 3.16667e-06 2.76671e-06 -1
vn -3.3087e-06 -1.75946e-06 -1
vn -1.63424e-07 -1.41124e-06 -1
vn -3.25256e-07 6.38538e-07 -1
vn 3.8334e-06 3.10657e-07 -1
vn 9.00557e-08 -2.44323e-06 -1
vn 1.21096e-06 1.53946e-06 -1
vn -5.37783e-07 -2.77313e-06 -1
vn 7.59509e-07 8.30979e-07 -1
vn 2.03177e-06 -6.21696e-07 -1
vn 3.69784e-07 1.26286e-06 -1
vn -4.05569e-06 -2.38657e-06 -1
vn 1.52003e-06 2.87568e-07 -1
vn -1.85857e-06 -1.854e-06 -1
vn 2.29838e-06 -4.4139e-08 -1
vn -5.37602e-08 -4.38653e-07 -1
vn 3.69209e-07 3.14805e-06 -1
vn 5.48976e-07 -1.09124e-06 -1
vn -2.7435e-06 -1.79494e-06 -1
vn -2.71943e-06 1.35032e-06 -1
vn -1.47152e-06 -1.36965e-06 -1
vn -1.79683e-06 -4.13317e-07 -1
vn -3.4978e-07 1.68752e-06 -1
vn 1.7237e-07 -9.50243e-07 -1
vn -6.28137e-07 -3.67946e-06 -1
vn 5.90274e-07 -1.73392e-07 -1
vn -1.05854e-06 5.67341e-07 -1
vn 1.23448e-06 2.63975e-07 -1
vn -5.65127e-06 -2.80874e-07 -1
vn -1.59623e-06 1.97075e-06 -1
vn 1.94083e-06 1.26421e-06 -1
vn 3.36564e-07 5.93316e-06 -1
vn -2.55595e-06 1.78996e-06 -1
vn -7.82272e-07 -3.69156e-06 -1
vn 6.82954e-07 3.16999e-06 -1
vn 4.4423e-07 -1.31586e-06 -1
vn -2.08096e-06 2.57984e-06 -1
vn -1.52539e-06 -6.38822e-07 -1
vn -1.534e-06 2.6836e-06 -1
vn 1.94014e-06 2.86841e-07 -1
vn 2.318e-06 1.67914e-06 -1
vn 3.37644e-06 2.65732e-06 -1
vn -5.29095e-07 3.26537e-07 -1
vn -1.00845e-06 -4.38085e-06 -1
vn 1.28014e-06 3.79202e-07 -1
vn -6.01315e-08 -2.28358e-06 -1
vn -1.57825e-07 1.43643e-06 -1
vn 1.14877e-06 -2.88816e-06 -1
vn 2.63484e-06 -1.68791e-06 -1
vn 9.41783e-07 6.25923e-07 -1
vn -1.79481e-06 1.08348e-06 -1
vn 1.75611e-06 -2.62477e-07 -1
vn -1.40106e-06 1.81241e-06 -1
vn -2.27736e-06 3.52121e-06 -1
vn -1.65306e-06 -7.92366e-07 -1
vn 9.5241e-07 5.60152e-06 -1
vn -1.96066e-06 -2.73579e-07 -1
vn 3.53544e-07 -8.12953e-07 -1
vn -2.34114e-07 -9.17085e-07 -1
vn 1.5082e-06 -1.31358e-06 -1
vn 1.25795e-07 -1.27415e-06 -1
vn 1.50032e-06 2.81399e-07 -1
vn 3.94e-07 -1.43316e-06 -1
vn -2.50839e-07 4.26991e-06 -1
vn 1.50134e-06 1.54858e-06 -1
vn -7.61177e-10 -8.97668e-07 -1
vn -9.18595e-07 -1.92815e-07 -1
vn 1.43537e-06 7.74886e-07 -1
vn -5.91587e-07 2.04797e-07 -1
vn 1.0864e-06 -5.64429e-07 -1
vn -2.8545e-06 -4.24344e-07 -1
vn 1.66045e-06 2.43557e-07 -1
vn 1.25855e-07 1.47587e-06 -1
vn 5.92351e-07 -1.69561e-07 -1
vn -1.92106e-06 -9.4909e-07 -1
vn 2.50005e-06 -1.40248e-06 -1
vn 1.0103e-06 1.2525e-06 -1
vn 6.32215e-07 -2.70352e-06 -1
vn -7.89815e-07 -2.61855e-07 -1
vn 1.02283e-06 1.12796e-06 -1
vn 6.00785e-07 1.129e-06 -1
vn -2.0141e-07 -2.27197e-08 -1
vn -1.73012e-06 3.58901e-07 -1
vn -1.52783e-06 -7.86969e-07 -1
vn -1.71203e-06 1.61644e-06 -1
vn 3.1137e-07 -3.02237e-06 -1
vn -2.20292e-06 1.76353e-08 -1
vn -5.05383e-07 -2.96945e-06 -1
vn 3.49377e-06 -1.5801e-06 -1
vn 6.09298e-07 7.89927e-07 -1
vn -7.25116e-07 2.36507e-06 -1
vn -7.81542e-07 2.30211e-06 -1
vn -2.36266e-07 -1.55061e-06 -1
vn -2.0179e-06 -2.0443e-06 -1
vn 3.50559e-07 7.24626e-07 -1
vn 4.14076e-06 3.98925e-07 -1
vn 2.53026e-06 -1.70664e-06 -1
vn -6.15671e-07 -3.43813e-06 -1
vn -1.05773e-06 7.55324e-07 -1
vn 2.26954e-06 2.1869e-06 -1
vn -2.05307e-06 -4.12203e-07 -1
vn 2.63502e-06 -9.15058e-07 -1
vn 1.77775e-07 7.56283e-07 -1
vn -1.40364e-06 -4.36561e-06 -1
vn -2.65309e-06 2.15398e-07 -1
vn 1.64784e-06 2.32183e-06 -1
vn -7.32582e-07 2.5299e-06 -1
vn 1.62307e-06 6.65101e-07 -1
vn -1.48566e-06 3.24103e-07 -1
vn -1.19694e-06 1.01582e-06 -1
vn 9.39604e-07 -7.33574e-07 -1
vn 1.16886e-06 1.0538e-06 -1
vn -8.73275e-07 1.63646e-06 -1
vn 1.28839e-06 -6.06167e-07 -1
vn 1.76332e-06 1.73363e-08 -1
vn -1.00876e-06 -5.36904e-07 -1
vn -2.53787e-07 1.64155e-06 -1
vn -2.67225e-06 -2.75612e-07 -1
vn -9.83112e-07 -1.12951e-06 -1
vn -7.5708e-07 3.48623e-07 -1
vn 1.93983e-06 -4.16034e-07 -1
vn -5.58778e-08 3.06922e-06 -1
vn -8.83411e-07 5.4781e-07 -1
vn 2.23725e-06 -7.02979e-07 -1
vn -8.57932e-07 2.69776e-06 -1
vn 1.25576e-06 -2.44247e-07 -1
vn 8.16822e-08 2.19605e-06 -1
vn 9.85815e-07 -6.0077e-07 -1
vn -1.15132e-06 2.28476e-06 -1
vn -1.78912e-06 1.55934e-06 -1
vn -3.09621e-06 9.33575e-07 -1
vn 8.08375e-07 -7.76972e-07 -1
vn -1.39314e-06 9.49956e-07 -1
vn -1.87682e-09 1.47423e-06 -1
vn -1.53857e-06 -1.5434e-06 -1
vn -2.05038e-08 -1.86422e-06 -1
vn 1.01687e-06 4.05024e-06 -1
vn 2.92202e-07 -2.1225e-07 -1
vn 2.53186e-06 -2.12646e-06 -1
vn 5.05069e-07 -5.30265e-07 -1
vn -1.09064e-06 1.3496e-06 -1
vn -1.62233e-06 -9.63516e-07 -1
vn 8.51202e-07 -1.2577e-06 -1
vn 1.40079e-07 -2.59379e-06 -1
vn -3.8587e-06 1.01461e-06 -1
vn -2.41304e-06 -9.59728e-07 -1
vn 3.21814e-07 6.72393e-07 -1
vn -3.11926e-07 -1.22692e-06 -1
vn 1.29317e-06 4.50965e-07 -1
vn -7.05891e-07 4.94751e-08 -1
vn 3.61898e-06 -2.13893e-06 -1
vn 7.97678e-07 9.70997e-07 -1
vn -2.48647e-05 2.19055e-06 -1
vn -0.0188855 -0.198829 -0.979852
vn -0.0037035 -0.0974425 -0.995234
vn -0.0458595 -0.191712 -0.980379
vn -8.82565e-06 4.90892e-06 -1
vn -6.84914e-06 -1.24224e-05 -1
vn -1.07941e-05 1.44926e-05 -1
vn -6.69475e-06 -2.00398e-05 -1
vn -0.159299 -0.351214 -0.922644
vn -9.50986e-07 -1.16321e-05 -1
vn -1.00852e-05 -2.16152e-05 -1
vn 5.51016e-07 6.6398e-06 -1
vn 1.44184e-05 3.62372e-05 -1
vn 9.28236e-07 -4.92312e-06 -1
vn -3.03539e-05 3.25735e-05 -1
vn -3.08182e-06 -2.54481e-05 -1
vn -2.94464e-05 -9.49678e-06 -1
vn -8.08599e-05 9.40918e-05 -1
vn 1.00454e-06 -2.65137e-05 -1
vn 2.0883e-06 -7.56027e-07 -1
vn -1.82552e-05 -8.3002e-06 -1
vn 1.2288e-06 -8.15496e-07 -1
vn 7.5826e-06 1.47244e-05 -1
vn -1.96388e-07 -3.93417e-06 -1
vn 2.44568e-06 -9.78826e-06 -1
vn 1.08504e-06 5.78511e-06 -1
vn -2.69341e-06 -9.00404e-06 -1
vn -3.63215e-06 1.50361e-06 -1
vn 1.59115e-05 7.80172e-06 -1
vn -4.43247e-06 5.20314e-06 -1
vn -7.41753e-06 -3.48656e-06 -1
vn -7.73573e-06 1.41792e-06 -1
vn -7.48294e-07 9.2296e-08 -1
vn -1.05129e-06 2.84355e-07 -1
vn -4.14403e-07 3.34087e-06 -1
vn 5.3479e-07 4.09269e-06 -1
vn 1.39025e-06 3.66245e-07 -1
vn 2.61054e-06 1.62295e-06 -1
vn -6.72245e-07 2.15349e-06 -1
vn 8.54353e-07 -1.6198e-06 -1
vn 1.55683e-06 5.257e-06 -1
vn -1.42696e-06 3.312e-06 -1
vn 3.33426e-06 -7.30225e-07 -1
vn -1.2309e-06 3.68439e-06 -1
vn -1.94989e-06 4.40395e-07 -1
vn -1.59329e-05 -1.02414e-05 -1
vn 9.78682e-06 1.11446e-05 -1
vn -4.3444e-07 -6.94417e-06 -1
vn 8.12567e-06 -1.97293e-06 -1
vn 4.72468e-06 -1.70688e-06 -1
vn -6.34358e-06 -5.98531e-06 -1
vn -2.2109e-06 1.23607e-06 -1
vn 3.65083e-07 3.46362e-08 -1
vn 2.67866e-06 2.17075e-06 -1
vn -2.65575e-05 -1.42991e-05 -1
vn 6.84762e-06 7.87867e-06 -1
vn 5.52803e-07 3.20851e-06 -1
vn 6.2047e-06 -6.07526e-06 -1
vn -1.54437e-07 2.32139e-07 -1
vn -1.20139e-06 2.11309e-09 -1
vn -2.64277e-06 -1.79686e-06 -1
vn 1.03512e-06 4.22853e-07 -1
vn 6.30591e-07 -1.6362e-06 -1
vn -8.04391e-08 -1.95196e-06 -1
vn -2.24839e-06 6.01772e-07 -1
vn -9.60895e-07 1.23552e-06 -1
vn -5.54856e-07 -2.09711e-07 -1
vn -3.73968e-06 3.55711e-07 -1
vn -3.64983e-06 1.65398e-06 -1
vn 3.17189e-07 3.47954e-07 -1
vn 1.10477e-06 1.6589e-07 -1
vn -0.028085 0.0136936 -0.999512
vn 1.76243e-06 1.13256e-07 -1
vn 7.18143e-06 2.75462e-06 -1
vn 1.00322e-06 -1.17692e-06 -1
vn 3.78488e-07 -3.37e-06 -1
vn -4.47391e-07 -4.03563e-07 -1
vn 1.29626e-05 1.43643e-06 -1
vn -9.68779e-07 4.07647e-06 -1
vn 1.16188e-05 5.89079e-06 -1
vn -0.0353807 -0.025111 -0.999058
vn 1.07578e-06 1.44233e-06 -1
vn 1.16329e-06 1.46361e-08 -1
vn -0.0628673 0.0484765 -0.996844
vn 0.00136962 0.0485959 -0.998818
vn -3.65357e-06 -3.72146e-05 -1
vn -0.0808107 -0.0363881 -0.996065
vn -0.0230929 0.0858623 -0.996039
vn 0.0725845 0.0930805 -0.993009
vn -0.0926679 -0.0675565 -0.993403
vn 0.0778418 0.130635 -0.98837
vn 1.60543e-07 8.73197e-07 -1
vn -2.58607e-05 -4.45711e-06 -1
vn 7.34251e-05 -1.28204e-05 -1
vn -0.016729 0.0565197 -0.998261
vn -8.75128e-06 -2.93848e-05 -1
vn 4.04511e-05 -2.48284e-06 -1
vn 0.0227027 0.0469275 -0.99864
vn -0.0853909 -0.13026 -0.987796
vn -0.107678 -0.113485 -0.987688
vn -0.000758105 0.280282 -0.959918
vn -0.135743 -0.137358 -0.981176
vn 2.10183e-05 -4.73769e-05 -1
vn -0.0153977 0.208355 -0.977932
vn -2.42161e-05 9.95438e-07 -1
vn 2.23351e-05 1.81416e-05 -1
vn 1.22878e-05 3.2113e-05 -1
vn 2.62635e-05 7.10091e-06 -1
vn 6.28742e-07 7.49059e-07 -1
vn 0.043183 -0.579425 -0.81388
vn -0.0217041 -0.0585262 -0.99805
vn 1.6001e-05 1.0256e-05 -1
vn -1.62473e-06 -6.23123e-06 -1
vn -0.00201736 -0.0124515 -0.99992
vn 2.49095e-06 -5.78114e-06 -1
vn -4.4866e-07 5.03777e-06 -1
vn 5.17202e-06 -9.78202e-06 -1
vn -1.21735e-06 -4.50068e-06 -1
vn -4.05752e-06 3.64758e-05 -1
vn 3.22742e-06 9.45763e-07 -1
vn 8.36203e-07 9.1297e-05 -1
vn 0.00621728 -0.31612 -0.948699
vn -0.011749 -0.193953 -0.980941
vn -0.00893214 -0.599903 -0.800023
vn -0.00506781 -0.679925 -0.733264
vn -0.00527606 -0.0433798 -0.999045
vn 0.022426 -0.384572 -0.922823
vn -0.140846 -0.387133 -0.911203
vn 0.00175452 0.451506 -0.892266
vn -0.024804 0.31625 -0.948351
vn 0.0752187 0.469738 -0.879596
vn -0.00636484 -0.263972 -0.964509
vn -0.0061741 0.0326006 -0.999449
vn -0.018643 -0.285493 -0.958199
vn -0.0239362 -0.131928 -0.99097
vn -0.0383051 -0.213678 -0.976153
vn -0.0407821 -0.241328 -0.969586
vn -0.0227222 -0.285787 -0.958024
vn 1.13439e-06 9.9342e-06 -1
vn 1.45621e-05 -2.30437e-05 -1
vn -6.58294e-06 6.89965e-06 -1
vn 1.47043e-05 -4.53849e-06 -1
vn 4.89056e-05 5.86735e-06 -1
vn 4.42244e-05 -7.77496e-06 -1
vn 5.02197e-06 -9.87226e-06 -1
vn 3.14083e-05 8.47341e-06 -1
vn -2.50651e-06 2.8609e-05 -1
vn -2.88061e-05 1.10891e-05 -1
vn -1.0077e-06 1.7797e-05 -1
vn -4.16345e-05 3.21172e-05 -1
vn -1.04346e-05 -4.05915e-05 -1
vn -3.34691e-05 -1.30734e-05 -1
vn -4.13284e-06 3.64533e-06 -1
vn -0.00540361 0.0042567 -0.999976
vn 1.83686e-05 -2.48844e-05 -1
vn -2.07097e-06 -1.05283e-06 -1
vn -1.82225e-06 -4.19538e-07 -1
vn 3.4153e-06 2.28407e-06 -1
vn -3.05576e-07 1.30474e-06 -1
vn -1.08323e-06 -3.20175e-06 -1
vn 2.54243e-06 1.08743e-07 -1
vn 2.33222e-06 -1.24224e-06 -1
vn -4.53711e-07 2.31533e-06 -1
vn -2.98314e-06 1.52146e-06 -1
vn 4.03035e-06 -1.58346e-06 -1
vn 1.25876e-06 -5.97396e-07 -1
vn 2.73329e-07 3.75357e-06 -1
vn -2.05672e-06 -5.08028e-06 -1
vn -9.49716e-07 -6.23999e-06 -1
vn -3.52815e-06 7.79608e-07 -1
vn -2.49297e-06 4.95464e-06 -1
vn 4.38012e-06 -1.04175e-07 -1
vn 1.79046e-06 5.48285e-06 -1
vn -1.62254e-06 -1.28926e-06 -1
vn -2.55712e-07 5.52257e-06 -1
vn 2.68925e-06 -3.20652e-06 -1
vn -4.65403e-07 -1.79242e-07 -1
vn -8.68681e-07 -1.81291e-06 -1
vn -6.96123e-07 -1.08591e-06 -1
vn 3.11712e-06 -1.91417e-06 -1
vn -4.93783e-07 -2.21755e-06 -1
vn 2.22171e-07 -4.48728e-08 -1
vn -2.93291e-06 2.91563e-06 -1
vn 5.91133e-07 -3.57943e-06 -1
vn 2.38977e-06 4.57271e-06 -1
vn 2.78178e-06 3.22597e-06 -1
vn 1.65193e-06 3.48962e-06 -1
vn -8.22306e-07 -3.03116e-06 -1
vn -2.65698e-06 1.61536e-06 -1
vn 5.52471e-06 8.88183e-06 -1
vn 5.72232e-07 1.12874e-06 -1
vn 5.36713e-07 -1.4943e-06 -1
vn 3.11398e-07 -1.40236e-06 -1
vn -3.6231e-07 -3.66708e-06 -1
vn -2.17311e-06 -2.72415e-06 -1
vn -8.06474e-07 -3.12755e-06 -1
vn 2.98928e-06 -4.09761e-07 -1
vn 3.12644e-06 -4.29311e-07 -1
vn -2.19176e-06 2.50178e-07 -1
vn -1.74365e-06 -1.67948e-06 -1
vn -9.38122e-07 -2.9381e-06 -1
vn -2.10257e-06 -3.46424e-06 -1
vn 8.78728e-07 7.72205e-07 -1
vn 1.49668e-06 -1.02255e-06 -1
vn -2.13015e-06 -2.00796e-06 -1
vn -1.49174e-06 -1.3317e-06 -1
vn 4.80166e-07 -1.94773e-06 -1
vn 1.10404e-06 1.69847e-06 -1
vn 3.6203e-06 5.60207e-07 -1
vn -4.7011e-07 8.84826e-07 -1
vn 2.45933e-06 -3.03959e-07 -1
vn 2.02203e-06 -1.39451e-06 -1
vn 1.52998e-06 6.34504e-07 -1
vn 7.59288e-07 -3.29816e-07 -1
vn -1.34085e-06 7.84945e-07 -1
vn -7.31055e-07 2.7155e-07 -1
vn -1.17522e-06 -1.37452e-06 -1
vn 9.55834e-08 1.63943e-08 -1
vn 2.388e-07 8.27139e-08 -1
vn -8.98258e-07 1.06627e-08 -1
vn -1.28017e-06 -5.09856e-07 -1
vn -3.79235e-06 1.27053e-06 -1
vn -7.45066e-07 2.84906e-06 -1
vn 2.50545e-06 2.82107e-06 -1
vn -2.28626e-06 -9.89525e-07 -1
vn 2.94976e-06 1.97465e-06 -1
vn -5.21865e-07 -8.84586e-07 -1
vn -4.60202e-06 -1.83662e-06 -1
vn 3.21071e-06 5.2391e-06 -1
vn 4.18743e-06 3.83995e-06 -1
vn 4.00868e-06 -4.96635e-06 -1
vn -1.30164e-06 2.21743e-06 -1
vn -8.69244e-06 -1.29943e-06 -1
vn 7.32478e-07 -1.52965e-07 -1
vn -1.7626e-06 2.29001e-07 -1
vn -2.6132e-06 6.48353e-06 -1
vn -3.68586e-06 6.27276e-06 -1
vn 3.33801e-06 -2.21349e-06 -1
vn -4.4085e-08 6.29993e-06 -1
vn 4.35948e-06 -2.83131e-06 -1
vn -3.5465e-06 1.45208e-06 -1
vn 4.49347e-06 -4.22705e-06 -1
vn -1.76817e-06 3.09338e-06 -1
vn 3.87204e-06 -1.82211e-06 -1
vn 1.17533e-06 6.02447e-06 -1
vn 8.89708e-07 1.60265e-06 -1
vn 6.79709e-07 6.34579e-07 -1
vn 4.71751e-06 4.97917e-06 -1
vn 4.40821e-06 1.26528e-05 -1
vn -3.10001e-05 2.45382e-05 -1
vn 0.00661496 0.119086 -0.992862
vn -0.0508135 0.0852156 -0.995066
vn -5.63695e-06 2.3812e-05 -1
vn -4.17068e-06 -5.33281e-06 -1
vn 1.80274e-05 -8.57061e-06 -1
vn -2.04865e-05 2.11242e-05 -1
vn 1.58523e-05 -7.86178e-06 -1
vn -2.91524e-05 1.7136e-05 -1
vn -1.08089e-06 3.96218e-06 -1
vn -3.2733e-05 2.28715e-05 -1
vn 3.77604e-05 -1.8917e-05 -1
vn -1.89919e-07 -5.4122e-06 -1
vn 3.10215e-05 -2.64181e-05 -1
vn 3.29554e-06 -4.33053e-06 -1
vn -0.0234647 -0.275605 -0.960984
vn -0.0202837 -0.741892 -0.670212
vn -0.0379883 -0.475574 -0.878855
vn -2.90749e-06 3.36457e-06 -1
vn -0.0174671 -0.0408634 -0.999012
vn -0.0211618 -0.116524 -0.992962
vn -3.92989e-06 -5.25893e-06 -1
vn -1.30002e-06 4.05387e-07 -1
vn -4.31278e-06 -1.78958e-07 -1
vn 3.89103e-06 3.78226e-08 -1
vn 6.88833e-07 -2.93803e-06 -1
vn -2.96186e-05 -1.54649e-06 -1
vn -1.92048e-05 -6.35203e-06 -1
vn -2.697e-07 -1.01856e-06 -1
vn -1.56501e-06 9.04111e-07 -1
vn 8.35099e-07 6.20631e-07 -1
vn -5.20771e-05 -2.71038e-06 -1
vn 1.97622e-06 -5.62597e-09 -1
vn -2.46564e-06 3.26187e-07 -1
vn -2.14469e-05 2.86887e-07 -1
vn -4.56428e-06 8.52888e-07 -1
vn -3.84427e-06 -6.12785e-06 -1
vn -3.13742e-05 6.65229e-06 -1
vn -6.76143e-06 -2.67011e-06 -1
vn -1.47157e-06 -5.37843e-07 -1
vn -1.48637e-06 -1.19004e-05 -1
vn 1.4402e-06 -3.40222e-07 -1
vn 7.15874e-07 1.60109e-06 -1
vn 8.69375e-07 -1.17525e-06 -1
vn 1.46384e-06 -1.48604e-06 -1
vn 1.55987e-06 4.24567e-06 -1
vn 1.09032e-06 2.78137e-06 -1
vn 2.31093e-07 -2.80554e-07 -1
vn 1.78647e-06 1.43923e-06 -1
vn 7.00831e-07 3.03128e-06 -1
vn 1.79869e-06 -2.42342e-06 -1
vn 2.14583e-06 -2.70465e-06 -1
vn 2.03629e-06 -2.88269e-07 -1
vn -2.23164e-07 -1.19214e-06 -1
vn -1.06462e-06 -2.23003e-06 -1
vn 5.12449e-07 -4.80192e-07 -1
vn 4.50835e-07 2.81283e-07 -1
vn -1.41232e-06 -9.33707e-07 -1
vn -8.53877e-07 6.43809e-07 -1
vn -1.37561e-06 1.27646e-06 -1
vn -9.07989e-07 -2.08169e-06 -1
vn 2.33317e-07 -5.68735e-07 -1
vn 2.1997e-06 -1.50735e-05 -1
vn 4.87896e-07 1.5103e-06 -1
vn -1.56124e-06 1.33872e-06 -1
vn 3.39369e-07 -1.71003e-07 -1
vn 3.95694e-07 2.46389e-06 -1
vn 6.94416e-07 -7.68346e-07 -1
vn 6.35429e-06 1.45939e-06 -1
vn -2.33475e-05 -1.00893e-05 -1
vn 9.83113e-06 -3.062e-06 -1
vn -1.29707e-05 9.98188e-06 -1
vn 7.30004e-05 0.000157093 -1
vn -1.19434e-05 6.07191e-05 -1
vn -1.25416e-05 -8.4003e-06 -1
vn -1.72379e-06 -1.15336e-06 -1
vn 5.7736e-07 1.64995e-06 -1
vn 1.83469e-06 9.63244e-07 -1
vn 2.88272e-07 3.95454e-08 -1
vn -1.14587e-06 -2.7331e-07 -1
vn 1.97798e-06 -1.86139e-06 -1
vn 1.88037e-06 -8.99861e-08 -1
vn -7.06754e-07 3.03378e-07 -1
vn 2.13304e-06 3.37986e-06 -1
vn -5.83002e-07 3.44443e-07 -1
vn -5.42398e-07 1.13756e-06 -1
vn -6.09989e-07 2.74413e-07 -1
vn -5.83733e-07 -2.10576e-07 -1
vn -3.85226e-07 9.20815e-09 -1
vn -1.24947e-06 8.35137e-07 -1
vn 1.4583e-07 -1.72614e-06 -1
vn -7.90646e-07 9.2794e-07 -1
vn 8.17733e-07 -8.49577e-08 -1
vn -2.14816e-07 -7.26002e-07 -1
vn 9.13117e-07 -3.65687e-08 -1
vn -2.67905e-07 -3.45308e-07 -1
vn 6.56806e-07 9.29803e-07 -1
vn 2.58807e-07 -1.58502e-07 -1
vn 7.8909e-07 -6.83363e-07 -1
vn -5.36827e-07 7.93536e-07 -1
vn 1.28556e-06 -5.79754e-07 -1
vn -9.58937e-07 2.02897e-06 -1
vn -1.19055e-06 2.04102e-06 -1
vn 1.66331e-06 -1.49403e-06 -1
vn -8.2469e-07 -3.44497e-07 -1
vn -6.87236e-07 -1.93272e-06 -1
vn 1.48138e-06 1.36363e-06 -1
vn 2.84739e-07 -1.40062e-06 -1
vn 8.37095e-07 -1.36761e-06 -1
vn -1.2018e-07 -3.72455e-07 -1
vn -1.68409e-07 1.0846e-06 -1
vn 1.03064e-06 -2.10175e-07 -1
vn -3.31133e-07 -1.51414e-06 -1
vn -1.55e-05 -4.44762e-06 -1
vn -5.43762e-07 -2.32023e-06 -1
vn 1.72358e-06 4.55692e-06 -1
vn 2.51238e-05 -1.27281e-05 -1
vn 7.28386e-06 -3.96103e-07 -1
vn -1.21778e-06 -8.99598e-06 -1
vn -0.0167418 0.0925584 -0.995566
vn 2.61367e-06 -3.85038e-06 -1
vn 1.64685e-06 -2.43091e-06 -1
vn -3.89591e-06 8.33751e-07 -1
vn 5.62391e-07 -1.1318e-06 -1
vn 5.40239e-06 -4.13612e-06 -1
vn -2.62282e-06 -7.52341e-06 -1
vn -0.0277177 0.0319845 -0.999104
vn -0.0100497 -0.0730992 -0.997274
vn -0.0776138 0.00747964 -0.996955
vn -0.054417 -0.0394874 -0.997737
vn -0.020717 -0.0123597 -0.999709
vn -3.85738e-07 2.13479e-06 -1
vn 1.2813e-05 2.9914e-06 -1
vn 3.90634e-06 1.11195e-05 -1
vn -3.52172e-06 -1.1385e-08 -1
vn 1.83369e-05 -2.82474e-05 -1
vn -4.55269e-07 3.33478e-06 -1
vn -4.27317e-06 -1.97146e-06 -1
vn -4.20944e-08 2.82527e-07 -1
vn 3.40477e-06 -3.70003e-07 -1
vn 2.38811e-06 -1.82399e-06 -1
vn -2.21952e-06 5.97995e-06 -1
vn 3.95753e-06 -2.72221e-06 -1
vn -8.60103e-07 2.92846e-06 -1
vn 3.66978e-06 -5.21526e-06 -1
vn -6.9757e-07 -1.98268e-06 -1
vn -2.80581e-06 6.13848e-07 -1
vn 2.63335e-06 -9.18244e-08 -1
vn -1.87496e-07 -2.69011e-06 -1
vn -6.28696e-07 -3.12105e-06 -1
vn 1.72264e-06 1.68057e-06 -1
vn 7.96184e-07 1.72923e-06 -1
vn -3.52829e-06 2.90803e-06 -1
vn 1.33727e-06 9.69434e-07 -1
vn -1.72938e-06 2.69909e-06 -1
vn -1.01296e-06 -1.97465e-06 -1
vn 4.42908e-08 -1.02828e-06 -1
vn -1.05078e-06 1.2671e-06 -1
vn 1.32219e-06 -5.09301e-07 -1
vn -9.81832e-07 2.32264e-06 -1
vn 8.43801e-07 -2.60937e-06 -1
vn -2.36229e-06 2.99925e-06 -1
vn -1.14421e-06 -1.95689e-06 -1
vn -5.67792e-07 -7.02581e-08 -1
vn 2.01634e-06 -1.04348e-06 -1
vn -4.87458e-07 -1.22733e-06 -1
vn 2.84241e-06 3.03747e-07 -1
vn -1.30571e-07 -3.12736e-07 -1
vn 5.29817e-07 9.96664e-07 -1
vn 3.70633e-06 1.26302e-06 -1
vn 4.86001e-07 -8.06789e-07 -1
vn 0.0457116 0.338182 -0.93997
vn -0.0227905 0.17766 -0.983828
vn -3.83205e-07 4.24563e-05 -1
vn 2.48294e-06 -7.98048e-06 -1
vn 2.27045e-05 -1.00525e-05 -1
vn -4.36147e-06 -1.4969e-06 -1
vn -1.68558e-06 -2.65075e-07 -1
vn -1.12532e-06 2.67334e-06 -1
vn 3.40687e-06 6.19552e-06 -1
vn -4.56627e-06 2.00337e-07 -1
vn -3.53605e-06 -2.70186e-06 -1
vn -1.38533e-05 -4.53039e-05 -1
vn 7.24627e-07 5.43017e-06 -1
vn 3.33112e-06 4.61354e-06 -1
vn 2.20972e-06 -4.57698e-07 -1
vn -2.44697e-06 -3.73599e-06 -1
vn -1.42329e-06 -2.48509e-06 -1
vn 1.45718e-06 2.48076e-06 -1
vn 7.37917e-07 -1.48886e-07 -1
vn 2.01267e-06 -8.30799e-06 -1
vn -1.84614e-06 5.00386e-07 -1
vn -2.24758e-06 -4.64906e-06 -1
vn -2.05204e-06 3.54804e-06 -1
vn 5.60267e-07 -2.02682e-07 -1
vn -2.42136e-06 3.05605e-06 -1
vn 8.38157e-08 3.15253e-06 -1
vn 4.91875e-07 4.27514e-07 -1
vn 6.51512e-07 -1.63724e-07 -1
vn -2.60679e-06 4.16305e-07 -1
vn -8.09085e-07 1.96778e-06 -1
vn -3.09413e-06 -3.35434e-07 -1
vn 1.87985e-06 -9.16691e-07 -1
vn 1.355e-06 3.30942e-06 -1
vn 5.32574e-06 -1.74422e-06 -1
vn -2.07921e-06 -1.07467e-06 -1
vn 9.86167e-07 -1.87031e-06 -1
vn -1.24952e-06 2.24793e-06 -1
vn 3.16427e-07 -7.21585e-07 -1
vn -1.541e-06 7.35972e-09 -1
vn 2.96895e-06 -7.06741e-07 -1
vn 1.0977e-06 -1.7703e-06 -1
vn -1.33678e-06 -2.9355e-06 -1
vn -4.50891e-07 -7.02755e-07 -1
vn 6.19599e-07 -8.90419e-07 -1
vn 6.1707e-07 -2.4622e-06 -1
vn 1.21599e-06 -2.72481e-06 -1
vn -1.31904e-06 9.93983e-07 -1
vn 4.47337e-07 -3.23569e-06 -1
vn -2.02586e-06 1.66893e-06 -1
vn -3.27557e-06 -6.77809e-06 -1
vn 1.83587e-06 2.01061e-06 -1
vn -1.98624e-05 -6.98613e-06 -1
vn -4.91103e-05 -4.8076e-06 -1
vn 7.00125e-06 -3.55976e-06 -1
vn 2.01144e-06 2.22349e-08 -1
vn -4.64715e-07 3.99423e-06 -1
vn 1.38188e-06 2.29141e-06 -1
vn 3.16581e-07 -4.44556e-06 -1
vn 6.36713e-06 -1.53499e-06 -1
vn -5.49513e-08 5.33618e-06 -1
vn -3.73079e-06 3.52905e-06 -1
vn -3.09687e-07 6.13411e-06 -1
vn -5.35043e-07 2.36728e-06 -1
vn 7.69515e-07 -1.36308e-06 -1
vn -2.48816e-06 3.86286e-06 -1
vn -4.31312e-06 5.75789e-06 -1
vn -2.14242e-06 2.82796e-06 -1
vn -3.21359e-06 -3.82206e-07 -1
vn 2.20141e-06 -3.09086e-05 -1
vn -6.08652e-07 -2.7126e-06 -1
vn -0.037119 -0.225124 -0.973623
vn -0.0861309 0.0366611 -0.995609
vn -0.030882 0.0663974 -0.997315
vn -0.0605629 -0.338901 -0.938871
vn -0.054372 -0.170678 -0.983826
vn -0.0435568 -0.214251 -0.975807
vn 4.74965e-05 0.25708 -0.96639
vn 1.1458e-05 -4.67841e-06 -1
vn -0.00596424 0.12311 -0.992375
vn 1.82008e-07 -2.20139e-06 -1
vn -4.91302e-06 5.10232e-06 -1
vn 0.0176514 0.0319507 -0.999334
vn -0.0026475 0.0123143 -0.999921
vn -0.0663414 0.249723 -0.966042
vn -0.0179714 0.130209 -0.991324
vn -0.0448429 0.0468031 -0.997897
vn -0.0403369 -0.15024 -0.987826
vn -0.000216141 -0.108172 -0.994132
vn -1.30207e-05 -4.36348e-06 -1
vn -3.19507e-05 1.81331e-05 -1
vn 1.23684e-05 1.25782e-05 -1
vn 5.92897e-06 1.84102e-05 -1
vn 1.87194e-05 -2.1929e-05 -1
vn 2.87376e-05 -1.34286e-05 -1
vn 1.48821e-05 -1.55102e-05 -1
vn 1.04214e-05 -2.36104e-05 -1
vn -5.70802e-05 2.97695e-05 -1
vn -7.71483e-06 8.71582e-06 -1
vn 0.010405 -0.796724 -0.604254
vn -0.0201553 -0.550216 -0.834779
vn -0.0707914 -0.551723 -0.831017
vn 0.014252 -0.0484207 -0.998725
vn 1.21709e-05 -6.47707e-06 -1
vn 2.33324e-06 8.85113e-05 -1
vn -1.91368e-05 3.47038e-06 -1
vn -5.12998e-08 6.60072e-07 -1
vn -2.72373e-08 8.02469e-07 -1
vn -1.08291e-06 -9.73295e-07 -1
vn 7.38214e-07 6.06213e-07 -1
vn 1.26888e-08 7.91851e-07 -1
vn -2.52959e-07 -1.42504e-06 -1
vn 1.67833e-06 -2.98067e-06 -1
vn -3.71209e-06 -1.8635e-06 -1
vn 8.45316e-07 9.82776e-07 -1
vn 2.22621e-06 -5.78965e-07 -1
vn 2.24017e-06 -9.58322e-07 -1
vn 1.27027e-06 -1.19364e-06 -1
vn -7.19296e-07 -1.82166e-06 -1
vn -1.42469e-06 -2.02423e-06 -1
vn -4.92698e-07 -4.07168e-07 -1
vn 1.02486e-06 2.59938e-06 -1
vn -1.88718e-06 3.32513e-06 -1
vn -5.66845e-07 2.75364e-07 -1
vn 6.91516e-06 -5.32711e-06 -1
vn -1.03374e-06 1.74279e-06 -1
vn 9.02149e-07 3.82015e-06 -1
vn -3.45749e-06 -1.97942e-06 -1
vn 2.67287e-06 -8.70695e-07 -1
vn -2.04292e-06 -1.12298e-06 -1
vn 7.38995e-07 4.51327e-07 -1
vn -1.11937e-06 -7.18242e-07 -1
vn -1.92151e-06 -3.09705e-06 -1
vn 6.61812e-07 -4.31664e-06 -1
vn -1.98828e-06 -2.25973e-06 -1
vn 1.12583e-06 7.01502e-07 -1
vn -4.6532e-07 5.13773e-07 -1
vn -2.66443e-06 6.15414e-06 -1
vn -9.21419e-07 6.52381e-06 -1
vn -7.66498e-07 2.45409e-06 -1
vn -3.91536e-07 2.80186e-06 -1
vn -1.68153e-06 1.74934e-07 -1
vn 2.17726e-06 -8.28147e-07 -1
vn -4.8537e-07 2.63758e-06 -1
vn 3.63867e-06 -1.54958e-06 -1
vn -3.16848e-06 -2.56201e-06 -1
vn 1.16544e-06 1.60303e-06 -1
vn -1.72124e-06 1.14822e-06 -1
vn 2.43606e-07 -1.21382e-06 -1
vn -2.56092e-06 -1.52459e-06 -1
vn -2.64446e-06 -1.98705e-06 -1
vn -1.02954e-06 1.24561e-06 -1
vn 1.3519e-06 1.97338e-06 -1
vn -2.49067e-06 7.68992e-07 -1
vn 1.96557e-06 -9.33683e-07 -1
vn -1.14274e-06 -7.28329e-07 -1
vn 7.14604e-07 -1.48716e-06 -1
vn 8.62252e-07 9.31929e-08 -1
vn 1.71128e-06 7.92096e-07 -1
vn -7.89715e-07 -1.71186e-06 -1
vn -2.906e-07 1.65413e-07 -1
vn -1.97048e-06 8.9077e-07 -1
vn -1.27792e-06 -5.52612e-07 -1
vn -6.29429e-07 2.40212e-07 -1
vn 3.68909e-07 -1.50073e-06 -1
vn -2.26676e-06 2.28268e-06 -1
vn 3.74899e-06 -7.1058e-07 -1
vn 1.86458e-06 -1.43062e-06 -1
vn 1.28401e-06 2.08587e-06 -1
vn -1.99291e-06 8.61156e-07 -1
vn 1.6195e-06 7.82073e-07 -1
vn 1.88019e-06 6.8063e-07 -1
vn -2.43086e-06 -2.3561e-06 -1
vn 3.17444e-06 -1.55028e-05 -1
vn -6.22012e-07 -1.80392e-05 -1
vn -4.54788e-06 -2.24021e-05 -1
vn -7.18713e-08 -3.82612e-06 -1
vn -3.00792e-06 -2.79917e-05 -1
vn 0.0122376 0.298982 -0.95418
vn -0.0506068 -0.332341 -0.941801
vn -3.42805e-06 -6.67883e-06 -1
vn -3.22646e-06 9.31855e-06 -1
vn 2.16458e-05 -2.29564e-05 -1
vn -1.02422e-05 2.02549e-06 -1
vn -3.7842e-06 -8.49942e-06 -1
vn 1.86199e-06 -1.39869e-06 -1
vn 3.52513e-06 -3.38173e-06 -1
vn -1.52378e-07 -8.86205e-07 -1
vn 3.25407e-06 7.00181e-07 -1
vn -4.90947e-07 1.89333e-07 -1
vn 3.70379e-07 4.49427e-07 -1
vn 8.38544e-07 -1.16219e-06 -1
vn 1.23539e-06 -8.6853e-07 -1
vn 1.6086e-06 -3.85963e-06 -1
vn -2.63316e-06 9.83384e-07 -1
vn -7.86503e-07 -1.78219e-07 -1
vn -2.70516e-06 -3.1409e-07 -1
vn 9.12873e-07 -3.74274e-06 -1
vn 1.84171e-06 -3.5947e-07 -1
vn 1.06814e-06 1.00756e-07 -1
vn 3.88804e-07 3.86569e-06 -1
vn -1.00851e-06 2.08232e-08 -1
vn -1.2322e-06 1.44948e-06 -1
vn 3.71299e-07 1.15203e-06 -1
vn 1.61884e-06 -4.63758e-07 -1
vn -1.36073e-06 3.01687e-06 -1
vn -1.43373e-06 1.82406e-06 -1
vn -9.64731e-07 -1.23838e-06 -1
vn -1.93412e-07 -1.08848e-06 -1
vn 1.105e-06 9.92677e-08 -1
vn 3.77858e-06 -1.97202e-06 -1
vn 1.47751e-07 -1.00542e-05 -1
vn 1.28382e-05 -9.90685e-07 -1
vn -8.89082e-07 4.48082e-07 -1
vn -0.00792624 0.0143902 -0.999865
vn 2.9353e-06 -5.48677e-06 -1
vn -0.00118653 -0.0092227 -0.999957
vn 8.49775e-06 -3.65493e-05 -1
vn 6.85945e-08 -1.5051e-06 -1
vn -7.92351e-07 3.10009e-06 -1
vn -4.21177e-06 -2.52676e-07 -1
vn -9.26182e-07 1.2035e-07 -1
vn 8.6448e-06 -1.10338e-06 -1
vn 1.67206e-06 3.48492e-06 -1
vn 4.16746e-06 1.55594e-06 -1
vn -1.78269e-06 -2.60375e-07 -1
vn -2.68929e-07 5.46493e-07 -1
vn -6.5804e-07 -6.20051e-07 -1
vn 4.5992e-07 1.23595e-06 -1
vn -2.95016e-06 2.30576e-06 -1
vn 7.67189e-07 -1.8082e-06 -1
vn -3.06366e-06 -8.14625e-07 -1
vn 3.90452e-07 1.73698e-06 -1
vn -2.42046e-06 2.71283e-06 -1
vn 6.47845e-06 -4.64558e-06 -1
vn -4.43937e-07 3.10907e-06 -1
vn 2.05961e-06 1.19308e-06 -1
vn 1.97605e-07 1.54302e-06 -1
vn 1.78012e-06 7.20799e-07 -1
vn -3.44197e-07 -9.87908e-07 -1
vn -2.23536e-07 2.66902e-06 -1
vn -1.19574e-06 2.91859e-07 -1
vn 1.59133e-06 -7.18225e-07 -1
vn -3.18144e-06 1.73122e-06 -1
vn 3.10152e-06 2.59363e-06 -1
vn 1.39259e-05 -6.13915e-06 -1
vn -2.67171e-07 -1.07926e-05 -1
vn -8.53921e-06 -1.63295e-05 -1
vn -0.0185721 -0.247962 -0.968592
vn -0.263047 -0.358846 -0.895565
vn -0.0468846 0.140234 -0.989008
vn 6.60248e-05 -1.82771e-05 -1
vn -4.25558e-06 -1.05717e-06 -1
vn -1.19089e-06 2.54933e-06 -1
vn -2.20363e-06 7.79257e-07 -1
vn -3.046e-07 2.72935e-06 -1
vn -1.16906e-06 -1.0542e-05 -1
vn 0.658111 -0.751166 -0.0513781
vn 0.288811 -0.573848 0.766346
vn -0.283153 0.456815 0.843294
vn -0.361748 0.666717 0.651634
vn -0.267892 0.388906 0.881468
vn -0.0497786 0.203334 0.977843
vn 0.190132 0.0655774 0.979566
vn 0.31402 -0.0185198 0.949236
vn 0.323421 0.0441308 0.945225
vn 0.0127094 0.022796 0.999659
vn -0.0230108 -0.00341396 0.999729
vn -0.000350999 1.16868e-05 1
vn 1.75056e-06 -5.18315e-06 1
vn -1.89951e-05 -7.38176e-06 1
vn -5.46149e-06 -2.54869e-05 1
vn 0.0666297 -0.045174 0.996755
vn 0.448095 -0.251149 0.857983
vn 0.456744 -0.236281 0.857646
vn -0.830067 0.452612 0.325777
vn -0.473977 0.304569 -0.826186
vn -0.0528661 0.064915 -0.996489
vn -0.00146859 0.00440076 -0.999989
vn -6.90556e-07 1.12501e-05 -1
vn 7.7945e-06 -1.15938e-05 -1
vn -7.56717e-06 -7.28352e-06 -1
vn -3.85833e-07 -3.18327e-07 -1
vn 0.00325803 -0.00760257 -0.999966
vn -0.0100199 -0.00713664 -0.999924
vn 0.020089 -0.0397474 -0.999008
vn 0.160561 -0.0967952 -0.982268
vn 0.321722 -0.202886 -0.924842
vn 0.424067 -0.30474 -0.85282
vn 0.47319 -0.3881 -0.790867
vn 0.665325 -0.573655 -0.477769
vn 0.577201 -0.420748 -0.699865
vn 0.0301287 0.783824 -0.620252
vn -0.353378 0.934844 0.0345048
vn -0.389316 0.917933 -0.0763597
vn -0.00274134 0.495902 -0.868374
vn 0.342911 0.0152841 -0.939243
vn 0.19174 -0.172651 -0.96614
vn 0.0499204 -0.081472 -0.995425
vn -0.00414308 -0.107603 -0.994185
vn -0.0304349 -0.227413 -0.973323
vn -0.0397178 -0.387506 -0.921011
vn -0.0435187 -0.511225 -0.858344
vn -0.0751726 -0.578471 -0.812232
vn -0.086535 -0.609013 -0.788426
vn 0.0872948 -0.588932 -0.803454
vn -0.172239 -0.213104 -0.961728
vn -0.95187 0.288035 0.104784
vn -0.000939064 0.355694 0.934602
vn 0.124057 0.52776 0.840285
vn 0.150501 0.51207 0.845656
vn 0.134326 0.471646 0.871497
vn 0.109043 0.508194 0.854312
vn 0.0555867 0.466629 0.882705
vn 0.0640155 0.36682 0.928087
vn 0.0181743 0.206583 0.97826
vn -0.0934686 0.0745651 0.992826
vn -0.192965 0.118454 0.974029
vn -0.422071 0.00807175 0.906527
vn -0.198284 -0.372782 0.906486
vn 0.440454 -0.848115 0.29445
vn 0.0102436 -0.025691 -0.999617
vn 0.0213382 0.000470911 -0.999772
vn 0.0158811 0.015276 -0.999757
vn 0.180392 -0.111281 -0.97728
vn -0.0597812 0.0314987 -0.997714
vn -0.212005 0.959849 -0.183696
vn 0.603167 -0.448778 -0.659385
vn 0.189715 0.568475 -0.800528
vn 0.350697 0.265172 -0.898162
vn 0.664601 -0.447002 -0.598744
vn 0.66601 -0.257117 -0.70023
vn 0.530775 -0.40836 -0.742644
vn 7.92549e-06 -7.59957e-06 1
vn 0.157587 0.0187438 0.987327
vn -0.140206 0.0789549 0.986969
vn -0.0414598 0.0039421 0.999132
vn 0.0720504 0.014894 0.99729
vn -0.243628 0.120454 0.96236
vn -0.551499 0.298278 0.779024
vn 0.472716 -0.858744 0.197735
vn -0.14199 -0.434242 0.889535
vn -0.487302 -0.0414275 0.87225
vn -0.318441 0.129887 0.939002
vn -0.415007 0.3287 0.848366
vn -0.6029 0.411707 0.68338
vn -0.548485 0.113734 0.828389
vn -0.457588 0.420497 0.783451
vn -0.512545 0.621669 0.592304
vn 0.001299 -0.0105318 -0.999944
vn 0.00459182 0.000471311 -0.999989
vn -1.81143e-05 2.60413e-06 -1
vn 0.164033 -0.096424 -0.981731
vn 0.127658 -0.0761004 -0.988895
vn -1.67779e-05 -2.68015e-05 -1
vn 0.00455074 0.000676028 -0.999989
vn 0.00976404 0.00420258 -0.999944
vn 0.460693 -0.403414 -0.790581
vn 0.000145546 -0.00158136 -0.999999
vn 6.60054e-06 -3.19203e-06 -1
vn -1.11906e-06 4.51907e-06 -1
vn -0.0877126 0.0835059 -0.99264
vn -0.106767 0.054989 0.992762
vn 0.413313 -0.0109373 -0.910523
vn 0.0572868 -0.0725197 -0.99572
vn 0.350828 -0.196734 -0.915541
vn 0.351621 -0.256018 -0.900454
vn 0.080721 -0.101045 -0.991602
vn 0.231581 -0.185258 -0.955013
vn 0.000778041 -0.00447 -0.99999
vn 0.0142898 -0.00245262 -0.999895
vn 0.00368145 -0.0259491 -0.999656
vn 0.133178 -0.087865 -0.98719
vn 0.293878 -0.198767 -0.934948
vn -9.93577e-05 2.26816e-05 -1
vn 0.555544 -0.627109 -0.54599
vn 0.0134117 -0.0380679 -0.999185
vn 1.90545e-05 -2.76092e-05 -1
vn 0.0250637 -0.0460059 -0.998627
vn 6.24865e-06 -2.46285e-06 1
vn -0.00625484 0.00439714 0.999971
vn 0.000106286 -3.07911e-06 1
vn -0.0855541 0.110961 0.990135
vn -0.0624689 -0.00908277 0.998006
vn -0.0065389 0.000306174 0.999979
vn -0.000455926 -0.000273589 1
vn -0.256121 0.366316 0.894547
vn -0.0354806 0.00875086 0.999332
vn 0.0686352 -0.0525948 0.996255
vn -0.58337 0.574429 0.574204
vn -0.387487 0.409418 0.825972
vn -0.34777 0.655733 0.670127
vn 3.9366e-07 6.1603e-07 -1
vn -1.53469e-05 4.38183e-05 -1
vn -6.19835e-06 -1.81652e-05 -1
vn 0.264968 -0.210472 -0.941007
vn -0.0159812 -0.240737 -0.970459
vn 0.00341578 -0.156317 -0.987701
vn -0.0177371 -0.114697 -0.993242
vn -0.00266237 -0.00352834 -0.99999
vn 0.00237287 -0.00136912 -0.999996
vn 5.15191e-06 3.06772e-05 -1
vn 1.4021e-05 -2.27714e-06 -1
vn 1.31375e-05 7.96061e-06 -1
vn -8.74132e-06 -2.08114e-05 -1
vn -2.21056e-05 1.91366e-05 -1
vn 4.66132e-06 3.40454e-05 -1
vn 3.90758e-06 1.52876e-06 -1
vn -1.71497e-05 3.01276e-05 -1
vn -9.1221e-06 -2.36423e-05 -1
vn 0.0129437 -0.0837407 -0.996404
vn -0.0339405 -0.374389 -0.92665
vn -0.00957207 -0.0501778 -0.998694
vn 0.0227207 -0.061113 -0.997872
vn 0.0092808 -0.0203425 -0.99975
vn 0.00395135 -0.00856666 -0.999955
vn 0.00931505 -0.00729724 -0.99993
vn 0.00136677 -0.00546933 -0.999984
vn 9.70166e-06 -4.03627e-06 -1
vn -0.00681289 0.0102822 -0.999924
vn -2.07465e-05 1.50186e-05 -1
vn -1.59805e-05 3.98424e-06 -1
vn -2.08084e-05 1.00375e-05 -1
vn -3.26237e-05 8.04557e-06 -1
vn -8.46687e-06 1.29059e-06 -1
vn -0.822833 0.373753 -0.428082
vn -0.021441 0.0203858 -0.999562
vn -0.0526324 -0.00218197 0.998612
vn 0.0173098 -0.024598 -0.999548
vn 0.600211 -0.604216 -0.52409
vn 0.612822 -0.562819 -0.554692
vn 0.632933 -0.570694 -0.523168
vn 0.402926 -0.394388 -0.825899
vn 3.76886e-07 -2.10244e-07 1
vn -1.4751e-05 8.79702e-06 1
vn -0.0337077 0.0462831 0.99836
vn 0.00322437 0.156695 0.987642
vn 0.0244267 0.313115 0.949401
vn -0.023941 0.0242012 0.99942
vn -0.00279771 0.00891565 0.999956
vn -0.0376433 0.099603 0.994315
vn -0.000667197 0.0497889 0.99876
vn -0.000943869 0.00334242 0.999994
vn -0.00129859 0.00176813 0.999998
vn 0.00145565 -0.000503325 0.999999
vn 3.93638e-05 9.32239e-06 1
vn -2.35015e-05 -2.81627e-05 1
vn -0.00196708 0.00199497 0.999996
vn 0.00131056 -0.0033188 0.999994
vn 0.000940418 -0.00140346 0.999999
vn 0.0955768 -0.0815356 0.992077
vn 0.217179 -0.0784716 0.972972
vn 0.0118588 -0.00698982 0.999905
vn 0.0276741 0.089692 0.995585
vn 0.079893 0.0851417 0.993161
vn 0.0632335 0.0974205 0.993232
vn -0.199987 0.15076 0.968131
vn -0.0126001 0.000984123 0.99992
vn 0.00287621 0.00510538 0.999983
vn -0.193366 0.175139 0.965368
vn -0.316174 0.128071 0.940017
vn 0.00413492 -0.0146033 0.999885
vn -0.116121 0.0518406 0.991881
vn 0.00717025 -6.70555e-05 0.999974
vn -0.0399681 -0.0123675 0.999124
vn -0.173553 0.0680988 0.982467
vn -0.00767118 0.0348354 0.999364
vn -0.0820103 0.0514727 0.995301
vn -0.136469 0.139347 0.980795
vn -0.169393 0.156643 0.973021
vn 0.0235505 0.0367981 0.999045
vn -0.0309828 0.0345824 0.998922
vn -0.0972502 0.0492287 0.994042
vn -0.151841 0.183735 0.971177
vn -0.0611162 0.163168 0.984704
vn -0.00101046 0.000509025 0.999999
vn -0.0449654 0.0461508 0.997922
vn -5.09182e-06 1.49258e-06 1
vn 0.000340767 0.0353731 0.999374
vn 3.46677e-05 -2.55475e-05 1
vn 4.55409e-05 -1.62853e-05 1
vn -2.5056e-06 2.67225e-06 1
vn 5.23502e-05 -1.13192e-05 1
vn 5.82596e-08 8.85661e-06 1
vn 1.908e-06 1.02569e-06 1
vn -6.24823e-06 1.28135e-06 1
vn -0.000127329 0.00116856 0.999999
vn 0.0386436 0.0349215 0.998643
vn -3.29275e-06 1.6776e-06 1
vn 5.28857e-06 -6.05542e-06 1
vn 0.00078357 0.000912836 0.999999
vn 4.81491e-07 2.6436e-06 1
vn 0.10026 0.0101006 0.99491
vn 0.0136096 0.0968954 0.995202
vn 8.4554e-06 7.84924e-06 1
vn -0.000497403 6.37772e-05 1
vn -0.000501876 0.000604709 1
vn -0.0544537 0.0489735 0.997315
vn -5.17629e-06 -2.64551e-06 1
vn -2.58153e-06 -5.44964e-06 1
vn -1.64876e-06 1.49095e-06 1
vn 2.06252e-07 -1.2442e-06 1
vn -2.12776e-06 -1.05035e-05 1
vn -1.28203e-06 3.31316e-06 -1
vn -1.48863e-06 7.56534e-06 -1
vn 4.77322e-06 9.364e-07 -1
vn 3.01239e-05 3.47731e-05 -1
vn 2.52978e-06 6.31846e-07 -1
vn 0.216178 -0.219081 -0.951457
vn 0.0431871 -0.0418594 -0.99819
vn 0.0439052 -0.0571501 -0.9974
vn -1.76889e-05 -4.20588e-06 -1
vn 0.0520261 -0.0181101 -0.998482
vn 0.0445604 -0.0450931 -0.997988
vn -1.18525e-05 -5.96896e-05 -1
vn 0.274886 -0.198156 -0.940836
vn -0.0536812 -0.436574 -0.898065
vn -0.00851633 -0.02877 -0.99955
vn -0.029282 -0.397599 -0.917092
vn -0.0279515 -0.106708 -0.993897
vn 0.0433921 -0.216395 -0.975341
vn 0.0293753 -0.0537553 -0.998122
vn -0.120866 0.0771019 -0.98967
vn -0.414674 0.148028 -0.897849
vn -0.0170869 0.00776264 -0.999824
vn -1.35964e-06 2.37988e-05 -1
vn -0.681919 0.142393 -0.717433
vn 0.226184 0.196562 0.954046
vn -0.40513 0.497476 0.767064
vn -0.831267 0.369581 0.415217
vn -0.356097 0.0816315 0.930877
vn -7.73405e-06 1.16374e-05 -1
vn -7.06984e-06 8.53094e-06 -1
vn -0.000928456 0.0272737 -0.999628
vn -0.511451 0.297113 -0.806313
vn -0.465149 0.255666 -0.847509
vn -0.937461 0.318901 -0.139532
vn -0.913778 0.26936 0.304063
vn -0.918112 0.275711 0.2847
vn -0.895863 0.323918 0.30415
vn 0.664871 -0.258114 0.700945
vn -0.640346 0.274714 -0.717279
vn 0.0920227 -0.0741878 0.992989
vn 0.516387 -0.182038 0.836783
vn -0.104516 0.074426 0.991735
vn -0.884548 0.463586 0.0516068
vn 0.56641 -0.322705 0.758314
vn -0.944964 0.271711 0.182253
vn 8.02879e-06 -1.03239e-05 1
vn 8.97691e-06 -5.46204e-06 1
vn -1.57971e-05 -1.30085e-05 1
vn -1.25448e-05 4.28639e-06 1
vn -8.3794e-06 5.48929e-06 1
vn -1.60352e-05 7.25122e-06 1
vn -0.0942106 0.0263357 0.995204
vn -0.0991352 0.0137139 0.99498
vn 2.79085e-05 -2.19227e-05 1
vn -0.0765385 0.0377 0.996354
vn 7.55128e-05 0.000932407 1
vn 0.0639378 0.349957 0.934581
vn 0.210328 -0.114207 0.970937
vn 0.0425316 -0.023785 0.998812
vn 0.269761 -0.104241 0.957268
vn 0.0202638 0.0752637 0.996958
vn -0.0971321 0.0536051 0.993827
vn -0.057096 0.0430363 0.997441
vn -0.108367 0.0826197 0.990672
vn -3.38434e-06 2.94255e-07 1
vn -1.37065e-05 8.36551e-06 1
vn -7.6972e-06 -6.22058e-06 -1
vn 1.03133e-05 -2.92864e-06 -1
vn 8.61609e-06 -3.97899e-08 -1
vn 2.67218e-07 -8.19354e-07 -1
vn -8.81975e-07 1.858e-06 -1
vn -1.60888e-06 -1.80931e-06 -1
vn -7.22909e-07 -1.23379e-06 -1
vn -6.69737e-07 -7.60499e-07 -1
vn -4.85028e-07 -1.42054e-06 -1
vn 2.79346e-06 -3.63853e-06 -1
vn -1.12112e-05 1.21459e-05 -1
vn -6.27017e-06 -5.39172e-07 -1
vn -1.10242e-06 -1.32777e-06 -1
vn 6.47161e-07 -3.13498e-06 -1
vn 1.51888e-05 5.50157e-06 -1
vn 3.56111e-07 1.00541e-06 -1
vn -8.17515e-06 3.24467e-07 -1
vn 3.43669e-06 9.90196e-07 -1
vn -7.88022e-06 3.51414e-06 -1
vn 3.77816e-06 -4.90465e-06 -1
vn 7.27463e-06 -3.63133e-06 -1
vn -2.03748e-05 -1.0247e-05 -1
vn 2.60834e-06 3.79567e-08 -1
vn 3.15382e-06 -9.79798e-07 -1
vn 1.34357e-05 6.95398e-06 -1
vn 3.84936e-06 -1.24031e-06 -1
vn 1.81173e-06 -3.42614e-06 -1
vn 7.10902e-06 -1.82552e-06 -1
vn 1.30289e-05 2.58817e-05 -1
vn 2.21137e-05 -2.14647e-06 -1
vn 4.00479e-06 -3.71887e-06 -1
vn 1.06238e-05 1.83004e-05 -1
vn 1.94617e-05 -1.51157e-05 -1
vn -2.81789e-05 -5.66203e-06 -1
vn 1.62889e-05 1.78299e-05 -1
vn -2.06358e-05 4.2415e-05 -1
vn -0.0237319 0.0124593 -0.999641
vn -4.76814e-06 1.60452e-05 -1
vn 7.94614e-05 -7.30817e-05 -1
vn -0.369807 0.133629 -0.919449
vn -1.2393e-05 3.08874e-05 -1
vn -0.858625 0.4382 -0.265976
vn -0.0936668 -0.0185493 -0.995431
vn -0.0654494 0.00592336 -0.997838
vn -0.594932 0.327072 -0.734221
vn -0.607416 0.182569 0.77312
vn -0.88809 0.341856 0.307295
vn -0.523289 0.151115 0.838649
vn -0.754122 0.335937 -0.564311
vn 0.726383 -0.25614 0.637778
vn -4.93873e-06 -6.36243e-06 -1
vn -3.57642e-06 -5.72165e-06 -1
vn -3.67018e-05 2.69423e-05 -1
vn -1.37303e-05 2.82455e-05 -1
vn -3.1464e-05 -1.32451e-05 -1
vn -0.204281 0.144976 -0.968117
vn -0.0224308 0.012846 -0.999666
vn 3.25089e-05 -2.34687e-05 -1
vn -0.188017 0.118388 -0.975004
vn -0.00943398 -0.000205766 -0.999955
vn -0.0181528 0.0317706 -0.99933
vn -0.279951 -0.0365908 0.959317
vn -0.84479 0.486357 -0.22313
vn -4.73505e-05 -3.01383e-05 -1
vn -1.9475e-05 5.61632e-05 -1
vn -3.20084e-05 1.95569e-05 -1
vn -0.00605135 0.0738948 -0.997248
vn -0.0229178 0.0442413 -0.998758
vn -0.0302617 0.00330826 -0.999537
vn 0.0196631 0.0419462 -0.998926
vn -0.34416 0.188599 -0.919774
vn -0.426259 0.140732 -0.893587
vn -0.86464 0.411109 -0.288767
vn -0.100994 -0.0724423 0.992246
vn -0.513787 0.255314 0.819047
vn -0.200636 0.0504394 -0.978367
vn -0.902504 0.413942 -0.118909
vn 0.328188 -0.26732 0.905998
vn -0.915451 0.3891 -0.102721
vn -0.858986 0.509033 0.0550221
vn -0.142133 -0.0293714 0.989412
vn 0.353971 -0.305384 0.883994
vn 0.419939 -0.275307 0.864787
vn 0.271194 -0.301344 0.914137
vn -0.13851 -0.0471266 0.989239
vn 0.444619 -0.331835 0.831985
vn 0.358828 -0.214991 0.908307
vn 0.484301 -0.375529 0.790209
vn 0.094882 -0.0353057 0.994862
vn 0.373413 -0.326344 0.868368
vn 0.137408 -0.112685 0.984084
vn 0.176675 -0.0926467 0.979899
vn 0.210023 -0.116579 0.970721
vn 0.0404312 0.112311 0.99285
vn 0.266068 -0.124626 0.955864
vn -8.90511e-05 2.72727e-05 1
vn 0.151206 -0.0426415 0.987582
vn 0.143131 0.522197 0.840728
vn 0.25664 -0.211733 0.94303
vn 0.16512 0.228617 0.959411
vn 0.0974793 0.234208 0.967287
vn 0.102918 0.451594 0.886268
vn 0.153744 0.544608 0.824479
vn 0.102219 0.542544 0.833785
vn -1.52887e-05 8.19388e-06 -1
vn 1.29855e-05 2.69931e-06 -1
vn 2.57438e-05 -8.88111e-06 -1
vn -4.80396e-06 -6.98159e-06 -1
vn 0.555193 -0.441708 0.704737
vn 0.644661 -0.288647 0.70788
vn 0.550438 -0.19504 0.811774
vn 0.399518 -0.191646 0.896469
vn 0.276723 -0.108787 0.954772
vn 0.0713308 -0.0470923 0.99634
vn -8.48668e-05 -2.53459e-05 1
vn 0.508704 -0.198825 0.837669
vn 0.290372 -0.126371 0.948533
vn 0.705528 -0.236272 0.668136
vn 2.34157e-05 -3.2237e-05 1
vn -1.65947e-06 -6.81642e-07 1
vn -2.78657e-06 3.29938e-07 1
vn -1.62653e-05 1.99159e-07 1
vn -1.8814e-07 4.63686e-06 1
vn -1.21083e-05 6.88165e-06 1
vn -1.00999e-05 1.46534e-05 1
vn 0.275244 -0.12423 0.953314
vn 0.0130955 -0.00620365 0.999895
vn 0.178294 -0.0511992 0.982644
vn 0.0814536 -0.0484062 0.995501
vn 9.09142e-06 4.42501e-06 1
vn 0.00982572 -0.0060664 0.999933
vn 1.80217e-05 3.68335e-06 1
vn -1.8195e-05 7.672e-06 1
vn 3.84427e-06 7.59638e-07 1
vn 4.20131e-07 -1.65725e-05 -1
vn -3.2488e-07 -1.13358e-06 -1
vn 4.44593e-06 -1.16999e-06 -1
vn -1.01619e-05 -4.36759e-06 -1
vn -0.457211 0.278095 -0.844761
vn 0.0667562 -0.0701921 0.995297
vn 0.443447 -0.199592 0.873795
vn 0.623562 -0.249468 0.740902
vn -0.346347 0.102163 0.932527
vn 0.46547 -0.28516 0.837867
vn 0.616334 -0.225071 0.754636
vn 0.268537 -0.110924 0.956861
vn 0.00664715 -0.00223321 0.999975
vn -3.49671e-05 6.11714e-06 1
vn -0.0475176 -0.0142223 -0.998769
vn -1.16544e-06 1.16084e-05 -1
vn 1.31866e-05 -2.6017e-06 -1
vn 4.58509e-05 -4.66315e-06 -1
vn 2.90289e-05 -2.18902e-05 -1
vn 4.17646e-06 -8.44731e-07 -1
vn 1.32071e-06 2.08536e-06 -1
vn 1.40024e-05 -1.00357e-05 -1
vn -2.84627e-05 8.58211e-06 -1
vn -0.0393215 -0.0202639 -0.999021
vn -0.80169 0.502953 0.323004
vn 0.166445 -0.16426 0.972273
vn 0.00865864 0.0501205 0.998706
vn 0.146163 0.549414 0.822667
vn 0.226285 0.485921 0.844202
vn -4.51201e-05 1.53268e-06 -1
vn -5.49685e-06 -8.87487e-06 -1
vn -1.83465e-06 9.80337e-06 -1
vn -9.85849e-06 2.1629e-06 -1
vn 0.118924 -0.0644909 0.990807
vn 0.550414 -0.187649 0.813531
vn 0.697674 -0.222564 0.680967
vn 0.45281 -0.204672 0.867798
vn -1.43919e-06 7.92133e-06 1
vn -1.34753e-05 -9.99787e-06 1
vn 5.30895e-06 5.49881e-06 1
vn 1.89796e-06 2.89138e-08 1
vn -6.83485e-05 0.000701324 1
vn 0.0262647 0.120892 0.992318
vn 0.021998 0.219273 0.975416
vn 0.0671771 0.434217 0.8983
vn 3.61337e-06 1.52729e-05 -1
vn -0.0991044 0.0675225 0.992783
vn -0.191461 0.106296 0.975727
vn -0.698134 0.412501 -0.585194
vn -0.585837 0.219579 -0.780116
vn -6.83759e-06 -2.87423e-06 1
vn 0.00183678 0.000584522 0.999998
vn 0.675528 -0.211653 0.706303
vn 0.841532 0.446885 0.303509
vn 0.601669 0.398373 0.69231
vn 0.00178475 -0.0970015 0.995283
vn -0.0747255 -0.35756 0.930896
vn -0.134034 -0.342392 0.929948
vn -0.173678 -0.501489 0.847552
vn -0.108389 -0.205458 0.972645
vn 0.260445 0.0122803 0.965411
vn 0.243444 -0.0581039 0.968173
vn -0.141367 -0.0159702 0.989828
vn -0.0801327 -0.00383521 0.996777
vn 3.92344e-05 2.17035e-06 1
vn -3.7375e-06 1.77512e-05 1
vn -1.72523e-06 4.40398e-06 1
vn -1.06825e-05 9.80372e-06 1
vn 0.00873585 0.0262411 0.999617
vn 0.418179 0.190374 0.888191
vn 0.522598 0.269527 0.808855
vn -0.797446 -0.446967 0.40534
vn -0.504597 -0.286386 -0.814472
vn -0.0274874 -0.0378818 -0.998904
vn 1.19231e-05 -4.57494e-05 -1
vn 7.66683e-06 -7.33951e-06 -1
vn 2.20785e-06 3.7166e-06 -1
vn 7.84329e-07 -4.9402e-06 -1
vn -3.00803e-05 4.66151e-06 -1
vn 0.017163 -0.00569793 -0.999837
vn 0.115076 0.0018448 -0.993355
vn 0.227229 0.0652856 -0.97165
vn 0.365011 0.139941 -0.920426
vn 0.498256 0.334146 -0.800055
vn 0.681377 0.504357 -0.530424
vn 0.755767 0.371608 -0.539188
vn 0.842936 0.312803 -0.437737
vn 0.467959 0.164542 -0.868297
vn -0.250587 -0.499432 -0.829321
vn 0.133847 -0.851907 -0.506301
vn 0.146147 -0.987544 -0.058301
vn 0.00998792 -0.538372 -0.842648
vn 0.365347 -0.0429833 -0.929879
vn 0.184196 0.20098 -0.962122
vn 0.0619577 0.117015 -0.991196
vn 0.00561796 0.167102 -0.985924
vn -0.0263678 0.283802 -0.95852
vn -0.0315193 0.431296 -0.90166
vn -0.0299777 0.564373 -0.824975
vn -0.0619962 0.656405 -0.751857
vn 0.0672088 0.652719 -0.754613
vn 0.122035 0.169906 -0.977875
vn -0.177032 -0.0956565 -0.979546
vn -0.944471 -0.292009 0.150681
vn 0.0220332 -0.313372 0.949375
vn 0.14656 -0.522526 0.839933
vn 0.120019 -0.46692 0.876117
vn 0.132757 -0.419643 0.897928
vn 0.122361 -0.467008 0.875746
vn 0.0660928 -0.469665 0.880367
vn 0.060821 -0.349519 0.934953
vn 0.0126335 -0.182344 0.983154
vn -0.0786759 -0.113884 0.990374
vn -0.230586 -0.151723 0.96115
vn -0.38955 0.0670819 0.918559
vn -0.383781 0.424051 0.8203
vn 0.355729 0.393059 0.847916
vn 0.18641 0.0518365 -0.981104
vn 0.0300825 0.00601065 -0.999529
vn 0.12297 0.0246498 -0.992104
vn 0.276292 0.158983 -0.947833
vn -0.0391808 -0.00885528 -0.999193
vn 0.0753708 -0.79412 -0.603069
vn 0.51424 0.441563 -0.735241
vn 0.261857 -0.487591 -0.832878
vn 0.0312224 -0.211363 -0.976909
vn 0.704814 0.439874 -0.55655
vn 0.660825 0.283715 -0.69485
vn 0.558786 0.472098 -0.681822
vn 3.05205e-06 -2.57091e-06 1
vn 0.0458923 -0.0486525 0.997761
vn -0.0333642 0.0148883 0.999332
vn -0.145971 -0.0524393 0.987898
vn 0.0163204 -0.0221867 0.999621
vn -0.519669 -0.340162 0.783731
vn -0.464543 -0.170263 0.869028
vn 0.742254 0.324571 0.586271
vn -0.100974 0.197902 0.975007
vn -0.464534 0.201371 0.862356
vn 0.0175201 0.124075 0.992118
vn -0.558163 -0.37033 0.742502
vn -0.665075 -0.374546 0.646058
vn -0.594597 -0.0608738 0.801716
vn -0.707062 -0.485052 0.514576
vn -0.425941 -0.338577 0.839011
vn 0.0556123 -0.00747354 -0.998424
vn 0.00253973 -0.00016816 -0.999997
vn 1.88028e-05 1.82331e-05 -1
vn 0.340574 0.128481 -0.931398
vn 0.264725 0.155312 -0.951735
vn 0.0186073 0.000152218 -0.999827
vn 0.101423 0.0219016 -0.994602
vn 0.030197 0.00722373 -0.999518
vn 0.68452 0.303374 -0.66287
vn -8.3979e-06 1.06096e-05 -1
vn 2.2724e-06 -3.63808e-06 -1
vn -2.31589e-05 2.02182e-05 -1
vn -0.0484329 -0.0504849 -0.99755
vn -0.0132758 -0.0371231 0.999222
vn 0.463182 -0.0577313 -0.884381
vn 0.0614282 0.0747706 -0.995307
vn 0.376751 0.198004 -0.904905
vn 0.444347 0.262462 -0.856545
vn 0.0861778 0.120887 -0.988918
vn 0.297902 0.2579 -0.919098
vn 0.000260295 0.00153009 -0.999999
vn 0.0359367 0.00706819 -0.999329
vn 0.0107051 0.0244558 -0.999644
vn 0.187608 0.103973 -0.976726
vn 0.375469 0.258916 -0.889936
vn -6.12599e-05 -0.000103634 -1
vn 0.543825 0.615199 -0.570776
vn 0.015112 0.0444613 -0.998897
vn -6.17965e-05 -3.37793e-05 -1
vn 0.0405873 0.0556858 -0.997623
vn 4.25648e-06 1.26259e-05 1
vn -0.00480428 -0.00404031 0.99998
vn 3.64392e-05 4.95545e-06 1
vn -0.045077 -0.156449 0.986657
vn -0.201065 0.0219751 0.979331
vn -0.0272568 0.000629775 0.999628
vn -0.00424529 -0.00265998 0.999987
vn -0.528786 -0.516993 0.67313
vn -0.0161576 -0.0335743 0.999306
vn -0.0333088 -0.0114777 0.999379
vn -0.645767 -0.385157 0.659272
vn -0.77571 -0.46315 0.428679
vn -0.123821 -0.334356 0.934277
vn -3.34562e-08 -5.78433e-06 -1
vn 1.40826e-05 -3.01154e-05 -1
vn -1.8017e-05 -3.59771e-05 -1
vn 0.535205 0.354338 -0.766812
vn -0.00642821 0.258862 -0.965893
vn 0.00407955 0.179918 -0.983673
vn -0.00696835 0.0770797 -0.997001
vn -3.2783e-05 5.26006e-05 -1
vn 2.36752e-05 -2.65304e-05 -1
vn 9.27481e-06 -2.8201e-05 -1
vn 6.52078e-07 -1.57865e-06 -1
vn 1.0254e-05 -4.45964e-06 -1
vn 6.42572e-06 6.9411e-06 -1
vn -2.30577e-05 -1.8257e-05 -1
vn -4.69636e-06 -2.47803e-05 -1
vn -1.55457e-06 -4.12104e-06 -1
vn -2.32014e-05 -2.11029e-05 -1
vn -2.31802e-05 -7.19562e-06 -1
vn 0.0133606 0.105216 -0.99436
vn -0.0165677 0.395117 -0.918481
vn -0.00999412 0.0376207 -0.999242
vn 0.0332664 0.0949918 -0.994922
vn 0.00715889 0.0137489 -0.99988
vn 0.00152807 0.000467125 -0.999999
vn 4.33257e-05 1.75621e-05 -1
vn 9.323e-06 1.23764e-05 -1
vn 1.85154e-06 -2.17546e-06 -1
vn -2.52292e-05 -5.23355e-05 -1
vn 4.78556e-06 2.0961e-06 -1
vn -6.37209e-06 -6.15629e-06 -1
vn -2.26911e-05 1.2466e-05 -1
vn -3.55627e-05 -1.84041e-05 -1
vn 6.89413e-06 7.38246e-06 -1
vn -0.865758 -0.371338 -0.335515
vn -0.00751944 -0.0033995 -0.999966
vn 0.0351211 0.0278333 0.998995
vn 0.0205982 0.0303333 -0.999328
vn 0.659779 0.573036 -0.486129
vn 0.493872 0.445374 -0.746815
vn 0.655981 0.497662 -0.567469
vn 0.487236 0.471785 -0.734861
vn -9.82885e-06 5.09415e-06 1
vn 5.39151e-07 -3.38617e-06 1
vn -0.0368908 -0.0531191 0.997907
vn -0.00151611 -0.156279 0.987712
vn 0.0171076 -0.290379 0.956759
vn -0.027642 -0.0345556 0.99902
vn -0.00504704 -0.0092035 0.999945
vn -0.0408861 -0.0991058 0.994237
vn -0.00466737 -0.0511959 0.998678
vn 0.000689143 -0.00079182 0.999999
vn -2.00857e-05 3.2147e-05 1
vn 1.29795e-06 -6.01723e-07 1
vn 4.47502e-07 -4.54841e-06 1
vn -2.57629e-05 3.40377e-05 1
vn -1.00073e-05 -4.44697e-06 1
vn 0.0243316 0.0140542 0.999605
vn -5.57408e-06 5.55131e-05 1
vn 0.286727 0.145903 0.946837
vn 0.155053 0.0484072 0.986719
vn -3.24675e-05 -1.03695e-05 1
vn -0.0777846 0.0438625 0.996005
vn -0.244204 -0.484654 0.839926
vn -0.493581 -0.533554 0.686803
vn -0.143264 -0.0102457 0.989632
vn -0.184416 -0.141352 0.972631
vn -0.189716 -0.0950744 0.977225
vn -0.337727 -0.208944 0.91776
vn -0.400226 -0.147051 0.904541
vn -0.00376179 -0.00802891 0.999961
vn -0.0888068 -0.109848 0.989973
vn -0.128447 -0.0792277 0.988547
vn -0.213094 -0.138613 0.967149
vn -0.292306 -0.28251 0.913644
vn -0.0980072 -0.0199279 0.994986
vn 6.48216e-05 1.39247e-05 1
vn -0.185178 -0.000667903 0.982705
vn -0.564533 -0.378793 0.733361
vn -0.0245361 -0.0150115 0.999586
vn -0.00345529 -0.00100948 0.999994
vn -9.66752e-06 -2.77115e-05 1
vn -0.398391 -0.274614 0.875141
vn -0.484249 -0.497817 0.719501
vn 3.6721e-06 -2.97372e-05 1
vn 3.81375e-05 7.09261e-05 1
vn -9.98663e-06 2.27456e-06 1
vn 0.000175315 2.3271e-05 1
vn -2.76592e-05 -2.20725e-05 1
vn -2.33697e-05 2.18022e-06 1
vn -8.59885e-06 -5.42595e-06 1
vn -8.62538e-06 -7.50916e-06 1
vn 4.99249e-06 -7.42674e-06 1
vn -8.80617e-07 6.20632e-08 1
vn 2.96751e-07 -4.21701e-06 1
vn -4.05162e-07 -5.36042e-06 1
vn -0.175338 -0.0747652 0.981665
vn 5.33546e-06 -6.54474e-06 1
vn -1.67827e-06 -3.69891e-06 1
vn -0.00317053 0.000547147 0.999995
vn -3.98533e-06 7.56482e-06 1
vn -0.130959 -0.0860498 0.987646
vn 4.87397e-05 9.88361e-05 1
vn -1.30077e-05 6.20101e-06 1
vn -0.00016985 -0.000114714 1
vn -8.82585e-06 -1.2126e-06 1
vn 1.39342e-06 -2.36752e-07 1
vn 2.82546e-06 -5.63279e-07 1
vn -1.87688e-05 1.25603e-05 1
vn -1.63348e-05 -1.50648e-05 1
vn -1.69739e-06 4.00499e-06 1
vn -1.1302e-05 -5.08838e-06 1
vn 8.70806e-06 -2.05128e-07 -1
vn 1.45114e-06 -1.15627e-05 -1
vn -1.46535e-05 -8.50647e-06 -1
vn 2.92668e-05 5.13346e-05 -1
vn -1.67107e-05 1.6691e-06 -1
vn 0.453442 0.286016 -0.844147
vn 0.116844 0.0987453 -0.988229
vn 0.076676 0.0616254 -0.99515
vn 3.49448e-06 1.25964e-05 -1
vn 0.053081 0.0358353 -0.997947
vn 0.180903 0.114154 -0.976854
vn -1.63923e-05 5.81818e-05 -1
vn 0.541592 0.387998 -0.745745
vn -0.0272319 0.454939 -0.890106
vn 1.76829e-05 -4.68441e-05 -1
vn -0.00798679 0.256309 -0.966562
vn 0.00666561 0.0539345 -0.998522
vn -0.0596657 0.00443181 -0.998209
vn -0.108189 0.0419672 -0.993244
vn -0.260553 -0.103311 -0.959916
vn -0.479002 -0.186183 -0.857842
vn -0.0757593 -0.0228489 -0.996864
vn 3.65893e-06 -1.37675e-05 -1
vn -0.649987 -0.227976 -0.724944
vn 0.233898 -0.0854982 0.968495
vn -0.404687 -0.418031 0.813313
vn -0.79434 -0.358453 0.490443
vn -0.348251 -0.0683271 0.934908
vn 2.76852e-06 7.73106e-07 -1
vn 1.77917e-05 -1.16588e-06 -1
vn -0.000968191 -0.0262804 -0.999654
vn -0.542178 -0.28175 -0.791618
vn -0.488855 -0.244933 -0.837275
vn -0.944387 -0.325509 -0.0466669
vn -0.889644 -0.269 0.369016
vn -0.89027 -0.283074 0.356774
vn -0.870285 -0.321688 0.372989
vn 0.711497 0.259459 0.653033
vn -0.680881 -0.281482 -0.676143
vn 0.186197 0.0872573 0.97863
vn 0.616389 0.179469 0.766717
vn -0.0110078 -0.0780461 0.996889
vn -0.871028 -0.46987 0.143294
vn 0.578859 0.327897 0.746596
vn -0.927131 -0.269102 0.260793
vn -2.1118e-07 1.67219e-05 1
vn -5.11366e-06 -7.05915e-06 1
vn -4.19957e-06 5.16918e-06 1
vn 5.43541e-06 8.2679e-06 1
vn -9.98059e-06 7.86346e-06 1
vn -6.54574e-06 1.32489e-05 1
vn -0.0186628 -0.0393096 0.999053
vn -0.00421513 -0.0074592 0.999963
vn -1.62471e-06 1.9675e-07 1
vn -0.006923 -0.0138832 0.99988
vn -8.01814e-06 -2.38639e-06 1
vn 0.0772697 -0.333834 0.93946
vn 0.136183 0.0521153 0.989312
vn 0.0147408 0.000334091 0.999891
vn 0.198607 0.0606899 0.978198
vn -0.0885051 -0.146438 0.985253
vn -0.0484162 -0.0830709 0.995367
vn 0.000165467 3.14864e-05 1
vn -5.88415e-05 -4.2414e-06 1
vn -7.59748e-06 4.89487e-06 1
vn 1.89905e-06 -1.78494e-05 1
vn -3.66023e-06 -5.174e-06 -1
vn 3.16223e-06 -1.04624e-05 -1
vn -9.42083e-06 -3.63057e-06 -1
vn 4.96069e-06 1.32333e-06 -1
vn 1.34981e-06 4.47398e-06 -1
vn 4.82684e-06 6.26311e-06 -1
vn 1.78185e-06 -8.52994e-07 -1
vn -1.24118e-06 3.50612e-07 -1
vn 2.2119e-06 3.86125e-06 -1
vn 3.14855e-06 -1.33161e-06 -1
vn 8.95425e-06 -2.25367e-07 -1
vn -2.85721e-06 -2.32532e-06 -1
vn 5.69506e-06 9.81477e-06 -1
vn 9.71921e-06 1.91062e-06 -1
vn -3.13156e-05 2.07705e-06 -1
vn 1.98508e-06 6.63486e-06 -1
vn 3.32086e-06 7.69052e-06 -1
vn 1.31041e-07 -2.09281e-06 -1
vn 1.1479e-05 3.57276e-06 -1
vn 8.88757e-06 -5.28938e-06 -1
vn 1.4035e-06 6.7696e-06 -1
vn -1.27757e-05 -2.96668e-06 -1
vn 9.30278e-06 -2.52143e-06 -1
vn 1.4099e-06 1.25003e-06 -1
vn -0.0138995 0.00153025 -0.999902
vn 9.43414e-06 3.98809e-06 -1
vn -2.85303e-06 4.62067e-06 -1
vn -1.98141e-05 -2.7663e-06 -1
vn -2.94133e-05 -1.85638e-05 -1
vn -5.51768e-05 3.55787e-06 -1
vn -3.02891e-06 1.29793e-06 -1
vn 2.10588e-05 -2.54523e-06 -1
vn 1.81761e-05 9.87657e-06 -1
vn -1.80097e-05 -5.86129e-06 -1
vn 2.21467e-05 -4.44896e-06 -1
vn -1.81253e-05 -4.6083e-05 -1
vn -0.0215307 -0.0102506 -0.999716
vn -5.22059e-07 -1.51535e-05 -1
vn 6.43325e-05 7.00736e-05 -1
vn -0.439446 -0.145908 -0.88634
vn -0.05981 0.0517784 -0.996866
vn -0.882554 -0.443458 -0.156345
vn -0.156462 0.13824 -0.977962
vn -0.125896 0.0465505 -0.990951
vn -0.679916 -0.307183 -0.665847
vn -0.483322 -0.191368 0.854271
vn -0.845026 -0.351885 0.402625
vn -0.452846 -0.155658 0.877896
vn -0.769859 -0.325521 -0.548957
vn 0.799624 0.266079 0.538335
vn 9.04147e-06 -1.51248e-05 -1
vn 1.37132e-05 -7.13957e-06 -1
vn -2.3877e-05 -1.64915e-05 -1
vn -8.18222e-06 -1.80406e-05 -1
vn -1.91963e-05 -4.82432e-06 -1
vn -0.275941 -0.113526 -0.954447
vn -0.0208163 -0.00679234 -0.99976
vn -0.000920977 0.000498617 -0.999999
vn -0.320397 -0.170753 -0.931767
vn -0.00407075 -0.000850214 -0.999991
vn -0.0446853 -0.0323771 -0.998476
vn -0.325467 -0.0022256 0.945551
vn -0.861085 -0.500708 -0.0884525
vn -1.24765e-05 -2.26953e-06 -1
vn 0.000926603 -0.0625466 -0.998042
vn -1.09456e-05 5.25801e-05 -1
vn -0.0314259 -0.221081 -0.974749
vn 0.000227397 6.56318e-05 -1
vn -0.731408 -0.272443 -0.625154
vn -0.897387 -0.431343 -0.092946
vn -0.119931 0.0673684 0.990494
vn -0.859925 -0.508409 0.0452778
vn 0.351945 0.38636 0.852561
vn -0.766221 -0.435621 -0.472376
vn -0.310481 -0.239653 -0.919874
vn -0.647707 -0.313894 0.694223
vn 0.0838674 0.156102 0.984174
vn 0.129883 0.197348 0.971691
vn 0.629871 0.26262 0.730954
vn 0.217507 0.350371 0.911005
vn 0.321355 0.35223 0.879014
vn 0.250703 0.392551 0.884902
vn 0.558475 0.327811 0.762001
vn 0.375187 0.21564 0.901518
vn -0.299775 -0.144987 -0.942928
vn 0.181257 0.141876 0.973148
vn 0.0580574 -0.110084 0.992225
vn 0.241039 0.049862 0.969234
vn 0.112135 -0.459367 0.88114
vn 0.24718 0.204409 0.947164
vn 0.147325 -0.105374 0.983459
vn 0.285619 0.298076 0.910809
vn 0.149468 -0.340393 0.928328
vn 0.225306 -0.425508 0.876459
vn 0.20596 -0.13681 0.96895
vn 4.44958e-06 2.78525e-06 -1
vn 1.59074e-06 2.43015e-06 -1
vn 2.24734e-06 1.67892e-06 -1
vn 6.12282e-06 1.59864e-06 -1
vn 0.607901 0.48506 0.628629
vn 0.713744 0.314751 0.625701
vn 0.547664 0.185504 0.815876
vn 0.336802 0.167445 0.926567
vn 0.211365 0.0725884 0.974708
vn 0.0347507 0.0217873 0.999159
vn -8.4053e-05 -8.78804e-06 1
vn 0.498752 0.174458 0.849006
vn 0.251799 0.10472 0.962097
vn 0.767785 0.245723 0.591715
vn -6.76359e-07 -5.2683e-06 1
vn 0.121923 -0.499191 0.857871
vn 0.0683679 -0.401843 0.913153
vn 0.0452037 -0.118657 0.991906
vn 0.00945497 -0.0194001 0.999767
vn 0.0204284 -0.134743 0.99067
vn 8.21906e-07 -1.32295e-06 1
vn -3.90948e-06 -1.12305e-05 1
vn 0.0153032 0.00198393 0.999881
vn 3.67364e-07 -5.93709e-06 1
vn -9.59273e-07 -4.22748e-08 1
vn -3.18633e-05 -9.51945e-06 1
vn 0.235844 0.0954919 0.967088
vn 0.0192809 -0.0102744 0.999761
vn 0.178092 -0.0150137 0.983899
vn 0.0597998 0.0254731 0.997885
vn 1.65679e-05 7.41756e-07 1
vn 0.00175268 0.00113705 0.999998
vn 4.03494e-06 -8.56112e-06 1
vn -5.15887e-06 -5.79486e-06 1
vn -1.21927e-05 -5.20425e-06 1
vn 0.00118403 0.000878839 0.999999
vn 0.0398307 0.024748 0.9989
vn 0.0558965 0.0485769 0.997254
vn -2.05362e-05 -8.6356e-06 -1
vn 3.94385e-06 3.10042e-06 -1
vn 2.23687e-06 3.96708e-06 -1
vn -4.4157e-06 -1.70251e-06 -1
vn -0.506078 -0.289474 -0.812459
vn 0.164665 0.0687467 0.983951
vn 0.55362 0.212892 0.805097
vn 0.633615 0.243678 0.734271
vn -0.38199 -0.250368 0.889606
vn 0.730206 0.339059 0.59316
vn -0.0616641 -0.035347 -0.997471
vn -0.0618526 -0.105319 -0.992513
vn 4.24053e-08 -8.26307e-06 -1
vn -0.0301386 -0.0560763 -0.997972
vn 4.07006e-06 -1.65441e-05 -1
vn -2.06871e-05 3.02483e-06 -1
vn -9.33344e-06 6.37118e-06 -1
vn 0.577312 0.294347 0.761624
vn 0.115005 -0.516381 0.848602
vn 0.137875 -0.52962 0.836955
vn -5.79932e-05 -4.6091e-05 -1
vn 1.8e-06 -2.33868e-06 -1
vn 4.38057e-06 -9.04047e-07 -1
vn -7.60297e-07 3.43964e-06 -1
vn 9.2405e-06 -2.83759e-06 -1
vn 8.50799e-06 -6.21e-07 -1
vn 0.0720867 0.0500915 0.99614
vn 0.533889 0.168201 0.828656
vn 0.736328 0.215948 0.641239
vn 0.424857 0.184682 0.886222
vn -7.24748e-06 -9.66414e-06 1
vn 2.32478e-06 -6.22616e-08 1
vn 0.00253672 0.00123729 0.999996
vn 0.320967 0.140547 0.936604
vn 0.0597899 0.0153782 0.998093
vn -6.29716e-06 -2.62761e-05 1
vn 0.103353 0.0820866 0.991252
vn -0.686973 -0.394841 0.610056
vn -0.915562 -0.371365 -0.154385
vn 0.318182 0.193365 0.9281
vn -0.560218 -0.220117 0.798564
vn 0.662703 0.32885 0.672817
vn 0.259912 0.140612 0.95534
vn -0.141685 0.0317193 -0.989403
vn 2.42056e-06 -3.97454e-07 -1
vn 0.453215 0.222205 0.863262
vn -0.789543 -0.613668 -0.00575063
vn 0.436401 0.180176 0.881527
vn 0.158269 0.0980416 0.982517
vn -0.132795 -0.0889169 0.987147
vn -0.0134222 -0.0332494 0.999357
vn -0.754149 -0.45143 -0.476937
vn -0.619369 -0.226614 -0.751684
vn -6.93486e-06 -2.95734e-06 1
vn 0.717315 0.212961 0.663406
vn -0.550558 -0.112438 -0.82719
vn -0.658138 0.192406 -0.727897
vn -0.143494 0.223066 -0.964184
vn 0.254745 -0.0433352 -0.966037
vn 0.347606 -0.0576263 -0.935868
vn 0.0757415 -0.0538875 -0.99567
vn -0.285007 -0.082722 -0.954949
vn -0.15661 0.246378 -0.956437
vn -0.05452 0.113091 -0.992088
vn -0.902833 -0.410157 -0.129085
vn -0.277973 0.148382 0.949059
vn -0.0272476 -0.232239 0.972277
vn 0.545266 -0.224241 0.807713
vn 0.158255 0.0118373 0.987327
vn 0.110244 -0.146785 0.983006
vn -0.253582 0.0750187 0.9644
vn 0.200292 -0.169777 0.964914
vn 0.557 0.100377 0.824424
vn -0.0664431 0.195389 0.978472
vn -0.342806 -0.210024 0.915628
vn 0.355163 -0.0773239 0.931601
vn 0.601673 0.495795 0.62624
vn 0.212272 0.474453 0.854304
vn -0.307512 0.283353 0.908376
vn -0.781655 0.463121 0.417774
vn -0.937912 0.313408 -0.148647
vn -0.996203 0.0231004 -0.0839463
vn -0.632111 0.0662267 0.772042
vn 0.0375589 -0.178113 0.983293
vn 0.533211 -0.0224578 0.845684
vn 0.628709 0.450127 0.634122
vn 0.346859 0.488467 0.80068
vn 0.0955219 0.414696 0.904933
vn -0.0987674 -0.00846493 0.995075
vn 0.302778 -0.0567653 0.951369
vn 0.250031 0.206642 0.94593
vn -0.0641817 -0.00940066 0.997894
vn 0.280644 -0.155339 0.947158
vn 0.11083 0.116535 0.986983
vn -0.193003 -0.0163561 0.981062
vn 0.0428538 -0.351403 0.935243
vn 0.352415 -0.421831 0.835381
vn 0.620759 -0.331722 0.710365
vn 0.357142 0.16611 0.919161
vn -0.212943 0.193488 0.957715
vn -0.710457 -0.109411 0.695183
vn -0.961969 -0.231866 -0.144406
vn 0.0417687 -0.0853309 -0.995477
vn 0.042541 0.215242 -0.975634
vn 0.195355 0.0111179 -0.98067
vn -0.297804 -0.189375 -0.935655
vn -0.344024 0.224133 -0.911818
vn 0.108035 -0.0146825 -0.994039
vn -0.213109 -0.199116 -0.956524
vn 0.00827489 -0.0235371 -0.999689
vn -0.247846 -0.114027 -0.962066
vn -0.658875 -0.0633776 0.749578
vn -0.731448 0.314991 0.604785
vn -0.144281 0.141698 0.979339
vn -0.0191227 0.099922 0.994812
vn 0.456587 -0.186173 0.869982
vn 0.51703 -0.278275 0.809471
vn -0.0553294 -0.22805 0.972076
vn -0.0332229 0.14914 0.988258
vn 0.156783 -0.154166 0.975526
vn 0.277055 0.0802513 0.957497
vn 0.0601053 -0.0795041 0.995021
vn 0.328223 0.181545 0.92699
vn -0.289351 0.0104875 0.957166
vn 0.187924 0.100322 0.977047
vn -0.124004 -0.066263 0.990067
vn 0.584555 0.401458 0.705072
vn 0.564577 0.431477 0.70362
vn 0.291529 0.125238 0.948328
vn 0.126503 -0.152693 0.980144
vn -0.505728 -0.343357 -0.791419
vn -0.499426 0.0732222 -0.863257
vn 0.00541439 0.00472987 -0.999974
vn 0.100673 0.134478 -0.985789
vn 0.17855 -0.21196 -0.960829
vn -0.299702 -0.0398747 -0.953199
vn 0.0587712 -0.0235015 -0.997995
vn 0.070263 0.279639 -0.957531
vn -0.130914 -0.0651053 -0.989254
vn 0.0793222 0.0617989 -0.994932
# 5042 vertex normals
vt 0.577633 -1.44114 0
vt 0.540102 -1.441 0
vt 0.502571 -1.44086 0
vt 0.46504 -1.44072 0
vt 0.427511 -1.44041 0
vt 0.389982 -1.43996 0
vt 0.352453 -1.43951 0
vt 0.314925 -1.43906 0
vt 0.277399 -1.43846 0
vt 0.239875 -1.43771 0
vt 0.202351 -1.43696 0
vt 0.164829 -1.43615 0
vt 0.127312 -1.4351 0
vt 0.0897959 -1.43405 0
vt 0.0522795 -1.43299 0
vt 0.0147638 -1.43192 0
vt 0.0147638 -1.39573 0
vt 0.0147638 -1.35955 0
vt 0.0147638 -1.32337 0
vt 0.0147638 -1.28718 0
vt 0.0147638 -1.251 0
vt 0.0147638 -1.21482 0
vt 0.0147638 -1.17863 0
vt 0.0147638 -1.14245 0
vt 0.0147638 -1.10627 0
vt 0.0147638 -1.07008 0
vt 0.0147638 -1.0339 0
vt 0.0147638 -0.997719 0
vt 0.0147638 -0.961536 0
vt 0.0147638 -0.925352 0
vt 0.0147638 -0.889169 0
vt 0.0147638 -0.852986 0
vt 0.0147638 -0.816803 0
vt 0.0147638 -0.78062 0
vt 0.0147638 -0.744437 0
vt 0.0147638 -0.708254 0
vt 0.0147638 -0.672071 0
vt 0.0147638 -0.635888 0
vt 0.0147638 -0.599705 0
vt 0.0147638 -0.563522 0
vt 0.0481761 -0.55033 0
vt 0.0761341 -0.527862 0
vt 0.0970531 -0.498626 0
vt 0.112259 -0.466014 0
vt 0.122499 -0.431506 0
vt 0.128615 -0.396023 0
vt 0.131601 -0.360133 0
vt 0.132495 -0.324195 0
vt 0.131847 -0.288252 0
vt 0.129359 -0.25239 0
vt 0.125057 -0.2167 0
vt 0.119247 -0.181223 0
vt 0.112143 -0.145981 0
vt 0.103824 -0.111006 0
vt 0.138104 -0.0994378 0
vt 0.172385 -0.0878697 0
vt 0.206665 -0.0763015 0
vt 0.240945 -0.0647334 0
vt 0.27529 -0.0533582 0
vt 0.309635 -0.0419829 0
vt 0.343979 -0.0306078 0
vt 0.378324 -0.0192325 0
vt 0.38576 -0.0543004 0
vt 0.395694 -0.088741 0
vt 0.408845 -0.122077 0
vt 0.4261 -0.153471 0
vt 0.448287 -0.181569 0
vt 0.475615 -0.204672 0
vt 0.507358 -0.22117 0
vt 0.54198 -0.230262 0
vt 0.577633 -0.233643 0
vt 1.1405 -1.43192 0
vt 1.10299 -1.43298 0
vt 1.06547 -1.43404 0
vt 1.02795 -1.43511 0
vt 0.990438 -1.43617 0
vt 0.952915 -1.43696 0
vt 0.915391 -1.43771 0
vt 0.877867 -1.43846 0
vt 0.840341 -1.43906 0
vt 0.802813 -1.43951 0
vt 0.765284 -1.43996 0
vt 0.727756 -1.44041 0
vt 0.690226 -1.44072 0
vt 0.652695 -1.44086 0
vt 0.615164 -1.441 0
vt 1.1405 -0.563522 0
vt 1.1405 -0.599705 0
vt 1.1405 -0.635888 0
vt 1.1405 -0.672071 0
vt 1.1405 -0.708254 0
vt 1.1405 -0.744437 0
vt 1.1405 -0.78062 0
vt 1.1405 -0.816803 0
vt 1.1405 -0.852986 0
vt 1.1405 -0.889169 0
vt 1.1405 -0.925352 0
vt 1.1405 -0.961536 0
vt 1.1405 -0.997719 0
vt 1.1405 -1.0339 0
vt 1.1405 -1.07008 0
vt 1.1405 -1.10627 0
vt 1.1405 -1.14245 0
vt 1.1405 -1.17863 0
vt 1.1405 -1.21482 0
vt 1.1405 -1.251 0
vt 1.1405 -1.28718 0
vt 1.1405 -1.32337 0
vt 1.1405 -1.35955 0
vt 1.1405 -1.39573 0
vt 1.04313 -0.145983 0
vt 1.03603 -0.181224 0
vt 1.0302 -0.216698 0
vt 1.0259 -0.25239 0
vt 1.02341 -0.288251 0
vt 1.02277 -0.324195 0
vt 1.02367 -0.360133 0
vt 1.02665 -0.396023 0
vt 1.03277 -0.431506 0
vt 1.04301 -0.466014 0
vt 1.05821 -0.498626 0
vt 1.07913 -0.527862 0
vt 1.10709 -0.55033 0
vt 0.776942 -0.0192325 0
vt 0.811287 -0.0306078 0
vt 0.845632 -0.0419829 0
vt 0.879976 -0.0533582 0
vt 0.914321 -0.0647334 0
vt 0.948601 -0.0763015 0
vt 0.982882 -0.0878697 0
vt 1.01716 -0.0994378 0
vt 1.05144 -0.111006 0
vt 0.613286 -0.230262 0
vt 0.647908 -0.22117 0
vt 0.679652 -0.204672 0
vt 0.70698 -0.181569 0
vt 0.729166 -0.153471 0
vt 0.746421 -0.122077 0
vt 0.759572 -0.088741 0
vt 0.769507 -0.0543004 0
vt 0.0789064 -1.12436 0
vt 0.0789064 -1.26909 0
vt 0.0789064 -0.762529 0
vt 0.0699948 -1.37764 0
vt 0.0340571 -1.41382 0
vt 0.0619327 -1.40557 0
vt 0.0416964 -1.3846 0
vt 0.0958651 -1.40024 0
vt 0.0483105 -1.35049 0
vt 0.108962 -1.42004 0
vt 0.144836 -1.39504 0
vt 0.120414 -1.39823 0
vt 0.126964 -1.35334 0
vt 0.106012 -1.37321 0
vt 0.088303 -1.33355 0
vt 0.104146 -1.35026 0
vt 0.119928 -1.31943 0
vt 0.0809823 -1.35636 0
vt 0.0278742 -1.34146 0
vt 0.0541004 -1.30974 0
vt 0.09231 -1.30005 0
vt 0.183565 -1.32391 0
vt 0.140424 -1.26084 0
vt 0.0697862 -1.29142 0
vt 0.0445653 -1.26809 0
vt 0.075784 -1.31506 0
vt 0.0602815 -1.33141 0
vt 0.151114 -1.33064 0
vt 0.11083 -1.27365 0
vt 0.0630682 -1.22277 0
vt 0.159707 -1.36398 0
vt 0.160335 -1.29351 0
vt 0.0408068 -1.24012 0
vt 0.0648603 -1.24803 0
vt 0.0993112 -1.24027 0
vt 0.187792 -1.39652 0
vt 0.134196 -1.28704 0
vt 0.166638 -1.38639 0
vt 0.163863 -1.4112 0
vt 0.188803 -1.36726 0
vt 0.185782 -1.42009 0
vt 0.212432 -1.41049 0
vt 0.176377 -1.34677 0
vt 0.205231 -1.34328 0
vt 0.225895 -1.37506 0
vt 0.22874 -1.29519 0
vt 0.210203 -1.31592 0
vt 0.249389 -1.33717 0
vt 0.194803 -1.2835 0
vt 0.234091 -1.31863 0
vt 0.272965 -1.29742 0
vt 0.0789064 -0.617796 0
vt 0.041217 -0.581613 0
vt 0.0449454 -0.61545 0
vt 0.0840436 -0.574724 0
vt 0.0589789 -0.659285 0
vt 0.0612611 -0.569656 0
vt 0.0634759 -0.596148 0
vt 0.0771921 -0.551782 0
vt 0.121288 -0.551108 0
vt 0.0990471 -0.538832 0
vt 0.125399 -0.517373 0
vt 0.0606859 -0.634575 0
vt 0.0380162 -0.645423 0
vt 0.0908737 -0.649074 0
vt 0.122658 -0.490714 0
vt 0.171287 -0.499184 0
vt 0.152426 -0.463643 0
vt 0.145778 -0.501807 0
vt 0.157606 -0.538416 0
vt 0.091682 -0.706518 0
vt 0.140338 -0.612221 0
vt 0.0825263 -0.677919 0
vt 0.110408 -0.623672 0
vt 0.0496323 -0.695292 0
vt 0.134033 -0.677195 0
vt 0.114616 -0.589831 0
vt 0.135551 -0.644549 0
vt 0.108169 -0.66971 0
vt 0.0918113 -0.597493 0
vt 0.149364 -0.575882 0
vt 0.106168 -0.568439 0
vt 0.192664 -0.663563 0
vt 0.171023 -0.633282 0
vt 0.127269 -0.123906 0
vt 0.151112 -0.156463 0
vt 0.161003 -0.124211 0
vt 0.213231 -0.157871 0
vt 0.18237 -0.148406 0
vt 0.180241 -0.204816 0
vt 0.20883 -0.117176 0
vt 0.190496 -0.176958 0
vt 0.2023 -0.138468 0
vt 0.230376 -0.135431 0
vt 0.185039 -0.121527 0
vt 0.241127 -0.1009 0
vt 0.261583 -0.177044 0
vt 0.240111 -0.160639 0
vt 0.223213 -0.192845 0
vt 0.279431 -0.131429 0
vt 0.255458 -0.140228 0
vt 0.162586 -0.182501 0
vt 0.152234 -0.208833 0
vt 0.171999 -0.246998 0
vt 0.341622 -0.0856856 0
vt 0.366189 -0.0401279 0
vt 0.345274 -0.0582526 0
vt 0.318967 -0.06871 0
vt 0.36736 -0.0751522 0
vt 0.308679 -0.106045 0
vt 0.367277 -0.111661 0
vt 0.671211 -1.37426 0
vt 0.895299 -1.37157 0
vt 1.04482 -1.36807 0
vt 1.12122 -1.41382 0
vt 1.1054 -1.37764 0
vt 1.09256 -1.4048 0
vt 1.07407 -1.37944 0
vt 1.08678 -1.32711 0
vt 1.04796 -1.40331 0
vt 1.06853 -1.35039 0
vt 1.09537 -1.35264 0
vt 1.11412 -1.33212 0
vt 1.10637 -1.29736 0
vt 1.02533 -1.3172 0
vt 1.04225 -1.33989 0
vt 1.05793 -1.31054 0
vt 0.993575 -1.35854 0
vt 1.02054 -1.35608 0
vt 1.01037 -1.39356 0
vt 1.08175 -1.30248 0
vt 1.08498 -1.25628 0
vt 1.06011 -1.27775 0
vt 1.03448 -1.22292 0
vt 1.05503 -1.24672 0
vt 1.08637 -1.20023 0
vt 1.00656 -1.26779 0
vt 1.06351 -1.21863 0
vt 1.09018 -1.22836 0
vt 1.04139 -1.16931 0
vt 1.1121 -1.24689 0
vt 1.11249 -1.21101 0
vt 1.0455 -1.19709 0
vt 1.10551 -1.2717 0
vt 1.10983 -1.1804 0
vt 0.994206 -1.19048 0
vt 1.01892 -1.20102 0
vt 0.991734 -1.23052 0
vt 1.03459 -1.266 0
vt 1.01914 -1.2445 0
vt 1.02206 -1.29017 0
vt 0.97464 -1.30648 0
vt 1.00113 -1.30641 0
vt 0.987947 -1.33111 0
vt 0.937693 -1.34234 0
vt 0.961233 -1.32963 0
vt 0.926963 -1.29433 0
vt 0.962713 -1.36052 0
vt 0.939111 -1.31682 0
vt 0.89477 -1.32624 0
vt 1.07713 -1.16549 0
vt 1.04409 -1.29315 0
vt 0.930954 -1.37793 0
vt 0.979881 -1.38665 0
vt 0.990554 -1.41026 0
vt 0.961493 -1.40917 0
vt 0.954926 -1.38505 0
vt 0.93655 -1.40301 0
vt 0.909352 -1.39591 0
vt 0.872037 -1.40123 0
vt 1.07636 -0.762529 0
vt 0.693026 -0.269193 0
vt 0.793445 -0.168362 0
vt 0.980953 -0.15016 0
vt 0.813138 -0.0825557 0
vt 0.789078 -0.0401279 0
vt 0.792895 -0.0659988 0
vt 0.787265 -0.0935344 0
vt 0.817649 -0.056388 0
vt 0.817457 -0.12871 0
vt 0.844682 -0.0745211 0
vt 0.807956 -0.10632 0
vt 0.780588 -0.127475 0
vt 0.839818 -0.10601 0
vt 0.765768 -0.110447 0
vt 0.868877 -0.156999 0
vt 0.881777 -0.0963724 0
vt 0.847157 -0.135603 0
vt 0.858878 -0.0928346 0
vt 0.861109 -0.116436 0
vt 0.895246 -0.130924 0
vt 0.825664 -0.160776 0
vt 0.823002 -0.221685 0
vt 0.815743 -0.190855 0
vt 0.76472 -0.219137 0
vt 0.857238 -0.197355 0
vt 0.79422 -0.212192 0
vt 0.838439 -0.181665 0
vt 0.773577 -0.190635 0
vt 0.791783 -0.26796 0
vt 0.761541 -0.159901 0
vt 0.738997 -0.195516 0
vt 0.800866 -0.24042 0
vt 0.772958 -0.246483 0
vt 0.845146 -0.270293 0
vt 0.729268 -0.24473 0
vt 0.827219 -0.249111 0
vt 0.751416 -0.238059 0
vt 0.733921 -0.220082 0
vt 0.749996 -0.273444 0
vt 0.864208 -0.235982 0
vt 0.702651 -0.226941 0
vt 0.781317 -0.14971 0
vt 0.804456 -0.147933 0
vt 0.761413 -0.138018 0
vt 0.742193 -0.172597 0
vt 0.714259 -0.205156 0
vt 0.706471 -0.250034 0
vt 0.676304 -0.243162 0
vt 0.721258 -0.274707 0
vt 0.697367 -0.321998 0
vt 0.702643 -0.294983 0
vt 0.652115 -0.299137 0
vt 0.741006 -0.316499 0
vt 0.677965 -0.304186 0
vt 0.736463 -0.293084 0
vt 0.766621 -0.299382 0
vt 0.65609 -0.347486 0
vt 0.673134 -0.328921 0
vt 0.697522 -0.368418 0
vt 0.662505 -0.270413 0
vt 0.784158 -0.353349 0
vt 0.620627 -0.271506 0
vt 0.767779 -0.328839 0
vt 0.738028 -0.358174 0
vt 0.817092 -0.313613 0
vt 0.760631 -0.351343 0
vt 0.761438 -0.394827 0
vt 0.770641 -0.372907 0
vt 0.804899 -0.400181 0
vt 0.796114 -0.376062 0
vt 0.789962 -0.313216 0
vt 0.843262 -0.37255 0
vt 0.803854 -0.29111 0
vt 0.817885 -0.350098 0
vt 0.829713 -0.291042 0
vt 0.863414 -0.324701 0
vt 0.85826 -0.29616 0
vt 0.841506 -0.313921 0
vt 0.842196 -0.340172 0
vt 0.911432 -0.301295 0
vt 0.881576 -0.268082 0
vt 0.869603 -0.355476 0
vt 0.884122 -0.306226 0
vt 0.891291 -0.335105 0
vt 0.64178 -0.279157 0
vt 0.641609 -0.249822 0
vt 0.621432 -0.302346 0
vt 0.799416 -0.335069 0
vt 0.8867 -0.41071 0
vt 0.639262 -0.324531 0
vt 0.591019 -0.345046 0
vt 0.612248 -0.327985 0
vt 0.571389 -0.298883 0
vt 0.622926 -0.36301 0
vt 0.587714 -0.319196 0
vt 0.543543 -0.337979 0
vt 0.568277 -0.334817 0
vt 0.561516 -0.380246 0
vt 0.90744 -0.374027 0
vt 0.870362 -0.385504 0
vt 0.597315 -0.287545 0
vt 0.594245 -0.258122 0
vt 0.841646 -0.410755 0
vt 0.558205 -0.264702 0
vt 1.05328 -0.588658 0
vt 1.11405 -0.581613 0
vt 1.08218 -0.572288 0
vt 1.10872 -0.617796 0
vt 1.05163 -0.552064 0
vt 1.09228 -0.596889 0
vt 1.06358 -0.636369 0
vt 1.08352 -0.620692 0
vt 1.09896 -0.660854 0
vt 1.02799 -0.123912 0
vt 0.996711 -0.123124 0
vt 1.01224 -0.150948 0
vt 0.957281 -0.118252 0
vt 0.995641 -0.188475 0
vt 0.996199 -0.166289 0
vt 0.969025 -0.176705 0
vt 0.946797 -0.150765 0
vt 0.961468 -0.229772 0
vt 0.97273 -0.204304 0
vt 0.921952 -0.197073 0
vt 0.997185 -0.230343 0
vt 0.946321 -0.20785 0
vt 0.91699 -0.241235 0
vt 0.926616 -0.12631 0
vt 0.94154 -0.177763 0
vt 0.91425 -0.158438 0
vt 0.936284 -0.100724 0
vt 0.908527 -0.104855 0
vt 0.891691 -0.1537 0
vt 0.884328 -0.183311 0
vt 0.0544892 -1.08818 0
vt 0.0442837 -1.12436 0
vt 0.0461551 -1.16054 0
vt 0.0615951 -1.10971 0
vt 0.0962178 -1.08635 0
vt 0.0371779 -1.10282 0
vt 0.0615951 -1.1416 0
vt 0.0874478 -1.17844 0
vt 0.0878627 -1.15066 0
vt 0.136906 -1.16529 0
vt 0.122455 -1.12421 0
vt 0.110321 -1.16489 0
vt 0.118374 -1.20456 0
vt 0.0442837 -0.762529 0
vt 0.0461551 -0.798712 0
vt 0.0615951 -0.730075 0
vt 0.0615951 -0.779773 0
vt 0.0874478 -0.816613 0
vt 0.0878626 -0.788831 0
vt 0.136906 -0.803458 0
vt 0.122455 -0.762376 0
vt 0.110321 -0.803061 0
vt 0.12291 -0.850386 0
vt 0.12329 -0.824948 0
vt 0.168194 -0.83834 0
vt 0.0386094 -0.738658 0
vt 0.0305258 -1.30527 0
vt 0.0425493 -1.19673 0
vt 0.0688702 -1.19709 0
vt 0.0890915 -1.21516 0
vt 0.246808 -1.40328 0
vt 0.228745 -1.3506 0
vt 0.253358 -1.36586 0
vt 0.302229 -1.34448 0
vt 0.274778 -1.34828 0
vt 0.292774 -1.39204 0
vt 0.285192 -1.32245 0
vt 0.291362 -1.36704 0
vt 0.323442 -1.28826 0
vt 0.336389 -1.37704 0
vt 0.299496 -1.29996 0
vt 0.324495 -1.32077 0
vt 0.290728 -1.25166 0
vt 0.2883 -1.27705 0
vt 0.25076 -1.26065 0
vt 0.330652 -1.34886 0
vt 0.31506 -1.36671 0
vt 0.316661 -1.39059 0
vt 0.306131 -1.41448 0
vt 0.343487 -1.40852 0
vt 0.383476 -1.35278 0
vt 0.358758 -1.32798 0
vt 0.356511 -1.35827 0
vt 0.364682 -1.3872 0
vt 0.415078 -1.29656 0
vt 0.372316 -1.41598 0
vt 0.391349 -1.32021 0
vt 0.409138 -1.40735 0
vt 0.445141 -1.35045 0
vt 0.370763 -1.27583 0
vt 0.42251 -1.32775 0
vt 0.370056 -1.30312 0
vt 0.391134 -1.29001 0
vt 0.414714 -1.25084 0
vt 0.393569 -1.2648 0
vt 0.348908 -1.28892 0
vt 0.379405 -1.22033 0
vt 0.337314 -1.24478 0
vt 0.37111 -1.24746 0
vt 0.393658 -1.23952 0
vt 0.420551 -1.20466 0
vt 0.414561 -1.3583 0
vt 0.474077 -1.29898 0
vt 0.344482 -1.31081 0
vt 0.394511 -1.38091 0
vt 0.437891 -1.3857 0
vt 0.444237 -1.30609 0
vt 0.46519 -1.32786 0
vt 0.450716 -1.26712 0
vt 0.495228 -1.3747 0
vt 0.43514 -1.28455 0
vt 0.473603 -1.35551 0
vt 0.467353 -1.38434 0
vt 0.517674 -1.32761 0
vt 0.453877 -1.41202 0
vt 0.491355 -1.40862 0
vt 0.491465 -1.33497 0
vt 0.521429 -1.41623 0
vt 0.483849 -1.4293 0
vt 0.558994 -1.40734 0
vt 0.181351 -1.30153 0
vt 0.170684 -1.2648 0
vt 0.209523 -1.23961 0
vt 0.161123 -1.22027 0
vt 0.194501 -1.25898 0
vt 0.218107 -1.27095 0
vt 0.183365 -1.23484 0
vt 0.204895 -1.19085 0
vt 0.184853 -1.20831 0
vt 0.172482 -1.17386 0
vt 0.157986 -1.24424 0
vt 0.133702 -1.22887 0
vt 0.131643 -0.452993 0
vt 0.156738 -0.429625 0
vt 0.138821 -0.416051 0
vt 0.169222 -0.387945 0
vt 0.213354 -0.454084 0
vt 0.181506 -0.450047 0
vt 0.175153 -0.474357 0
vt 0.209193 -0.492372 0
vt 0.202297 -0.413668 0
vt 0.18089 -0.425564 0
vt 0.0390863 -0.673338 0
vt 0.142967 -0.554835 0
vt 0.164908 -0.559662 0
vt 0.198921 -0.536094 0
vt 0.185558 -0.595011 0
vt 0.161606 -0.662885 0
vt 0.173186 -0.718919 0
vt 0.176573 -0.689006 0
vt 0.150283 -0.701178 0
vt 0.120956 -0.703552 0
vt 0.142681 -0.734647 0
vt 0.109181 -0.733283 0
vt 0.229722 -0.70481 0
vt 0.163452 -0.771038 0
vt 0.0855249 -0.729646 0
vt 0.100654 -0.754749 0
vt 0.205376 -0.689412 0
vt 0.203368 -0.719533 0
vt 0.244844 -0.653953 0
vt 0.220109 -0.666116 0
vt 0.215061 -0.624622 0
vt 0.167207 -0.744771 0
vt 0.207465 -0.763929 0
vt 0.144898 -0.757505 0
vt 0.138026 -0.779981 0
vt 0.231704 -0.739305 0
vt 0.263236 -0.794586 0
vt 0.239674 -0.771392 0
vt 0.291864 -0.718543 0
vt 0.212764 -0.814294 0
vt 0.258856 -0.72044 0
vt 0.277489 -0.756542 0
vt 0.218811 -0.788196 0
vt 0.18869 -0.787492 0
vt 0.238838 -0.806586 0
vt 0.239464 -0.856662 0
vt 0.232089 -0.831713 0
vt 0.201323 -0.846416 0
vt 0.271923 -0.833503 0
vt 0.273245 -0.682687 0
vt 0.261889 -0.772389 0
vt 0.287478 -0.781976 0
vt 0.254134 -0.749153 0
vt 0.324696 -0.752681 0
vt 0.286555 -0.809808 0
vt 0.301674 -0.761722 0
vt 0.32819 -0.79541 0
vt 0.321243 -0.847593 0
vt 0.29857 -0.833593 0
vt 0.285087 -0.880785 0
vt 0.321925 -0.82113 0
vt 0.298484 -0.85909 0
vt 0.368495 -0.835571 0
vt 0.330244 -0.893686 0
vt 0.349584 -0.814245 0
vt 0.344016 -0.83823 0
vt 0.34267 -0.867334 0
vt 0.396845 -0.791383 0
vt 0.318895 -0.872229 0
vt 0.383173 -0.902537 0
vt 0.36167 -0.778949 0
vt 0.376438 -0.809479 0
vt 0.357957 -0.890647 0
vt 0.41872 -0.836606 0
vt 0.349488 -0.941293 0
vt 0.384438 -0.867168 0
vt 0.401405 -0.81708 0
vt 0.360865 -0.917164 0
vt 0.444677 -0.796147 0
vt 0.397949 -0.949396 0
vt 0.420089 -0.800511 0
vt 0.383952 -0.928051 0
vt 0.424648 -0.754741 0
vt 0.428791 -0.913911 0
vt 0.276213 -0.734341 0
vt 0.163666 -0.798292 0
vt 0.170442 -0.901106 0
vt 0.25291 -0.696555 0
vt 0.274515 -0.70479 0
vt 0.298524 -0.692322 0
vt 0.330369 -0.714368 0
vt 0.302964 -0.642691 0
vt 0.293745 -0.66688 0
vt 0.336078 -0.672098 0
vt 0.273307 -0.645239 0
vt 0.178169 -0.869406 0
vt 0.283618 -0.591391 0
vt 0.249762 -0.619173 0
vt 0.150057 -0.861299 0
vt 0.143907 -0.837797 0
vt 0.117485 -0.903102 0
vt 0.127768 -0.877523 0
vt 0.0780963 -0.872411 0
vt 0.14384 -0.89884 0
vt 0.102198 -0.8821 0
vt 0.138217 -0.947692 0
vt 0.0732797 -0.919213 0
vt 0.134139 -0.922473 0
vt 0.103095 -0.932318 0
vt 0.163408 -0.93068 0
vt 0.215526 -0.895305 0
vt 0.286057 -0.619769 0
vt 0.335145 -0.601258 0
vt 0.30799 -0.603591 0
vt 0.317431 -0.554286 0
vt 0.305757 -0.577607 0
vt 0.270253 -0.545252 0
vt 0.283442 -0.566437 0
vt 0.242355 -0.577319 0
vt 0.0674988 -0.972834 0
vt 0.180971 -0.983844 0
vt 0.203907 -0.872173 0
vt 0.196154 -0.922845 0
vt 0.0788807 -0.946939 0
vt 0.045796 -0.939194 0
vt 0.108194 -0.975272 0
vt 0.164692 -0.959738 0
vt 0.139734 -0.979474 0
vt 0.197027 -0.955451 0
vt 0.0429175 -0.906342 0
vt 0.116638 -1.03237 0
vt 0.239331 -0.998112 0
vt 0.246687 -0.937807 0
vt 0.0657254 -0.894787 0
vt 0.0446434 -0.868524 0
vt 0.120602 -1.00261 0
vt 0.212163 -0.982748 0
vt 0.223942 -0.921808 0
vt 0.222402 -0.948164 0
vt 0.254932 -0.901918 0
vt 0.245316 -0.968241 0
vt 0.0647371 -0.84149 0
vt 0.0861872 -1.00175 0
vt 0.160043 -1.02301 0
vt 0.295277 -0.993786 0
vt 0.0936052 -0.847364 0
vt 0.0627926 -0.816909 0
vt 0.0387465 -0.831179 0
vt 0.0502062 -1.00451 0
vt 0.204926 -1.02725 0
vt 0.145165 -1.00344 0
vt 0.283738 -0.954723 0
vt 0.266694 -0.988059 0
vt 0.270834 -1.04159 0
vt 0.276314 -1.01424 0
vt 0.322058 -1.03763 0
vt 0.302484 -1.01949 0
vt 0.344439 -0.993859 0
vt 0.319848 -1.00076 0
vt 0.323164 -0.96529 0
vt 0.216754 -1.00633 0
vt 0.191941 -1.0061 0
vt 0.238333 -1.03234 0
vt 0.212605 -1.08901 0
vt 0.253687 -1.01566 0
vt 0.217476 -1.05705 0
vt 0.179619 -1.05545 0
vt 0.252684 -1.07877 0
vt 0.197949 -1.07043 0
vt 0.162231 -1.09543 0
vt 0.187601 -1.09366 0
vt 0.177623 -1.1333 0
vt 0.205274 -1.11918 0
vt 0.249656 -1.05427 0
vt 0.230469 -1.07538 0
vt 0.23759 -1.10323 0
vt 0.288512 -1.11776 0
vt 0.265099 -1.10332 0
vt 0.251202 -1.15204 0
vt 0.298546 -1.07529 0
vt 0.265022 -1.12964 0
vt 0.297826 -1.16534 0
vt 0.286459 -1.14286 0
vt 0.331988 -1.13395 0
vt 0.206147 -1.15502 0
vt 0.12902 -0.160916 0
vt 0.194703 -0.0974298 0
vt 0.227977 -0.082882 0
vt 0.265949 -0.0826915 0
vt 0.266077 -0.10889 0
vt 0.29225 -0.0749128 0
vt 0.387383 -0.20685 0
vt 0.153091 -0.268761 0
vt 0.167317 -0.305589 0
vt 0.185165 -0.277533 0
vt 0.222402 -0.243372 0
vt 0.225977 -0.3232 0
vt 0.197833 -0.253965 0
vt 0.224474 -0.283473 0
vt 0.200099 -0.225432 0
vt 0.199131 -0.306122 0
vt 0.182544 -0.346437 0
vt 0.182936 -0.323029 0
vt 0.157858 -0.329775 0
vt 0.204409 -0.335096 0
vt 0.21102 -0.374588 0
vt 0.227534 -0.351524 0
vt 0.260163 -0.392332 0
vt 0.238094 -0.376529 0
vt 0.276966 -0.334602 0
vt 0.232794 -0.407242 0
vt 0.249864 -0.336092 0
vt 0.264902 -0.362401 0
vt 0.261368 -0.298106 0
vt 0.157894 -0.35634 0
vt 0.221682 -0.430085 0
vt 0.260061 -0.456849 0
vt 0.250334 -0.429899 0
vt 0.237035 -0.449929 0
vt 0.229261 -0.475182 0
vt 0.302973 -0.42613 0
vt 0.244506 -0.513289 0
vt 0.277185 -0.435438 0
vt 0.306579 -0.476499 0
vt 0.28207 -0.408595 0
vt 0.297672 -0.451823 0
vt 0.323607 -0.380308 0
vt 0.285556 -0.381012 0
vt 0.345869 -0.448373 0
vt 0.306828 -0.400309 0
vt 0.321284 -0.443301 0
vt 0.341304 -0.412193 0
vt 0.389689 -0.110372 0
vt 0.380544 -0.146866 0
vt 0.337334 -0.115578 0
vt 0.313078 -0.140656 0
vt 0.289254 -0.161571 0
vt 0.346367 -0.148584 0
vt 0.302847 -0.21836 0
vt 0.362739 -0.133473 0
vt 0.322412 -0.175314 0
vt 0.365028 -0.179017 0
vt 0.288042 -0.191883 0
vt 0.256007 -0.217993 0
vt 0.279459 -0.214059 0
vt 0.274604 -0.256985 0
vt 0.287386 -0.236693 0
vt 0.316966 -0.269499 0
vt 0.313418 -0.24296 0
vt 0.362239 -0.249939 0
vt 0.342177 -0.21603 0
vt 0.336844 -0.253335 0
vt 0.35556 -0.296655 0
vt 0.633775 -1.39973 0
vt 0.671346 -1.41017 0
vt 0.745725 -1.37366 0
vt 1.12762 -1.37764 0
vt 1.1178 -1.35701 0
vt 1.07002 -1.4111 0
vt 1.12731 -1.30527 0
vt 1.03214 -1.38696 0
vt 1.02577 -1.41154 0
vt 1.07636 -1.05199 0
vt 1.12758 -1.26909 0
vt 0.962314 -1.2638 0
vt 1.01072 -1.33514 0
vt 1.06684 -1.18682 0
vt 1.10585 -1.14582 0
vt 1.12477 -1.16054 0
vt 1.12126 -1.12436 0
vt 1.10537 -1.08818 0
vt 1.08855 -1.11714 0
vt 1.06987 -1.08692 0
vt 0.91634 -1.35673 0
vt 0.93391 -1.4252 0
vt 0.89625 -1.41914 0
vt 0.836734 -1.34958 0
vt 0.858842 -1.42237 0
vt 0.831834 -1.39082 0
vt 1.11098 -0.762529 0
vt 1.10911 -0.726346 0
vt 1.09367 -0.807109 0
vt 1.09367 -0.745284 0
vt 1.06782 -0.708444 0
vt 1.0674 -0.736226 0
vt 1.01836 -0.7216 0
vt 1.03281 -0.762681 0
vt 1.04494 -0.721997 0
vt 1.03236 -0.674672 0
vt 1.03198 -0.700109 0
vt 0.987072 -0.686717 0
vt 1.11468 -0.789618 0
vt 1.09098 -0.782504 0
vt 1.05469 -0.793717 0
vt 0.892064 -0.074397 0
vt 0.873322 -0.135123 0
vt 0.846964 -0.219151 0
vt 0.968643 -0.305257 0
vt 0.862656 -0.25757 0
vt 0.976714 -0.466914 0
vt 0.658103 -0.394971 0
vt 0.593832 -0.377368 0
vt 0.582777 -0.436095 0
vt 0.622505 -0.398812 0
vt 0.580022 -0.405172 0
vt 0.526582 -0.425516 0
vt 0.603756 -0.418642 0
vt 0.624205 -0.464559 0
vt 0.637038 -0.431332 0
vt 0.607505 -0.444484 0
vt 0.580269 -0.484126 0
vt 0.599477 -0.468146 0
vt 0.618201 -0.510188 0
vt 0.556172 -0.42288 0
vt 0.539141 -0.399093 0
vt 0.531958 -0.36786 0
vt 0.492863 -0.393294 0
vt 0.515044 -0.403836 0
vt 0.487995 -0.432142 0
vt 0.544808 -0.462715 0
vt 0.484779 -0.332383 0
vt 0.561328 -0.445889 0
vt 0.513372 -0.343468 0
vt 0.520175 -0.295198 0
vt 0.489449 -0.362755 0
vt 0.506827 -0.317931 0
vt 0.470185 -0.286072 0
vt 0.484013 -0.307169 0
vt 0.496396 -0.283972 0
vt 0.439699 -0.321134 0
vt 0.522348 -0.259799 0
vt 0.48039 -0.248821 0
vt 0.509421 -0.375982 0
vt 0.437019 -0.384078 0
vt 0.455847 -0.352376 0
vt 0.466241 -0.38081 0
vt 0.455348 -0.415702 0
vt 0.967441 -0.382879 0
vt 0.936526 -0.339148 0
vt 0.82743 -0.391017 0
vt 1.07464 -0.550487 0
vt 1.05223 -0.525013 0
vt 1.01014 -0.50159 0
vt 1.03461 -0.507143 0
vt 1.01416 -0.54058 0
vt 1.1231 -0.653979 0
vt 1.11333 -0.690163 0
vt 1.08515 -0.685802 0
vt 1.07189 -0.662166 0
vt 1.09208 -0.70906 0
vt 0.978317 -0.11 0
vt 0.961392 -0.0949735 0
vt 1.01792 -0.196464 0
vt 0.991096 -0.267994 0
vt 0.890195 -0.24267 0
vt 0.902268 -0.217221 0
vt 0.90687 -0.179994 0
vt 0.0469852 -1.05199 0
vt 0.0687156 -0.708177 0
vt 0.0371948 -0.715214 0
vt 0.258926 -1.42363 0
vt 0.281606 -1.4143 0
vt 0.267329 -1.38759 0
vt 0.251405 -1.28535 0
vt 0.408878 -1.42913 0
vt 0.428064 -1.41846 0
vt 0.445254 -1.23124 0
vt 0.558911 -1.42943 0
vt 0.578804 -1.41846 0
vt 0.588608 -1.37778 0
vt 0.532709 -1.38008 0
vt 0.14911 -1.19274 0
vt 0.146422 -0.379435 0
vt 0.198285 -0.471817 0
vt 0.193094 -0.511657 0
vt 0.218609 -0.518486 0
vt 0.22807 -0.548877 0
vt 0.202372 -0.567851 0
vt 0.249905 -0.555719 0
vt 0.21545 -0.594731 0
vt 0.237761 -0.599715 0
vt 0.261253 -0.598656 0
vt 0.160817 -0.598017 0
vt 0.191087 -0.619006 0
vt 0.266653 -0.860444 0
vt 0.338007 -0.7731 0
vt 0.35726 -0.746001 0
vt 0.338053 -0.735082 0
vt 0.315351 -0.731721 0
vt 0.362642 -0.714179 0
vt 0.38866 -0.758567 0
vt 0.346393 -0.695011 0
vt 0.381855 -0.665269 0
vt 0.37212 -0.689674 0
vt 0.405326 -0.716603 0
vt 0.401582 -0.687282 0
vt 0.408192 -0.771124 0
vt 0.430757 -0.777333 0
vt 0.47107 -0.762064 0
vt 0.447499 -0.760683 0
vt 0.461731 -0.719589 0
vt 0.441798 -0.735697 0
vt 0.434176 -0.705877 0
vt 0.472261 -0.663885 0
vt 0.426756 -0.644876 0
vt 0.459141 -0.690252 0
vt 0.512443 -0.700327 0
vt 0.444449 -0.666493 0
vt 0.487213 -0.687773 0
vt 0.455905 -0.639068 0
vt 0.419231 -0.669084 0
vt 0.522084 -0.649324 0
vt 0.499226 -0.66363 0
vt 0.491768 -0.626301 0
vt 0.431035 -0.590299 0
vt 0.436592 -0.618191 0
vt 0.465916 -0.610435 0
vt 0.385298 -0.613912 0
vt 0.41031 -0.623659 0
vt 0.389541 -0.63999 0
vt 0.353961 -0.632395 0
vt 0.506967 -0.57254 0
vt 0.491786 -0.597277 0
vt 0.526672 -0.61181 0
vt 0.464863 -0.563728 0
vt 0.470262 -0.586972 0
vt 0.363517 -0.857903 0
vt 0.39347 -0.84279 0
vt 0.411922 -0.863488 0
vt 0.462975 -0.862099 0
vt 0.437253 -0.855594 0
vt 0.432417 -0.884665 0
vt 0.457919 -0.827988 0
vt 0.406287 -0.889447 0
vt 0.470475 -0.90423 0
vt 0.447858 -0.901427 0
vt 0.455345 -0.933662 0
vt 0.520917 -0.836079 0
vt 0.48327 -0.798772 0
vt 0.427246 -0.943714 0
vt 0.515085 -0.945769 0
vt 0.488277 -0.840918 0
vt 0.46332 -0.807068 0
vt 0.48059 -0.82046 0
vt 0.465545 -0.784282 0
vt 0.502436 -0.823925 0
vt 0.533223 -0.797241 0
vt 0.422671 -0.99849 0
vt 0.486922 -0.931291 0
vt 0.497536 -0.87768 0
vt 0.508295 -0.799582 0
vt 0.516609 -0.754221 0
vt 0.496598 -0.773995 0
vt 0.519975 -0.777639 0
vt 0.561348 -0.763954 0
vt 0.417234 -0.970457 0
vt 0.3814 -0.98391 0
vt 0.46007 -0.976691 0
vt 0.44008 -0.963764 0
vt 0.507149 -0.855712 0
vt 0.541286 -0.883737 0
vt 0.532911 -0.859135 0
vt 0.580711 -0.85659 0
vt 0.555474 -0.83275 0
vt 0.55717 -0.864603 0
vt 0.583147 -0.902328 0
vt 0.472714 -0.953529 0
vt 0.500101 -0.983511 0
vt 0.515895 -0.909562 0
vt 0.607857 -0.802574 0
vt 0.536781 -0.819737 0
vt 0.561393 -0.804315 0
vt 0.585401 -0.824146 0
vt 0.628944 -0.847 0
vt 0.610987 -0.828306 0
vt 0.64797 -0.810752 0
vt 0.184999 -0.81616 0
vt 0.322454 -0.691778 0
vt 0.234429 -0.634742 0
vt 0.0414199 -0.965838 0
vt 0.115111 -0.952671 0
vt 0.237941 -0.882454 0
vt 0.0296696 -1.01581 0
vt 0.0499446 -1.02834 0
vt 0.0824426 -1.04442 0
vt 0.288566 -0.91783 0
vt 0.349577 -0.967827 0
vt 0.37219 -0.954484 0
vt 0.300503 -0.971006 0
vt 0.306711 -0.947843 0
vt 0.317971 -0.920544 0
vt 0.181837 -1.03198 0
vt 0.144169 -1.05471 0
vt 0.151154 -1.122 0
vt 0.13824 -1.14174 0
vt 0.158283 -1.15469 0
vt 0.231338 -1.13128 0
vt 0.259552 -1.20638 0
vt 0.274822 -1.06656 0
vt 0.183862 -1.1547 0
vt 0.230016 -1.17379 0
vt 0.231131 -1.20246 0
vt 0.209908 -1.21497 0
vt 0.231672 -1.22763 0
vt 0.25707 -1.17895 0
vt 0.283538 -1.19038 0
vt 0.286679 -1.22107 0
vt 0.328675 -1.19954 0
vt 0.307615 -1.18752 0
vt 0.333342 -1.1669 0
vt 0.258625 -1.23407 0
vt 0.311818 -1.23331 0
vt 0.363111 -1.18781 0
vt 0.368166 -1.14896 0
vt 0.286728 -0.0977282 0
vt 0.43206 -0.228477 0
vt 0.414269 -0.185621 0
vt 0.401509 -0.162673 0
vt 0.412771 -0.211363 0
vt 0.394597 -0.239941 0
vt 0.436699 -0.203821 0
vt 0.455808 -0.220182 0
vt 0.452241 -0.248112 0
vt 0.421175 -0.259853 0
vt 0.388107 -0.276298 0
vt 0.444626 -0.274933 0
vt 0.416774 -0.292473 0
vt 0.449427 -0.298808 0
vt 0.387304 -0.311212 0
vt 0.412962 -0.319021 0
vt 0.386289 -0.360601 0
vt 0.424044 -0.34902 0
vt 0.393762 -0.33605 0
vt 0.358591 -0.331935 0
vt 0.145149 -0.305989 0
vt 0.186736 -0.370674 0
vt 0.238139 -0.302848 0
vt 0.256731 -0.486295 0
vt 0.278373 -0.512361 0
vt 0.280209 -0.474038 0
vt 0.296794 -0.534356 0
vt 0.338638 -0.511677 0
vt 0.307765 -0.506456 0
vt 0.3213 -0.52963 0
vt 0.358367 -0.548078 0
vt 0.30408 -0.353584 0
vt 0.334846 -0.351599 0
vt 0.313041 -0.311927 0
vt 0.356944 -0.376805 0
vt 0.299782 -0.330867 0
vt 0.286544 -0.307488 0
vt 0.333901 -0.32629 0
vt 0.363824 -0.354592 0
vt 0.394315 -0.409808 0
vt 0.38152 -0.386637 0
vt 0.367736 -0.409367 0
vt 0.409318 -0.386405 0
vt 0.380485 -0.442146 0
vt 0.424822 -0.412855 0
vt 0.408085 -0.364327 0
vt 0.435038 -0.468394 0
vt 0.437762 -0.439184 0
vt 0.408934 -0.437008 0
vt 0.465804 -0.456531 0
vt 0.400332 -0.470711 0
vt 0.468812 -0.51016 0
vt 0.504534 -0.469482 0
vt 0.45866 -0.483831 0
vt 0.422917 -0.512734 0
vt 0.485352 -0.488661 0
vt 0.445449 -0.504046 0
vt 0.445255 -0.537107 0
vt 0.512238 -0.526457 0
vt 0.493016 -0.511669 0
vt 0.479234 -0.537858 0
vt 0.520071 -0.496389 0
vt 0.488026 -0.454461 0
vt 0.511363 -0.445395 0
vt 0.418904 -0.48781 0
vt 0.38494 -0.506064 0
vt 0.403159 -0.553267 0
vt 0.437321 -0.563483 0
vt 0.487722 -0.5595 0
vt 0.55663 -0.521967 0
vt 0.526156 -0.474936 0
vt 0.549555 -0.493163 0
vt 0.421024 -0.536893 0
vt 0.39694 -0.528549 0
vt 0.5336 -0.515968 0
vt 0.537039 -0.549969 0
vt 0.513515 -0.549946 0
vt 0.596473 -0.570697 0
vt 0.569679 -0.551951 0
vt 0.551343 -0.584156 0
vt 0.599623 -0.537673 0
vt 0.573281 -0.575324 0
vt 0.577968 -0.61863 0
vt 0.589362 -0.595491 0
vt 0.624685 -0.627259 0
vt 0.624351 -0.592109 0
vt 0.589742 -0.510973 0
vt 0.603447 -0.491568 0
vt 0.646391 -0.549263 0
vt 0.625132 -0.534894 0
vt 0.622298 -0.561997 0
vt 0.655356 -0.513089 0
vt 0.344273 -0.170807 0
vt 0.337485 -0.193152 0
vt 0.314192 -0.197547 0
vt 0.24691 -0.1959 0
vt 0.229794 -0.21822 0
vt 0.245345 -0.262291 0
vt 0.256702 -0.241593 0
vt 0.367337 -0.224034 0
vt 0.633868 -1.4246 0
vt 0.607371 -1.41226 0
vt 0.70872 -1.40818 0
vt 0.656085 -1.39227 0
vt 0.631715 -1.35645 0
vt 0.746154 -1.40957 0
vt 1.11098 -1.05199 0
vt 1.10911 -1.01581 0
vt 1.09367 -1.06784 0
vt 1.09367 -1.03475 0
vt 1.06782 -0.997909 0
vt 1.0674 -1.02569 0
vt 1.02525 -1.05472 0
vt 1.05042 -1.04615 0
vt 1.02916 -1.01123 0
vt 1.04567 -1.07344 0
vt 1.00228 -1.10027 0
vt 1.03979 -1.11243 0
vt 1.02019 -1.08074 0
vt 0.976604 -1.05875 0
vt 0.995298 -1.07589 0
vt 0.955569 -1.10046 0
vt 0.985446 -1.2546 0
vt 0.964793 -1.23635 0
vt 0.982574 -1.28107 0
vt 0.973034 -1.20927 0
vt 0.915889 -1.24577 0
vt 0.950314 -1.16234 0
vt 0.941698 -1.2481 0
vt 0.968292 -1.1826 0
vt 0.938682 -1.21361 0
vt 0.926818 -1.26882 0
vt 0.993883 -1.14498 0
vt 0.880495 -1.27667 0
vt 0.974291 -1.15917 0
vt 0.967401 -1.12903 0
vt 0.905174 -1.2817 0
vt 0.888338 -1.30125 0
vt 0.841278 -1.30272 0
vt 0.865386 -1.32048 0
vt 0.990198 -1.12115 0
vt 1.01717 -1.12918 0
vt 1.01829 -1.15588 0
vt 1.04329 -1.1408 0
vt 1.06329 -1.12394 0
vt 0.926661 -1.12917 0
vt 0.842372 -1.32648 0
vt 0.799709 -1.31654 0
vt 0.818394 -1.33287 0
vt 0.782854 -1.35468 0
vt 0.810531 -1.35992 0
vt 0.789084 -1.39749 0
vt 0.875026 -1.34914 0
vt 1.12759 -1.08818 0
vt 0.821317 -1.41755 0
vt 1.07689 -0.871078 0
vt 1.11234 -0.834895 0
vt 1.11783 -0.81248 0
vt 1.07866 -0.837357 0
vt 1.11057 -0.868615 0
vt 1.06952 -0.813975 0
vt 1.0262 -0.830132 0
vt 1.05237 -0.834154 0
vt 1.0329 -0.873688 0
vt 1.09682 -0.912132 0
vt 1.09503 -0.887636 0
vt 1.06517 -0.902133 0
vt 1.11743 -0.898312 0
vt 1.05539 -0.880702 0
vt 1.05777 -0.857176 0
vt 1.0363 -0.902363 0
vt 0.983766 -0.894044 0
vt 1.05112 -0.950446 0
vt 1.0112 -0.890795 0
vt 1.05091 -0.924185 0
vt 1.00154 -0.856222 0
vt 1.00305 -0.93943 0
vt 1.07884 -0.937093 0
vt 1.02879 -0.937492 0
vt 1.00003 -0.913923 0
vt 1.01863 -0.974411 0
vt 0.95784 -0.93185 0
vt 1.03572 -0.85096 0
vt 1.0767 -0.968113 0
vt 1.11168 -0.9418 0
vt 1.09577 -0.99002 0
vt 1.10201 -0.965343 0
vt 1.05461 -0.770541 0
vt 0.998834 -0.305793 0
vt 0.983051 -0.344301 0
vt 1.00017 -0.328829 0
vt 1.00973 -0.457115 0
vt 0.99411 -0.4199 0
vt 0.9984 -0.479458 0
vt 0.96569 -0.510989 0
vt 1.0107 -0.434822 0
vt 0.987334 -0.444118 0
vt 0.952945 -0.421439 0
vt 0.961462 -0.445936 0
vt 0.914569 -0.448509 0
vt 0.939693 -0.477797 0
vt 0.647186 -0.371649 0
vt 0.672606 -0.373965 0
vt 0.692138 -0.40296 0
vt 0.724612 -0.390331 0
vt 0.668891 -0.425503 0
vt 0.730763 -0.454214 0
vt 0.744587 -0.379787 0
vt 0.658508 -0.458715 0
vt 0.718678 -0.42314 0
vt 0.645376 -0.485232 0
vt 0.694338 -0.451688 0
vt 0.752553 -0.427853 0
vt 0.694602 -0.427262 0
vt 0.6827 -0.487207 0
vt 0.741252 -0.407104 0
vt 0.788388 -0.479661 0
vt 0.780679 -0.417712 0
vt 0.763164 -0.458811 0
vt 0.813885 -0.438091 0
vt 0.738814 -0.51395 0
vt 0.78999 -0.452039 0
vt 0.814943 -0.467344 0
vt 0.823499 -0.520578 0
vt 0.854211 -0.451279 0
vt 0.811714 -0.495168 0
vt 0.779004 -0.519074 0
vt 0.852184 -0.491835 0
vt 0.758765 -0.489814 0
vt 0.728312 -0.484955 0
vt 0.706647 -0.509202 0
vt 0.681138 -0.512941 0
vt 0.668376 -0.535514 0
vt 0.697724 -0.537213 0
vt 0.680556 -0.579441 0
vt 0.681948 -0.555403 0
vt 0.716536 -0.569464 0
vt 0.641691 -0.409745 0
vt 0.546368 -0.288901 0
vt 0.538322 -0.313058 0
vt 0.521464 -0.237919 0
vt 0.502591 -0.249638 0
vt 0.484676 -0.226024 0
vt 0.461517 -0.329651 0
vt 0.478092 -0.411172 0
vt 0.99909 -0.380246 0
vt 1.0012 -0.357754 0
vt 0.984681 -0.398577 0
vt 0.91488 -0.326253 0
vt 0.939114 -0.310188 0
vt 0.93571 -0.273254 0
vt 1.02515 -0.571591 0
vt 0.96468 -0.575576 0
vt 1.01371 -0.622164 0
vt 0.994354 -0.565056 0
vt 1.02789 -0.598792 0
vt 0.996954 -0.596009 0
vt 1.04058 -0.622477 0
vt 1.02686 -0.64706 0
vt 0.99048 -0.65035 0
vt 0.983615 -0.536117 0
vt 0.989349 -0.51307 0
vt 0.947385 -0.543004 0
vt 1.05711 -0.684183 0
vt 1.01267 -0.269489 0
vt 0.97906 -0.24673 0
vt 0.954248 -0.254866 0
vt 0.960982 -0.280194 0
vt 0.876902 -0.213749 0
vt 0.0374954 -1.07283 0
vt 0.421792 -1.22828 0
vt 0.436344 -1.25095 0
vt 0.511581 -1.2395 0
vt 0.511675 -1.39335 0
vt 0.537777 -1.4015 0
vt 0.560678 -1.37941 0
vt 0.571748 -1.32908 0
vt 0.545978 -1.3498 0
vt 0.573311 -1.35581 0
vt 0.602561 -1.35175 0
vt 0.625466 -1.30242 0
vt 0.620971 -1.33032 0
vt 0.669341 -1.32571 0
vt 0.596799 -1.31211 0
vt 0.644371 -1.31978 0
vt 0.665687 -1.27758 0
vt 0.661762 -1.30208 0
vt 0.70743 -1.30046 0
vt 0.593952 -1.25645 0
vt 0.560862 -1.28604 0
vt 0.603226 -1.28388 0
vt 0.633405 -1.27029 0
vt 0.581581 -1.27591 0
vt 0.553501 -1.2444 0
vt 0.574106 -1.30559 0
vt 0.543991 -1.31174 0
vt 0.66248 -1.21671 0
vt 0.521369 -1.2785 0
vt 0.655499 -1.2476 0
vt 0.520865 -1.30316 0
vt 0.498426 -1.29036 0
vt 0.49901 -1.26338 0
vt 0.478193 -1.23717 0
vt 0.710297 -1.2457 0
vt 0.620622 -1.22348 0
vt 0.499008 -1.17915 0
vt 0.474567 -1.26142 0
vt 0.682581 -1.23748 0
vt 0.689761 -1.26412 0
vt 0.709363 -1.19146 0
vt 0.71669 -1.27349 0
vt 0.689482 -1.2107 0
vt 0.754765 -1.30164 0
vt 0.716248 -1.21847 0
vt 0.665326 -1.16584 0
vt 0.731284 -1.29358 0
vt 0.730258 -1.33479 0
vt 0.755792 -1.26042 0
vt 0.671077 -1.19167 0
vt 0.738077 -1.23751 0
vt 0.632666 -1.18666 0
vt 0.787557 -1.21756 0
vt 0.76563 -1.23451 0
vt 0.806641 -1.26491 0
vt 0.751926 -1.19413 0
vt 0.790422 -1.24393 0
vt 0.73935 -1.21401 0
vt 0.835725 -1.22567 0
vt 0.810498 -1.22841 0
vt 0.818251 -1.18232 0
vt 0.630961 -1.24581 0
vt 0.467758 -1.20068 0
vt 0.496711 -1.21214 0
vt 0.536485 -1.20824 0
vt 0.515291 -1.19686 0
vt 0.538544 -1.15914 0
vt 0.53605 -1.18363 0
vt 0.579899 -1.19516 0
vt 0.562049 -1.1739 0
vt 0.601172 -1.15917 0
vt 0.569872 -1.13536 0
vt 0.517014 -1.35619 0
vt 0.404963 -0.74075 0
vt 0.383248 -0.728347 0
vt 0.360289 -0.607317 0
vt 0.380952 -0.579679 0
vt 0.353416 -0.580636 0
vt 0.404053 -0.594138 0
vt 0.380097 -0.556419 0
vt 0.339519 -0.561867 0
vt 0.326485 -0.627745 0
vt 0.324939 -0.651293 0
vt 0.513444 -0.629229 0
vt 0.435433 -0.819166 0
vt 0.474929 -0.881704 0
vt 0.376038 -1.03762 0
vt 0.495786 -0.959953 0
vt 0.470342 -1.0373 0
vt 0.574499 -0.991202 0
vt 0.551945 -0.928482 0
vt 0.518568 -0.886796 0
vt 0.493876 -0.901015 0
vt 0.5839 -0.78411 0
vt 0.62861 -0.750873 0
vt 0.610943 -0.773797 0
vt 0.642137 -0.779569 0
vt 0.591733 -0.740721 0
vt 0.629672 -0.798037 0
vt 0.700333 -0.784821 0
vt 0.674429 -0.74681 0
vt 0.670495 -0.790402 0
vt 0.652266 -0.757258 0
vt 0.649128 -0.72187 0
vt 0.695307 -0.840507 0
vt 0.682021 -0.769469 0
vt 0.718392 -0.744682 0
vt 0.689967 -0.811955 0
vt 0.668413 -0.830762 0
vt 0.743252 -0.816765 0
vt 0.665696 -0.880245 0
vt 0.717288 -0.806846 0
vt 0.674513 -0.855913 0
vt 0.743863 -0.776226 0
vt 0.649909 -0.860761 0
vt 0.710463 -0.882702 0
vt 0.618835 -0.885251 0
vt 0.0350711 -0.987614 0
vt 0.0944573 -1.02397 0
vt 0.0685962 -1.06638 0
vt 0.107007 -1.05958 0
vt 0.129108 -1.08404 0
vt 0.113851 -1.10215 0
vt 0.276279 -0.900298 0
vt 0.267029 -0.919852 0
vt 0.297817 -0.898275 0
vt 0.139375 -1.03249 0
vt 0.161556 -1.07136 0
vt 0.352616 -1.21341 0
vt 0.39268 -1.19334 0
vt 0.426685 -1.14959 0
vt 0.415852 -1.17626 0
vt 0.442783 -1.18639 0
vt 0.397383 -1.15323 0
vt 0.469155 -1.16927 0
vt 0.405596 -1.09947 0
vt 0.386713 -1.12409 0
vt 0.38143 -1.17169 0
vt 0.49881 -1.12969 0
vt 0.446296 -1.16294 0
vt 0.466053 -1.13605 0
vt 0.413973 -1.12544 0
vt 0.446124 -1.10073 0
vt 0.359376 -1.08357 0
vt 0.490618 -1.15445 0
vt 0.515352 -1.1489 0
vt 0.538861 -1.12703 0
vt 0.477301 -1.10642 0
vt 0.379826 -1.09925 0
vt 0.392972 -1.06751 0
vt 0.353174 -1.11283 0
vt 0.518865 -1.17034 0
vt 0.569138 -1.07622 0
vt 0.516407 -1.09185 0
vt 0.467378 -1.07251 0
vt 0.369308 -1.06118 0
vt 0.349049 -1.04265 0
vt 0.358265 -1.01717 0
vt 0.330207 -1.06889 0
vt 0.385509 -1.01144 0
vt 0.413251 -1.03628 0
vt 0.42672 -1.07265 0
vt 0.561165 -1.10589 0
vt 0.499843 -1.10716 0
vt 0.491958 -1.08202 0
vt 0.521625 -1.04359 0
vt 0.51221 -1.06699 0
vt 0.540112 -1.07507 0
vt 0.495232 -1.04656 0
vt 0.555857 -1.04465 0
vt 0.505112 -1.01561 0
vt 0.32037 -1.10171 0
vt 0.617471 -1.10528 0
vt 0.537434 -1.10319 0
vt 0.618462 -1.03689 0
vt 0.539668 -1.01408 0
vt 0.476064 -1.0037 0
vt 0.298364 -1.09767 0
vt 0.311232 -1.12322 0
vt 0.312228 -1.14673 0
vt 0.589229 -1.09753 0
vt 0.596801 -1.12527 0
vt 0.611693 -1.07099 0
vt 0.629411 -1.1383 0
vt 0.567702 -1.01881 0
vt 0.5875 -1.04352 0
vt 0.598793 -1.01182 0
vt 0.44935 -1.00128 0
vt 0.675528 -1.06594 0
vt 0.65307 -0.989489 0
vt 0.642898 -1.05946 0
vt 0.613342 -0.970059 0
vt 0.629081 -1.00831 0
vt 0.652816 -1.09493 0
vt 0.666273 -1.02714 0
vt 0.598003 -0.988131 0
vt 0.582275 -0.959236 0
vt 0.630466 -0.985377 0
vt 0.649058 -0.947362 0
vt 0.633229 -1.08129 0
vt 0.641815 -1.0293 0
vt 0.662001 -1.04866 0
vt 0.687601 -1.04256 0
vt 0.723021 -1.07565 0
vt 0.704273 -0.997038 0
vt 0.700644 -1.0641 0
vt 0.689517 -1.01745 0
vt 0.690746 -1.10126 0
vt 0.727711 -1.03299 0
vt 0.678565 -0.993989 0
vt 0.696825 -0.94994 0
vt 0.670254 -0.966598 0
vt 0.693907 -0.974539 0
vt 0.738974 -0.967413 0
vt 0.609464 -0.931192 0
vt 0.54572 -0.967271 0
vt 0.355455 -1.16706 0
vt 0.388677 -0.182917 0
vt 0.364051 -0.274034 0
vt 0.33992 -0.27788 0
vt 0.360613 -0.431006 0
vt 0.366022 -0.4768 0
vt 0.336301 -0.476513 0
vt 0.360823 -0.500907 0
vt 0.368293 -0.524946 0
vt 0.530623 -0.572739 0
vt 0.552957 -0.610428 0
vt 0.555697 -0.644303 0
vt 0.536689 -0.632073 0
vt 0.543824 -0.679846 0
vt 0.595206 -0.65608 0
vt 0.578116 -0.641255 0
vt 0.570276 -0.667556 0
vt 0.600825 -0.63234 0
vt 0.572369 -0.706671 0
vt 0.59383 -0.685909 0
vt 0.640699 -0.673125 0
vt 0.615201 -0.671949 0
vt 0.621151 -0.704395 0
vt 0.644904 -0.697499 0
vt 0.690219 -0.702197 0
vt 0.669547 -0.680698 0
vt 0.717995 -0.654801 0
vt 0.665108 -0.638874 0
vt 0.697423 -0.674582 0
vt 0.739279 -0.700248 0
vt 0.691311 -0.647638 0
vt 0.722715 -0.680298 0
vt 0.715136 -0.612169 0
vt 0.765553 -0.659182 0
vt 0.686445 -0.618633 0
vt 0.741156 -0.663699 0
vt 0.757319 -0.682852 0
vt 0.74722 -0.628303 0
vt 0.654838 -0.606682 0
vt 0.779137 -0.72353 0
vt 0.80194 -0.685108 0
vt 0.64663 -0.627035 0
vt 0.635882 -0.649079 0
vt 0.649776 -0.578096 0
vt 0.689126 -1.39215 0
vt 0.716177 -1.37908 0
vt 0.727642 -1.35834 0
vt 0.75106 -1.34902 0
vt 0.697881 -1.34311 0
vt 0.771409 -1.32683 0
vt 0.710083 -1.32345 0
vt 0.674204 -1.34983 0
vt 0.895021 -1.17675 0
vt 0.947067 -1.13963 0
vt 0.926747 -1.15412 0
vt 0.894002 -1.14176 0
vt 0.929361 -1.18454 0
vt 0.855248 -1.1604 0
vt 0.888009 -1.07757 0
vt 0.905968 -1.20807 0
vt 0.878777 -1.15971 0
vt 0.866243 -1.13365 0
vt 0.867781 -1.18646 0
vt 0.888239 -1.10992 0
vt 0.813331 -1.12753 0
vt 0.843196 -1.18224 0
vt 0.838924 -1.13805 0
vt 0.851759 -1.20607 0
vt 0.845747 -1.09343 0
vt 0.817077 -1.15481 0
vt 0.871994 -1.23898 0
vt 0.878692 -1.21172 0
vt 0.833681 -1.11442 0
vt 0.800259 -1.0849 0
vt 0.768292 -1.14761 0
vt 0.78995 -1.16975 0
vt 0.79373 -1.14412 0
vt 0.784307 -1.11311 0
vt 0.920264 -1.09352 0
vt 0.863965 -1.10948 0
vt 0.764929 -1.17257 0
vt 0.727916 -1.15487 0
vt 0.777123 -1.19462 0
vt 0.761483 -1.08159 0
vt 0.808853 -1.38387 0
vt 0.771461 -1.3782 0
vt 0.770902 -1.41521 0
vt 0.856154 -1.3728 0
vt 1.01934 -0.795411 0
vt 1.02114 -0.917492 0
vt 0.976907 -1.00626 0
vt 1.0426 -0.987466 0
vt 1.12286 -0.979627 0
vt 0.961061 -0.330235 0
vt 0.957053 -0.35743 0
vt 0.931977 -0.364921 0
vt 0.930195 -0.397731 0
vt 0.906502 -0.397701 0
vt 0.90916 -0.423324 0
vt 0.883991 -0.441834 0
vt 0.952372 -0.399219 0
vt 0.864187 -0.424431 0
vt 0.877414 -0.472768 0
vt 0.896275 -0.52395 0
vt 0.879093 -0.501215 0
vt 0.85596 -0.52429 0
vt 0.911388 -0.494668 0
vt 0.833149 -0.579979 0
vt 0.926482 -0.520999 0
vt 0.916976 -0.471864 0
vt 0.836701 -0.548917 0
vt 0.9144 -0.553408 0
vt 0.800277 -0.548641 0
vt 0.937493 -0.569134 0
vt 0.898068 -0.602209 0
vt 0.913116 -0.580112 0
vt 0.874757 -0.564885 0
vt 0.942266 -0.616136 0
vt 0.946439 -0.591969 0
vt 0.97053 -0.608572 0
vt 0.922265 -0.602515 0
vt 0.909659 -0.642521 0
vt 0.963189 -0.63773 0
vt 0.891176 -0.547392 0
vt 0.85982 -0.547152 0
vt 0.936638 -0.642521 0
vt 0.923148 -0.690347 0
vt 0.955618 -0.671737 0
vt 0.923149 -0.664532 0
vt 0.877385 -0.677439 0
vt 0.902087 -0.677439 0
vt 0.889735 -0.721229 0
vt 0.976965 -0.667427 0
vt 0.956368 -0.710677 0
vt 0.965729 -0.691019 0
vt 0.980702 -0.710208 0
vt 0.969366 -0.75358 0
vt 0.938361 -0.45352 0
vt 0.962438 -0.486759 0
vt 0.678578 -0.46619 0
vt 0.699412 -0.473016 0
vt 0.820068 -0.416605 0
vt 0.836051 -0.432837 0
vt 0.839303 -0.470863 0
vt 0.754333 -0.552406 0
vt 0.908954 -0.267415 0
vt 1.06161 -0.611082 0
vt 1.00693 -0.670235 0
vt 0.968039 -0.552915 0
vt 0.543926 -1.26757 0
vt 0.639818 -1.20938 0
vt 0.779543 -1.28163 0
vt 0.779477 -1.30495 0
vt 0.803927 -1.29082 0
vt 0.827871 -1.28023 0
vt 0.85427 -1.27974 0
vt 0.831455 -1.2529 0
vt 0.533751 -1.23161 0
vt 0.56305 -1.21782 0
vt 0.577428 -1.23799 0
vt 0.607557 -1.19883 0
vt 0.591036 -1.21729 0
vt 0.578052 -1.15709 0
vt 0.32765 -0.580487 0
vt 0.557567 -0.9035 0
vt 0.529222 -0.927973 0
vt 0.719922 -0.769502 0
vt 0.606778 -0.861603 0
vt 0.589909 -0.879034 0
vt 0.44091 -1.12696 0
vt 0.335046 -1.01835 0
vt 0.407512 -1.01478 0
vt 0.429824 -1.02034 0
vt 0.439677 -1.04717 0
vt 0.625717 -1.16284 0
vt 0.589499 -1.06615 0
vt 0.639762 -1.11589 0
vt 0.658168 -1.13798 0
vt 0.693704 -1.1437 0
vt 0.580405 -0.930747 0
vt 0.673506 -1.08775 0
vt 0.669745 -1.11031 0
vt 0.625188 -0.94925 0
vt 0.63525 -0.924614 0
vt 0.672517 -0.917557 0
vt 0.673448 -0.942173 0
vt 0.60722 -0.906808 0
vt 0.561048 -0.949837 0
vt 0.520974 -0.969952 0
vt 0.522593 -0.995291 0
vt 0.549829 -0.9916 0
vt 0.519605 -0.677019 0
vt 0.6084 -0.609776 0
vt 0.541636 -0.710775 0
vt 0.5194 -0.726897 0
vt 0.490958 -0.720149 0
vt 0.542466 -0.743057 0
vt 0.475984 -0.73872 0
vt 0.597205 -0.715078 0
vt 0.617678 -0.72879 0
vt 0.674281 -0.721657 0
vt 0.699886 -0.72637 0
vt 0.724213 -0.720292 0
vt 0.750639 -0.739487 0
vt 0.756499 -0.716527 0
vt 0.773981 -0.700105 0
vt 0.783372 -0.764519 0
vt 0.772408 -0.744938 0
vt 0.80057 -0.742029 0
vt 0.831841 -0.783762 0
vt 0.806329 -0.713691 0
vt 0.81032 -0.767305 0
vt 0.846305 -0.736568 0
vt 0.840931 -0.69375 0
vt 0.792011 -0.81268 0
vt 0.822535 -0.731738 0
vt 0.834018 -0.758615 0
vt 0.807935 -0.792724 0
vt 0.877507 -0.775048 0
vt 0.835348 -0.830931 0
vt 0.702966 -0.590395 0
vt 0.724793 -0.632934 0
vt 0.745483 -0.591788 0
vt 0.694691 -1.36737 0
vt 0.651333 -1.3427 0
vt 0.892105 -1.25425 0
vt 0.895018 -1.22995 0
vt 0.910383 -1.11369 0
vt 0.935519 -1.10918 0
vt 0.943569 -1.06825 0
vt 0.951133 -1.03236 0
vt 0.91442 -1.06475 0
vt 0.878482 -1.02434 0
vt 0.890753 -1.04961 0
vt 0.918472 -1.03234 0
vt 0.850665 -1.05346 0
vt 0.934832 -0.990484 0
vt 0.934815 -1.0146 0
vt 0.903911 -1.00252 0
vt 0.898276 -0.942308 0
vt 0.909682 -0.97161 0
vt 0.93926 -0.95839 0
vt 0.856199 -0.975558 0
vt 0.96348 -0.978083 0
vt 0.926796 -0.92989 0
vt 0.876169 -0.995915 0
vt 0.838065 -1.01332 0
vt 0.882335 -0.965384 0
vt 0.852678 -0.927854 0
vt 0.861752 -0.951166 0
vt 0.819202 -0.954307 0
vt 0.99144 -0.98205 0
vt 1.00333 -1.00565 0
vt 0.980836 -0.956269 0
vt 0.990734 -1.03259 0
vt 0.944585 -0.894967 0
vt 0.892693 -0.890527 0
vt 0.903586 -0.915544 0
vt 0.918518 -0.894162 0
vt 0.875955 -0.912695 0
vt 0.932978 -0.848355 0
vt 0.849142 -0.875046 0
vt 0.909305 -0.866068 0
vt 0.868479 -0.889647 0
vt 0.881496 -0.865052 0
vt 0.844038 -0.90191 0
vt 0.896891 -0.824801 0
vt 0.798968 -0.879431 0
vt 0.822137 -0.923613 0
vt 0.824673 -0.884314 0
vt 0.828433 -0.857307 0
vt 0.807028 -0.8376 0
vt 0.816733 -0.815349 0
vt 0.839637 -0.806897 0
vt 0.86573 -0.823952 0
vt 0.856385 -0.788372 0
vt 0.769995 -0.842931 0
vt 0.879341 -0.80136 0
vt 0.925068 -0.784953 0
vt 0.89989 -0.786708 0
vt 0.910093 -0.751599 0
vt 0.933025 -0.873095 0
vt 0.96362 -0.870917 0
vt 0.910633 -0.843168 0
vt 0.92855 -0.816713 0
vt 0.774794 -0.934574 0
vt 0.855458 -0.848857 0
vt 0.880838 -0.84173 0
vt 0.970157 -0.827021 0
vt 0.909103 -0.806598 0
vt 0.800299 -0.937012 0
vt 0.797691 -0.908266 0
vt 0.783901 -0.973913 0
vt 0.755117 -0.891936 0
vt 0.779129 -0.892999 0
vt 0.776345 -0.86764 0
vt 0.745751 -0.862332 0
vt 0.947284 -0.830222 0
vt 0.954735 -0.800145 0
vt 0.733808 -0.882394 0
vt 0.72186 -0.861695 0
vt 0.722633 -0.920173 0
vt 0.734389 -0.840103 0
vt 0.987158 -0.799403 0
vt 0.94989 -0.773041 0
vt 0.974326 -0.77802 0
vt 0.940027 -0.743695 0
vt 1.00069 -0.776742 0
vt 0.998357 -0.825338 0
vt 1.00747 -0.748513 0
vt 0.731466 -1.17967 0
vt 0.728028 -1.1151 0
vt 0.745659 -1.05655 0
vt 0.783708 -1.05002 0
vt 0.760155 -1.02689 0
vt 0.797731 -1.01219 0
vt 0.73851 -1.00109 0
vt 0.782239 -1.02796 0
vt 0.807578 -1.03735 0
vt 0.772391 -1.0028 0
vt 0.759928 -0.981095 0
vt 0.761413 -0.955934 0
vt 0.747364 -0.932262 0
vt 1.03775 -0.809815 0
vt 0.798421 -0.618787 0
vt 0.942591 -0.502305 0
vt 0.801054 -0.525645 0
vt 0.988955 -0.625426 0
vt 0.931424 -0.431011 0
vt 0.757338 -0.528834 0
vt 0.734783 -0.537936 0
vt 0.776712 -0.543281 0
vt 0.777985 -0.578407 0
vt 0.855138 -1.25588 0
vt 0.568196 -0.883941 0
vt 0.69196 -1.17072 0
vt 0.650332 -0.902333 0
vt 0.687306 -0.895574 0
vt 0.566652 -0.732453 0
vt 0.712833 -0.700693 0
vt 0.867351 -0.703905 0
vt 0.890062 -0.697684 0
vt 0.76996 -0.79178 0
vt 0.739407 -0.569737 0
vt 0.863039 -1.07527 0
vt 0.826453 -1.07077 0
vt 0.822036 -1.09392 0
vt 0.855235 -1.02998 0
vt 0.8319 -1.03685 0
vt 1.0018 -1.05331 0
vt 1.01478 -1.03306 0
vt 0.964509 -0.90863 0
vt 0.877167 -0.935 0
vt 0.76793 -0.818292 0
vt 0.882726 -0.747935 0
vt 0.977535 -0.850555 0
vt 0.697293 -0.924274 0
vt 0.722942 -0.946512 0
vt 0.714733 -0.829185 0
vt 0.929191 -0.717779 0
vt 0.986261 -0.734828 0
vt 0.713579 -1.09689 0
vt 0.704391 -1.12163 0
vt 0.745189 -1.13504 0
vt 0.755357 -1.10893 0
vt 0.781806 -1.07229 0
vt 0.818621 -0.987015 0
vt 0.840441 -0.991227 0
vt 0.774568 -0.632948 0
vt 0.795982 -0.654973 0
vt 0.774439 -0.605562 0
vt 0.82696 -0.664505 0
vt 0.852334 -0.670343 0
vt 0.873929 -0.64187 0
vt 0.845353 -0.642622 0
vt 0.858727 -0.607507 0
vt 0.716047 -0.548137 0
vt 0.805661 -0.575903 0
vt 0.816174 -0.599731 0
vt 0.824594 -0.625373 0
vt 0.81584 -0.64554 0
vt 0.641175 -0.881638 0
vt 0.910331 -0.729431 0
vt 0.909606 -0.70755 0
vt 0.891527 -0.656869 0
vt 0.892094 -0.625749 0
vt 0.876372 -0.589818 0
vt 0.148798 -0.234813 0
vt 0.721301 -0.336035 0
vt 0.316049 -1.26195 0
vt 0.192786 -0.742897 0
vt 0.297113 -1.04823 0
vt 0.953596 -1.28944 0
vt 0.357342 -0.657797 0
vt 0.290895 -0.279796 0
vt 0.615986 -1.37889 0
vt 0.577633 -1.43115 0
vt 0.540108 -1.43115 0
vt 0.502584 -1.43115 0
vt 0.465059 -1.43115 0
vt 0.427534 -1.43115 0
vt 0.39001 -1.43115 0
vt 0.352485 -1.43115 0
vt 0.314961 -1.43115 0
vt 0.277436 -1.43115 0
vt 0.239911 -1.43115 0
vt 0.202387 -1.43115 0
vt 0.164862 -1.43115 0
vt 0.127338 -1.43115 0
vt 0.089813 -1.43115 0
vt 0.0522883 -1.43115 0
vt 0.0147637 -1.43115 0
vt 0.0147637 -1.39491 0
vt 0.0147637 -1.35868 0
vt 0.0147637 -1.32244 0
vt 0.0147637 -1.2862 0
vt 0.0147637 -1.24997 0
vt 0.0147637 -1.21373 0
vt 0.0147637 -1.1775 0
vt 0.0147637 -1.14126 0
vt 0.0147637 -1.10502 0
vt 0.0147637 -1.06879 0
vt 0.0147637 -1.03255 0
vt 0.0147637 -0.996312 0
vt 0.0147637 -0.960075 0
vt 0.0147637 -0.923839 0
vt 0.0147637 -0.887602 0
vt 0.0147637 -0.851365 0
vt 0.0147637 -0.815129 0
vt 0.0147637 -0.778892 0
vt 0.0147637 -0.742655 0
vt 0.0147637 -0.706419 0
vt 0.0147637 -0.670182 0
vt 0.0147637 -0.633946 0
vt 0.0147637 -0.597709 0
vt 0.0147637 -0.561472 0
vt 0.0472856 -0.546173 0
vt 0.0742074 -0.522386 0
vt 0.0945934 -0.492714 0
vt 0.109553 -0.459948 0
vt 0.11986 -0.425419 0
vt 0.126451 -0.389981 0
vt 0.130268 -0.354134 0
vt 0.131573 -0.318105 0
vt 0.130584 -0.282064 0
vt 0.127462 -0.246145 0
vt 0.12266 -0.21041 0
vt 0.116518 -0.174879 0
vt 0.109402 -0.139529 0
vt 0.101517 -0.104343 0
vt 0.1358 -0.0933549 0
vt 0.170083 -0.0823672 0
vt 0.204366 -0.0713794 0
vt 0.238649 -0.0603916 0
vt 0.272994 -0.0495975 0
vt 0.307339 -0.0388035 0
vt 0.341683 -0.0280093 0
vt 0.376028 -0.0172153 0
vt 0.387419 -0.0317525 0
vt 0.403894 -0.0467418 0
vt 0.435627 -0.0629434 0
vt 0.470476 -0.0707503 0
vt 0.506139 -0.0734124 0
vt 0.541895 -0.074499 0
vt 1.1405 -1.43118 0
vt 1.10298 -1.43118 0
vt 1.06545 -1.43118 0
vt 1.02793 -1.43117 0
vt 0.990403 -1.43117 0
vt 0.952879 -1.43117 0
vt 0.915354 -1.43117 0
vt 0.87783 -1.43117 0
vt 0.840305 -1.43116 0
vt 0.80278 -1.43116 0
vt 0.765256 -1.43116 0
vt 0.727731 -1.43116 0
vt 0.690207 -1.43116 0
vt 0.652682 -1.43116 0
vt 0.615157 -1.43115 0
vt 1.14054 -0.5615 0
vt 1.14054 -0.597737 0
vt 1.14054 -0.633973 0
vt 1.14054 -0.67021 0
vt 1.14054 -0.706447 0
vt 1.14054 -0.742683 0
vt 1.14053 -0.77892 0
vt 1.14053 -0.815157 0
vt 1.14053 -0.851393 0
vt 1.14053 -0.88763 0
vt 1.14053 -0.923866 0
vt 1.14053 -0.960103 0
vt 1.14052 -0.99634 0
vt 1.14052 -1.03258 0
vt 1.14052 -1.06881 0
vt 1.14052 -1.10505 0
vt 1.14052 -1.14129 0
vt 1.14051 -1.17752 0
vt 1.14051 -1.21376 0
vt 1.14051 -1.25 0
vt 1.14051 -1.28623 0
vt 1.14051 -1.32247 0
vt 1.14051 -1.35871 0
vt 1.1405 -1.39494 0
vt 1.05381 -0.104366 0
vt 1.04594 -0.139555 0
vt 1.03881 -0.174902 0
vt 1.03265 -0.21043 0
vt 1.02786 -0.246167 0
vt 1.02474 -0.282086 0
vt 1.02375 -0.318127 0
vt 1.02505 -0.354156 0
vt 1.02887 -0.390003 0
vt 1.03546 -0.425442 0
vt 1.04576 -0.459971 0
vt 1.06072 -0.492738 0
vt 1.0811 -0.522411 0
vt 1.10802 -0.546199 0
vt 0.779308 -0.0172253 0
vt 0.813652 -0.028021 0
vt 0.847996 -0.0388168 0
vt 0.88234 -0.0496126 0
vt 0.916684 -0.0604084 0
vt 0.950967 -0.0713979 0
vt 0.985249 -0.0823873 0
vt 1.01953 -0.0933768 0
vt 0.577666 -0.074839 0
vt 0.617907 -0.0744166 0
vt 0.658124 -0.0729974 0
vt 0.698097 -0.0686392 0
vt 0.7362 -0.0560822 0
vt 0.767943 -0.0317325 0
vt 0.363846 -0.0384924 0
vt 0.791496 -0.0384789 0
vt 0.381318 -0.0550065 0
vt 0.335761 -0.0692008 0
vt 0.770367 -0.0677579 0
vt 0.819563 -0.0692431 0
vt 0.404792 -0.0841616 0
vt 0.0790013 -1.12314 0
vt 0.0790013 -1.30432 0
vt 0.0790013 -0.833247 0
vt 0.0335261 -1.41303 0
vt 0.0710506 -1.39295 0
vt 0.0425907 -1.38487 0
vt 0.0684177 -1.34804 0
vt 0.0619161 -1.37095 0
vt 0.0980664 -1.36883 0
vt 0.0414747 -1.35278 0
vt 0.0496686 -1.32036 0
vt 0.0496433 -1.28548 0
vt 0.0311992 -1.30432 0
vt 0.0977328 -1.24286 0
vt 0.0318326 -1.26809 0
vt 0.0638705 -1.25309 0
vt 0.0398303 -1.24345 0
vt 0.0684084 -1.20696 0
vt 0.0754861 -1.27751 0
vt 0.124776 -1.28468 0
vt 0.0991192 -1.28805 0
vt 0.11533 -1.32866 0
vt 0.0790013 -0.615827 0
vt 0.124678 -0.117629 0
vt 0.147971 -0.150156 0
vt 0.158135 -0.118274 0
vt 0.209571 -0.152232 0
vt 0.179064 -0.142507 0
vt 0.176082 -0.197408 0
vt 0.205627 -0.111892 0
vt 0.186954 -0.170467 0
vt 0.159733 -0.175146 0
vt 0.230587 -0.201443 0
vt 0.148541 -0.2005 0
vt 0.213139 -0.179801 0
vt 0.166527 -0.236495 0
vt 0.202852 -0.20595 0
vt 0.260227 -0.159691 0
vt 0.224709 -0.252864 0
vt 0.233847 -0.163106 0
vt 0.220397 -0.226324 0
vt 0.242333 -0.125048 0
vt 0.193521 -0.231726 0
vt 0.2696 -0.231949 0
vt 0.187187 -0.274649 0
vt 0.245791 -0.222198 0
vt 0.270809 -0.195055 0
vt 0.198927 -0.13291 0
vt 0.221382 -0.133133 0
vt 0.181995 -0.115935 0
vt 0.971644 -1.36465 0
vt 1.08422 -1.37551 0
vt 1.12174 -1.41306 0
vt 1.11253 -1.38474 0
vt 1.09644 -1.40563 0
vt 1.10771 -1.35151 0
vt 1.06611 -1.4004 0
vt 1.12729 -1.34059 0
vt 1.10178 -1.3081 0
vt 1.03104 -1.35585 0
vt 1.05486 -1.37318 0
vt 1.07224 -1.34029 0
vt 1.02207 -1.39321 0
vt 0.671448 -1.36464 0
vt 0.963411 -0.378844 0
vt 0.948627 -0.137666 0
vt 1.0763 -0.724562 0
vt 1.0763 -0.615852 0
vt 1.03065 -0.117659 0
vt 0.991859 -0.120735 0
vt 1.01338 -0.146006 0
vt 0.979565 -0.153004 0
vt 0.97106 -0.131287 0
vt 0.970623 -0.104652 0
vt 0.936906 -0.200181 0
vt 1.00295 -0.18082 0
vt 0.951582 -0.170576 0
vt 0.891764 -0.159361 0
vt 0.97254 -0.199407 0
vt 0.920091 -0.173405 0
vt 0.917843 -0.142348 0
vt 0.881032 -0.2166 0
vt 0.92772 -0.103752 0
vt 0.906653 -0.200511 0
vt 0.879427 -0.111955 0
vt 0.880192 -0.186817 0
vt 0.922365 -0.253975 0
vt 0.893541 -0.13359 0
vt 0.854212 -0.143825 0
vt 0.922049 -0.225027 0
vt 0.897646 -0.239769 0
vt 0.960925 -0.239079 0
vt 0.848267 -0.257636 0
vt 0.870437 -0.241739 0
vt 0.83117 -0.210387 0
vt 0.886913 -0.288123 0
vt 0.846382 -0.2316 0
vt 0.899297 -0.265504 0
vt 0.871986 -0.267307 0
vt 0.80117 -0.24796 0
vt 0.929258 -0.296609 0
vt 0.843361 -0.303593 0
vt 0.826083 -0.246156 0
vt 0.816047 -0.280492 0
vt 0.867344 -0.165235 0
vt 0.830724 -0.172963 0
vt 0.853093 -0.188334 0
vt 0.328841 -0.0471844 0
vt 0.309355 -0.0654042 0
vt 0.315827 -0.114112 0
vt 0.31946 -0.0888455 0
vt 0.275318 -0.093976 0
vt 0.362435 -0.107919 0
vt 0.734814 -0.115966 0
vt 0.855656 -0.0744737 0
vt 0.826487 -0.0472154 0
vt 0.79512 -0.0633578 0
vt 0.790544 -0.109439 0
vt 0.443852 -0.107912 0
vt 0.054548 -1.0869 0
vt 0.0443274 -1.12314 0
vt 0.0462016 -1.15938 0
vt 0.0616643 -1.10847 0
vt 0.0963383 -1.08507 0
vt 0.0372111 -1.10157 0
vt 0.0616643 -1.14041 0
vt 0.081117 -1.17206 0
vt 0.0858454 -1.14735 0
vt 0.125337 -1.12311 0
vt 0.125551 -1.16775 0
vt 0.0790013 -0.760774 0
vt 0.054548 -0.79701 0
vt 0.0443274 -0.833247 0
vt 0.0462016 -0.869484 0
vt 0.0616643 -0.818577 0
vt 0.0947882 -0.79701 0
vt 0.0372111 -0.81168 0
vt 0.0616643 -0.850517 0
vt 0.0875553 -0.887412 0
vt 0.0879709 -0.859588 0
vt 0.137086 -0.874237 0
vt 0.122615 -0.833094 0
vt 0.110463 -0.873839 0
vt 0.12307 -0.921234 0
vt 0.12345 -0.895759 0
vt 0.168421 -0.909171 0
vt 0.0710506 -1.41666 0
vt 0.095188 -1.4048 0
vt 0.1461 -1.38431 0
vt 0.0397265 -1.19561 0
vt 0.038034 -1.21954 0
vt 0.0599134 -1.22941 0
vt 0.258674 -1.36463 0
vt 0.0938962 -1.34325 0
vt 0.0908712 -0.568375 0
vt 0.0443274 -0.615827 0
vt 0.0462016 -0.652064 0
vt 0.0616643 -0.58628 0
vt 0.0616643 -0.633097 0
vt 0.0875553 -0.669992 0
vt 0.0879709 -0.642169 0
vt 0.137086 -0.656817 0
vt 0.110463 -0.656419 0
vt 0.12307 -0.703814 0
vt 0.124424 -0.61311 0
vt 0.12345 -0.678339 0
vt 0.102201 -0.622625 0
vt 0.103144 -0.59412 0
vt 0.168421 -0.691751 0
vt 0.147448 -0.565892 0
vt 0.119312 -0.570614 0
vt 0.137037 -0.590038 0
vt 0.126213 -0.525553 0
vt 0.170661 -0.623402 0
vt 0.106968 -0.545665 0
vt 0.170355 -0.590086 0
vt 0.149029 -0.611577 0
vt 0.130592 -0.549006 0
vt 0.166316 -0.5302 0
vt 0.0667621 -0.561821 0
vt 0.0383239 -0.592445 0
vt 0.229569 -0.606201 0
vt 0.178472 -0.559459 0
vt 0.197689 -0.606494 0
vt 0.224263 -0.52328 0
vt 0.211708 -0.658959 0
vt 0.213319 -0.572665 0
vt 0.196265 -0.534912 0
vt 0.21385 -0.630281 0
vt 0.189698 -0.642897 0
vt 0.264398 -0.646108 0
vt 0.163326 -0.649608 0
vt 0.186403 -0.670522 0
vt 0.241356 -0.631066 0
vt 0.215045 -0.713014 0
vt 0.239609 -0.658912 0
vt 0.279541 -0.59774 0
vt 0.208891 -0.686264 0
vt 0.274701 -0.696454 0
vt 0.255749 -0.609018 0
vt 0.262449 -0.672734 0
vt 0.252025 -0.570426 0
vt 0.237756 -0.687756 0
vt 0.310624 -0.662875 0
vt 0.285146 -0.66101 0
vt 0.300386 -0.627777 0
vt 0.19278 -0.5837 0
vt 0.218037 -0.547805 0
vt 0.246446 -0.541964 0
vt 0.299691 -0.546305 0
vt 0.272456 -0.551643 0
vt 0.268476 -0.493297 0
vt 0.290672 -0.572436 0
vt 0.250598 -0.514524 0
vt 0.280741 -0.521769 0
vt 0.312483 -0.597131 0
vt 0.221908 -0.472217 0
vt 0.32047 -0.568098 0
vt 0.230286 -0.497417 0
vt 0.191431 -0.496343 0
vt 0.249409 -0.721074 0
vt 0.325082 -0.485792 0
vt 0.353924 -0.631201 0
vt 0.297837 -0.497527 0
vt 0.340756 -0.527952 0
vt 0.351274 -0.592186 0
vt 0.327707 -0.620851 0
vt 0.332435 -0.647257 0
vt 0.349216 -0.693729 0
vt 0.334271 -0.672859 0
vt 0.309749 -0.697943 0
vt 0.368999 -0.663777 0
vt 0.290656 -0.443363 0
vt 0.32007 -0.511649 0
vt 0.323483 -0.544422 0
vt 0.351599 -0.56003 0
vt 0.292848 -0.682541 0
vt 0.290493 -0.737979 0
vt 0.286608 -0.471458 0
vt 0.25403 -0.452425 0
vt 0.40844 -0.576685 0
vt 0.291519 -0.713824 0
vt 0.319113 -0.727095 0
vt 0.377671 -0.576373 0
vt 0.330706 -0.707292 0
vt 0.360016 -0.737745 0
vt 0.379788 -0.609847 0
vt 0.393567 -0.525973 0
vt 0.324097 -0.783272 0
vt 0.367529 -0.536774 0
vt 0.366014 -0.496335 0
vt 0.393288 -0.553592 0
vt 0.438807 -0.540241 0
vt 0.414016 -0.53999 0
vt 0.426824 -0.499382 0
vt 0.313682 -0.755887 0
vt 0.270342 -0.788041 0
vt 0.342279 -0.760685 0
vt 0.296547 -0.778076 0
vt 0.37323 -0.804211 0
vt 0.301111 -0.829512 0
vt 0.351616 -0.786813 0
vt 0.306083 -0.803151 0
vt 0.339619 -0.823841 0
vt 0.385135 -0.767298 0
vt 0.126004 -0.154578 0
vt 0.229516 -0.0908727 0
vt 0.253168 -0.0813505 0
vt 0.192085 -0.0920376 0
vt 0.143172 -0.225843 0
vt 0.152127 -0.262096 0
vt 0.160813 -0.293072 0
vt 0.206659 -0.330614 0
vt 0.189031 -0.305378 0
vt 0.163388 -0.325673 0
vt 0.230507 -0.29518 0
vt 0.206966 -0.288882 0
vt 0.200698 -0.254714 0
vt 0.24838 -0.183649 0
vt 0.934119 -1.38997 0
vt 0.971643 -1.40056 0
vt 1.07628 -1.19564 0
vt 1.1252 -1.30435 0
vt 1.10844 -1.27466 0
vt 1.04584 -1.27958 0
vt 1.07783 -1.28595 0
vt 1.07856 -1.24077 0
vt 1.05618 -1.31118 0
vt 1.08694 -1.2635 0
vt 1.11058 -1.24426 0
vt 1.06182 -1.25985 0
vt 1.03636 -1.22063 0
vt 1.03152 -1.25164 0
vt 1.0795 -1.3173 0
vt 1.00346 -1.31093 0
vt 1.04682 -1.33533 0
vt 1.0298 -1.31485 0
vt 1.02016 -1.28918 0
vt 1.01321 -1.33587 0
vt 0.973263 -1.27046 0
vt 0.981181 -1.33401 0
vt 1.00188 -1.36392 0
vt 0.994071 -1.28643 0
vt 1.0008 -1.25613 0
vt 0.96415 -1.30386 0
vt 1.09733 -1.21719 0
vt 0.961631 -1.21447 0
vt 0.939309 -1.33778 0
vt 1.11953 -1.22311 0
vt 1.11987 -1.19564 0
vt 1.10634 -1.1594 0
vt 0.975342 -1.24082 0
vt 0.909484 -1.27101 0
vt 0.961023 -1.34454 0
vt 0.942903 -1.36449 0
vt 0.893344 -1.36166 0
vt 0.917724 -1.37006 0
vt 0.913184 -1.34367 0
vt 0.894328 -1.39836 0
vt 0.918635 -1.30697 0
vt 0.872649 -1.3189 0
vt 0.889277 -1.33724 0
vt 0.849743 -1.35637 0
vt 1.00333 -1.2231 0
vt 0.941451 -1.27973 0
vt 1.01547 -1.1633 0
vt 0.938722 -1.24313 0
vt 1.01783 -1.19491 0
vt 0.953094 -1.26046 0
vt 1.04708 -1.19338 0
vt 1.0647 -1.15544 0
vt 0.981735 -1.18172 0
vt 0.995126 -1.20105 0
vt 1.04201 -1.40957 0
vt 1.00917 -1.41463 0
vt 0.996177 -1.39221 0
vt 0.633922 -1.38996 0
vt 0.671446 -1.40054 0
vt 0.746497 -1.36464 0
vt 0.990858 -0.415402 0
vt 0.997713 -0.375193 0
vt 0.990373 -0.337372 0
vt 0.98229 -0.393252 0
vt 0.947309 -0.419515 0
vt 1.00628 -0.397342 0
vt 0.978672 -0.359266 0
vt 0.950903 -0.330352 0
vt 0.953654 -0.355502 0
vt 0.907695 -0.347803 0
vt 0.925782 -0.380863 0
vt 1.00351 -0.354445 0
vt 1.10075 -0.7608 0
vt 1.11097 -0.724564 0
vt 1.1091 -0.688327 0
vt 1.09364 -0.739232 0
vt 1.05896 -0.76263 0
vt 1.11809 -0.746131 0
vt 1.09364 -0.707293 0
vt 1.06775 -0.670397 0
vt 1.06733 -0.69822 0
vt 1.01822 -0.683569 0
vt 1.03269 -0.724713 0
vt 1.04484 -0.683968 0
vt 1.03244 -0.636914 0
vt 1.03185 -0.66223 0
vt 0.987265 -0.648532 0
vt 1.11098 -0.615854 0
vt 1.10996 -0.581007 0
vt 1.09364 -0.646515 0
vt 1.06659 -0.565959 0
vt 1.09364 -0.598923 0
vt 1.06929 -0.591326 0
vt 1.02297 -0.583424 0
vt 1.04697 -0.610974 0
vt 1.11687 -0.639418 0
vt 1.11157 -0.663648 0
vt 1.09136 -0.564582 0
vt 0.998558 -0.0998366 0
vt 1.02296 -0.190453 0
vt 1.00064 -0.211213 0
vt 0.979203 -0.222894 0
vt 0.992895 -0.25677 0
vt 1.01903 -0.166668 0
vt 0.979573 -0.176738 0
vt 0.948965 -0.114057 0
vt 0.929212 -0.0802956 0
vt 0.897945 -0.086102 0
vt 0.874451 -0.0888319 0
vt 0.845583 -0.10714 0
vt 0.860596 -0.122966 0
vt 0.835538 -0.0861562 0
vt 0.810818 -0.0935032 0
vt 0.818738 -0.124445 0
vt 0.782136 -0.159227 0
vt 0.794639 -0.135734 0
vt 0.764352 -0.126985 0
vt 0.808644 -0.158262 0
vt 0.796686 -0.194359 0
vt 0.763204 -0.0969494 0
vt 0.733293 -0.165142 0
vt 0.735319 -0.0860195 0
vt 0.74237 -0.140811 0
vt 0.701862 -0.139558 0
vt 0.705889 -0.100501 0
vt 0.680191 -0.0899014 0
vt 0.639648 -0.119972 0
vt 0.683659 -0.117945 0
vt 0.655614 -0.0991306 0
vt 0.66325 -0.153604 0
vt 0.630455 -0.0963939 0
vt 0.598056 -0.100321 0
vt 0.713513 -0.121023 0
vt 0.559442 -0.11032 0
vt 0.576508 -0.0966649 0
vt 0.583205 -0.122526 0
vt 0.611617 -0.12546 0
vt 0.549687 -0.158547 0
vt 0.631174 -0.151016 0
vt 0.561366 -0.13581 0
vt 0.593754 -0.159391 0
vt 0.515218 -0.126475 0
vt 0.642624 -0.209173 0
vt 0.6451 -0.17848 0
vt 0.611155 -0.191187 0
vt 0.693127 -0.197801 0
vt 0.672597 -0.179483 0
vt 0.700298 -0.1691 0
vt 0.955071 -0.215828 0
vt 0.951173 -0.271191 0
vt 0.95983 -0.300812 0
vt 0.970493 -0.259521 0
vt 0.985028 -0.285297 0
vt 0.972944 -0.320894 0
vt 0.997933 -0.311921 0
vt 0.839903 -0.279984 0
vt 0.858154 -0.211273 0
vt 0.310236 -0.163993 0
vt 0.285216 -0.0712075 0
vt 0.277176 -0.128993 0
vt 0.261424 -0.112271 0
vt 0.285919 -0.153848 0
vt 0.306664 -0.138339 0
vt 0.346921 -0.14581 0
vt 0.292298 -0.110633 0
vt 0.29754 -0.0893426 0
vt 0.376328 -0.0830514 0
vt 0.359633 -0.0656146 0
vt 0.44928 -0.0836824 0
vt 0.475117 -0.102193 0
vt 0.469067 -0.157439 0
vt 0.463849 -0.128913 0
vt 0.41866 -0.151919 0
vt 0.490064 -0.138859 0
vt 0.444687 -0.147158 0
vt 0.509054 -0.181473 0
vt 0.43965 -0.19315 0
vt 0.513188 -0.154092 0
vt 0.491818 -0.164868 0
vt 0.471275 -0.18923 0
vt 0.462411 -0.247253 0
vt 0.458661 -0.216991 0
vt 0.406891 -0.238771 0
vt 0.503303 -0.226821 0
vt 0.435847 -0.235182 0
vt 0.418324 -0.212408 0
vt 0.427731 -0.288308 0
vt 0.410329 -0.182118 0
vt 0.439281 -0.26289 0
vt 0.372654 -0.208262 0
vt 0.478566 -0.296074 0
vt 0.394805 -0.217869 0
vt 0.36917 -0.246636 0
vt 0.463603 -0.273942 0
vt 0.500749 -0.264954 0
vt 0.483288 -0.211435 0
vt 0.382007 -0.158057 0
vt 0.0470328 -1.05067 0
vt 0.106346 -1.20101 0
vt 0.0443274 -0.760774 0
vt 0.0372111 -0.782341 0
vt 0.0616643 -0.775444 0
vt 0.0616643 -0.716127 0
vt 0.04062 -0.733645 0
vt 0.0643631 -0.740768 0
vt 0.0990419 -0.730752 0
vt 0.0461457 -0.90572 0
vt 0.100766 -0.821172 0
vt 0.125243 -0.802296 0
vt 0.178525 -0.822354 0
vt 0.115805 -0.766297 0
vt 0.149055 -0.819839 0
vt 0.146529 -0.847799 0
vt 0.174104 -0.872553 0
vt 0.168072 -0.770934 0
vt 0.150898 -0.792406 0
vt 0.142019 -0.767701 0
vt 0.159763 -0.731305 0
vt 0.130384 -0.739506 0
vt 0.0790013 -0.978194 0
vt 0.118225 -1.38855 0
vt 0.135319 -1.40717 0
vt 0.12791 -1.35848 0
vt 0.161244 -1.40542 0
vt 0.191103 -1.36802 0
vt 0.170898 -1.38251 0
vt 0.190571 -1.40429 0
vt 0.161745 -1.34841 0
vt 0.221149 -1.40687 0
vt 0.255571 -1.39966 0
vt 0.0583817 -1.18025 0
vt 0.333723 -1.36463 0
vt 0.100535 -0.518636 0
vt 0.130834 -0.489462 0
vt 0.083149 -0.544495 0
vt 0.0378594 -0.568351 0
vt 0.233373 -0.583653 0
vt 0.275752 -0.623907 0
vt 0.184508 -0.41911 0
vt 0.24748 -0.477729 0
vt 0.398719 -0.704916 0
vt 0.788754 -0.340463 0
vt 0.396532 -0.495589 0
vt 0.418402 -0.443788 0
vt 0.380351 -0.45824 0
vt 0.414773 -0.472773 0
vt 0.46797 -0.464714 0
vt 0.440235 -0.461241 0
vt 0.460259 -0.413811 0
vt 0.443558 -0.434702 0
vt 0.414874 -0.39465 0
vt 0.423568 -0.418721 0
vt 0.384389 -0.419266 0
vt 0.330418 -0.894941 0
vt 0.256277 -0.382967 0
vt 0.934117 -1.41484 0
vt 1.09807 -1.18313 0
vt 1.12823 -1.1594 0
vt 1.11729 -1.13876 0
vt 1.08754 -1.13621 0
vt 1.10515 -1.10554 0
vt 1.04202 -1.10534 0
vt 1.06043 -1.1272 0
vt 1.07361 -1.09741 0
vt 1.02942 -1.13463 0
vt 1.09899 -1.06421 0
vt 0.983801 -1.09765 0
vt 1.03977 -1.1574 0
vt 1.09333 -1.08618 0
vt 1.11919 -1.08367 0
vt 1.0702 -1.06851 0
vt 1.07697 -1.01532 0
vt 1.08109 -1.04287 0
vt 1.11056 -1.03632 0
vt 1.03019 -1.03638 0
vt 1.05472 -1.0468 0
vt 1.02955 -1.07199 0
vt 0.992011 -1.13416 0
vt 1.01183 -1.10971 0
vt 1.12082 -1.05692 0
vt 1.00625 -1.08407 0
vt 1.00531 -1.05374 0
vt 0.982187 -1.06964 0
vt 0.965561 -1.02071 0
vt 0.980775 -1.04283 0
vt 0.933335 -1.08651 0
vt 1.00354 -1.02469 0
vt 0.96014 -1.08496 0
vt 1.03603 -0.986863 0
vt 0.957402 -1.0575 0
vt 0.949117 -1.12702 0
vt 1.02556 -1.01073 0
vt 1.05069 -1.01943 0
vt 0.991686 -0.981637 0
vt 0.859069 -1.40118 0
vt 0.896592 -1.42005 0
vt 0.941955 -1.31366 0
vt 0.890956 -1.29487 0
vt 0.898041 -1.31637 0
vt 0.857922 -1.25009 0
vt 0.880753 -1.26782 0
vt 0.899365 -1.23112 0
vt 0.846362 -1.28854 0
vt 0.867998 -1.29636 0
vt 0.850192 -1.31178 0
vt 0.807076 -1.30695 0
vt 0.596397 -1.39774 0
vt 0.633921 -1.41483 0
vt 0.708971 -1.3986 0
vt 0.656256 -1.38259 0
vt 0.632027 -1.34668 0
vt 0.746495 -1.40055 0
vt 1.0058 -0.453094 0
vt 0.923306 -0.32424 0
vt 0.905369 -0.30592 0
vt 0.931515 -0.346632 0
vt 0.873785 -0.320205 0
vt 0.866002 -0.298294 0
vt 0.836506 -0.352313 0
vt 0.896081 -0.327442 0
vt 0.875584 -0.352627 0
vt 0.849103 -0.329243 0
vt 0.816729 -0.323022 0
vt 0.784367 -0.30227 0
vt 0.945422 -0.395245 0
vt 0.919946 -0.409434 0
vt 0.888638 -0.388157 0
vt 0.915756 -0.462981 0
vt 0.925402 -0.436798 0
vt 0.882292 -0.431168 0
vt 0.961541 -0.464981 0
vt 0.902633 -0.443278 0
vt 0.870996 -0.473282 0
vt 0.94885 -0.443993 0
vt 0.977533 -0.44098 0
vt 0.894013 -0.366019 0
vt 1.10826 -0.797037 0
vt 1.06563 -0.64212 0
vt 1.03598 -0.531569 0
vt 1.00553 -0.235482 0
vt 1.01389 -0.263047 0
vt 0.82989 -0.146189 0
vt 0.818833 -0.191819 0
vt 0.80545 -0.220614 0
vt 0.754525 -0.223022 0
vt 0.780408 -0.230703 0
vt 0.755263 -0.267987 0
vt 0.77721 -0.255667 0
vt 0.66213 -0.129293 0
vt 0.531302 -0.101896 0
vt 0.539564 -0.124854 0
vt 0.615376 -0.168218 0
vt 0.57108 -0.192459 0
vt 0.318541 -0.215086 0
vt 0.340464 -0.121045 0
vt 0.342982 -0.183961 0
vt 0.394386 -0.273184 0
vt 0.486769 -0.244866 0
vt 0.395151 -0.124037 0
vt 0.384007 -0.184403 0
vt 0.0375291 -1.07154 0
vt 0.0744737 -1.06387 0
vt 0.122984 -1.03571 0
vt 0.0781571 -1.02111 0
vt 0.1027 -1.05663 0
vt 0.141978 -1.08035 0
vt 0.0991186 -1.03287 0
vt 0.115645 -0.995749 0
vt 0.127333 -1.06022 0
vt 0.17034 -1.04433 0
vt 0.0682025 -1.04179 0
vt 0.0459228 -1.01833 0
vt 0.0637934 -0.99936 0
vt 0.0464066 -0.970821 0
vt 0.0709221 -0.938172 0
vt 0.0659864 -0.959995 0
vt 0.0927814 -0.954586 0
vt 0.0441271 -0.943581 0
vt 0.0962039 -0.927265 0
vt 0.104072 -1.17752 0
vt 0.0857327 -1.1935 0
vt 0.0892483 -1.21591 0
vt 0.111178 -1.22381 0
vt 0.130208 -1.25152 0
vt 0.149189 -1.20384 0
vt 0.18629 -1.27773 0
vt 0.136868 -1.22655 0
vt 0.166142 -1.24774 0
vt 0.0449691 -0.686259 0
vt 0.0385975 -0.709421 0
vt 0.0712454 -0.691171 0
vt 0.0978223 -0.694768 0
vt 0.0628985 -0.887628 0
vt 0.071294 -0.912204 0
vt 0.0990641 -0.752466 0
vt 0.0956721 -0.775068 0
vt 0.172072 -0.84708 0
vt 0.218245 -0.856214 0
vt 0.197368 -0.840477 0
vt 0.233682 -0.814018 0
vt 0.205366 -0.813304 0
vt 0.220772 -0.764179 0
vt 0.184065 -0.794456 0
vt 0.220097 -0.790946 0
vt 0.194735 -0.770002 0
vt 0.245342 -0.791617 0
vt 0.201784 -0.740402 0
vt 0.261324 -0.814171 0
vt 0.253516 -0.759577 0
vt 0.247344 -0.842938 0
vt 0.228698 -0.73838 0
vt 0.185663 -0.715692 0
vt 0.256328 -0.901161 0
vt 0.274795 -0.838498 0
vt 0.26579 -0.869897 0
vt 0.297513 -0.862004 0
vt 0.237593 -0.878428 0
vt 0.204736 -0.887513 0
vt 0.288596 -0.893863 0
vt 0.32357 -0.848444 0
vt 0.319672 -0.872771 0
vt 0.360244 -0.866796 0
vt 0.347472 -0.846499 0
vt 0.38232 -0.838737 0
vt 0.183225 -0.892718 0
vt 0.202384 -0.924845 0
vt 0.2854 -0.954715 0
vt 0.278417 -0.923838 0
vt 0.240589 -0.938589 0
vt 0.316658 -0.931417 0
vt 0.25638 -0.923206 0
vt 0.230317 -0.912246 0
vt 0.26322 -0.946025 0
vt 0.238721 -0.982426 0
vt 0.265144 -0.973765 0
vt 0.267286 -1.02494 0
vt 0.258999 -0.999653 0
vt 0.218321 -1.02699 0
vt 0.307317 -0.997816 0
vt 0.242514 -1.01906 0
vt 0.289745 -0.979628 0
vt 0.28342 -1.00565 0
vt 0.244475 -1.06591 0
vt 0.32202 -0.966028 0
vt 0.309053 -1.04348 0
vt 0.300139 -0.914499 0
vt 0.380694 -0.939217 0
vt 0.306704 -0.95068 0
vt 0.347576 -0.944348 0
vt 0.371019 -1.00799 0
vt 0.359597 -0.91249 0
vt 0.368913 -0.972625 0
vt 0.340602 -0.993917 0
vt 0.336398 -0.91803 0
vt 0.415029 -0.890424 0
vt 0.353526 -0.889552 0
vt 0.384225 -0.893699 0
vt 0.345655 -0.967986 0
vt 0.326779 -1.01994 0
vt 0.359646 -1.06314 0
vt 0.337121 -1.04617 0
vt 0.318315 -1.09459 0
vt 0.363107 -1.0351 0
vt 0.334545 -1.07303 0
vt 0.411073 -1.05525 0
vt 0.364638 -1.11258 0
vt 0.393749 -1.02933 0
vt 0.355169 -1.08856 0
vt 0.392534 -1.08771 0
vt 0.402386 -0.918004 0
vt 0.396829 -0.865748 0
vt 0.384594 -1.0542 0
vt 0.411323 -0.987842 0
vt 0.449672 -0.845822 0
vt 0.414375 -0.951961 0
vt 0.394886 -1.00535 0
vt 0.426836 -1.01888 0
vt 0.416468 -0.837797 0
vt 0.44648 -0.92153 0
vt 0.427602 -0.864434 0
vt 0.446798 -0.889756 0
vt 0.447296 -0.782947 0
vt 0.398779 -0.815944 0
vt 0.429595 -0.809087 0
vt 0.425076 -0.911718 0
vt 0.471393 -0.977214 0
vt 0.464666 -0.813773 0
vt 0.414959 -0.780113 0
vt 0.442934 -0.991438 0
vt 0.502965 -0.906207 0
vt 0.435082 -0.736414 0
vt 0.39296 -0.790198 0
vt 0.481138 -1.03229 0
vt 0.444958 -0.959905 0
vt 0.472562 -0.905902 0
vt 0.409712 -0.751213 0
vt 0.432919 -0.761851 0
vt 0.412116 -0.726189 0
vt 0.469781 -0.752176 0
vt 0.440429 -0.693503 0
vt 0.385243 -0.728257 0
vt 0.372595 -0.705395 0
vt 0.468096 -1.0062 0
vt 0.452868 -1.03012 0
vt 0.518599 -0.997264 0
vt 0.463145 -1.08132 0
vt 0.492022 -0.994241 0
vt 0.465227 -1.05427 0
vt 0.510308 -0.951817 0
vt 0.438116 -1.0529 0
vt 0.51214 -1.07149 0
vt 0.507581 -0.975794 0
vt 0.548583 -0.968314 0
vt 0.427377 -1.08609 0
vt 0.491112 -1.05626 0
vt 0.522533 -1.035 0
vt 0.475629 -0.941904 0
vt 0.433743 -0.940243 0
vt 0.488169 -0.865556 0
vt 0.412325 -1.13798 0
vt 0.46982 -0.88165 0
vt 0.411003 -1.10947 0
vt 0.388744 -1.12479 0
vt 0.451374 -1.12188 0
vt 0.355049 -1.16142 0
vt 0.386476 -1.15651 0
vt 0.366731 -1.13835 0
vt 0.33191 -1.12821 0
vt 0.379453 -1.21468 0
vt 0.374762 -1.18461 0
vt 0.431056 -1.1914 0
vt 0.3238 -1.20796 0
vt 0.413872 -1.16743 0
vt 0.402191 -1.19395 0
vt 0.450462 -1.15935 0
vt 0.420532 -1.23691 0
vt 0.41837 -1.21244 0
vt 0.456951 -1.22136 0
vt 0.352574 -1.20347 0
vt 0.334378 -1.1813 0
vt 0.346144 -1.25672 0
vt 0.281831 -1.17588 0
vt 0.356869 -1.231 0
vt 0.30734 -1.186 0
vt 0.38643 -1.25842 0
vt 0.315977 -1.15555 0
vt 0.276641 -1.22616 0
vt 0.297654 -1.21041 0
vt 0.308846 -1.24723 0
vt 0.29354 -1.12416 0
vt 0.156284 -0.888537 0
vt 0.144232 -0.909512 0
vt 0.15443 -0.952887 0
vt 0.148493 -0.708114 0
vt 0.233501 -1.38005 0
vt 0.223329 -1.3352 0
vt 0.209162 -1.38509 0
vt 0.236015 -1.3559 0
vt 0.260222 -1.32683 0
vt 0.278419 -1.40713 0
vt 0.273471 -1.38359 0
vt 0.308155 -1.38859 0
vt 0.295894 -1.35084 0
vt 0.301752 -1.41144 0
vt 0.329743 -1.40696 0
vt 0.292739 -1.37273 0
vt 0.371248 -1.39072 0
vt 0.353754 -1.40717 0
vt 0.34824 -1.38378 0
vt 0.370412 -1.3519 0
vt 0.148331 -0.510044 0
vt 0.162574 -0.480206 0
vt 0.190593 -0.463972 0
vt 0.214193 -0.437927 0
vt 0.160972 -0.445146 0
vt 0.183727 -0.44206 0
vt 0.151344 -0.412787 0
vt 0.176333 -0.371853 0
vt 0.153169 -0.385806 0
vt 0.175314 -0.396365 0
vt 0.216349 -0.393009 0
vt 0.544826 -0.319839 0
vt 0.351225 -0.469024 0
vt 0.355547 -0.435974 0
vt 0.322375 -0.452807 0
vt 0.34035 -0.376492 0
vt 0.308865 -0.470519 0
vt 0.317447 -0.411372 0
vt 0.356337 -0.40409 0
vt 0.310961 -0.433154 0
vt 0.333666 -0.428058 0
vt 0.288993 -0.414756 0
vt 0.298576 -0.374022 0
vt 0.383635 -0.387146 0
vt 0.335066 -0.397982 0
vt 0.319026 -0.382644 0
vt 0.32099 -0.349423 0
vt 0.301319 -0.396078 0
vt 0.279355 -0.387611 0
vt 0.273203 -0.358521 0
vt 0.263113 -0.408661 0
vt 0.411413 -0.340284 0
vt 0.237006 -0.351542 0
vt 0.404755 -0.368001 0
vt 0.452992 -0.36493 0
vt 0.368925 -0.344736 0
vt 0.428399 -0.359022 0
vt 0.449691 -0.324527 0
vt 0.345475 -0.352369 0
vt 0.363814 -0.368872 0
vt 0.343669 -0.306982 0
vt 0.395226 -0.440085 0
vt 1.12301 -1.11784 0
vt 1.1005 -0.978219 0
vt 1.05096 -1.08299 0
vt 0.991153 -1.15886 0
vt 0.968053 -1.14569 0
vt 0.925494 -1.16993 0
vt 0.943356 -1.15181 0
vt 0.902304 -1.1292 0
vt 0.952926 -1.17911 0
vt 0.929467 -1.20363 0
vt 0.890465 -1.19114 0
vt 0.91281 -1.18851 0
vt 0.898745 -1.16529 0
vt 0.848773 -1.16354 0
vt 0.873512 -1.17146 0
vt 0.880477 -1.14527 0
vt 0.848385 -1.20734 0
vt 0.862908 -1.09854 0
vt 0.878282 -1.11943 0
vt 0.901744 -1.09617 0
vt 0.844101 -1.12849 0
vt 0.900408 -1.03534 0
vt 0.909655 -1.06557 0
vt 0.933656 -1.06229 0
vt 0.940398 -1.03443 0
vt 0.928653 -0.982958 0
vt 0.941784 -1.00704 0
vt 0.965874 -0.992645 0
vt 0.911886 -1.00772 0
vt 0.986873 -1.00612 0
vt 0.959314 -0.941499 0
vt 0.969825 -0.966145 0
vt 1.00815 -0.935236 0
vt 0.944304 -0.962466 0
vt 0.984617 -0.945272 0
vt 0.914641 -0.925373 0
vt 0.978636 -0.898644 0
vt 0.914478 -0.95591 0
vt 0.871273 -1.06078 0
vt 0.860426 -0.940351 0
vt 0.888802 -1.0765 0
vt 0.857193 -1.00118 0
vt 0.889646 -0.940508 0
vt 0.875313 -0.88863 0
vt 0.874869 -0.97162 0
vt 0.875164 -0.91659 0
vt 0.825673 -0.902345 0
vt 0.848409 -0.916447 0
vt 0.812042 -0.949701 0
vt 0.834915 -0.938203 0
vt 0.837873 -0.972586 0
vt 0.883617 -1.01217 0
vt 0.8944 -0.988622 0
vt 0.859874 -1.03201 0
vt 0.803883 -1.02135 0
vt 0.825069 -1.06244 0
vt 0.833382 -1.01878 0
vt 0.803778 -0.985049 0
vt 0.847875 -1.05341 0
vt 0.844996 -1.07944 0
vt 0.807448 -1.10329 0
vt 0.820272 -1.03891 0
vt 0.78095 -1.05918 0
vt 0.972427 -1.11939 0
vt 0.87516 -1.38051 0
vt 0.821544 -1.39856 0
vt 0.915659 -1.24821 0
vt 0.807039 -1.25576 0
vt 0.521346 -1.36463 0
vt 0.558871 -1.39864 0
vt 0.596396 -1.41971 0
vt 0.690736 -1.40978 0
vt 0.689581 -1.38743 0
vt 0.71436 -1.36684 0
vt 0.728458 -1.38557 0
vt 0.726519 -1.30877 0
vt 0.728629 -1.33952 0
vt 0.77019 -1.32887 0
vt 0.688936 -1.3268 0
vt 0.75146 -1.34219 0
vt 0.778135 -1.35986 0
vt 0.748583 -1.31832 0
vt 0.7741 -1.29345 0
vt 0.747164 -1.29134 0
vt 0.763852 -1.25126 0
vt 0.705946 -1.26346 0
vt 0.722623 -1.28321 0
vt 0.742043 -1.26569 0
vt 0.690635 -1.2933 0
vt 0.727354 -1.21981 0
vt 0.741169 -1.24068 0
vt 0.771256 -1.20576 0
vt 0.705108 -1.34462 0
vt 0.800361 -1.33765 0
vt 0.704372 -1.31079 0
vt 0.645389 -1.25124 0
vt 0.650461 -1.30806 0
vt 0.809195 -1.36872 0
vt 0.826624 -1.32731 0
vt 0.673944 -1.26589 0
vt 0.67369 -1.30923 0
vt 0.663148 -1.2875 0
vt 0.660692 -1.33591 0
vt 0.630018 -1.28125 0
vt 0.78451 -1.39641 0
vt 0.833596 -1.3761 0
vt 0.687096 -1.22714 0
vt 0.584509 -1.23899 0
vt 0.614236 -1.31448 0
vt 0.765139 -1.38096 0
vt 0.668025 -1.24227 0
vt 0.650733 -1.2009 0
vt 0.648534 -1.22612 0
vt 0.612032 -1.21023 0
vt 0.622681 -1.23564 0
vt 0.610074 -1.36932 0
vt 0.576977 -1.37089 0
vt 0.592117 -1.34038 0
vt 0.548662 -1.3722 0
vt 0.527483 -1.39557 0
vt 0.561557 -1.34423 0
vt 0.482096 -1.38849 0
vt 0.571567 -1.30043 0
vt 0.506082 -1.38373 0
vt 0.48758 -1.3533 0
vt 0.498231 -1.40699 0
vt 0.574553 -1.32416 0
vt 0.54056 -1.31639 0
vt 0.535258 -1.34222 0
vt 0.505589 -1.32267 0
vt 0.531065 -1.25982 0
vt 0.544837 -1.28659 0
vt 0.571268 -1.26829 0
vt 0.509688 -1.28774 0
vt 0.598582 -1.28411 0
vt 0.555492 -1.24352 0
vt 0.561991 -1.18989 0
vt 0.566315 -1.21762 0
vt 0.586954 -1.2002 0
vt 0.515854 -1.21129 0
vt 0.617269 -1.16076 0
vt 0.530957 -1.23321 0
vt 0.541994 -1.20721 0
vt 0.585698 -1.16787 0
vt 0.607674 -1.18476 0
vt 0.491209 -1.24444 0
vt 0.521824 -1.16372 0
vt 0.633566 -1.18119 0
vt 0.525666 -1.18836 0
vt 0.677085 -1.16061 0
vt 0.48488 -1.18211 0
vt 0.658227 -1.17704 0
vt 0.680985 -1.19729 0
vt 0.647139 -1.14527 0
vt 0.612298 -1.2607 0
vt 0.588886 -1.10834 0
vt 0.554278 -1.15782 0
vt 0.704417 -1.20805 0
vt 0.73669 -1.17338 0
vt 0.704841 -1.17621 0
vt 0.689303 -1.09986 0
vt 0.595686 -1.13855 0
vt 0.529952 -1.11624 0
vt 0.674626 -1.12851 0
vt 0.624779 -1.11614 0
vt 0.566203 -1.12932 0
vt 0.534539 -1.14146 0
vt 0.49764 -1.13515 0
vt 0.705646 -1.14228 0
vt 0.624998 -1.13912 0
vt 0.655135 -1.10044 0
vt 0.557371 -1.09702 0
vt 0.647118 -1.12214 0
vt 0.671183 -1.03958 0
vt 0.617232 -1.06433 0
vt 0.53173 -1.08961 0
vt 0.50295 -1.10107 0
vt 0.554851 -1.05764 0
vt 0.671742 -1.07227 0
vt 0.629949 -1.08893 0
vt 0.644877 -1.06563 0
vt 0.603842 -1.08684 0
vt 0.632826 -1.02715 0
vt 0.586039 -1.06101 0
vt 0.478466 -1.11471 0
vt 0.725362 -1.05752 0
vt 0.604359 -1.03707 0
vt 0.568582 -1.07653 0
vt 0.700821 -1.07314 0
vt 0.738489 -1.10522 0
vt 0.699687 -1.04428 0
vt 0.724589 -1.08339 0
vt 0.736001 -1.00538 0
vt 0.755976 -1.07875 0
vt 0.723329 -1.02995 0
vt 0.753657 -1.04157 0
vt 0.690355 -0.997392 0
vt 0.688703 -1.02209 0
vt 0.659234 -1.00772 0
vt 0.711929 -1.00852 0
vt 0.718947 -0.968436 0
vt 0.601313 -0.982543 0
vt 0.573367 -1.03234 0
vt 0.773104 -1.10908 0
vt 0.779053 -1.03216 0
vt 0.781237 -1.00326 0
vt 0.764693 -0.959737 0
vt 0.759172 -1.01613 0
vt 0.780091 -0.978792 0
vt 0.753492 -0.984537 0
vt 0.610665 -1.00937 0
vt 0.634186 -0.986128 0
vt 0.581864 -1.00437 0
vt 0.574253 -0.978005 0
vt 0.549231 -1.00973 0
vt 0.595827 -0.932303 0
vt 0.57076 -0.948413 0
vt 0.786818 -1.08567 0
vt 0.752176 -1.13969 0
vt 0.66564 -0.974958 0
vt 0.539747 -0.989165 0
vt 0.620951 -0.954979 0
vt 0.594544 -0.957863 0
vt 0.555583 -0.897242 0
vt 0.539749 -0.936161 0
vt 0.797343 -1.14811 0
vt 0.692156 -0.970576 0
vt 0.701758 -0.922013 0
vt 0.673765 -0.941709 0
vt 0.703806 -0.947648 0
vt 0.737107 -0.9393 0
vt 0.570609 -0.920622 0
vt 0.603312 -0.883085 0
vt 0.581505 -0.8971 0
vt 0.5683 -0.852582 0
vt 0.516242 -0.927465 0
vt 0.529709 -0.904279 0
vt 0.533404 -0.866785 0
vt 0.793217 -1.12363 0
vt 0.818089 -1.13202 0
vt 0.822187 -1.15873 0
vt 0.797213 -1.18278 0
vt 0.831109 -1.18528 0
vt 0.811948 -1.21809 0
vt 0.648571 -0.953169 0
vt 0.642864 -0.907199 0
vt 0.633297 -0.931726 0
vt 0.614225 -0.910158 0
vt 0.778064 -0.912852 0
vt 0.770763 -1.16534 0
vt 0.793709 -1.20497 0
vt 0.783388 -1.23109 0
vt 0.760176 -1.22664 0
vt 0.747261 -1.2064 0
vt 0.725387 -1.19541 0
vt 0.673182 -0.911141 0
vt 0.76256 -0.933779 0
vt 0.786285 -0.944896 0
vt 0.742496 -0.902708 0
vt 0.803628 -0.92337 0
vt 0.757407 -1.18495 0
vt 0.655988 -0.926758 0
vt 0.66501 -0.855423 0
vt 0.661239 -0.884434 0
vt 0.700239 -0.883016 0
vt 0.632689 -0.865972 0
vt 0.626627 -0.889337 0
vt 0.63015 -0.803401 0
vt 0.602763 -0.84837 0
vt 0.640244 -0.834328 0
vt 0.587426 -0.865974 0
vt 0.566089 -0.876093 0
vt 0.579797 -0.80356 0
vt 0.690022 -0.800971 0
vt 0.615489 -0.825297 0
vt 0.583051 -0.830182 0
vt 0.545181 -0.821301 0
vt 0.660429 -0.810629 0
vt 0.68342 -0.830909 0
vt 0.658103 -0.753339 0
vt 0.692359 -0.856792 0
vt 0.737889 -0.857407 0
vt 0.715432 -0.834338 0
vt 0.715027 -0.864277 0
vt 0.724222 -0.886737 0
vt 0.651186 -0.782312 0
vt 0.767557 -0.806062 0
vt 0.679227 -0.773694 0
vt 0.731059 -0.768956 0
vt 0.70133 -0.729618 0
vt 0.705839 -0.778937 0
vt 0.683412 -0.748213 0
vt 0.719124 -0.805167 0
vt 0.710418 -0.753653 0
vt 0.662531 -0.710161 0
vt 0.743019 -0.82301 0
vt 0.746789 -0.726165 0
vt 0.604452 -0.755843 0
vt 0.776759 -0.845623 0
vt 0.623852 -0.776082 0
vt 0.597124 -0.782285 0
vt 0.553915 -0.756074 0
vt 0.570159 -0.778016 0
vt 0.535368 -0.786789 0
vt 0.754533 -0.842309 0
vt 0.762147 -0.867425 0
vt 0.798719 -0.876138 0
vt 0.727205 -1.40978 0
vt 1.02749 -0.446622 0
vt 1.01135 -0.42846 0
vt 1.02317 -0.471717 0
vt 0.990566 -0.484709 0
vt 0.941082 -0.526299 0
vt 1.01726 -0.504281 0
vt 0.959959 -0.498525 0
vt 1.04144 -0.507752 0
vt 0.98766 -0.544666 0
vt 0.937919 -0.480677 0
vt 0.901523 -0.503534 0
vt 1.00953 -0.529656 0
vt 0.983796 -0.5156 0
vt 1.01253 -0.55747 0
vt 0.965415 -0.532833 0
vt 0.982905 -0.584465 0
vt 1.03957 -0.561671 0
vt 0.964148 -0.562041 0
vt 0.933775 -0.606505 0
vt 0.955232 -0.588556 0
vt 0.923326 -0.563071 0
vt 0.964912 -0.621929 0
vt 0.928928 -0.674856 0
vt 0.999554 -0.615514 0
vt 0.954384 -0.653467 0
vt 0.921329 -0.63997 0
vt 0.971567 -0.699761 0
vt 0.943712 -0.632378 0
vt 0.974052 -0.672503 0
vt 0.95204 -0.684238 0
vt 0.99363 -0.68803 0
vt 0.923852 -0.72052 0
vt 0.99788 -0.722637 0
vt 0.947594 -0.709875 0
vt 0.954594 -0.757285 0
vt 0.969608 -0.728586 0
vt 0.944408 -0.734567 0
vt 0.990517 -0.757801 0
vt 0.909228 -0.763983 0
vt 1.01626 -0.707375 0
vt 1.01405 -0.744376 0
vt 1.02284 -0.787123 0
vt 1.03841 -0.748806 0
vt 0.807438 -0.301901 0
vt 0.855824 -0.38005 0
vt 0.799684 -0.398554 0
vt 0.866604 -0.40688 0
vt 0.832879 -0.404851 0
vt 0.847919 -0.43616 0
vt 0.820849 -0.377626 0
vt 0.867443 -0.449757 0
vt 0.841878 -0.465649 0
vt 0.809939 -0.435137 0
vt 0.810768 -0.353892 0
vt 0.785091 -0.371226 0
vt 0.842905 -0.521083 0
vt 0.732388 -0.349351 0
vt 0.850209 -0.493221 0
vt 0.797166 -0.494204 0
vt 0.872724 -0.514012 0
vt 0.823826 -0.501193 0
vt 0.798106 -0.54496 0
vt 0.817138 -0.526704 0
vt 0.839986 -0.569571 0
vt 0.834607 -0.544915 0
vt 0.870344 -0.550034 0
vt 0.761824 -0.352856 0
vt 0.743943 -0.41076 0
vt 0.881472 -0.493239 0
vt 0.900696 -0.48047 0
vt 0.751078 -0.317752 0
vt 0.770092 -0.396796 0
vt 0.743785 -0.378998 0
vt 0.772981 -0.43367 0
vt 0.68553 -0.384378 0
vt 0.715888 -0.395019 0
vt 0.708791 -0.36664 0
vt 0.689941 -0.316165 0
vt 0.706484 -0.338744 0
vt 0.720664 -0.311005 0
vt 0.668748 -0.349044 0
vt 0.681845 -0.443516 0
vt 0.740871 -0.291835 0
vt 0.764371 -0.28975 0
vt 0.785492 -0.278247 0
vt 0.705792 -0.254398 0
vt 0.728611 -0.268169 0
vt 0.741784 -0.24572 0
vt 0.702589 -0.285496 0
vt 0.720387 -0.218784 0
vt 0.71455 -0.430276 0
vt 0.650821 -0.26445 0
vt 0.740637 -0.195282 0
vt 0.691716 -0.227832 0
vt 0.670511 -0.29021 0
vt 0.768723 -0.198567 0
vt 0.716449 -0.188381 0
vt 0.669737 -0.211751 0
vt 0.653774 -0.235766 0
vt 0.603421 -0.241244 0
vt 0.677069 -0.252658 0
vt 0.629606 -0.247772 0
vt 0.604941 -0.290927 0
vt 0.625921 -0.274292 0
vt 0.637949 -0.31101 0
vt 0.64635 -0.288273 0
vt 0.663754 -0.315518 0
vt 0.895864 -0.411197 0
vt 1.11777 -0.776169 0
vt 1.08082 -0.783829 0
vt 1.05217 -0.791502 0
vt 1.02974 -0.841314 0
vt 1.077 -0.826878 0
vt 1.03393 -0.813245 0
vt 0.982081 -0.819851 0
vt 1.05222 -0.830322 0
vt 1.00894 -0.82386 0
vt 1.06047 -0.875661 0
vt 0.989866 -0.859663 0
vt 1.06771 -0.850923 0
vt 1.1016 -0.874278 0
vt 1.09497 -0.847636 0
vt 1.1172 -0.856252 0
vt 1.12458 -0.833274 0
vt 1.08702 -0.806073 0
vt 1.10551 -0.820069 0
vt 0.532788 -0.145257 0
vt 0.590795 -0.181669 0
vt 0.571552 -0.167778 0
vt 0.591583 -0.206518 0
vt 0.556408 -0.235836 0
vt 0.616028 -0.217566 0
vt 0.539797 -0.18849 0
vt 0.51966 -0.205857 0
vt 0.529953 -0.230752 0
vt 0.536855 -0.266214 0
vt 0.5529 -0.210479 0
vt 0.290853 -0.214179 0
vt 0.303508 -0.250908 0
vt 0.305472 -0.190989 0
vt 0.286303 -0.177363 0
vt 0.347317 -0.225307 0
vt 0.326131 -0.239337 0
vt 0.329832 -0.274473 0
vt 0.332911 -0.163642 0
vt 0.359422 -0.166379 0
vt 0.415289 -0.261301 0
vt 0.389992 -0.252109 0
vt 0.370282 -0.133253 0
vt 0.422448 -0.124873 0
vt 0.0911305 -0.999898 0
vt 0.152178 -1.0097 0
vt 0.0393991 -0.994508 0
vt 0.102369 -0.905062 0
vt 0.128484 -1.19162 0
vt 0.15125 -1.17671 0
vt 0.147776 -1.14532 0
vt 0.198326 -1.19393 0
vt 0.172359 -1.19196 0
vt 0.172202 -1.22018 0
vt 0.18832 -1.15375 0
vt 0.206753 -1.24222 0
vt 0.158965 -1.11158 0
vt 0.166043 -1.15919 0
vt 0.1717 -1.13402 0
vt 0.214988 -1.11442 0
vt 0.187107 -1.11044 0
vt 0.198282 -1.1318 0
vt 0.232213 -1.16043 0
vt 0.222108 -1.13799 0
vt 0.258595 -1.13506 0
vt 0.239028 -1.12002 0
vt 0.267743 -1.10291 0
vt 0.232862 -1.09207 0
vt 0.171951 -1.08428 0
vt 0.204569 -1.08777 0
vt 0.292995 -1.09854 0
vt 0.301692 -1.07121 0
vt 0.280794 -1.05082 0
vt 0.276476 -1.07823 0
vt 0.159264 -1.06478 0
vt 0.145896 -1.04432 0
vt 0.190665 -1.06352 0
vt 0.217594 -1.06419 0
vt 0.195276 -1.03827 0
vt 0.190312 -0.998973 0
vt 0.155052 -1.27695 0
vt 0.148057 -1.31269 0
vt 0.0843449 -0.713237 0
vt 0.178113 -0.748143 0
vt 0.278713 -0.760263 0
vt 0.266152 -0.738759 0
vt 0.36304 -0.825354 0
vt 0.21156 -0.95931 0
vt 0.39141 -0.961777 0
vt 0.445411 -0.824297 0
vt 0.481222 -0.784137 0
vt 0.504987 -0.816856 0
vt 0.509743 -0.755899 0
vt 0.485539 -0.805992 0
vt 0.483516 -0.832451 0
vt 0.50701 -0.790396 0
vt 0.509521 -0.845676 0
vt 0.488893 -0.763363 0
vt 0.491322 -0.737294 0
vt 0.463466 -0.720006 0
vt 0.531989 -0.715451 0
vt 0.4713 -0.851047 0
vt 0.533549 -0.842556 0
vt 0.496416 -0.697999 0
vt 0.484941 -0.716489 0
vt 0.508568 -0.720623 0
vt 0.470333 -0.694617 0
vt 0.489369 -0.65007 0
vt 0.486134 -0.675028 0
vt 0.531995 -0.668285 0
vt 0.452665 -0.658 0
vt 0.50286 -1.01798 0
vt 0.488814 -0.961395 0
vt 0.447261 -1.0987 0
vt 0.33906 -1.10576 0
vt 0.436104 -1.14025 0
vt 0.395231 -1.23459 0
vt 0.330831 -1.23312 0
vt 0.289855 -1.15051 0
vt 0.313802 -1.11597 0
vt 0.176679 -0.93591 0
vt 0.181902 -0.965822 0
vt 0.157754 -0.981468 0
vt 0.130443 -0.970161 0
vt 0.13062 -0.945115 0
vt 0.10695 -0.973647 0
vt 0.191282 -1.33596 0
vt 0.206586 -1.30532 0
vt 0.169284 -1.32504 0
vt 0.170391 -1.29873 0
vt 0.236588 -1.30814 0
vt 0.220524 -1.27381 0
vt 0.276415 -1.28207 0
vt 0.244119 -1.24472 0
vt 0.260851 -1.30175 0
vt 0.294016 -1.31513 0
vt 0.248731 -1.27617 0
vt 0.273043 -1.34629 0
vt 0.408772 -1.39788 0
vt 0.364378 -1.30275 0
vt 0.231621 -0.452019 0
vt 0.243276 -0.427369 0
vt 0.239013 -0.402978 0
vt 0.134089 -0.448469 0
vt 0.142304 -0.469747 0
vt 0.207849 -0.415112 0
vt 0.515047 -0.298612 0
vt 0.268563 -0.432617 0
vt 0.398799 -0.307774 0
vt 0.424074 -0.316669 0
vt 0.371431 -0.293689 0
vt 0.388891 -0.33032 0
vt 0.365863 -0.31946 0
vt 0.207058 -0.362502 0
vt 0.233176 -0.375513 0
vt 0.261835 -0.320123 0
vt 0.452227 -0.298222 0
vt 1.10535 -1.0073 0
vt 1.12461 -0.978221 0
vt 1.11256 -0.951589 0
vt 1.06328 -0.94532 0
vt 1.08695 -0.95604 0
vt 1.093 -0.91493 0
vt 1.0639 -0.975438 0
vt 0.875652 -1.21542 0
vt 0.867228 -1.1938 0
vt 0.858837 -1.14436 0
vt 0.826673 -0.994815 0
vt 0.821543 -1.42026 0
vt 0.80269 -1.40941 0
vt 0.833689 -1.26377 0
vt 0.833819 -1.23569 0
vt 0.813873 -1.28135 0
vt 0.558871 -1.42031 0
vt 0.785497 -1.31263 0
vt 0.826094 -1.35146 0
vt 0.766673 -1.40924 0
vt 0.709929 -1.23834 0
vt 0.634645 -1.32422 0
vt 0.521346 -1.41778 0
vt 0.446297 -1.39893 0
vt 0.509044 -1.34531 0
vt 0.438877 -1.30378 0
vt 0.520778 -1.30675 0
vt 0.486168 -1.21495 0
vt 0.453435 -1.26355 0
vt 0.506793 -1.26338 0
vt 0.480133 -1.26943 0
vt 0.457783 -1.18568 0
vt 0.470899 -1.1411 0
vt 0.497022 -1.16019 0
vt 0.488091 -1.08103 0
vt 0.531096 -1.05716 0
vt 0.648793 -1.04328 0
vt 0.54714 -1.03426 0
vt 0.728257 -1.12924 0
vt 0.71323 -1.10865 0
vt 0.725204 -0.918854 0
vt 0.743571 -0.793152 0
vt 0.776262 -0.761152 0
vt 0.754857 -0.771983 0
vt 0.555912 -0.799599 0
vt 0.764779 -0.892005 0
vt 0.840675 -0.85995 0
vt 0.943423 -0.550102 0
vt 0.910267 -0.534093 0
vt 0.896551 -0.557706 0
vt 0.873412 -0.588157 0
vt 0.904459 -0.587732 0
vt 0.889394 -0.62144 0
vt 0.910461 -0.610635 0
vt 0.979891 -0.60607 0
vt 1.00855 -0.637658 0
vt 1.00749 -0.661854 0
vt 1.02275 -0.60785 0
vt 1.00319 -0.593576 0
vt 0.773691 -0.322845 0
vt 0.792015 -0.420432 0
vt 0.790371 -0.46182 0
vt 0.815401 -0.473474 0
vt 0.741404 -0.472624 0
vt 0.769396 -0.483126 0
vt 0.762932 -0.457799 0
vt 0.746843 -0.436942 0
vt 0.736783 -0.527497 0
vt 0.726869 -0.452153 0
vt 0.697847 -0.488155 0
vt 0.7713 -0.518696 0
vt 0.746832 -0.500712 0
vt 0.723299 -0.490691 0
vt 0.707802 -0.517241 0
vt 0.651264 -0.520345 0
vt 0.704112 -0.573744 0
vt 0.679095 -0.51082 0
vt 0.660509 -0.476352 0
vt 0.676388 -0.548331 0
vt 0.713925 -0.546013 0
vt 0.756405 -0.576648 0
vt 0.739921 -0.554737 0
vt 0.769037 -0.549988 0
vt 0.788417 -0.575493 0
vt 0.813527 -0.566657 0
vt 0.821591 -0.615018 0
vt 0.824379 -0.589701 0
vt 0.799607 -0.599785 0
vt 0.84941 -0.60527 0
vt 0.783594 -0.646373 0
vt 0.851842 -0.656775 0
vt 0.798171 -0.625337 0
vt 0.842944 -0.631385 0
vt 0.76596 -0.61071 0
vt 0.818898 -0.640644 0
vt 0.868377 -0.636726 0
vt 0.889224 -0.670763 0
vt 0.689042 -0.41428 0
vt 0.634277 -0.405555 0
vt 0.659648 -0.422547 0
vt 0.659843 -0.39482 0
vt 0.632606 -0.365767 0
vt 0.622855 -0.450046 0
vt 0.636406 -0.429813 0
vt 0.600925 -0.420704 0
vt 0.648915 -0.452846 0
vt 0.633339 -0.475141 0
vt 0.583611 -0.481179 0
vt 0.646009 -0.496273 0
vt 0.611446 -0.50263 0
vt 0.607623 -0.471147 0
vt 0.596369 -0.446975 0
vt 0.552076 -0.425763 0
vt 0.577214 -0.430123 0
vt 0.572374 -0.38338 0
vt 0.559382 -0.458286 0
vt 0.512982 -0.451628 0
vt 0.537449 -0.446131 0
vt 0.517991 -0.416721 0
vt 0.53244 -0.481038 0
vt 0.759062 -0.173317 0
vt 0.972134 -0.7869 0
vt 0.935996 -0.788301 0
vt 0.997442 -0.797237 0
vt 0.954936 -0.810068 0
vt 0.906879 -0.83276 0
vt 0.95757 -0.845311 0
vt 0.927708 -0.814637 0
vt 0.906774 -0.793576 0
vt 0.931874 -0.840455 0
vt 0.90887 -0.870737 0
vt 0.939564 -0.870175 0
vt 0.855541 -0.774429 0
vt 0.924697 -0.896688 0
vt 0.898361 -0.902734 0
vt 0.883858 -0.776777 0
vt 0.875373 -0.7284 0
vt 0.866288 -0.816728 0
vt 0.87149 -0.754014 0
vt 0.883964 -0.800663 0
vt 0.827325 -0.735948 0
vt 0.84686 -0.751209 0
vt 0.850454 -0.726476 0
vt 0.813957 -0.773193 0
vt 0.865379 -0.695516 0
vt 0.823894 -0.694595 0
vt 0.942213 -0.918933 0
vt 0.8963 -0.70408 0
vt 0.866998 -0.673214 0
vt 0.843395 -0.679769 0
vt 0.818945 -0.667847 0
vt 0.782217 -0.688474 0
vt 0.844427 -0.704493 0
vt 0.93335 -0.941175 0
vt 0.919267 -0.696896 0
vt 1.02022 -0.889514 0
vt 0.580952 -0.229523 0
vt 0.576908 -0.26467 0
vt 0.519303 -0.251227 0
vt 0.26798 -0.274647 0
vt 0.345605 -0.255049 0
vt 0.129671 -1.01383 0
vt 0.197262 -1.219 0
vt 0.226983 -1.2204 0
vt 0.187802 -1.25495 0
vt 0.137281 -1.10314 0
vt 0.119667 -1.08763 0
vt 0.105619 -1.10807 0
vt 0.208283 -1.17011 0
vt 0.226804 -1.19185 0
vt 0.253821 -1.20595 0
vt 0.25898 -1.16186 0
vt 0.248617 -1.183 0
vt 0.175518 -1.01953 0
vt 0.217594 -0.999703 0
vt 0.125424 -1.30783 0
vt 0.139744 -1.33636 0
vt 0.234157 -0.960273 0
vt 0.218902 -0.938901 0
vt 0.526307 -0.808016 0
vt 0.531798 -0.763676 0
vt 0.53588 -0.73958 0
vt 0.568585 -0.721928 0
vt 0.521492 -0.691867 0
vt 0.553226 -0.691871 0
vt 0.611194 -0.681202 0
vt 0.583804 -0.695198 0
vt 0.601544 -0.722996 0
vt 0.576198 -0.646515 0
vt 0.630456 -0.736989 0
vt 0.558307 -0.665949 0
vt 0.54213 -0.633103 0
vt 0.587998 -0.669607 0
vt 0.617242 -0.640102 0
vt 0.63661 -0.758133 0
vt 0.652676 -0.730967 0
vt 0.635033 -0.709873 0
vt 0.64916 -0.673881 0
vt 0.459668 -0.601508 0
vt 0.411012 -0.663505 0
vt 0.281331 -1.25413 0
vt 0.324394 -1.33144 0
vt 0.346788 -1.34305 0
vt 0.326163 -1.29169 0
vt 0.315724 -1.31114 0
vt 0.340982 -1.31235 0
vt 0.300721 -1.29056 0
vt 0.387441 -1.40778 0
vt 0.408772 -1.4198 0
vt 0.394489 -1.3708 0
vt 0.428322 -1.37026 0
vt 0.40659 -1.33061 0
vt 0.457796 -1.37175 0
vt 0.444688 -1.33878 0
vt 0.411138 -1.35389 0
vt 0.464842 -1.34986 0
vt 0.479769 -1.3281 0
vt 0.487951 -1.3029 0
vt 0.463513 -1.30889 0
vt 0.365522 -1.27567 0
vt 0.395322 -1.2905 0
vt 0.386927 -1.31449 0
vt 0.415991 -1.2675 0
vt 0.418979 -1.29097 0
vt 0.497584 -0.286164 0
vt 0.49381 -0.340423 0
vt 0.54156 -0.292919 0
vt 0.573589 -0.302691 0
vt 0.578195 -0.343114 0
vt 0.56223 -0.282544 0
vt 0.566765 -0.323942 0
vt 0.551252 -0.346184 0
vt 0.593709 -0.320872 0
vt 0.522949 -0.339131 0
vt 0.608266 -0.347557 0
vt 0.507552 -0.321104 0
vt 0.510042 -0.377259 0
vt 0.614892 -0.311738 0
vt 0.627089 -0.332517 0
vt 0.590264 -0.365412 0
vt 0.599337 -0.392337 0
vt 0.57975 -0.406238 0
vt 0.555616 -0.401406 0
vt 0.544729 -0.374483 0
vt 0.645641 -0.346521 0
vt 0.526234 -0.361492 0
vt 0.528836 -0.394005 0
vt 0.518392 -0.277325 0
vt 0.233826 -0.323156 0
vt 0.257565 -0.342269 0
vt 0.281058 -0.335314 0
vt 0.292474 -0.30111 0
vt 0.297984 -0.350971 0
vt 0.307769 -0.324655 0
vt 1.12687 -1.01446 0
vt 1.11543 -0.926511 0
vt 1.11544 -0.898976 0
vt 1.08158 -0.891279 0
vt 1.05071 -0.910941 0
vt 1.08106 -0.991899 0
vt 0.468275 -1.4077 0
vt 0.466981 -1.24344 0
vt 0.810589 -0.844437 0
vt 0.837622 -0.82894 0
vt 0.792832 -0.821034 0
vt 0.792721 -0.7924 0
vt 0.81847 -0.806617 0
vt 0.834343 -0.787457 0
vt 0.845403 -0.807454 0
vt 0.863053 -0.794804 0
vt 0.823421 -0.877696 0
vt 0.848381 -0.887843 0
vt 0.886696 -0.533025 0
vt 0.861674 -0.569917 0
vt 0.79506 -0.517885 0
vt 0.683668 -0.46805 0
vt 0.728727 -0.602782 0
vt 0.910331 -0.660636 0
vt 0.89058 -0.64653 0
vt 0.656716 -0.370457 0
vt 0.488368 -0.430283 0
vt 0.492981 -0.401227 0
vt 0.480783 -0.374489 0
vt 0.460313 -0.388822 0
vt 0.489288 -0.454086 0
vt 0.495201 -0.49264 0
vt 0.559502 -0.54125 0
vt 0.932581 -0.765169 0
vt 0.921946 -0.744071 0
vt 0.900593 -0.73049 0
vt 0.878029 -0.853313 0
vt 0.858952 -0.839258 0
vt 0.966629 -0.874077 0
vt 0.950514 -0.894378 0
vt 0.801347 -0.747645 0
vt 0.80323 -0.717129 0
vt 0.776314 -0.731201 0
vt 0.7651 -0.70788 0
vt 0.739256 -0.667833 0
vt 0.757826 -0.684212 0
vt 0.762773 -0.659887 0
vt 0.72837 -0.698891 0
vt 0.740985 -0.634176 0
vt 0.694114 -0.669447 0
vt 0.723609 -0.721963 0
vt 0.705757 -0.706252 0
vt 0.764143 -0.6338 0
vt 0.717001 -0.677469 0
vt 0.71827 -0.649882 0
vt 0.673163 -0.618885 0
vt 0.691126 -0.641063 0
vt 0.711763 -0.623727 0
vt 0.661632 -0.646588 0
vt 0.642501 -0.622373 0
vt 0.638122 -0.652341 0
vt 0.653509 -0.582636 0
vt 0.656023 -0.604726 0
vt 0.681456 -0.591391 0
vt 0.627395 -0.596795 0
vt 0.704306 -0.600345 0
vt 0.620353 -0.552645 0
vt 0.631649 -0.57348 0
vt 0.65158 -0.556568 0
vt 0.596426 -0.579098 0
vt 0.794769 -0.667811 0
vt 0.996952 -0.882812 0
vt 1.0024 -0.907626 0
vt 1.01477 -0.8647 0
vt 1.02602 -0.917113 0
vt 1.03914 -0.863822 0
vt 1.03505 -0.94389 0
vt 1.01393 -0.963408 0
vt 1.04343 -0.965197 0
vt 0.601828 -0.266157 0
vt 0.556572 -0.257423 0
vt 0.279686 -0.253712 0
vt 0.253322 -0.252711 0
vt 0.29378 -0.275333 0
vt 0.23912 -0.272444 0
vt 0.25537 -0.296097 0
vt 0.276656 -1.19914 0
vt 0.579141 -0.746687 0
vt 0.516801 -0.644858 0
vt 0.509269 -0.59546 0
vt 0.498323 -0.622402 0
vt 0.522926 -0.616703 0
vt 0.484802 -0.601214 0
vt 0.470036 -0.628531 0
vt 0.558144 -0.594907 0
vt 0.486836 -0.554963 0
vt 0.433703 -0.626969 0
vt 0.471956 -0.577479 0
vt 0.460868 -0.553976 0
vt 0.475098 -0.521665 0
vt 0.436229 -0.568966 0
vt 0.429249 -0.597719 0
vt 0.404043 -0.601845 0
vt 0.40101 -0.633411 0
vt 0.389942 -0.653799 0
vt 0.389653 -0.680161 0
vt 0.377397 -0.633791 0
vt 0.613298 -0.703699 0
vt 0.632192 -0.687989 0
vt 0.433213 -0.671156 0
vt 0.415234 -0.687288 0
vt 0.323655 -1.26707 0
vt 0.428027 -1.32356 0
vt 0.47556 -0.321902 0
vt 0.46948 -0.346145 0
vt 0.621645 -0.386157 0
vt 0.318719 -0.298403 0
vt 1.0709 -0.923045 0
vt 1.04281 -0.889766 0
vt 0.749423 -0.596977 0
vt 0.733544 -0.58016 0
vt 0.466777 -0.44075 0
vt 0.510042 -0.474714 0
vt 0.580028 -0.514614 0
vt 0.557986 -0.495343 0
vt 0.527782 -0.519319 0
vt 0.590496 -0.543909 0
vt 0.61122 -0.528471 0
vt 0.88403 -0.83121 0
vt 0.67302 -0.685691 0
vt 0.592232 -0.614583 0
vt 0.569583 -0.56835 0
vt 0.532586 -0.566687 0
vt 0.465991 -0.493883 0
vt 0.448843 -0.515111 0
vt 0.551771 -0.518526 0
vt 0.517498 -0.498643 0
vt 0.500405 -0.517719 0
vt 0.512647 -0.543273 0
vt 0.595621 -0.636276 0
vt 0.615454 -0.616839 0
vt 0.580681 -0.595227 0
vt 0.569125 -0.615248 0
vt 0.533664 -0.591394 0
vt 0.507343 -0.570065 0
vt 0.444666 -0.484228 0
vt 0.111892 -1.1455 0
vt 1.06308 -1.21893 0
vt 1.05119 -1.23904 0
vt 0.503096 -0.101241 0
vt 1.06118 -0.539963 0
vt 0.157435 -0.352246 0
vt 0.1839 -0.345647 0
vt 0.925011 -1.11308 0
vt 0.834104 -1.10377 0
vt 0.783859 -1.26874 0
vt 0.510397 -0.880483 0
vt 0.927397 -0.504327 0
vt -0.015653 -0.215577 0
vt -0.003371 -0.252698 0
vt 0.00809157 -0.29008 0
vt 0.0186927 -0.327716 0
vt 0.0282753 -0.365623 0
vt 0.0365979 -0.403827 0
vt 0.0438211 -0.442254 0
vt 0.0501071 -0.480845 0
vt 0.0554828 -0.519574 0
vt 0.093315 -0.519566 0
vt 0.131147 -0.519559 0
vt 0.168979 -0.519552 0
vt 0.206811 -0.519544 0
vt 0.244644 -0.519537 0
vt 0.282476 -0.519544 0
vt 0.320308 -0.51955 0
vt 0.35814 -0.519557 0
vt 0.395972 -0.519564 0
vt 0.433804 -0.519571 0
vt 0.471636 -0.519756 0
vt 0.509468 -0.519942 0
vt 0.547299 -0.520127 0
vt 0.585131 -0.520312 0
vt 0.622963 -0.520497 0
vt 0.660794 -0.520682 0
vt 0.698626 -0.520867 0
vt 0.736458 -0.521053 0
vt 0.774289 -0.521238 0
vt 0.812121 -0.521423 0
vt 0.818567 -0.48313 0
vt 0.825806 -0.444979 0
vt 0.833839 -0.406988 0
vt 0.842649 -0.369169 0
vt 0.852265 -0.331547 0
vt 0.862663 -0.294134 0
vt 0.873836 -0.256945 0
vt 0.885759 -0.219989 0
vt 0.850709 -0.211227 0
vt 0.81684 -0.198674 0
vt 0.78512 -0.181396 0
vt 0.755192 -0.161141 0
vt 0.726116 -0.139671 0
vt 0.697065 -0.118166 0
vt 0.667711 -0.0970792 0
vt 0.637636 -0.0770392 0
vt 0.60661 -0.0585082 0
vt 0.574405 -0.0421243 0
vt 0.540731 -0.0290583 0
vt 0.505636 -0.0205224 0
vt 0.469795 -0.0159703 0
vt 0.433689 -0.0146829 0
vt 0.39785 -0.0168289 0
vt 0.362307 -0.0219153 0
vt 0.327429 -0.0303978 0
vt 0.293853 -0.0430852 0
vt 0.261899 -0.0594466 0
vt 0.231539 -0.0786183 0
vt 0.202373 -0.0995714 0
vt 0.17394 -0.121437 0
vt 0.14548 -0.143268 0
vt 0.11639 -0.164247 0
vt 0.0860706 -0.183394 0
vt 0.0539285 -0.199258 0
vt 0.0197568 -0.210049 0
vt 0.793317 -0.498569 0
vt 0.755545 -0.486185 0
vt 0.785756 -0.457835 0
vt 0.780764 -0.333312 0
vt 0.49088 -0.452784 0
vt 0.863809 -0.233309 0
vt 0.826922 -0.262902 0
vt 0.835157 -0.235381 0
vt 0.84972 -0.25473 0
vt 0.787655 -0.236161 0
vt 0.811529 -0.243304 0
vt 0.788331 -0.277369 0
vt 0.225714 -0.452474 0
vt 0.0743945 -0.497212 0
vt 0.0849355 -0.455364 0
vt 0.112123 -0.484464 0
vt 0.0721172 -0.474387 0
vt 0.0906827 -0.329682 0
vt 0.0529454 -0.255642 0
vt 0.00464931 -0.229452 0
vt 0.0325629 -0.235603 0
vt 0.0604996 -0.227573 0
vt 0.0242501 -0.264444 0
vt 0.106482 -0.254999 0
vt 0.0796228 -0.247771 0
vt 0.092383 -0.216538 0
vt 0.0829214 -0.289028 0
vt 0.0455945 -0.295808 0
vt 0.755434 -0.508782 0
vt 0.734607 -0.497381 0
vt 0.725227 -0.454666 0
vt 0.80904 -0.46156 0
vt 0.801071 -0.436735 0
vt 0.757333 -0.421097 0
vt 0.7784 -0.480269 0
vt 0.761563 -0.462326 0
vt 0.816763 -0.342513 0
vt 0.589272 -0.122774 0
vt 0.604375 -0.453339 0
vt 0.528587 -0.478499 0
vt 0.490703 -0.488984 0
vt 0.4149 -0.452502 0
vt 0.790884 -0.20857 0
vt 0.740359 -0.216641 0
vt 0.763632 -0.200152 0
vt 0.764281 -0.225737 0
vt 0.735934 -0.185726 0
vt 0.764281 -0.257154 0
vt 0.683343 -0.209028 0
vt 0.74841 -0.300452 0
vt 0.712924 -0.204794 0
vt 0.764189 -0.281678 0
vt 0.780777 -0.30483 0
vt 0.730392 -0.269289 0
vt 0.819041 -0.300586 0
vt 0.692383 -0.166735 0
vt 0.703164 -0.242051 0
vt 0.712262 -0.180578 0
vt 0.225721 -0.488675 0
vt 0.226917 -0.160908 0
vt 0.301404 -0.452481 0
vt 0.0746606 -0.416564 0
vt 0.112229 -0.50711 0
vt 0.133299 -0.495688 0
vt 0.142609 -0.452536 0
vt 0.0544104 -0.338851 0
vt 0.157145 -0.214613 0
vt 0.13527 -0.300102 0
vt 0.0616369 -0.277989 0
vt 0.067987 -0.312947 0
vt 0.0249015 -0.305656 0
vt 0.679935 -0.474912 0
vt 0.746657 -0.443024 0
vt 0.717773 -0.415399 0
vt 0.804584 -0.380237 0
vt 0.607004 -0.0930859 0
vt 0.636266 -0.111683 0
vt 0.561694 -0.0861625 0
vt 0.612615 -0.116576 0
vt 0.633115 -0.156056 0
vt 0.607482 -0.144303 0
vt 0.599465 -0.195619 0
vt 0.610711 -0.171092 0
vt 0.643815 -0.196209 0
vt 0.562209 -0.163696 0
vt 0.582011 -0.147381 0
vt 0.585402 -0.17433 0
vt 0.546972 -0.125029 0
vt 0.555216 -0.209559 0
vt 0.664839 -0.132052 0
vt 0.586427 -0.0760294 0
vt 0.581714 -0.0997751 0
vt 0.688151 -0.141817 0
vt 0.66762 -0.158122 0
vt 0.672305 -0.184556 0
vt 0.641645 -0.134363 0
vt 0.649402 -0.173218 0
vt 0.604198 -0.48954 0
vt 0.528464 -0.503574 0
vt 0.556055 -0.491171 0
vt 0.560023 -0.446465 0
vt 0.550038 -0.468108 0
vt 0.524858 -0.443464 0
vt 0.579318 -0.468491 0
vt 0.452881 -0.486842 0
vt 0.506107 -0.470959 0
vt 0.414894 -0.488702 0
vt 0.740425 -0.243921 0
vt 0.811042 -0.279247 0
vt 0.839039 -0.285102 0
vt 0.829934 -0.322203 0
vt 0.805656 -0.320884 0
vt 0.187889 -0.486726 0
vt 0.263566 -0.486703 0
vt 0.1837 -0.163626 0
vt 0.205995 -0.133701 0
vt 0.234435 -0.113426 0
vt 0.204925 -0.156172 0
vt 0.207526 -0.197526 0
vt 0.184769 -0.141155 0
vt 0.229816 -0.137031 0
vt 0.273971 -0.133416 0
vt 0.253266 -0.151992 0
vt 0.296548 -0.179408 0
vt 0.254255 -0.198305 0
vt 0.278773 -0.159596 0
vt 0.246472 -0.175304 0
vt 0.322782 -0.137992 0
vt 0.303824 -0.155 0
vt 0.343454 -0.180102 0
vt 0.339232 -0.478018 0
vt 0.301397 -0.488682 0
vt 0.0674298 -0.43924 0
vt 0.0520773 -0.420809 0
vt 0.0595632 -0.39844 0
vt 0.099241 -0.380739 0
vt 0.113853 -0.455597 0
vt 0.124046 -0.414752 0
vt 0.125084 -0.226365 0
vt 0.116409 -0.195912 0
vt 0.155501 -0.259736 0
vt 0.148347 -0.18006 0
vt 0.13161 -0.250965 0
vt 0.122794 -0.276326 0
vt 0.108118 -0.299189 0
vt 0.120786 -0.326664 0
vt 0.175115 -0.33906 0
vt 0.108223 -0.352988 0
vt 0.0780022 -0.358536 0
vt 0.143233 -0.353537 0
vt 0.149698 -0.3252 0
vt 0.174255 -0.294387 0
vt 0.075921 -0.381787 0
vt 0.0518328 -0.374487 0
vt 0.183448 -0.399756 0
vt 0.170232 -0.37065 0
vt 0.225643 -0.363042 0
vt 0.151128 -0.396879 0
vt 0.199072 -0.375108 0
vt 0.202318 -0.346966 0
vt 0.229921 -0.407755 0
vt 0.196479 -0.316304 0
vt 0.207701 -0.397853 0
vt 0.207493 -0.428203 0
vt 0.234724 -0.324907 0
vt 0.164696 -0.427436 0
vt 0.125562 -0.387595 0
vt 0.194994 -0.456561 0
vt 0.224219 -0.265949 0
vt 0.141745 -0.429509 0
vt 0.186202 -0.421814 0
vt 0.125529 -0.365964 0
vt 0.145452 -0.375522 0
vt 0.167914 -0.466101 0
vt 0.160873 -0.492906 0
vt 0.203248 -0.287214 0
vt 0.190674 -0.25384 0
vt 0.232328 -0.294919 0
vt 0.27963 -0.266059 0
vt 0.272053 -0.306835 0
vt 0.251909 -0.273818 0
vt 0.247724 -0.235895 0
vt 0.679803 -0.501744 0
vt 0.64734 -0.488169 0
vt 0.706321 -0.488457 0
vt 0.744411 -0.370629 0
vt 0.6918 -0.44067 0
vt 0.797901 -0.357251 0
vt 0.774316 -0.376574 0
vt 0.763489 -0.352849 0
vt 0.728588 -0.334524 0
vt 0.754527 -0.327519 0
vt 0.786044 -0.406548 0
vt 0.755156 -0.394766 0
vt 0.809969 -0.403719 0
vt 0.548661 -0.0585473 0
vt 0.51573 -0.0909733 0
vt 0.51673 -0.0513228 0
vt 0.537871 -0.0805235 0
vt 0.484238 -0.045628 0
vt 0.496597 -0.0706531 0
vt 0.470142 -0.114732 0
vt 0.454969 -0.0756472 0
vt 0.489585 -0.0964233 0
vt 0.509767 -0.127802 0
vt 0.451663 -0.0431458 0
vt 0.408126 -0.0639934 0
vt 0.423797 -0.0408363 0
vt 0.433008 -0.0639507 0
vt 0.423254 -0.10873 0
vt 0.647176 -0.253196 0
vt 0.580319 -0.496037 0
vt 0.491347 -0.38789 0
vt 0.471209 -0.498199 0
vt 0.472485 -0.475671 0
vt 0.447503 -0.454617 0
vt 0.433192 -0.473567 0
vt 0.434775 -0.398486 0
vt 0.432832 -0.428435 0
vt 0.383212 -0.410178 0
vt 0.467264 -0.415631 0
vt 0.410724 -0.411963 0
vt 0.399983 -0.364597 0
vt 0.412363 -0.38669 0
vt 0.443494 -0.35473 0
vt 0.377062 -0.486739 0
vt 0.434388 -0.497987 0
vt 0.206275 -0.497989 0
vt 0.207436 -0.475455 0
vt 0.263562 -0.50857 0
vt 0.243752 -0.470571 0
vt 0.26293 -0.433418 0
vt 0.268838 -0.459994 0
vt 0.177909 -0.193019 0
vt 0.188569 -0.222532 0
vt 0.218908 -0.225843 0
vt 0.168062 -0.237602 0
vt 0.230778 -0.204626 0
vt 0.298452 -0.091451 0
vt 0.339227 -0.503093 0
vt 0.316716 -0.470584 0
vt 0.341152 -0.434388 0
vt 0.138784 -0.200891 0
vt 0.160789 -0.160583 0
vt 0.152765 -0.283617 0
vt 0.17552 -0.271302 0
vt 0.271792 -0.353883 0
vt 0.289396 -0.223772 0
vt 0.641933 -0.509447 0
vt 0.625934 -0.494055 0
vt 0.61928 -0.471513 0
vt 0.644044 -0.436004 0
vt 0.643777 -0.462207 0
vt 0.666847 -0.449339 0
vt 0.669917 -0.417927 0
vt 0.624936 -0.381101 0
vt 0.642233 -0.405858 0
vt 0.614585 -0.422646 0
vt 0.677471 -0.362817 0
vt 0.585292 -0.429947 0
vt 0.665922 -0.389307 0
vt 0.649221 -0.366263 0
vt 0.699072 -0.387997 0
vt 0.610775 -0.330631 0
vt 0.657733 -0.318521 0
vt 0.624973 -0.353869 0
vt 0.660804 -0.343698 0
vt 0.57668 -0.36742 0
vt 0.635962 -0.331199 0
vt 0.693055 -0.326989 0
vt 0.598915 -0.353834 0
vt 0.624296 -0.289714 0
vt 0.563713 -0.321209 0
vt 0.585915 -0.332557 0
vt 0.589849 -0.297468 0
vt 0.693589 -0.411822 0
vt 0.708312 -0.358215 0
vt 0.725779 -0.389853 0
vt 0.592655 -0.397076 0
vt 0.550948 -0.404994 0
vt 0.56976 -0.390278 0
vt 0.537106 -0.367916 0
vt 0.563374 -0.424003 0
vt 0.540049 -0.425684 0
vt 0.509412 -0.414887 0
vt 0.51903 -0.388909 0
vt 0.506247 -0.359624 0
vt 0.474574 -0.360988 0
vt 0.529968 -0.332917 0
vt 0.454637 -0.379697 0
vt 0.48868 -0.320133 0
vt 0.48968 -0.343341 0
vt 0.463407 -0.336141 0
vt 0.420497 -0.310135 0
vt 0.438285 -0.329189 0
vt 0.418748 -0.346476 0
vt 0.457815 -0.293127 0
vt 0.381289 -0.326461 0
vt 0.713139 -0.43662 0
vt 0.701943 -0.463362 0
vt 0.527276 -0.11174 0
vt 0.530418 -0.153888 0
vt 0.538669 -0.183571 0
vt 0.473849 -0.177453 0
vt 0.49881 -0.157693 0
vt 0.502045 -0.225152 0
vt 0.469444 -0.146243 0
vt 0.505035 -0.191202 0
vt 0.486789 -0.130863 0
vt 0.416321 -0.169656 0
vt 0.444369 -0.129925 0
vt 0.526533 -0.210202 0
vt 0.542013 -0.260728 0
vt 0.526587 -0.23782 0
vt 0.498539 -0.273355 0
vt 0.518254 -0.260079 0
vt 0.52917 -0.295685 0
vt 0.496449 -0.248974 0
vt 0.468659 -0.263637 0
vt 0.468602 -0.229864 0
vt 0.446184 -0.165441 0
vt 0.414478 -0.138589 0
vt 0.421579 -0.263064 0
vt 0.48051 -0.204588 0
vt 0.443368 -0.202533 0
vt 0.377236 -0.156387 0
vt 0.44532 -0.246789 0
vt 0.444973 -0.271737 0
vt 0.413631 -0.226016 0
vt 0.399479 -0.155067 0
vt 0.389979 -0.18305 0
vt 0.386737 -0.128404 0
vt 0.41405 -0.197792 0
vt 0.389082 -0.211537 0
vt 0.365768 -0.196546 0
vt 0.381606 -0.252262 0
vt 0.331148 -0.220163 0
vt 0.36224 -0.227658 0
vt 0.354752 -0.133149 0
vt 0.33601 -0.268228 0
vt 0.352816 -0.157519 0
vt 0.333774 -0.102615 0
vt 0.342009 -0.243343 0
vt 0.310033 -0.2488 0
vt 0.366559 -0.102564 0
vt 0.350108 -0.0647927 0
vt 0.395432 -0.100816 0
vt 0.37936 -0.0746762 0
vt 0.350143 -0.0872459 0
vt 0.324239 -0.0760598 0
vt 0.372117 -0.0478808 0
vt 0.301218 -0.0667865 0
vt 0.65663 -0.224046 0
vt 0.67486 -0.246066 0
vt 0.693903 -0.278536 0
vt 0.619033 -0.22796 0
vt 0.395444 -0.498009 0
vt 0.396614 -0.475476 0
vt 0.370501 -0.452748 0
vt 0.360467 -0.472314 0
vt 0.34481 -0.456406 0
vt 0.323634 -0.448611 0
vt 0.307179 -0.410446 0
vt 0.365517 -0.428077 0
vt 0.343826 -0.39452 0
vt 0.391164 -0.435735 0
vt 0.212044 -0.247157 0
vt 0.246619 -0.347889 0
vt 0.264104 -0.330316 0
vt 0.303401 -0.330534 0
vt 0.252665 -0.378352 0
vt 0.285748 -0.384503 0
vt 0.300286 -0.359386 0
vt 0.343441 -0.349452 0
vt 0.320141 -0.346936 0
vt 0.335418 -0.314601 0
vt 0.329208 -0.372109 0
vt 0.279593 -0.411411 0
vt 0.309802 -0.386456 0
vt 0.265594 -0.219637 0
vt 0.279694 -0.198463 0
vt 0.273889 -0.242462 0
vt 0.716366 -0.304612 0
vt 0.610264 -0.30777 0
vt 0.602532 -0.376432 0
vt 0.556647 -0.348116 0
vt 0.470657 -0.394253 0
vt 0.404762 -0.327591 0
vt 0.394217 -0.302265 0
vt 0.363323 -0.30131 0
vt 0.41328 -0.286421 0
vt 0.389269 -0.276921 0
vt 0.362794 -0.271628 0
vt 0.341527 -0.291489 0
vt 0.305737 -0.294392 0
vt 0.302591 -0.271097 0
vt 0.483721 -0.29466 0
vt 0.559788 -0.287097 0
vt 0.583697 -0.251804 0
vt 0.564649 -0.264645 0
vt 0.557691 -0.237486 0
vt 0.585364 -0.274826 0
vt 0.612863 -0.261264 0
vt 0.583189 -0.221153 0
vt 0.542318 -0.314028 0
vt 0.512999 -0.314656 0
vt 0.436959 -0.224987 0
vt 0.404372 -0.247379 0
vt 0.310504 -0.11478 0
vt 0.348519 -0.0411662 0
vt 0.39643 -0.0418401 0
vt 0.709395 -0.26305 0
vt 0.680242 -0.302531 0
vt 0.653851 -0.289219 0
vt 0.621528 -0.204361 0
vt 0.330351 -0.41364 0
vt 0.356391 -0.328122 0
vt 0.370438 -0.351247 0
vt 0.355508 -0.371885 0
vt 0.255183 -0.403797 0
vt 0.268378 -0.179286 0
vt 0.292996 -0.311715 0
vt 0.284238 -0.288007 0
vt 0.29687 -0.133181 0
vt 0.2852 -0.111844 0
vt 0.259808 -0.112335 0
vt 0.272053 -0.0887982 0
vt 0.670321 -0.270547 0
vt 0.099895 -0.43042 0
vt 0.0970952 -0.405612 0
vt 0.448097 -0.100802 0
vt 0.468648 -0.440834 0
vt 0.238255 -0.431097 0
vt 0.30873 -0.20413 0
vt 0.380195 -0.383193 0
vt 0.920591 -0.215582 0
vt 0.908309 -0.252704 0
vt 0.896847 -0.290086 0
vt 0.886246 -0.327722 0
vt 0.876664 -0.365629 0
vt 0.868342 -0.403832 0
vt 0.861119 -0.44226 0
vt 0.854833 -0.480851 0
vt 0.849457 -0.51958 0
vt 0.811625 -0.519573 0
vt 0.773793 -0.519566 0
vt 0.735961 -0.519558 0
vt 0.698129 -0.519551 0
vt 0.660297 -0.519544 0
vt 0.622465 -0.519551 0
vt 0.584632 -0.519558 0
vt 0.5468 -0.519566 0
vt 0.508968 -0.519573 0
vt 0.471136 -0.51958 0
vt 0.433304 -0.519765 0
vt 0.395473 -0.519951 0
vt 0.357641 -0.520136 0
vt 0.319809 -0.520322 0
vt 0.281978 -0.520507 0
vt 0.244146 -0.520693 0
vt 0.206314 -0.520878 0
vt 0.168482 -0.521064 0
vt 0.130651 -0.521249 0
vt 0.0928191 -0.521435 0
vt 0.0863733 -0.483142 0
vt 0.0791337 -0.444991 0
vt 0.0711009 -0.407 0
vt 0.06229 -0.369181 0
vt 0.052674 -0.331559 0
vt 0.0422759 -0.294146 0
vt 0.0311019 -0.256957 0
vt 0.0191789 -0.220001 0
vt 0.0542294 -0.211239 0
vt 0.0880979 -0.198685 0
vt 0.119818 -0.181407 0
vt 0.149746 -0.161153 0
vt 0.178821 -0.139682 0
vt 0.207872 -0.118177 0
vt 0.237226 -0.0970898 0
vt 0.267301 -0.0770496 0
vt 0.298327 -0.0585183 0
vt 0.330532 -0.0421343 0
vt 0.364206 -0.0290679 0
vt 0.399301 -0.0205318 0
vt 0.435142 -0.0159795 0
vt 0.471248 -0.0146919 0
vt 0.507087 -0.0168375 0
vt 0.542629 -0.0219235 0
vt 0.577508 -0.0304059 0
vt 0.611083 -0.0430931 0
vt 0.643038 -0.0594542 0
vt 0.673398 -0.0786257 0
vt 0.702565 -0.0995785 0
vt 0.730998 -0.121444 0
vt 0.759457 -0.143275 0
vt 0.788548 -0.164253 0
vt 0.818867 -0.183401 0
vt 0.851009 -0.199264 0
vt 0.885181 -0.210055 0
vt 0.111623 -0.49858 0
vt 0.149395 -0.486196 0
vt 0.119184 -0.457847 0
vt 0.124175 -0.333323 0
vt 0.41406 -0.452793 0
vt 0.0411291 -0.233321 0
vt 0.078016 -0.262914 0
vt 0.0697814 -0.235392 0
vt 0.0552184 -0.254742 0
vt 0.117284 -0.236172 0
vt 0.0934089 -0.243316 0
vt 0.116607 -0.27738 0
vt 0.679226 -0.452482 0
vt 0.830546 -0.497218 0
vt 0.820004 -0.455371 0
vt 0.792817 -0.48447 0
vt 0.832823 -0.474393 0
vt 0.814256 -0.329688 0
vt 0.851993 -0.255648 0
vt 0.900289 -0.229458 0
vt 0.872375 -0.235609 0
vt 0.844439 -0.227579 0
vt 0.880688 -0.26445 0
vt 0.798457 -0.255006 0
vt 0.825315 -0.247777 0
vt 0.812555 -0.216544 0
vt 0.822017 -0.289034 0
vt 0.859344 -0.295814 0
vt 0.149506 -0.508793 0
vt 0.170333 -0.497392 0
vt 0.179713 -0.454677 0
vt 0.0958999 -0.461572 0
vt 0.103869 -0.436746 0
vt 0.147607 -0.421108 0
vt 0.12654 -0.480281 0
vt 0.143377 -0.462337 0
vt 0.0881759 -0.342525 0
vt 0.315665 -0.122784 0
vt 0.300565 -0.453349 0
vt 0.376353 -0.478508 0
vt 0.414237 -0.488993 0
vt 0.490039 -0.452511 0
vt 0.114054 -0.208582 0
vt 0.164579 -0.216652 0
vt 0.141306 -0.200163 0
vt 0.140657 -0.225748 0
vt 0.169004 -0.185737 0
vt 0.140658 -0.257165 0
vt 0.221595 -0.209039 0
vt 0.156529 -0.300463 0
vt 0.192014 -0.204805 0
vt 0.14075 -0.281689 0
vt 0.124161 -0.304842 0
vt 0.174547 -0.269301 0
vt 0.0858972 -0.300597 0
vt 0.212555 -0.166746 0
vt 0.201775 -0.242061 0
vt 0.192676 -0.180589 0
vt 0.679219 -0.488682 0
vt 0.67802 -0.160915 0
vt 0.603536 -0.452489 0
vt 0.830279 -0.416571 0
vt 0.792712 -0.507117 0
vt 0.771641 -0.495695 0
vt 0.762331 -0.452543 0
vt 0.850529 -0.338858 0
vt 0.747793 -0.21462 0
vt 0.769668 -0.300109 0
vt 0.843302 -0.277995 0
vt 0.836952 -0.312953 0
vt 0.880037 -0.305662 0
vt 0.225005 -0.474922 0
vt 0.158283 -0.443035 0
vt 0.187166 -0.41541 0
vt 0.100355 -0.380249 0
vt 0.297933 -0.093096 0
vt 0.268672 -0.111694 0
vt 0.343243 -0.0861723 0
vt 0.292322 -0.116587 0
vt 0.271823 -0.156066 0
vt 0.297455 -0.144314 0
vt 0.305473 -0.195629 0
vt 0.294227 -0.171102 0
vt 0.261123 -0.196219 0
vt 0.342728 -0.163706 0
vt 0.322927 -0.147391 0
vt 0.319535 -0.17434 0
vt 0.357965 -0.125038 0
vt 0.349722 -0.209569 0
vt 0.240098 -0.132063 0
vt 0.31851 -0.0760394 0
vt 0.323224 -0.099785 0
vt 0.216786 -0.141828 0
vt 0.237317 -0.158132 0
vt 0.232633 -0.184567 0
vt 0.263293 -0.134374 0
vt 0.255536 -0.173228 0
vt 0.300742 -0.48955 0
vt 0.376476 -0.503583 0
vt 0.348885 -0.491181 0
vt 0.344917 -0.446474 0
vt 0.354902 -0.468117 0
vt 0.380082 -0.443473 0
vt 0.325622 -0.468501 0
vt 0.452059 -0.486851 0
vt 0.398833 -0.470968 0
vt 0.490046 -0.488711 0
vt 0.164513 -0.243932 0
vt 0.0938961 -0.279259 0
vt 0.0658995 -0.285114 0
vt 0.0750046 -0.322215 0
vt 0.0992832 -0.320895 0
vt 0.717051 -0.486733 0
vt 0.641374 -0.486711 0
vt 0.721238 -0.163633 0
vt 0.698943 -0.133708 0
vt 0.670502 -0.113433 0
vt 0.700012 -0.156179 0
vt 0.697412 -0.197533 0
vt 0.720168 -0.141162 0
vt 0.675121 -0.137038 0
vt 0.630967 -0.133424 0
vt 0.651672 -0.152 0
vt 0.608389 -0.179415 0
vt 0.650683 -0.198312 0
vt 0.626164 -0.159604 0
vt 0.658466 -0.175311 0
vt 0.582156 -0.138 0
vt 0.601113 -0.155008 0
vt 0.561484 -0.18011 0
vt 0.565708 -0.478026 0
vt 0.603543 -0.48869 0
vt 0.83751 -0.439246 0
vt 0.852862 -0.420815 0
vt 0.845376 -0.398446 0
vt 0.805698 -0.380745 0
vt 0.791087 -0.455604 0
vt 0.780894 -0.414759 0
vt 0.779854 -0.226372 0
vt 0.788529 -0.195918 0
vt 0.749438 -0.259742 0
vt 0.75659 -0.180067 0
vt 0.773329 -0.250971 0
vt 0.782145 -0.276333 0
vt 0.796821 -0.299196 0
vt 0.784153 -0.32667 0
vt 0.729824 -0.339067 0
vt 0.796717 -0.352994 0
vt 0.826937 -0.358542 0
vt 0.761706 -0.353543 0
vt 0.75524 -0.325207 0
vt 0.730684 -0.294394 0
vt 0.829018 -0.381793 0
vt 0.853106 -0.374493 0
vt 0.721491 -0.399763 0
vt 0.734707 -0.370657 0
vt 0.679296 -0.36305 0
vt 0.753812 -0.396886 0
vt 0.705867 -0.375115 0
vt 0.702621 -0.346973 0
vt 0.675018 -0.407762 0
vt 0.70846 -0.316311 0
vt 0.697239 -0.397861 0
vt 0.697446 -0.42821 0
vt 0.670215 -0.324915 0
vt 0.740244 -0.427443 0
vt 0.779377 -0.387602 0
vt 0.709946 -0.456568 0
vt 0.680719 -0.265956 0
vt 0.763194 -0.429515 0
vt 0.718738 -0.421821 0
vt 0.779411 -0.365971 0
vt 0.759487 -0.375529 0
vt 0.737026 -0.466108 0
vt 0.744067 -0.492913 0
vt 0.701691 -0.287221 0
vt 0.714265 -0.253847 0
vt 0.672611 -0.294926 0
vt 0.625308 -0.266067 0
vt 0.632885 -0.306843 0
vt 0.653029 -0.273826 0
vt 0.657214 -0.235903 0
vt 0.225137 -0.501755 0
vt 0.2576 -0.488179 0
vt 0.198619 -0.488468 0
vt 0.160528 -0.37064 0
vt 0.21314 -0.440681 0
vt 0.107038 -0.357263 0
vt 0.130623 -0.376585 0
vt 0.14145 -0.35286 0
vt 0.176351 -0.334536 0
vt 0.150412 -0.32753 0
vt 0.118895 -0.406559 0
vt 0.149783 -0.394777 0
vt 0.09497 -0.403731 0
vt 0.356276 -0.058557 0
vt 0.389207 -0.0909827 0
vt 0.388207 -0.0513323 0
vt 0.367067 -0.0805331 0
vt 0.420699 -0.0456372 0
vt 0.40834 -0.0706624 0
vt 0.434796 -0.114741 0
vt 0.449968 -0.0756562 0
vt 0.415352 -0.0964325 0
vt 0.39517 -0.127811 0
vt 0.453274 -0.0431548 0
vt 0.496811 -0.064002 0
vt 0.481139 -0.0408452 0
vt 0.471929 -0.0639595 0
vt 0.481683 -0.108739 0
vt 0.257762 -0.253206 0
vt 0.324621 -0.496047 0
vt 0.413592 -0.3879 0
vt 0.433731 -0.498208 0
vt 0.432455 -0.47568 0
vt 0.457437 -0.454626 0
vt 0.471748 -0.473575 0
vt 0.470165 -0.398495 0
vt 0.472108 -0.428444 0
vt 0.521728 -0.410187 0
vt 0.437675 -0.41564 0
vt 0.494216 -0.411972 0
vt 0.504956 -0.364605 0
vt 0.492576 -0.386699 0
vt 0.461445 -0.354739 0
vt 0.527878 -0.486747 0
vt 0.470553 -0.497996 0
vt 0.698665 -0.497996 0
vt 0.697504 -0.475462 0
vt 0.641379 -0.508578 0
vt 0.661188 -0.470579 0
vt 0.642009 -0.433426 0
vt 0.636102 -0.460002 0
vt 0.727029 -0.193026 0
vt 0.716369 -0.222539 0
vt 0.68603 -0.22585 0
vt 0.736877 -0.237609 0
vt 0.67416 -0.204633 0
vt 0.606485 -0.0914589 0
vt 0.565713 -0.503101 0
vt 0.588224 -0.470592 0
vt 0.563788 -0.434396 0
vt 0.766154 -0.200898 0
vt 0.744148 -0.160589 0
vt 0.752174 -0.283624 0
vt 0.729419 -0.271309 0
vt 0.633147 -0.353891 0
vt 0.615542 -0.22378 0
vt 0.263007 -0.509457 0
vt 0.279006 -0.494065 0
vt 0.28566 -0.471523 0
vt 0.260895 -0.436014 0
vt 0.261163 -0.462218 0
vt 0.238093 -0.44935 0
vt 0.235023 -0.417938 0
vt 0.280003 -0.381111 0
vt 0.262707 -0.405868 0
vt 0.290355 -0.422657 0
vt 0.227468 -0.362828 0
vt 0.319648 -0.429957 0
vt 0.239017 -0.389317 0
vt 0.255718 -0.366273 0
vt 0.205868 -0.388008 0
vt 0.294164 -0.330641 0
vt 0.247206 -0.318532 0
vt 0.279966 -0.353879 0
vt 0.244135 -0.343709 0
vt 0.328259 -0.367429 0
vt 0.268977 -0.331209 0
vt 0.211884 -0.326999 0
vt 0.306024 -0.353844 0
vt 0.280642 -0.289724 0
vt 0.341225 -0.321219 0
vt 0.319024 -0.332567 0
vt 0.315089 -0.297478 0
vt 0.21135 -0.411833 0
vt 0.196627 -0.358226 0
vt 0.17916 -0.389864 0
vt 0.312284 -0.397086 0
vt 0.353991 -0.405003 0
vt 0.33518 -0.390288 0
vt 0.367833 -0.367926 0
vt 0.341566 -0.424013 0
vt 0.364891 -0.425693 0
vt 0.395528 -0.414897 0
vt 0.385909 -0.388918 0
vt 0.398692 -0.359633 0
vt 0.430366 -0.360997 0
vt 0.374971 -0.332927 0
vt 0.450303 -0.379706 0
vt 0.416259 -0.320142 0
vt 0.415259 -0.34335 0
vt 0.441532 -0.33615 0
vt 0.484442 -0.310144 0
vt 0.466654 -0.329198 0
vt 0.486191 -0.346485 0
vt 0.447123 -0.293136 0
vt 0.52365 -0.326469 0
vt 0.1918 -0.436631 0
vt 0.202997 -0.463372 0
vt 0.377662 -0.111749 0
vt 0.37452 -0.153898 0
vt 0.366269 -0.183581 0
vt 0.431089 -0.177462 0
vt 0.406128 -0.157702 0
vt 0.402893 -0.225162 0
vt 0.435493 -0.146252 0
vt 0.399903 -0.191211 0
vt 0.418148 -0.130873 0
vt 0.488617 -0.169665 0
vt 0.460568 -0.129934 0
vt 0.378405 -0.210211 0
vt 0.364146 -0.261096 0
vt 0.378452 -0.237664 0
vt 0.407751 -0.271635 0
vt 0.399664 -0.24899 0
vt 0.443852 -0.245976 0
vt 0.458753 -0.16545 0
vt 0.49046 -0.138598 0
vt 0.460537 -0.207422 0
vt 0.527701 -0.156395 0
vt 0.451574 -0.186779 0
vt 0.429294 -0.208585 0
vt 0.475014 -0.188869 0
vt 0.500665 -0.223811 0
vt 0.503651 -0.194733 0
vt 0.53905 -0.21306 0
vt 0.505459 -0.155076 0
vt 0.515414 -0.1754 0
vt 0.518201 -0.128413 0
vt 0.538539 -0.176877 0
vt 0.553178 -0.156023 0
vt 0.425367 -0.231643 0
vt 0.551907 -0.121673 0
vt 0.579397 -0.106928 0
vt 0.527932 -0.089424 0
vt 0.57555 -0.0687386 0
vt 0.53229 -0.11122 0
vt 0.553144 -0.0957168 0
vt 0.507236 -0.104896 0
vt 0.546764 -0.0676252 0
vt 0.521246 -0.0446241 0
vt 0.519689 -0.0677554 0
vt 0.248308 -0.224056 0
vt 0.230078 -0.246077 0
vt 0.211036 -0.278547 0
vt 0.285905 -0.227971 0
vt 0.509496 -0.498018 0
vt 0.508326 -0.475484 0
vt 0.534439 -0.452756 0
vt 0.544473 -0.472322 0
vt 0.56013 -0.456414 0
vt 0.581305 -0.448619 0
vt 0.59776 -0.410454 0
vt 0.539423 -0.428086 0
vt 0.561113 -0.394528 0
vt 0.513776 -0.435744 0
vt 0.692894 -0.247164 0
vt 0.618399 -0.0681901 0
vt 0.641204 -0.0945508 0
vt 0.622299 -0.110357 0
vt 0.605993 -0.129646 0
vt 0.647478 -0.116987 0
vt 0.65832 -0.347896 0
vt 0.640835 -0.330323 0
vt 0.601538 -0.330542 0
vt 0.652274 -0.378359 0
vt 0.619191 -0.38451 0
vt 0.604654 -0.359394 0
vt 0.561498 -0.34946 0
vt 0.584798 -0.346944 0
vt 0.56952 -0.314609 0
vt 0.575731 -0.372118 0
vt 0.625347 -0.411419 0
vt 0.595137 -0.386463 0
vt 0.639344 -0.219645 0
vt 0.625244 -0.19847 0
vt 0.63105 -0.24247 0
vt 0.604699 -0.248555 0
vt 0.576849 -0.221607 0
vt 0.592115 -0.284248 0
vt 0.188572 -0.304623 0
vt 0.294674 -0.30778 0
vt 0.302407 -0.376442 0
vt 0.348292 -0.348126 0
vt 0.434282 -0.394262 0
vt 0.500177 -0.327599 0
vt 0.510722 -0.302274 0
vt 0.541615 -0.301318 0
vt 0.485432 -0.265639 0
vt 0.525041 -0.265342 0
vt 0.34674 -0.288891 0
vt 0.380127 -0.290451 0
vt 0.321207 -0.253553 0
vt 0.4049 -0.297135 0
vt 0.341146 -0.26604 0
vt 0.347165 -0.238067 0
vt 0.321669 -0.221416 0
vt 0.525878 -0.195151 0
vt 0.589206 -0.0502198 0
vt 0.555787 -0.043771 0
vt 0.195544 -0.263061 0
vt 0.224697 -0.302541 0
vt 0.251088 -0.289229 0
vt 0.28341 -0.204371 0
vt 0.288615 -0.259303 0
vt 0.308029 -0.274106 0
vt 0.574588 -0.413648 0
vt 0.548548 -0.328131 0
vt 0.534501 -0.351255 0
vt 0.549431 -0.371893 0
vt 0.649756 -0.403805 0
vt 0.636559 -0.179294 0
vt 0.597247 -0.203971 0
vt 0.56099 -0.203886 0
vt 0.592661 -0.308243 0
vt 0.616211 -0.288849 0
vt 0.570119 -0.256428 0
vt 0.472178 -0.287608 0
vt 0.454913 -0.268902 0
vt 0.505113 -0.249119 0
vt 0.480954 -0.240321 0
vt 0.530165 -0.238697 0
vt 0.505337 -0.278944 0
vt 0.364006 -0.310045 0
vt 0.234617 -0.270557 0
vt 0.550458 -0.275438 0
vt 0.460439 -0.230268 0
vt 0.555479 -0.235537 0
vt 0.569004 -0.290637 0
vt 0.805045 -0.430426 0
vt 0.807844 -0.405618 0
vt 0.456841 -0.100811 0
vt 0.436292 -0.440843 0
vt 0.666685 -0.431104 0
vt 0.524744 -0.383201 0
vt 0.0147638 -0.0996559 0
vt 0.0147638 -0.0572098 0
vt 0.052267 -0.0572098 0
vt 0.0897703 -0.0572098 0
vt 0.127273 -0.0572098 0
vt 0.164777 -0.0572098 0
vt 0.20228 -0.0572098 0
vt 0.239783 -0.0572098 0
vt 0.277286 -0.0572098 0
vt 0.314789 -0.0572098 0
vt 0.352293 -0.0572098 0
vt 0.389796 -0.0572098 0
vt 0.427299 -0.0572098 0
vt 0.464802 -0.0572098 0
vt 0.502306 -0.0572098 0
vt 0.539809 -0.0572098 0
vt 0.577312 -0.0572098 0
vt 0.614815 -0.0572098 0
vt 0.652318 -0.0572098 0
vt 0.689822 -0.0572098 0
vt 0.727325 -0.0572098 0
vt 0.764828 -0.0572098 0
vt 0.802331 -0.0572098 0
vt 0.839834 -0.0572098 0
vt 0.877338 -0.0572098 0
vt 0.877338 -0.0996559 0
vt 0.858882 -0.0996559 0
vt 0.844515 -0.0996559 0
vt 0.816646 -0.0996559 0
vt 0.788776 -0.0996559 0
vt 0.760907 -0.0996559 0
vt 0.733037 -0.0996559 0
vt 0.705168 -0.0996559 0
vt 0.677298 -0.0996559 0
vt 0.649429 -0.0996559 0
vt 0.621559 -0.0996559 0
vt 0.59369 -0.0996559 0
vt 0.565817 -0.0996559 0
vt 0.537944 -0.0996559 0
vt 0.510071 -0.0996559 0
vt 0.482198 -0.0996559 0
vt 0.454325 -0.0996559 0
vt 0.426452 -0.0996559 0
vt 0.398579 -0.0996559 0
vt 0.370706 -0.0996559 0
vt 0.342834 -0.0996559 0
vt 0.328495 -0.0996559 0
vt 0.295276 -0.0996559 0
vt 0.262058 -0.0996559 0
vt 0.228839 -0.0996559 0
vt 0.195621 -0.0996559 0
vt 0.162402 -0.0996559 0
vt 0.132875 -0.0996559 0
vt 0.103347 -0.0996559 0
vt 0.0738192 -0.0996559 0
vt 0.0442915 -0.0996559 0
vt 0.335664 -0.0757812 0
vt 0.851699 -0.0773826 0
vt 0.82751 -0.0780337 0
vt 0.384643 -0.080408 0
vt 0.410195 -0.0765762 0
vt 0.440389 -0.0787024 0
vt 0.496134 -0.0802722 0
vt 0.522003 -0.0763752 0
vt 0.579753 -0.0806506 0
vt 0.60333 -0.077974 0
vt 0.554986 -0.0771013 0
vt 0.635494 -0.0773859 0
vt 0.691233 -0.0806968 0
vt 0.715037 -0.0778016 0
vt 0.666741 -0.0772957 0
vt 0.774842 -0.0795391 0
vt 0.750047 -0.0772485 0
vt 0.802711 -0.0807185 0
vt 0.468262 -0.0805798 0
vt 0.311828 -0.0815565 0
vt 0.0295277 -0.0784329 0
vt 0.0590554 -0.0804577 0
vt 0.147639 -0.0775406 0
vt 0.118111 -0.0800115 0
vt 0.179012 -0.0792955 0
vt 0.0885831 -0.0809839 0
vt 0.245449 -0.0813044 0
vt 0.221031 -0.0743324 0
vt 0.278667 -0.08166 0
# 5042 texture coords
s 1
g Garment
usemtl 绿_front
f 24/24/24 448/448/448 447/447/447
f 189/189/189 536/536/536 187/187/187
f 449/449/449 451/451/451 447/447/447
f 154/154/154 158/158/158 144/144/144
f 1331/1331/1331 905/905/905 26/26/26
f 141/141/141 449/449/449 452/452/452
f 165/165/165 20/20/20 472/472/472
f 161/161/161 177/177/177 169/169/169
f 173/173/173 473/473/473 22/22/22
f 168/168/168 177/177/177 157/157/157
f 20/20/20 19/19/19 472/472/472
f 187/187/187 186/186/186 189/189/189
f 180/180/180 178/178/178 176/176/176
f 173/173/173 21/21/21 165/165/165
f 35/35/35 34/34/34 459/459/459
f 175/175/175 170/170/170 174/174/174
f 906/906/906 461/461/461 572/572/572
f 169/169/169 142/142/142 161/161/161
f 361/361/361 365/365/365 369/369/369
f 175/175/175 174/174/174 142/142/142
f 651/651/651 648/648/648 655/655/655
f 164/164/164 142/142/142 165/165/165
f 143/143/143 459/459/459 462/462/462
f 160/160/160 472/472/472 159/159/159
f 162/162/162 183/183/183 184/184/184
f 681/681/681 682/682/682 677/677/677
f 1449/1449/1449 1031/1031/1031 1032/1032/1032
f 158/158/158 155/155/155 167/167/167
f 176/176/176 178/178/178 179/179/179
f 469/469/469 465/465/465 467/467/467
f 24/24/24 447/447/447 25/25/25
f 185/185/185 476/476/476 478/478/478
f 163/163/163 177/177/177 172/172/172
f 180/180/180 185/185/185 184/184/184
f 177/177/177 168/168/168 172/172/172
f 454/454/454 453/453/453 457/457/457
f 168/168/168 157/157/157 153/153/153
f 192/192/192 205/205/205 214/214/214
f 532/532/532 518/518/518 523/523/523
f 10/10/10 182/182/182 11/11/11
f 526/526/526 500/500/500 522/522/522
f 502/502/502 497/497/497 496/496/496
f 196/196/196 203/203/203 204/204/204
f 189/189/189 172/172/172 536/536/536
f 487/487/487 491/491/491 497/497/497
f 188/188/188 477/477/477 478/478/478
f 210/210/210 207/207/207 209/209/209
f 86/86/86 85/85/85 1162/1162/1162
f 17/17/17 16/16/16 145/145/145
f 548/548/548 549/549/549 45/45/45
f 147/147/147 17/17/17 145/145/145
f 169/169/169 163/163/163 175/175/175
f 16/16/16 15/15/15 145/145/145
f 202/202/202 200/200/200 559/559/559
f 154/154/154 148/148/148 152/152/152
f 209/209/209 208/208/208 206/206/206
f 477/477/477 184/184/184 185/185/185
f 217/217/217 222/222/222 220/220/220
f 153/153/153 154/154/154 152/152/152
f 144/144/144 146/146/146 148/148/148
f 147/147/147 146/146/146 144/144/144
f 209/209/209 202/202/202 210/210/210
f 549/549/549 553/553/553 557/557/557
f 149/149/149 144/144/144 158/158/158
f 149/149/149 18/18/18 147/147/147
f 206/206/206 202/202/202 209/209/209
f 209/209/209 207/207/207 554/554/554
f 694/694/694 464/464/464 462/462/462
f 198/198/198 194/194/194 192/192/192
f 179/179/179 178/178/178 151/151/151
f 39/39/39 193/193/193 40/40/40
f 909/909/909 476/476/476 908/908/908
f 215/215/215 558/558/558 36/36/36
f 365/365/365 361/361/361 362/362/362
f 460/460/460 459/459/459 34/34/34
f 193/193/193 41/41/41 40/40/40
f 146/146/146 145/145/145 15/15/15
f 201/201/201 42/42/42 199/199/199
f 194/194/194 203/203/203 192/192/192
f 477/477/477 190/190/190 184/184/184
f 203/203/203 194/194/194 204/204/204
f 149/149/149 147/147/147 144/144/144
f 166/166/166 164/164/164 160/160/160
f 168/168/168 171/171/171 183/183/183
f 53/53/53 225/225/225 54/54/54
f 13/13/13 179/179/179 151/151/151
f 733/733/733 225/225/225 53/53/53
f 156/156/156 158/158/158 154/154/154
f 154/154/154 153/153/153 156/156/156
f 46/46/46 45/45/45 550/550/550
f 18/18/18 149/149/149 159/159/159
f 157/157/157 156/156/156 153/153/153
f 742/742/742 244/244/244 740/740/740
f 249/249/249 251/251/251 64/64/64
f 13/13/13 152/152/152 150/150/150
f 13/13/13 12/12/12 179/179/179
f 548/548/548 45/45/45 44/44/44
f 233/233/233 235/235/235 229/229/229
f 43/43/43 202/202/202 206/206/206
f 911/911/911 489/489/489 490/490/490
f 735/735/735 236/236/236 736/736/736
f 65/65/65 780/780/780 781/781/781
f 236/236/236 735/735/735 231/231/231
f 55/55/55 54/54/54 225/225/225
f 181/181/181 11/11/11 182/182/182
f 65/65/65 781/781/781 1065/1065/1065
f 13/13/13 151/151/151 152/152/152
f 206/206/206 44/44/44 43/43/43
f 184/184/184 183/183/183 180/180/180
f 1064/1064/1064 67/67/67 66/66/66
f 550/550/550 551/551/551 920/920/920
f 148/148/148 14/14/14 150/150/150
f 15/15/15 14/14/14 146/146/146
f 1082/1082/1082 740/740/740 49/49/49
f 201/201/201 202/202/202 43/43/43
f 158/158/158 156/156/156 155/155/155
f 12/12/12 11/11/11 181/181/181
f 227/227/227 235/235/235 56/56/56
f 802/802/802 1165/1165/1165 1162/1162/1162
f 236/236/236 231/231/231 234/234/234
f 225/225/225 227/227/227 55/55/55
f 191/191/191 190/190/190 188/188/188
f 155/155/155 166/166/166 167/167/167
f 246/246/246 247/247/247 249/249/249
f 248/248/248 247/247/247 60/60/60
f 61/61/61 246/246/246 62/62/62
f 560/560/560 561/561/561 210/210/210
f 176/176/176 181/181/181 182/182/182
f 185/185/185 180/180/180 176/176/176
f 737/737/737 240/240/240 1062/1062/1062
f 234/234/234 241/241/241 236/236/236
f 460/460/460 694/694/694 462/462/462
f 159/159/159 149/149/149 167/167/167
f 184/184/184 190/190/190 187/187/187
f 41/41/41 193/193/193 197/197/197
f 172/172/172 189/189/189 537/537/537
f 190/190/190 191/191/191 911/911/911
f 200/200/200 222/222/222 221/221/221
f 1249/1249/1249 840/840/840 311/311/311
f 205/205/205 203/203/203 196/196/196
f 84/84/84 1164/1164/1164 802/802/802
f 476/476/476 182/182/182 10/10/10
f 204/204/204 194/194/194 38/38/38
f 802/802/802 85/85/85 84/84/84
f 82/82/82 1167/1167/1167 83/83/83
f 186/186/186 187/187/187 190/190/190
f 310/310/310 826/826/826 825/825/825
f 43/43/43 42/42/42 201/201/201
f 403/403/403 401/401/401 398/398/398
f 1216/1216/1216 825/825/825 826/826/826
f 206/206/206 208/208/208 548/548/548
f 310/310/310 825/825/825 823/823/823
f 822/822/822 306/306/306 308/308/308
f 203/203/203 205/205/205 192/192/192
f 254/254/254 266/266/266 269/269/269
f 41/41/41 199/199/199 42/42/42
f 220/220/220 214/214/214 217/217/217
f 260/260/260 809/809/809 75/75/75
f 257/257/257 255/255/255 256/256/256
f 482/482/482 188/188/188 480/480/480
f 72/72/72 110/110/110 255/255/255
f 194/194/194 198/198/198 193/193/193
f 454/454/454 448/448/448 453/453/453
f 255/255/255 73/73/73 72/72/72
f 198/198/198 192/192/192 220/220/220
f 74/74/74 806/806/806 260/260/260
f 201/201/201 199/199/199 222/222/222
f 79/79/79 78/78/78 823/823/823
f 202/202/202 201/201/201 200/200/200
f 110/110/110 804/804/804 255/255/255
f 108/108/108 807/807/807 263/263/263
f 177/177/177 161/161/161 157/157/157
f 809/809/809 76/76/76 75/75/75
f 171/171/171 153/153/153 151/151/151
f 171/171/171 180/180/180 183/183/183
f 266/266/266 254/254/254 261/261/261
f 815/815/815 817/817/817 819/819/819
f 155/155/155 157/157/157 161/161/161
f 1168/1168/1168 100/100/100 1169/1169/1169
f 167/167/167 149/149/149 158/158/158
f 163/163/163 172/172/172 537/537/537
f 289/289/289 290/290/290 277/277/277
f 170/170/170 173/173/173 174/174/174
f 291/291/291 302/302/302 289/289/289
f 168/168/168 183/183/183 162/162/162
f 267/267/267 265/265/265 266/266/266
f 810/810/810 1177/1177/1177 820/820/820
f 478/478/478 480/480/480 188/188/188
f 278/278/278 283/283/283 274/274/274
f 175/175/175 142/142/142 169/169/169
f 168/168/168 162/162/162 536/536/536
f 300/300/300 295/295/295 299/299/299
f 839/839/839 93/93/93 827/827/827
f 159/159/159 167/167/167 160/160/160
f 164/164/164 161/161/161 142/142/142
f 155/155/155 161/161/161 166/166/166
f 196/196/196 213/213/213 205/205/205
f 218/218/218 224/224/224 212/212/212
f 173/173/173 170/170/170 473/473/473
f 141/141/141 454/454/454 456/456/456
f 176/176/176 182/182/182 185/185/185
f 810/810/810 1170/1170/1170 1171/1171/1171
f 198/198/198 197/197/197 193/193/193
f 262/262/262 261/261/261 258/258/258
f 199/199/199 197/197/197 195/195/195
f 92/92/92 828/828/828 827/827/827
f 559/559/559 221/221/221 560/560/560
f 312/312/312 358/358/358 359/359/359
f 451/451/451 26/26/26 25/25/25
f 346/346/346 348/348/348 349/349/349
f 844/844/844 351/351/351 1330/1330/1330
f 145/145/145 146/146/146 147/147/147
f 342/342/342 356/356/356 136/136/136
f 333/333/333 334/334/334 337/337/337
f 427/427/427 426/426/426 314/314/314
f 127/127/127 126/126/126 321/321/321
f 338/338/338 326/326/326 332/332/332
f 151/151/151 153/153/153 152/152/152
f 366/366/366 350/350/350 360/360/360
f 144/144/144 148/148/148 154/154/154
f 162/162/162 184/184/184 187/187/187
f 316/316/316 317/317/317 319/319/319
f 176/176/176 179/179/179 181/181/181
f 125/125/125 124/124/124 316/316/316
f 317/317/317 139/139/139 318/318/318
f 174/174/174 173/173/173 165/165/165
f 12/12/12 181/181/181 179/179/179
f 319/319/319 321/321/321 126/126/126
f 125/125/125 316/316/316 319/319/319
f 323/323/323 322/322/322 318/318/318
f 198/198/198 195/195/195 197/197/197
f 163/163/163 169/169/169 177/177/177
f 39/39/39 38/38/38 194/194/194
f 128/128/128 127/127/127 842/842/842
f 899/899/899 898/898/898 130/130/130
f 194/194/194 193/193/193 39/39/39
f 37/37/37 558/558/558 204/204/204
f 18/18/18 17/17/17 147/147/147
f 18/18/18 159/159/159 19/19/19
f 418/418/418 888/888/888 420/420/420
f 148/148/148 146/146/146 14/14/14
f 364/364/364 374/374/374 367/367/367
f 22/22/22 21/21/21 173/173/173
f 889/889/889 122/122/122 121/121/121
f 419/419/419 424/424/424 893/893/893
f 491/491/491 498/498/498 497/497/497
f 87/87/87 123/123/123 417/417/417
f 164/164/164 165/165/165 160/160/160
f 471/471/471 35/35/35 459/459/459
f 88/88/88 87/87/87 417/417/417
f 167/167/167 166/166/166 160/160/160
f 419/419/419 88/88/88 417/417/417
f 401/401/401 368/368/368 369/369/369
f 150/150/150 152/152/152 148/148/148
f 171/171/171 178/178/178 180/180/180
f 347/347/347 333/333/333 343/343/343
f 313/313/313 334/334/334 332/332/332
f 155/155/155 156/156/156 157/157/157
f 14/14/14 13/13/13 150/150/150
f 171/171/171 151/151/151 178/178/178
f 164/164/164 166/166/166 161/161/161
f 168/168/168 153/153/153 171/171/171
f 20/20/20 165/165/165 21/21/21
f 174/174/174 165/165/165 142/142/142
f 132/132/132 131/131/131 425/425/425
f 425/425/425 111/111/111 132/132/132
f 182/182/182 476/476/476 185/185/185
f 427/427/427 111/111/111 425/425/425
f 389/389/389 386/386/386 376/376/376
f 427/427/427 430/430/430 112/112/112
f 199/199/199 195/195/195 222/222/222
f 382/382/382 384/384/384 367/367/367
f 893/893/893 90/90/90 89/89/89
f 408/408/408 402/402/402 406/406/406
f 213/213/213 196/196/196 215/215/215
f 93/93/93 839/839/839 94/94/94
f 37/37/37 204/204/204 38/38/38
f 197/197/197 199/199/199 41/41/41
f 212/212/212 214/214/214 218/218/218
f 219/219/219 205/205/205 213/213/213
f 573/573/573 464/464/464 466/466/466
f 92/92/92 827/827/827 93/93/93
f 196/196/196 558/558/558 215/215/215
f 211/211/211 567/567/567 219/219/219
f 205/205/205 219/219/219 218/218/218
f 214/214/214 212/212/212 217/217/217
f 35/35/35 471/471/471 907/907/907
f 213/213/213 215/215/215 906/906/906
f 1028/1028/1028 655/655/655 656/656/656
f 491/491/491 479/479/479 492/492/492
f 221/221/221 217/217/217 212/212/212
f 222/222/222 217/217/217 221/221/221
f 205/205/205 218/218/218 214/214/214
f 218/218/218 563/563/563 224/224/224
f 211/211/211 219/219/219 213/213/213
f 218/218/218 219/219/219 216/216/216
f 198/198/198 220/220/220 195/195/195
f 214/214/214 220/220/220 192/192/192
f 563/563/563 218/218/218 216/216/216
f 559/559/559 560/560/560 210/210/210
f 201/201/201 222/222/222 200/200/200
f 220/220/220 222/222/222 195/195/195
f 466/466/466 464/464/464 467/467/467
f 312/312/312 362/362/362 360/360/360
f 555/555/555 767/767/767 921/921/921
f 931/931/931 930/930/930 224/224/224
f 733/733/733 53/53/53 52/52/52
f 225/225/225 226/226/226 227/227/227
f 242/242/242 52/52/52 243/243/243
f 1934/1934/1934 244/244/244 230/230/230
f 226/226/226 229/229/229 227/227/227
f 56/56/56 55/55/55 227/227/227
f 229/229/229 242/242/242 232/232/232
f 229/229/229 232/232/232 228/228/228
f 242/242/242 230/230/230 232/232/232
f 233/233/233 229/229/229 228/228/228
f 740/740/740 50/50/50 49/49/49
f 747/747/747 244/244/244 745/745/745
f 234/234/234 231/231/231 233/233/233
f 56/56/56 734/734/734 57/57/57
f 242/242/242 229/229/229 226/226/226
f 232/232/232 230/230/230 239/239/239
f 234/234/234 233/233/233 228/228/228
f 235/235/235 233/233/233 231/231/231
f 234/234/234 228/228/228 238/238/238
f 738/738/738 248/248/248 60/60/60
f 235/235/235 231/231/231 734/734/734
f 229/229/229 235/235/235 227/227/227
f 241/241/241 234/234/234 238/238/238
f 735/735/735 736/736/736 58/58/58
f 228/228/228 239/239/239 238/238/238
f 239/239/239 1157/1157/1157 238/238/238
f 239/239/239 228/228/228 232/232/232
f 784/784/784 241/241/241 237/237/237
f 1934/1934/1934 230/230/230 243/243/243
f 47/47/47 46/46/46 920/920/920
f 250/250/250 783/783/783 782/782/782
f 249/249/249 63/63/63 246/246/246
f 237/237/237 241/241/241 238/238/238
f 241/241/241 240/240/240 737/737/737
f 733/733/733 242/242/242 226/226/226
f 243/243/243 52/52/52 51/51/51
f 1934/1934/1934 51/51/51 50/50/50
f 230/230/230 242/242/242 243/243/243
f 244/244/244 1934/1934/1934 740/740/740
f 762/762/762 749/749/749 751/751/751
f 245/245/245 247/247/247 248/248/248
f 780/780/780 65/65/65 64/64/64
f 247/247/247 246/246/246 61/61/61
f 63/63/63 62/62/62 246/246/246
f 60/60/60 247/247/247 61/61/61
f 247/247/247 245/245/245 249/249/249
f 59/59/59 738/738/738 60/60/60
f 58/58/58 736/736/736 59/59/59
f 251/251/251 249/249/249 245/245/245
f 64/64/64 63/63/63 249/249/249
f 781/781/781 787/787/787 785/785/785
f 245/245/245 248/248/248 250/250/250
f 250/250/250 782/782/782 245/245/245
f 241/241/241 784/784/784 240/240/240
f 1219/1219/1219 1218/1218/1218 94/94/94
f 223/223/223 563/563/563 565/565/565
f 272/272/272 275/275/275 273/273/273
f 1214/1214/1214 1634/1634/1634 253/253/253
f 258/258/258 261/261/261 254/254/254
f 260/260/260 254/254/254 808/808/808
f 804/804/804 110/110/110 109/109/109
f 257/257/257 73/73/73 255/255/255
f 263/263/263 262/262/262 805/805/805
f 806/806/806 258/258/258 260/260/260
f 258/258/258 257/257/257 256/256/256
f 73/73/73 257/257/257 806/806/806
f 263/263/263 109/109/109 108/108/108
f 258/258/258 254/254/254 260/260/260
f 811/811/811 281/281/281 284/284/284
f 263/263/263 264/264/264 259/259/259
f 270/270/270 808/808/808 269/269/269
f 75/75/75 74/74/74 260/260/260
f 262/262/262 258/258/258 256/256/256
f 267/267/267 266/266/266 261/261/261
f 256/256/256 804/804/804 805/805/805
f 259/259/259 261/261/261 262/262/262
f 807/807/807 108/108/108 107/107/107
f 259/259/259 262/262/262 263/263/263
f 282/282/282 281/281/281 105/105/105
f 273/273/273 271/271/271 272/272/272
f 104/104/104 285/285/285 282/282/282
f 301/301/301 276/276/276 285/285/285
f 267/267/267 261/261/261 259/259/259
f 813/813/813 269/269/269 266/266/266
f 264/264/264 271/271/271 259/259/259
f 267/267/267 259/259/259 271/271/271
f 265/265/265 291/291/291 293/293/293
f 294/294/294 298/298/298 268/268/268
f 813/813/813 266/266/266 265/265/265
f 269/269/269 268/268/268 270/270/270
f 268/268/268 298/298/298 304/304/304
f 76/76/76 809/809/809 305/305/305
f 811/811/811 107/107/107 106/106/106
f 284/284/284 271/271/271 264/264/264
f 278/278/278 274/274/274 275/275/275
f 271/271/271 273/273/273 267/267/267
f 278/278/278 275/275/275 279/279/279
f 275/275/275 289/289/289 273/273/273
f 101/101/101 100/100/100 1168/1168/1168
f 302/302/302 267/267/267 273/273/273
f 278/278/278 279/279/279 276/276/276
f 289/289/289 275/275/275 290/290/290
f 285/285/285 276/276/276 282/282/282
f 102/102/102 1215/1215/1215 817/817/817
f 283/283/283 287/287/287 274/274/274
f 293/293/293 294/294/294 813/813/813
f 279/279/279 275/275/275 272/272/272
f 814/814/814 283/283/283 278/278/278
f 281/281/281 279/279/279 272/272/272
f 282/282/282 279/279/279 281/281/281
f 1218/1218/1218 95/95/95 94/94/94
f 274/274/274 287/287/287 288/288/288
f 284/284/284 281/281/281 272/272/272
f 105/105/105 281/281/281 106/106/106
f 104/104/104 282/282/282 105/105/105
f 276/276/276 279/279/279 282/282/282
f 814/814/814 278/278/278 276/276/276
f 280/280/280 1204/1204/1204 287/287/287
f 271/271/271 284/284/284 272/272/272
f 811/811/811 264/264/264 107/107/107
f 103/103/103 816/816/816 104/104/104
f 280/280/280 283/283/283 814/814/814
f 301/301/301 815/815/815 819/819/819
f 1936/1936/1936 513/513/513 1059/1059/1059
f 280/280/280 287/287/287 283/283/283
f 287/287/287 286/286/286 288/288/288
f 812/812/812 1184/1184/1184 1185/1185/1185
f 296/296/296 299/299/299 295/295/295
f 290/290/290 275/275/275 274/274/274
f 291/291/291 289/289/289 277/277/277
f 274/274/274 288/288/288 290/290/290
f 1184/1184/1184 290/290/290 288/288/288
f 1186/1186/1186 293/293/293 277/277/277
f 302/302/302 265/265/265 267/267/267
f 277/277/277 290/290/290 1184/1184/1184
f 298/298/298 294/294/294 296/296/296
f 277/277/277 293/293/293 291/291/291
f 294/294/294 293/293/293 292/292/292
f 296/296/296 294/294/294 292/292/292
f 268/268/268 269/269/269 813/813/813
f 1184/1184/1184 812/812/812 1186/1186/1186
f 303/303/303 298/298/298 295/295/295
f 292/292/292 1939/1939/1939 299/299/299
f 296/296/296 295/295/295 298/298/298
f 977/977/977 979/979/979 983/983/983
f 821/821/821 253/253/253 303/303/303
f 295/295/295 821/821/821 303/303/303
f 268/268/268 304/304/304 270/270/270
f 292/292/292 299/299/299 296/296/296
f 299/299/299 297/297/297 300/300/300
f 1169/1169/1169 1173/1173/1173 1171/1171/1171
f 252/252/252 1165/1165/1165 1591/1591/1591
f 285/285/285 104/104/104 816/816/816
f 301/301/301 285/285/285 815/815/815
f 289/289/289 302/302/302 273/273/273
f 265/265/265 302/302/302 291/291/291
f 303/303/303 309/309/309 308/308/308
f 77/77/77 76/76/76 306/306/306
f 307/307/307 298/298/298 303/303/303
f 306/306/306 76/76/76 305/305/305
f 270/270/270 304/304/304 305/305/305
f 305/305/305 304/304/304 306/306/306
f 304/304/304 307/307/307 306/306/306
f 306/306/306 307/307/307 308/308/308
f 298/298/298 307/307/307 304/304/304
f 308/308/308 307/307/307 303/303/303
f 309/309/309 303/303/303 253/253/253
f 77/77/77 822/822/822 78/78/78
f 309/309/309 253/253/253 310/310/310
f 309/309/309 823/823/823 822/822/822
f 1201/1201/1201 1214/1214/1214 300/300/300
f 80/80/80 79/79/79 825/825/825
f 366/366/366 362/362/362 364/364/364
f 945/945/945 628/628/628 626/626/626
f 363/363/363 365/365/365 371/371/371
f 71/71/71 413/413/413 133/133/133
f 339/339/339 341/341/341 356/356/356
f 113/113/113 112/112/112 900/900/900
f 331/331/331 439/439/439 443/443/443
f 351/351/351 846/846/846 902/902/902
f 315/315/315 317/317/317 318/318/318
f 318/318/318 322/322/322 315/315/315
f 124/124/124 140/140/140 316/316/316
f 317/317/317 316/316/316 140/140/140
f 139/139/139 317/317/317 140/140/140
f 317/317/317 315/315/315 319/319/319
f 138/138/138 325/325/325 139/139/139
f 322/322/322 323/323/323 320/320/320
f 321/321/321 319/319/319 315/315/315
f 126/126/126 125/125/125 319/319/319
f 331/331/331 443/443/443 327/327/327
f 329/329/329 321/321/321 324/324/324
f 324/324/324 315/315/315 322/322/322
f 315/315/315 324/324/324 321/321/321
f 139/139/139 325/325/325 318/318/318
f 322/322/322 320/320/320 324/324/324
f 355/355/355 137/137/137 341/341/341
f 323/323/323 353/353/353 354/354/354
f 324/324/324 320/320/320 328/328/328
f 127/127/127 321/321/321 329/329/329
f 355/355/355 325/325/325 138/138/138
f 318/318/318 325/325/325 323/323/323
f 332/332/332 328/328/328 320/320/320
f 334/334/334 338/338/338 332/332/332
f 329/329/329 324/324/324 330/330/330
f 330/330/330 331/331/331 327/327/327
f 320/320/320 354/354/354 332/332/332
f 843/843/843 331/331/331 330/330/330
f 330/330/330 324/324/324 328/328/328
f 329/329/329 327/327/327 842/842/842
f 843/843/843 328/328/328 326/326/326
f 327/327/327 329/329/329 330/330/330
f 444/444/444 326/326/326 445/445/445
f 426/426/426 898/898/898 314/314/314
f 339/339/339 335/335/335 337/337/337
f 326/326/326 328/328/328 332/332/332
f 343/343/343 333/333/333 337/337/337
f 434/434/434 436/436/436 429/429/429
f 339/339/339 337/337/337 334/334/334
f 338/338/338 334/334/334 844/844/844
f 352/352/352 346/346/346 349/349/349
f 343/343/343 344/344/344 340/340/340
f 351/351/351 844/844/844 347/347/347
f 437/437/437 435/435/435 438/438/438
f 339/339/339 334/334/334 313/313/313
f 344/344/344 343/343/343 337/337/337
f 844/844/844 334/334/334 333/333/333
f 326/326/326 338/338/338 336/336/336
f 341/341/341 339/339/339 313/313/313
f 137/137/137 356/356/356 341/341/341
f 350/350/350 340/340/340 344/344/344
f 386/386/386 347/347/347 384/384/384
f 313/313/313 353/353/353 341/341/341
f 355/355/355 323/323/323 325/325/325
f 135/135/135 352/352/352 357/357/357
f 335/335/335 339/339/339 342/342/342
f 344/344/344 337/337/337 335/335/335
f 340/340/340 384/384/384 347/347/347
f 335/335/335 348/348/348 344/344/344
f 348/348/348 350/350/350 344/344/344
f 366/366/366 367/367/367 350/350/350
f 392/392/392 902/902/902 846/846/846
f 335/335/335 349/349/349 348/348/348
f 360/360/360 346/346/346 358/358/358
f 340/340/340 347/347/347 343/343/343
f 345/345/345 846/846/846 347/347/347
f 349/349/349 335/335/335 342/342/342
f 350/350/350 348/348/348 346/346/346
f 357/357/357 342/342/342 136/136/136
f 349/349/349 357/357/357 352/352/352
f 360/360/360 350/350/350 346/346/346
f 340/340/340 350/350/350 367/367/367
f 345/345/345 386/386/386 388/388/388
f 1311/1311/1311 1312/1312/1312 391/391/391
f 359/359/359 135/135/135 134/134/134
f 358/358/358 352/352/352 359/359/359
f 354/354/354 353/353/353 313/313/313
f 355/355/355 353/353/353 323/323/323
f 332/332/332 354/354/354 313/313/313
f 323/323/323 354/354/354 320/320/320
f 137/137/137 355/355/355 138/138/138
f 353/353/353 355/355/355 341/341/341
f 136/136/136 356/356/356 137/137/137
f 339/339/339 356/356/356 342/342/342
f 342/342/342 357/357/357 349/349/349
f 135/135/135 357/357/357 136/136/136
f 358/358/358 312/312/312 360/360/360
f 346/346/346 352/352/352 358/358/358
f 135/135/135 359/359/359 352/352/352
f 371/371/371 397/397/397 396/396/396
f 359/359/359 371/371/371 312/312/312
f 375/375/375 1935/1935/1935 370/370/370
f 1258/1258/1258 1253/1253/1253 1257/1257/1257
f 378/378/378 381/381/381 379/379/379
f 312/312/312 371/371/371 365/365/365
f 362/362/362 361/361/361 364/364/364
f 551/551/551 549/549/549 557/557/557
f 368/368/368 405/405/405 1263/1263/1263
f 370/370/370 361/361/361 369/369/369
f 372/372/372 381/381/381 385/385/385
f 312/312/312 365/365/365 362/362/362
f 363/363/363 401/401/401 369/369/369
f 362/362/362 366/366/366 360/360/360
f 367/367/367 366/366/366 364/364/364
f 377/377/377 364/364/364 375/375/375
f 374/374/374 382/382/382 367/367/367
f 363/363/363 371/371/371 396/396/396
f 583/583/583 588/588/588 570/570/570
f 363/363/363 369/369/369 365/365/365
f 369/369/369 368/368/368 1264/1264/1264
f 405/405/405 368/368/368 401/401/401
f 892/892/892 1313/1313/1313 420/420/420
f 134/134/134 397/397/397 359/359/359
f 397/397/397 133/133/133 373/373/373
f 377/377/377 379/379/379 372/372/372
f 1310/1310/1310 394/394/394 395/395/395
f 402/402/402 403/403/403 406/406/406
f 396/396/396 398/398/398 363/363/363
f 364/364/364 1935/1935/1935 375/375/375
f 374/374/374 399/399/399 382/382/382
f 419/419/419 423/423/423 424/424/424
f 372/372/372 374/374/374 377/377/377
f 372/372/372 379/379/379 381/381/381
f 386/386/386 389/389/389 388/388/388
f 364/364/364 377/377/377 374/374/374
f 1269/1269/1269 379/379/379 377/377/377
f 1265/1265/1265 1266/1266/1266 370/370/370
f 402/402/402 849/849/849 405/405/405
f 1269/1269/1269 377/377/377 375/375/375
f 381/381/381 378/378/378 380/380/380
f 838/838/838 833/833/833 837/837/837
f 118/118/118 117/117/117 1307/1307/1307
f 381/381/381 380/380/380 887/887/887
f 887/887/887 385/385/385 381/381/381
f 399/399/399 374/374/374 372/372/372
f 384/384/384 382/382/382 376/376/376
f 1257/1257/1257 1253/1253/1253 119/119/119
f 1640/1640/1640 1641/1641/1641 1251/1251/1251
f 386/386/386 384/384/384 376/376/376
f 367/367/367 384/384/384 340/340/340
f 389/389/389 390/390/390 387/387/387
f 399/399/399 376/376/376 382/382/382
f 389/389/389 376/376/376 390/390/390
f 347/347/347 386/386/386 345/345/345
f 387/387/387 395/395/395 394/394/394
f 1250/1250/1250 116/116/116 115/115/115
f 387/387/387 390/390/390 393/393/393
f 388/388/388 392/392/392 846/846/846
f 390/390/390 376/376/376 385/385/385
f 387/387/387 388/388/388 389/389/389
f 385/385/385 383/383/383 390/390/390
f 393/393/393 390/390/390 383/383/383
f 901/901/901 1326/1326/1326 436/436/436
f 388/388/388 387/387/387 394/394/394
f 394/394/394 392/392/392 388/388/388
f 113/113/113 900/900/900 436/436/436
f 393/393/393 383/383/383 411/411/411
f 410/410/410 395/395/395 393/393/393
f 395/395/395 387/387/387 393/393/393
f 392/392/392 394/394/394 391/391/391
f 411/411/411 410/410/410 393/393/393
f 1642/1642/1642 1310/1310/1310 410/410/410
f 371/371/371 359/359/359 397/397/397
f 398/398/398 396/396/396 373/373/373
f 133/133/133 397/397/397 134/134/134
f 373/373/373 396/396/396 397/397/397
f 415/415/415 412/412/412 413/413/413
f 1070/1070/1070 1063/1063/1063 1071/1071/1071
f 372/372/372 385/385/385 399/399/399
f 376/376/376 399/399/399 385/385/385
f 411/411/411 383/383/383 414/414/414
f 414/414/414 1648/1648/1648 411/411/411
f 363/363/363 398/398/398 401/401/401
f 373/373/373 412/412/412 398/398/398
f 849/849/849 402/402/402 409/409/409
f 403/403/403 405/405/405 401/401/401
f 398/398/398 412/412/412 406/406/406
f 403/403/403 402/402/402 405/405/405
f 404/404/404 412/412/412 415/415/415
f 868/868/868 870/870/870 873/873/873
f 402/402/402 408/408/408 409/409/409
f 1264/1264/1264 368/368/368 1263/1263/1263
f 398/398/398 406/406/406 403/403/403
f 404/404/404 1301/1301/1301 408/408/408
f 1300/1300/1300 404/404/404 415/415/415
f 663/663/663 665/665/665 644/644/644
f 404/404/404 408/408/408 406/406/406
f 409/409/409 408/408/408 407/407/407
f 1070/1070/1070 1071/1071/1071 1073/1073/1073
f 574/574/574 223/223/223 565/565/565
f 1260/1260/1260 1258/1258/1258 1259/1259/1259
f 1250/1250/1250 1252/1252/1252 116/116/116
f 414/414/414 383/383/383 887/887/887
f 411/411/411 400/400/400 1644/1644/1644
f 413/413/413 412/412/412 373/373/373
f 406/406/406 412/412/412 404/404/404
f 133/133/133 413/413/413 373/373/373
f 413/413/413 71/71/71 415/415/415
f 1151/1151/1151 1153/1153/1153 860/860/860
f 860/860/860 1142/1142/1142 1151/1151/1151
f 71/71/71 70/70/70 415/415/415
f 69/69/69 1303/1303/1303 1302/1302/1302
f 418/418/418 420/420/420 416/416/416
f 1322/1322/1322 892/892/892 1323/1323/1323
f 123/123/123 418/418/418 417/417/417
f 88/88/88 419/419/419 89/89/89
f 888/888/888 123/123/123 122/122/122
f 417/417/417 421/421/421 419/419/419
f 421/421/421 417/417/417 418/418/418
f 421/421/421 423/423/423 419/419/419
f 120/120/120 1253/1253/1253 1255/1255/1255
f 1253/1253/1253 120/120/120 119/119/119
f 418/418/418 416/416/416 421/421/421
f 1319/1319/1319 422/422/422 1693/1693/1693
f 1319/1319/1319 1693/1693/1693 1317/1317/1317
f 827/827/827 830/830/830 311/311/311
f 1693/1693/1693 421/421/421 416/416/416
f 423/423/423 422/422/422 424/424/424
f 832/832/832 830/830/830 897/897/897
f 893/893/893 894/894/894 90/90/90
f 426/426/426 425/425/425 131/131/131
f 425/425/425 426/426/426 427/427/427
f 130/130/130 898/898/898 131/131/131
f 426/426/426 131/131/131 898/898/898
f 430/430/430 427/427/427 314/314/314
f 112/112/112 111/111/111 427/427/427
f 428/428/428 442/442/442 439/439/439
f 314/314/314 432/432/432 431/431/431
f 431/431/431 429/429/429 430/430/430
f 440/440/440 431/431/431 432/432/432
f 431/431/431 430/430/430 314/314/314
f 430/430/430 429/429/429 900/900/900
f 314/314/314 428/428/428 432/432/432
f 433/433/433 434/434/434 437/437/437
f 428/428/428 439/439/439 432/432/432
f 904/904/904 444/444/444 445/445/445
f 438/438/438 1312/1312/1312 1328/1328/1328
f 429/429/429 431/431/431 434/434/434
f 431/431/431 440/440/440 437/437/437
f 434/434/434 433/433/433 436/436/436
f 432/432/432 441/441/441 440/440/440
f 903/903/903 1330/1330/1330 902/902/902
f 1328/1328/1328 1329/1329/1329 1327/1327/1327
f 114/114/114 113/113/113 436/436/436
f 431/431/431 437/437/437 434/434/434
f 438/438/438 903/903/903 902/902/902
f 1692/1692/1692 391/391/391 1312/1312/1312
f 433/433/433 437/437/437 438/438/438
f 428/428/428 899/899/899 442/442/442
f 441/441/441 439/439/439 331/331/331
f 432/432/432 439/439/439 441/441/441
f 437/437/437 440/440/440 435/435/435
f 444/444/444 441/441/441 331/331/331
f 440/440/440 441/441/441 904/904/904
f 129/129/129 128/128/128 442/442/442
f 128/128/128 842/842/842 443/443/443
f 439/439/439 442/442/442 443/443/443
f 128/128/128 443/443/443 442/442/442
f 843/843/843 444/444/444 331/331/331
f 326/326/326 336/336/336 445/445/445
f 336/336/336 844/844/844 1330/1330/1330
f 904/904/904 435/435/435 440/440/440
f 446/446/446 449/449/449 450/450/450
f 1449/1449/1449 1032/1032/1032 678/678/678
f 448/448/448 24/24/24 23/23/23
f 447/447/447 452/452/452 449/449/449
f 22/22/22 473/473/473 23/23/23
f 474/474/474 170/170/170 475/475/475
f 450/450/450 449/449/449 141/141/141
f 451/451/451 449/449/449 446/446/446
f 452/452/452 454/454/454 141/141/141
f 141/141/141 456/456/456 1453/1453/1453
f 451/451/451 446/446/446 1331/1331/1331
f 25/25/25 447/447/447 451/451/451
f 447/447/447 448/448/448 452/452/452
f 473/473/473 474/474/474 448/448/448
f 457/457/457 458/458/458 455/455/455
f 448/448/448 454/454/454 452/452/452
f 453/453/453 458/458/458 457/457/457
f 457/457/457 456/456/456 454/454/454
f 490/490/490 541/541/541 911/911/911
f 647/647/647 465/465/465 469/469/469
f 191/191/191 486/486/486 489/489/489
f 565/565/565 566/566/566 564/564/564
f 475/475/475 453/453/453 474/474/474
f 457/457/457 455/455/455 1042/1042/1042
f 163/163/163 547/547/547 175/175/175
f 546/546/546 163/163/163 537/537/537
f 460/460/460 34/34/34 33/33/33
f 461/461/461 459/459/459 143/143/143
f 689/689/689 695/695/695 682/682/682
f 682/682/682 31/31/31 677/677/677
f 573/573/573 572/572/572 143/143/143
f 215/215/215 36/36/36 907/907/907
f 459/459/459 460/460/460 462/462/462
f 695/695/695 689/689/689 694/694/694
f 538/538/538 540/540/540 541/541/541
f 143/143/143 462/462/462 464/464/464
f 467/467/467 464/464/464 463/463/463
f 573/573/573 569/569/569 572/572/572
f 689/689/689 682/682/682 650/650/650
f 486/486/486 191/191/191 482/482/482
f 568/568/568 466/466/466 581/581/581
f 582/582/582 571/571/571 581/581/581
f 463/463/463 693/693/693 469/469/469
f 467/467/467 465/465/465 582/582/582
f 668/668/668 674/674/674 675/675/675
f 686/686/686 685/685/685 670/670/670
f 463/463/463 469/469/469 467/467/467
f 468/468/468 646/646/646 647/647/647
f 669/669/669 595/595/595 643/643/643
f 512/512/512 515/515/515 1332/1332/1332
f 459/459/459 461/461/461 471/471/471
f 906/906/906 907/907/907 461/461/461
f 159/159/159 472/472/472 19/19/19
f 165/165/165 472/472/472 160/160/160
f 474/474/474 473/473/473 170/170/170
f 448/448/448 23/23/23 473/473/473
f 170/170/170 175/175/175 475/475/475
f 448/448/448 474/474/474 453/453/453
f 175/175/175 458/458/458 475/475/475
f 453/453/453 475/475/475 458/458/458
f 10/10/10 908/908/908 476/476/476
f 479/479/479 480/480/480 483/483/483
f 478/478/478 477/477/477 185/185/185
f 190/190/190 477/477/477 188/188/188
f 910/910/910 483/483/483 478/478/478
f 493/493/493 485/485/485 492/492/492
f 499/499/499 496/496/496 498/498/498
f 498/498/498 491/491/491 485/485/485
f 910/910/910 478/478/478 476/476/476
f 482/482/482 480/480/480 479/479/479
f 8/8/8 494/494/494 9/9/9
f 494/494/494 495/495/495 493/493/493
f 487/487/487 486/486/486 482/482/482
f 188/188/188 482/482/482 191/191/191
f 478/478/478 483/483/483 480/480/480
f 481/481/481 493/493/493 492/492/492
f 1936/1936/1936 511/511/511 513/513/513
f 544/544/544 545/545/545 919/919/919
f 520/520/520 501/501/501 503/503/503
f 486/486/486 487/487/487 484/484/484
f 487/487/487 482/482/482 479/479/479
f 484/484/484 1936/1936/1936 489/489/489
f 479/479/479 483/483/483 492/492/492
f 487/487/487 479/479/479 491/491/491
f 497/497/497 502/502/502 507/507/507
f 614/614/614 613/613/613 605/605/605
f 484/484/484 489/489/489 486/486/486
f 489/489/489 488/488/488 490/490/490
f 1051/1051/1051 1045/1045/1045 1049/1049/1049
f 189/189/189 540/540/540 537/537/537
f 498/498/498 485/485/485 499/499/499
f 517/517/517 521/521/521 504/504/504
f 481/481/481 492/492/492 483/483/483
f 485/485/485 491/491/491 492/492/492
f 481/481/481 494/494/494 493/493/493
f 8/8/8 495/495/495 494/494/494
f 909/909/909 908/908/908 9/9/9
f 495/495/495 8/8/8 7/7/7
f 501/501/501 7/7/7 6/6/6
f 485/485/485 493/493/493 495/495/495
f 506/506/506 500/500/500 502/502/502
f 527/527/527 532/532/532 523/523/523
f 504/504/504 506/506/506 517/517/517
f 507/507/507 511/511/511 519/519/519
f 499/499/499 485/485/485 495/495/495
f 497/497/497 498/498/498 496/496/496
f 495/495/495 501/501/501 499/499/499
f 912/912/912 501/501/501 6/6/6
f 1600/1600/1600 1196/1196/1196 1197/1197/1197
f 519/519/519 487/487/487 497/497/497
f 7/7/7 501/501/501 495/495/495
f 912/912/912 6/6/6 5/5/5
f 517/517/517 506/506/506 502/502/502
f 508/508/508 507/507/507 502/502/502
f 5/5/5 4/4/4 530/530/530
f 521/521/521 520/520/520 503/503/503
f 528/528/528 525/525/525 527/527/527
f 504/504/504 527/527/527 523/523/523
f 505/505/505 508/508/508 510/510/510
f 510/510/510 509/509/509 515/515/515
f 517/517/517 502/502/502 496/496/496
f 523/523/523 522/522/522 506/506/506
f 508/508/508 502/502/502 500/500/500
f 511/511/511 507/507/507 505/505/505
f 510/510/510 500/500/500 509/509/509
f 505/505/505 507/507/507 508/508/508
f 522/522/522 500/500/500 506/506/506
f 592/592/592 594/594/594 596/596/596
f 500/500/500 510/510/510 508/508/508
f 515/515/515 514/514/514 510/510/510
f 513/513/513 511/511/511 505/505/505
f 519/519/519 484/484/484 487/487/487
f 526/526/526 509/509/509 500/500/500
f 653/653/653 674/674/674 657/657/657
f 510/510/510 514/514/514 505/505/505
f 715/715/715 723/723/723 725/725/725
f 1459/1459/1459 514/514/514 512/512/512
f 513/513/513 505/505/505 514/514/514
f 515/515/515 509/509/509 1332/1332/1332
f 512/512/512 514/514/514 515/515/515
f 608/608/608 605/605/605 613/613/613
f 635/635/635 570/570/570 588/588/588
f 520/520/520 517/517/517 496/496/496
f 517/517/517 520/520/520 521/521/521
f 522/522/522 523/523/523 518/518/518
f 1368/1368/1368 1362/1362/1362 1363/1363/1363
f 507/507/507 519/519/519 497/497/497
f 484/484/484 519/519/519 511/511/511
f 496/496/496 499/499/499 520/520/520
f 501/501/501 520/520/520 499/499/499
f 503/503/503 912/912/912 913/913/913
f 2/2/2 533/533/533 3/3/3
f 523/523/523 506/506/506 504/504/504
f 518/518/518 524/524/524 526/526/526
f 527/527/527 504/504/504 528/528/528
f 916/916/916 917/917/917 535/535/535
f 1361/1361/1361 529/529/529 1357/1357/1357
f 1333/1333/1333 914/914/914 1332/1332/1332
f 533/533/533 531/531/531 3/3/3
f 1336/1336/1336 2/2/2 915/915/915
f 518/518/518 526/526/526 522/522/522
f 526/526/526 524/524/524 1333/1333/1333
f 528/528/528 504/504/504 521/521/521
f 1403/1403/1403 532/532/532 525/525/525
f 521/521/521 530/530/530 528/528/528
f 534/534/534 530/530/530 4/4/4
f 1336/1336/1336 918/918/918 1335/1335/1335
f 516/516/516 1332/1332/1332 914/914/914
f 521/521/521 503/503/503 913/913/913
f 534/534/534 4/4/4 3/3/3
f 525/525/525 528/528/528 531/531/531
f 530/530/530 531/531/531 528/528/528
f 525/525/525 532/532/532 527/527/527
f 529/529/529 1361/1361/1361 1362/1362/1362
f 915/915/915 2/2/2 1/1/1
f 531/531/531 533/533/533 1335/1335/1335
f 3/3/3 531/531/531 534/534/534
f 530/530/530 534/534/534 531/531/531
f 1/1/1 86/86/86 916/916/916
f 918/918/918 1403/1403/1403 1335/1335/1335
f 168/168/168 536/536/536 172/172/172
f 187/187/187 536/536/536 162/162/162
f 540/540/540 189/189/189 541/541/541
f 537/537/537 540/540/540 542/542/542
f 1054/1054/1054 1058/1058/1058 488/488/488
f 547/547/547 546/546/546 539/539/539
f 539/539/539 542/542/542 544/544/544
f 547/547/547 919/919/919 458/458/458
f 541/541/541 189/189/189 186/186/186
f 542/542/542 540/540/540 538/538/538
f 911/911/911 541/541/541 186/186/186
f 538/538/538 541/541/541 490/490/490
f 1050/1050/1050 544/544/544 542/542/542
f 542/542/542 539/539/539 546/546/546
f 1060/1060/1060 1547/1547/1547 1057/1057/1057
f 919/919/919 545/545/545 455/455/455
f 1050/1050/1050 542/542/542 538/538/538
f 544/544/544 543/543/543 545/545/545
f 607/607/607 687/687/687 1454/1454/1454
f 1042/1042/1042 455/455/455 1043/1043/1043
f 542/542/542 546/546/546 537/537/537
f 539/539/539 919/919/919 547/547/547
f 175/175/175 547/547/547 458/458/458
f 163/163/163 546/546/546 547/547/547
f 206/206/206 548/548/548 44/44/44
f 549/549/549 548/548/548 208/208/208
f 921/921/921 553/553/553 554/554/554
f 1064/1064/1064 1066/1066/1066 1068/1068/1068
f 45/45/45 549/549/549 550/550/550
f 551/551/551 550/550/550 549/549/549
f 208/208/208 553/553/553 549/549/549
f 746/746/746 745/745/745 742/742/742
f 561/561/561 922/922/922 210/210/210
f 759/759/759 744/744/744 754/754/754
f 554/554/554 553/553/553 208/208/208
f 763/763/763 557/557/557 552/552/552
f 209/209/209 554/554/554 208/208/208
f 207/207/207 555/555/555 921/921/921
f 207/207/207 922/922/922 555/555/555
f 645/645/645 928/928/928 1026/1026/1026
f 752/752/752 754/754/754 744/744/744
f 244/244/244 742/742/742 745/745/745
f 552/552/552 557/557/557 553/553/553
f 551/551/551 557/557/557 556/556/556
f 204/204/204 558/558/558 196/196/196
f 36/36/36 558/558/558 37/37/37
f 202/202/202 559/559/559 210/210/210
f 200/200/200 221/221/221 559/559/559
f 930/930/930 221/221/221 212/212/212
f 562/562/562 925/925/925 560/560/560
f 221/221/221 930/930/930 560/560/560
f 931/931/931 223/223/223 578/578/578
f 577/577/577 578/578/578 223/223/223
f 223/223/223 574/574/574 577/577/577
f 566/566/566 565/565/565 563/563/563
f 223/223/223 224/224/224 563/563/563
f 579/579/579 564/564/564 568/568/568
f 575/575/575 570/570/570 574/574/574
f 566/566/566 563/563/563 216/216/216
f 575/575/575 574/574/574 565/565/565
f 216/216/216 567/567/567 566/566/566
f 569/569/569 568/568/568 567/567/567
f 219/219/219 567/567/567 216/216/216
f 569/569/569 567/567/567 211/211/211
f 564/564/564 566/566/566 568/568/568
f 567/567/567 568/568/568 566/566/566
f 569/569/569 211/211/211 572/572/572
f 568/568/568 569/569/569 466/466/466
f 1937/1937/1937 583/583/583 575/575/575
f 928/928/928 927/927/927 578/578/578
f 591/591/591 571/571/571 633/633/633
f 564/564/564 1937/1937/1937 575/575/575
f 906/906/906 572/572/572 211/211/211
f 143/143/143 572/572/572 461/461/461
f 464/464/464 573/573/573 143/143/143
f 466/466/466 569/569/569 573/573/573
f 575/575/575 565/565/565 564/564/564
f 570/570/570 635/635/635 577/577/577
f 1937/1937/1937 564/564/564 579/579/579
f 591/591/591 633/633/633 1024/1024/1024
f 600/600/600 588/588/588 583/583/583
f 637/637/637 640/640/640 597/597/597
f 570/570/570 577/577/577 574/574/574
f 577/577/577 576/576/576 1026/1026/1026
f 597/597/597 642/642/642 576/576/576
f 931/931/931 562/562/562 930/930/930
f 581/581/581 579/579/579 568/568/568
f 571/571/571 580/580/580 1937/1937/1937
f 585/585/585 592/592/592 584/584/584
f 570/570/570 575/575/575 583/583/583
f 582/582/582 581/581/581 466/466/466
f 579/579/579 581/581/581 571/571/571
f 467/467/467 582/582/582 466/466/466
f 582/582/582 465/465/465 633/633/633
f 580/580/580 590/590/590 585/585/585
f 580/580/580 585/585/585 583/583/583
f 599/599/599 603/603/603 589/589/589
f 936/936/936 632/632/632 603/603/603
f 591/591/591 590/590/590 580/580/580
f 598/598/598 585/585/585 584/584/584
f 599/599/599 589/589/589 598/598/598
f 576/576/576 577/577/577 635/635/635
f 595/595/595 470/470/470 643/643/643
f 590/590/590 592/592/592 585/585/585
f 585/585/585 598/598/598 600/600/600
f 632/632/632 636/636/636 588/588/588
f 596/596/596 602/602/602 584/584/584
f 632/632/632 586/586/586 636/636/636
f 591/591/591 580/580/580 571/571/571
f 590/590/590 587/587/587 592/592/592
f 582/582/582 633/633/633 571/571/571
f 587/587/587 590/590/590 591/591/591
f 595/595/595 594/594/594 587/587/587
f 594/594/594 592/592/592 587/587/587
f 699/699/699 680/680/680 688/688/688
f 596/596/596 584/584/584 592/592/592
f 587/587/587 1024/1024/1024 595/595/595
f 594/594/594 593/593/593 596/596/596
f 470/470/470 646/646/646 643/643/643
f 593/593/593 594/594/594 595/595/595
f 605/605/605 606/606/606 609/609/609
f 638/638/638 936/936/936 935/935/935
f 586/586/586 638/638/638 637/637/637
f 640/640/640 642/642/642 597/597/597
f 599/599/599 598/598/598 584/584/584
f 600/600/600 598/598/598 589/589/589
f 603/603/603 604/604/604 933/933/933
f 612/612/612 618/618/618 604/604/604
f 600/600/600 589/589/589 632/632/632
f 585/585/585 600/600/600 583/583/583
f 599/599/599 584/584/584 602/602/602
f 604/604/604 608/608/608 612/612/612
f 608/608/608 602/602/602 606/606/606
f 599/599/599 602/602/602 604/604/604
f 604/604/604 603/603/603 599/599/599
f 603/603/603 601/601/601 936/936/936
f 606/606/606 602/602/602 596/596/596
f 615/615/615 619/619/619 624/624/624
f 932/932/932 596/596/596 593/593/593
f 1002/1002/1002 994/994/994 1019/1019/1019
f 596/596/596 932/932/932 609/609/609
f 608/608/608 606/606/606 605/605/605
f 669/669/669 593/593/593 595/595/595
f 707/707/707 706/706/706 705/705/705
f 608/608/608 613/613/613 612/612/612
f 602/602/602 608/608/608 604/604/604
f 596/596/596 609/609/609 606/606/606
f 607/607/607 1456/1456/1456 616/616/616
f 605/605/605 616/616/616 614/614/614
f 628/628/628 615/615/615 624/624/624
f 634/634/634 651/651/651 657/657/657
f 625/625/625 617/617/617 620/620/620
f 619/619/619 612/612/612 610/610/610
f 619/619/619 618/618/618 612/612/612
f 609/609/609 616/616/616 605/605/605
f 610/610/610 612/612/612 613/613/613
f 620/620/620 614/614/614 611/611/611
f 613/613/613 614/614/614 974/974/974
f 620/620/620 623/623/623 974/974/974
f 935/935/935 936/936/936 601/601/601
f 607/607/607 616/616/616 609/609/609
f 611/611/611 614/614/614 616/616/616
f 976/976/976 978/978/978 621/621/621
f 975/975/975 974/974/974 623/623/623
f 618/618/618 938/938/938 934/934/934
f 603/603/603 933/933/933 601/601/601
f 975/975/975 624/624/624 619/619/619
f 618/618/618 619/619/619 615/615/615
f 611/611/611 1038/1038/1038 625/625/625
f 620/620/620 617/617/617 623/623/623
f 625/625/625 629/629/629 617/617/617
f 828/828/828 897/897/897 830/830/830
f 1454/1454/1454 1455/1455/1455 1033/1033/1033
f 692/692/692 704/704/704 706/706/706
f 631/631/631 979/979/979 981/981/981
f 975/975/975 623/623/623 976/976/976
f 975/975/975 619/619/619 610/610/610
f 1415/1415/1415 628/628/628 624/624/624
f 611/611/611 625/625/625 620/620/620
f 622/622/622 1035/1035/1035 629/629/629
f 621/621/621 975/975/975 976/976/976
f 1264/1264/1264 1265/1265/1265 370/370/370
f 1208/1208/1208 1210/1210/1210 824/824/824
f 629/629/629 631/631/631 617/617/617
f 1415/1415/1415 624/624/624 621/621/621
f 628/628/628 945/945/945 944/944/944
f 622/622/622 629/629/629 625/625/625
f 631/631/631 629/629/629 627/627/627
f 1266/1266/1266 375/375/375 370/370/370
f 636/636/636 637/637/637 597/597/597
f 984/984/984 982/982/982 983/983/983
f 985/985/985 1009/1009/1009 1011/1011/1011
f 600/600/600 632/632/632 588/588/588
f 603/603/603 632/632/632 589/589/589
f 647/647/647 633/633/633 465/465/465
f 1024/1024/1024 633/633/633 470/470/470
f 651/651/651 646/646/646 649/649/649
f 679/679/679 684/684/684 708/708/708
f 636/636/636 635/635/635 588/588/588
f 576/576/576 635/635/635 597/597/597
f 637/637/637 636/636/636 586/586/586
f 635/635/635 636/636/636 597/597/597
f 935/935/935 937/937/937 638/638/638
f 925/925/925 562/562/562 927/927/927
f 601/601/601 933/933/933 934/934/934
f 1413/1413/1413 640/640/640 641/641/641
f 1025/1025/1025 640/640/640 637/637/637
f 928/928/928 929/929/929 666/666/666
f 1025/1025/1025 637/637/637 638/638/638
f 640/640/640 639/639/639 642/642/642
f 859/859/859 855/855/855 857/857/857
f 661/661/661 644/644/644 659/659/659
f 642/642/642 639/639/639 659/659/659
f 576/576/576 642/642/642 645/645/645
f 470/470/470 647/647/647 646/646/646
f 634/634/634 658/658/658 669/669/669
f 968/968/968 1412/1412/1412 1413/1413/1413
f 661/661/661 663/663/663 644/644/644
f 659/659/659 645/645/645 642/642/642
f 929/929/929 665/665/665 666/666/666
f 649/649/649 646/646/646 468/468/468
f 634/634/634 643/643/643 646/646/646
f 647/647/647 470/470/470 633/633/633
f 468/468/468 647/647/647 469/469/469
f 648/648/648 649/649/649 652/652/652
f 652/652/652 654/654/654 648/648/648
f 468/468/468 693/693/693 652/652/652
f 651/651/651 649/649/649 648/648/648
f 693/693/693 463/463/463 689/689/689
f 30/30/30 672/672/672 677/677/677
f 656/656/656 655/655/655 648/648/648
f 646/646/646 651/651/651 634/634/634
f 468/468/468 652/652/652 649/649/649
f 652/652/652 650/650/650 681/681/681
f 709/709/709 708/708/708 684/684/684
f 655/655/655 657/657/657 651/651/651
f 671/671/671 672/672/672 667/667/667
f 28/28/28 1030/1030/1030 1448/1448/1448
f 656/656/656 648/648/648 654/654/654
f 655/655/655 653/653/653 657/657/657
f 671/671/671 654/654/654 672/672/672
f 656/656/656 654/654/654 671/671/671
f 1028/1028/1028 653/653/653 655/655/655
f 1029/1029/1029 593/593/593 669/669/669
f 657/657/657 670/670/670 634/634/634
f 634/634/634 670/670/670 658/658/658
f 639/639/639 1412/1412/1412 661/661/661
f 659/659/659 644/644/644 929/929/929
f 1940/1940/1940 939/939/939 941/941/941
f 767/767/767 769/769/769 1085/1085/1085
f 639/639/639 661/661/661 659/659/659
f 1411/1411/1411 1710/1710/1710 1408/1408/1408
f 1940/1940/1940 967/967/967 968/968/968
f 1093/1093/1093 760/760/760 775/775/775
f 1710/1710/1710 661/661/661 660/660/660
f 662/662/662 1088/1088/1088 665/665/665
f 777/777/777 768/768/768 779/779/779
f 923/923/923 924/924/924 769/769/769
f 662/662/662 665/665/665 663/663/663
f 664/664/664 926/926/926 665/665/665
f 926/926/926 769/769/769 924/924/924
f 924/924/924 925/925/925 666/666/666
f 696/696/696 690/690/690 667/667/667
f 673/673/673 1028/1028/1028 671/671/671
f 700/700/700 702/702/702 692/692/692
f 685/685/685 686/686/686 680/680/680
f 634/634/634 669/669/669 643/643/643
f 669/669/669 658/658/658 1029/1029/1029
f 676/676/676 657/657/657 674/674/674
f 657/657/657 676/676/676 670/670/670
f 654/654/654 677/677/677 672/672/672
f 671/671/671 667/667/667 673/673/673
f 30/30/30 29/29/29 672/672/672
f 1027/1027/1027 672/672/672 29/29/29
f 1449/1449/1449 683/683/683 690/690/690
f 675/675/675 674/674/674 653/653/653
f 653/653/653 1028/1028/1028 675/675/675
f 674/674/674 668/668/668 676/676/676
f 673/673/673 683/683/683 675/675/675
f 683/683/683 698/698/698 675/675/675
f 684/684/684 676/676/676 668/668/668
f 658/658/658 670/670/670 685/685/685
f 681/681/681 677/677/677 654/654/654
f 30/30/30 677/677/677 31/31/31
f 673/673/673 690/690/690 683/683/683
f 1041/1041/1041 1452/1452/1452 1453/1453/1453
f 675/675/675 698/698/698 668/668/668
f 1502/1502/1502 1481/1481/1481 1474/1474/1474
f 680/680/680 686/686/686 688/688/688
f 685/685/685 687/687/687 658/658/658
f 652/652/652 681/681/681 654/654/654
f 681/681/681 650/650/650 682/682/682
f 650/650/650 693/693/693 689/689/689
f 31/31/31 682/682/682 32/32/32
f 690/690/690 673/673/673 667/667/667
f 698/698/698 683/683/683 1457/1457/1457
f 708/708/708 709/709/709 697/697/697
f 688/688/688 686/686/686 684/684/684
f 686/686/686 670/670/670 676/676/676
f 687/687/687 685/685/685 680/680/680
f 676/676/676 684/684/684 686/686/686
f 688/688/688 684/684/684 679/679/679
f 699/699/699 1033/1033/1033 1455/1455/1455
f 607/607/607 932/932/932 687/687/687
f 700/700/700 688/688/688 679/679/679
f 700/700/700 699/699/699 688/688/688
f 463/463/463 694/694/694 689/689/689
f 460/460/460 695/695/695 694/694/694
f 1448/1448/1448 667/667/667 1027/1027/1027
f 1030/1030/1030 1031/1031/1031 696/696/696
f 1452/1452/1452 1040/1040/1040 1451/1451/1451
f 711/711/711 716/716/716 718/718/718
f 679/679/679 708/708/708 710/710/710
f 702/702/702 704/704/704 692/692/692
f 652/652/652 693/693/693 650/650/650
f 693/693/693 468/468/468 469/469/469
f 464/464/464 694/694/694 463/463/463
f 695/695/695 460/460/460 33/33/33
f 33/33/33 32/32/32 695/695/695
f 682/682/682 695/695/695 32/32/32
f 1030/1030/1030 696/696/696 1448/1448/1448
f 905/905/905 27/27/27 26/26/26
f 713/713/713 716/716/716 711/711/711
f 722/722/722 721/721/721 713/713/713
f 1457/1457/1457 683/683/683 678/678/678
f 668/668/668 698/698/698 691/691/691
f 706/706/706 707/707/707 1036/1036/1036
f 625/625/625 1038/1038/1038 622/622/622
f 712/712/712 702/702/702 700/700/700
f 700/700/700 692/692/692 1036/1036/1036
f 697/697/697 713/713/713 710/710/710
f 1046/1046/1046 725/725/725 1508/1508/1508
f 712/712/712 700/700/700 679/679/679
f 701/701/701 1938/1938/1938 704/704/704
f 701/701/701 710/710/710 721/721/721
f 705/705/705 1488/1488/1488 1004/1004/1004
f 701/701/701 704/704/704 702/702/702
f 1717/1717/1717 706/706/706 704/704/704
f 1467/1467/1467 1061/1061/1061 1464/1464/1464
f 707/707/707 1034/1034/1034 622/622/622
f 1717/1717/1717 704/704/704 703/703/703
f 1034/1034/1034 707/707/707 705/705/705
f 611/611/611 1456/1456/1456 1038/1038/1038
f 1036/1036/1036 699/699/699 700/700/700
f 709/709/709 684/684/684 668/668/668
f 710/710/710 708/708/708 697/697/697
f 668/668/668 691/691/691 709/709/709
f 1039/1039/1039 709/709/709 691/691/691
f 697/697/697 714/714/714 713/713/713
f 701/701/701 702/702/702 712/712/712
f 711/711/711 718/718/718 720/720/720
f 724/724/724 728/728/728 730/730/730
f 679/679/679 710/710/710 712/712/712
f 701/701/701 712/712/712 710/710/710
f 714/714/714 697/697/697 1039/1039/1039
f 713/713/713 711/711/711 722/722/722
f 691/691/691 1457/1457/1457 1040/1040/1040
f 716/716/716 714/714/714 1458/1458/1458
f 711/711/711 720/720/720 723/723/723
f 1044/1044/1044 723/723/723 720/720/720
f 713/713/713 714/714/714 716/716/716
f 691/691/691 1040/1040/1040 714/714/714
f 1042/1042/1042 1043/1043/1043 1041/1041/1041
f 718/718/718 716/716/716 1458/1458/1458
f 717/717/717 719/719/719 718/718/718
f 718/718/718 719/719/719 720/720/720
f 719/719/719 717/717/717 1041/1041/1041
f 543/543/543 732/732/732 1047/1047/1047
f 732/732/732 719/719/719 1047/1047/1047
f 723/723/723 715/715/715 722/722/722
f 713/713/713 721/721/721 710/710/710
f 1046/1046/1046 721/721/721 715/715/715
f 723/723/723 722/722/722 711/711/711
f 721/721/721 722/722/722 715/715/715
f 732/732/732 720/720/720 719/719/719
f 728/728/728 724/724/724 725/725/725
f 1056/1056/1056 1057/1057/1057 729/729/729
f 701/701/701 721/721/721 1046/1046/1046
f 723/723/723 1044/1044/1044 728/728/728
f 724/724/724 1508/1508/1508 725/725/725
f 1045/1045/1045 1052/1052/1052 1049/1049/1049
f 1054/1054/1054 1059/1059/1059 1056/1056/1056
f 1510/1510/1510 730/730/730 729/729/729
f 1938/1938/1938 727/727/727 1489/1489/1489
f 723/723/723 728/728/728 725/725/725
f 726/726/726 1052/1052/1052 730/730/730
f 726/726/726 1048/1048/1048 1052/1052/1052
f 729/729/729 1053/1053/1053 1056/1056/1056
f 726/726/726 730/730/730 728/728/728
f 730/730/730 1510/1510/1510 1509/1509/1509
f 627/627/627 1003/1003/1003 987/987/987
f 1509/1509/1509 1502/1502/1502 1508/1508/1508
f 1048/1048/1048 732/732/732 543/543/543
f 732/732/732 1048/1048/1048 1044/1044/1044
f 242/242/242 733/733/733 52/52/52
f 225/225/225 733/733/733 226/226/226
f 235/235/235 734/734/734 56/56/56
f 735/735/735 734/734/734 231/231/231
f 58/58/58 57/57/57 735/735/735
f 735/735/735 57/57/57 734/734/734
f 737/737/737 736/736/736 236/236/236
f 738/738/738 250/250/250 248/248/248
f 241/241/241 737/737/737 236/236/236
f 1062/1062/1062 240/240/240 250/250/250
f 59/59/59 736/736/736 738/738/738
f 736/736/736 737/737/737 1062/1062/1062
f 791/791/791 1157/1157/1157 1158/1158/1158
f 755/755/755 760/760/760 756/756/756
f 48/48/48 1082/1082/1082 49/49/49
f 751/751/751 47/47/47 762/762/762
f 744/744/744 748/748/748 752/752/752
f 740/740/740 741/741/741 742/742/742
f 752/752/752 748/748/748 750/750/750
f 239/239/239 230/230/230 747/747/747
f 742/742/742 741/741/741 748/748/748
f 794/794/794 792/792/792 1160/1160/1160
f 763/763/763 766/766/766 765/765/765
f 743/743/743 745/745/745 746/746/746
f 742/742/742 748/748/748 746/746/746
f 747/747/747 745/745/745 743/743/743
f 759/759/759 761/761/761 1084/1084/1084
f 1159/1159/1159 1084/1084/1084 761/761/761
f 747/747/747 743/743/743 1158/1158/1158
f 244/244/244 747/747/747 230/230/230
f 750/750/750 748/748/748 741/741/741
f 748/748/748 744/744/744 1084/1084/1084
f 741/741/741 751/751/751 750/750/750
f 556/556/556 753/753/753 1083/1083/1083
f 741/741/741 1082/1082/1082 751/751/751
f 750/750/750 749/749/749 752/752/752
f 47/47/47 751/751/751 48/48/48
f 749/749/749 750/750/750 751/751/751
f 752/752/752 1083/1083/1083 753/753/753
f 752/752/752 749/749/749 1083/1083/1083
f 756/756/756 758/758/758 755/755/755
f 752/752/752 753/753/753 754/754/754
f 756/756/756 753/753/753 758/758/758
f 753/753/753 756/756/756 754/754/754
f 772/772/772 765/765/765 770/770/770
f 789/789/789 798/798/798 1161/1161/1161
f 758/758/758 753/753/753 556/556/556
f 760/760/760 759/759/759 754/754/754
f 760/760/760 755/755/755 775/775/775
f 1159/1159/1159 761/761/761 793/793/793
f 556/556/556 763/763/763 758/758/758
f 766/766/766 763/763/763 552/552/552
f 760/760/760 754/754/754 756/756/756
f 759/759/759 757/757/757 761/761/761
f 755/755/755 765/765/765 772/772/772
f 757/757/757 759/759/759 760/760/760
f 794/794/794 793/793/793 796/796/796
f 790/790/790 784/784/784 237/237/237
f 920/920/920 762/762/762 47/47/47
f 1083/1083/1083 762/762/762 551/551/551
f 557/557/557 763/763/763 556/556/556
f 766/766/766 552/552/552 767/767/767
f 1090/1090/1090 1086/1086/1086 1088/1088/1088
f 763/763/763 765/765/765 758/758/758
f 770/770/770 765/765/765 764/764/764
f 755/755/755 758/758/758 765/765/765
f 552/552/552 921/921/921 767/767/767
f 764/764/764 765/765/765 766/766/766
f 769/769/769 767/767/767 555/555/555
f 764/764/764 766/766/766 767/767/767
f 768/768/768 770/770/770 773/773/773
f 779/779/779 774/774/774 777/777/777
f 555/555/555 922/922/922 923/923/923
f 1086/1086/1086 1085/1085/1085 769/769/769
f 764/764/764 1087/1087/1087 773/773/773
f 770/770/770 768/768/768 772/772/772
f 764/764/764 767/767/767 1085/1085/1085
f 967/967/967 952/952/952 966/966/966
f 772/772/772 768/768/768 777/777/777
f 755/755/755 772/772/772 775/775/775
f 764/764/764 773/773/773 770/770/770
f 771/771/771 1553/1553/1553 778/778/778
f 773/773/773 778/778/778 768/768/768
f 868/868/868 873/873/873 875/875/875
f 777/777/777 775/775/775 772/772/772
f 775/775/775 774/774/774 1093/1093/1093
f 1090/1090/1090 771/771/771 1087/1087/1087
f 865/865/865 853/853/853 862/862/862
f 768/768/768 778/778/778 779/779/779
f 775/775/775 777/777/777 774/774/774
f 771/771/771 778/778/778 773/773/773
f 778/778/778 776/776/776 779/779/779
f 883/883/883 884/884/884 1306/1306/1306
f 862/862/862 880/880/880 865/865/865
f 64/64/64 251/251/251 780/780/780
f 780/780/780 251/251/251 787/787/787
f 251/251/251 245/245/245 782/782/782
f 1548/1548/1548 789/789/789 739/739/739
f 783/783/783 250/250/250 240/240/240
f 782/782/782 785/785/785 787/787/787
f 783/783/783 240/240/240 784/784/784
f 782/782/782 783/783/783 785/785/785
f 1157/1157/1157 792/792/792 237/237/237
f 788/788/788 785/785/785 783/783/783
f 788/788/788 783/783/783 784/784/784
f 781/781/781 785/785/785 789/789/789
f 793/793/793 1941/1941/1941 796/796/796
f 1548/1548/1548 1064/1064/1064 1065/1065/1065
f 780/780/780 787/787/787 781/781/781
f 782/782/782 787/787/787 251/251/251
f 790/790/790 788/788/788 784/784/784
f 798/798/798 796/796/796 799/799/799
f 785/785/785 1154/1154/1154 789/789/789
f 1156/1156/1156 798/798/798 1155/1155/1155
f 1157/1157/1157 791/791/791 792/792/792
f 790/790/790 786/786/786 1156/1156/1156
f 743/743/743 746/746/746 1159/1159/1159
f 786/786/786 790/790/790 792/792/792
f 237/237/237 792/792/792 790/790/790
f 1159/1159/1159 1160/1160/1160 743/743/743
f 1097/1097/1097 1098/1098/1098 757/757/757
f 786/786/786 792/792/792 794/794/794
f 1160/1160/1160 792/792/792 791/791/791
f 1941/1941/1941 761/761/761 1098/1098/1098
f 1093/1093/1093 757/757/757 760/760/760
f 794/794/794 796/796/796 786/786/786
f 799/799/799 796/796/796 795/795/795
f 798/798/798 786/786/786 796/796/796
f 757/757/757 1093/1093/1093 1097/1097/1097
f 799/799/799 795/795/795 1550/1550/1550
f 1161/1161/1161 798/798/798 797/797/797
f 789/789/789 1154/1154/1154 1155/1155/1155
f 795/795/795 1095/1095/1095 1550/1550/1550
f 798/798/798 799/799/799 797/797/797
f 1078/1078/1078 1096/1096/1096 1102/1102/1102
f 875/875/875 876/876/876 874/874/874
f 1341/1341/1341 1942/1942/1942 1166/1166/1166
f 916/916/916 535/535/535 915/915/915
f 802/802/802 1591/1591/1591 1165/1165/1165
f 1212/1212/1212 1631/1631/1631 826/826/826
f 1182/1182/1182 1183/1183/1183 1178/1178/1178
f 805/805/805 804/804/804 109/109/109
f 255/255/255 804/804/804 256/256/256
f 263/263/263 805/805/805 109/109/109
f 256/256/256 805/805/805 262/262/262
f 73/73/73 806/806/806 74/74/74
f 258/258/258 806/806/806 257/257/257
f 107/107/107 264/264/264 807/807/807
f 263/263/263 807/807/807 264/264/264
f 269/269/269 808/808/808 254/254/254
f 809/809/809 808/808/808 270/270/270
f 808/808/808 809/809/809 260/260/260
f 305/305/305 809/809/809 270/270/270
f 1221/1221/1221 1227/1227/1227 1229/1229/1229
f 1217/1217/1217 1221/1221/1221 1220/1220/1220
f 281/281/281 811/811/811 106/106/106
f 264/264/264 811/811/811 284/284/284
f 288/288/288 286/286/286 1187/1187/1187
f 1939/1939/1939 812/812/812 1193/1193/1193
f 293/293/293 813/813/813 265/265/265
f 268/268/268 813/813/813 294/294/294
f 276/276/276 301/301/301 814/814/814
f 280/280/280 814/814/814 301/301/301
f 102/102/102 817/817/817 103/103/103
f 815/815/815 103/103/103 817/817/817
f 103/103/103 815/815/815 816/816/816
f 285/285/285 816/816/816 815/815/815
f 1215/1215/1215 102/102/102 101/101/101
f 817/817/817 818/818/818 819/819/819
f 818/818/818 1215/1215/1215 1168/1168/1168
f 819/819/819 818/818/818 820/820/820
f 818/818/818 1170/1170/1170 820/820/820
f 820/820/820 1206/1206/1206 819/819/819
f 1171/1171/1171 1173/1173/1173 810/810/810
f 820/820/820 1179/1179/1179 1206/1206/1206
f 295/295/295 300/300/300 821/821/821
f 1214/1214/1214 821/821/821 300/300/300
f 306/306/306 822/822/822 77/77/77
f 309/309/309 822/822/822 308/308/308
f 822/822/822 823/823/823 78/78/78
f 310/310/310 823/823/823 309/309/309
f 297/297/297 1193/1193/1193 1198/1198/1198
f 1213/1213/1213 81/81/81 1216/1216/1216
f 823/823/823 825/825/825 79/79/79
f 1214/1214/1214 824/824/824 1634/1634/1634
f 1210/1210/1210 1211/1211/1211 1212/1212/1212
f 80/80/80 1216/1216/1216 81/81/81
f 828/828/828 92/92/92 91/91/91
f 840/840/840 839/839/839 827/827/827
f 90/90/90 894/894/894 91/91/91
f 895/895/895 424/424/424 896/896/896
f 832/832/832 834/834/834 1249/1249/1249
f 1218/1218/1218 1221/1221/1221 95/95/95
f 827/827/827 828/828/828 830/830/830
f 895/895/895 897/897/897 894/894/894
f 833/833/833 835/835/835 837/837/837
f 311/311/311 830/830/830 832/832/832
f 895/895/895 896/896/896 1325/1325/1325
f 835/835/835 834/834/834 832/832/832
f 1415/1415/1415 626/626/626 628/628/628
f 832/832/832 831/831/831 835/835/835
f 838/838/838 1681/1681/1681 1682/1682/1682
f 840/840/840 841/841/841 1222/1222/1222
f 831/831/831 1325/1325/1325 837/837/837
f 834/834/834 835/835/835 833/833/833
f 1313/1313/1313 1317/1317/1317 416/416/416
f 892/892/892 420/420/420 889/889/889
f 831/831/831 837/837/837 835/835/835
f 837/837/837 836/836/836 1694/1694/1694
f 854/854/854 856/856/856 851/851/851
f 997/997/997 989/989/989 977/977/977
f 840/840/840 827/827/827 311/311/311
f 829/829/829 1218/1218/1218 1219/1219/1219
f 840/840/840 1249/1249/1249 841/841/841
f 829/829/829 839/839/839 840/840/840
f 1022/1022/1022 1017/1017/1017 1020/1020/1020
f 1172/1172/1172 1173/1173/1173 1169/1169/1169
f 329/329/329 842/842/842 127/127/127
f 443/443/443 842/842/842 327/327/327
f 328/328/328 843/843/843 330/330/330
f 444/444/444 843/843/843 326/326/326
f 338/338/338 844/844/844 336/336/336
f 347/347/347 844/844/844 333/333/333
f 115/115/115 114/114/114 1326/1326/1326
f 391/391/391 394/394/394 1310/1310/1310
f 347/347/347 846/846/846 351/351/351
f 388/388/388 846/846/846 345/345/345
f 847/847/847 1260/1260/1260 1262/1262/1262
f 420/420/420 888/888/888 889/889/889
f 1263/1263/1263 851/851/851 848/848/848
f 1142/1142/1142 1152/1152/1152 1151/1151/1151
f 852/852/852 849/849/849 409/409/409
f 405/405/405 849/849/849 851/851/851
f 852/852/852 861/861/861 850/850/850
f 1147/1147/1147 1139/1139/1139 1145/1145/1145
f 854/854/854 849/849/849 852/852/852
f 851/851/851 849/849/849 854/854/854
f 862/862/862 861/861/861 852/852/852
f 852/852/852 850/850/850 854/854/854
f 861/861/861 862/862/862 853/853/853
f 865/865/865 866/866/866 853/853/853
f 857/857/857 854/854/854 850/850/850
f 857/857/857 856/856/856 854/854/854
f 869/869/869 850/850/850 861/861/861
f 1149/1149/1149 855/855/855 859/859/859
f 1270/1270/1270 1267/1267/1267 856/856/856
f 848/848/848 851/851/851 1299/1299/1299
f 850/850/850 869/869/869 859/859/859
f 856/856/856 857/857/857 855/855/855
f 859/859/859 869/869/869 858/858/858
f 945/945/945 947/947/947 630/630/630
f 850/850/850 859/859/859 857/857/857
f 858/858/858 1148/1148/1148 1149/1149/1149
f 958/958/958 950/950/950 955/955/955
f 942/942/942 949/949/949 950/950/950
f 862/862/862 852/852/852 409/409/409
f 853/853/853 867/867/867 869/869/869
f 407/407/407 863/863/863 409/409/409
f 862/862/862 409/409/409 863/863/863
f 872/872/872 880/880/880 870/870/870
f 868/868/868 882/882/882 872/872/872
f 863/863/863 407/407/407 870/870/870
f 866/866/866 1306/1306/1306 884/884/884
f 880/880/880 862/862/862 863/863/863
f 865/865/865 864/864/864 1306/1306/1306
f 1554/1554/1554 1553/1553/1553 1089/1089/1089
f 958/958/958 940/940/940 943/943/943
f 1125/1125/1125 866/866/866 1124/1124/1124
f 957/957/957 963/963/963 952/952/952
f 1301/1301/1301 873/873/873 870/870/870
f 864/864/864 872/872/872 883/883/883
f 853/853/853 869/869/869 861/861/861
f 858/858/858 869/869/869 867/867/867
f 1300/1300/1300 1301/1301/1301 404/404/404
f 872/872/872 870/870/870 868/868/868
f 878/878/878 415/415/415 70/70/70
f 876/876/876 879/879/879 874/874/874
f 1305/1305/1305 875/875/875 1075/1075/1075
f 880/880/880 872/872/872 864/864/864
f 1301/1301/1301 870/870/870 407/407/407
f 876/876/876 875/875/875 873/873/873
f 68/68/68 1068/1068/1068 1069/1069/1069
f 1071/1071/1071 1074/1074/1074 1073/1073/1073
f 876/876/876 873/873/873 871/871/871
f 875/875/875 874/874/874 1075/1075/1075
f 878/878/878 876/876/876 871/871/871
f 878/878/878 1303/1303/1303 876/876/876
f 882/882/882 1079/1079/1079 881/881/881
f 868/868/868 1305/1305/1305 882/882/882
f 878/878/878 871/871/871 1300/1300/1300
f 1302/1302/1302 878/878/878 70/70/70
f 69/69/69 68/68/68 1304/1304/1304
f 67/67/67 1068/1068/1068 68/68/68
f 865/865/865 880/880/880 864/864/864
f 870/870/870 880/880/880 863/863/863
f 1074/1074/1074 1076/1076/1076 1077/1077/1077
f 1102/1102/1102 1104/1104/1104 1107/1107/1107
f 1079/1079/1079 877/877/877 1077/1077/1077
f 883/883/883 882/882/882 881/881/881
f 882/882/882 883/883/883 872/872/872
f 883/883/883 881/881/881 884/884/884
f 881/881/881 1104/1104/1104 1106/1106/1106
f 1113/1113/1113 1115/1115/1115 1118/1118/1118
f 1252/1252/1252 117/117/117 116/116/116
f 1644/1644/1644 1645/1645/1645 1643/1643/1643
f 1642/1642/1642 885/885/885 1641/1641/1641
f 391/391/391 1310/1310/1310 1311/1311/1311
f 887/887/887 383/383/383 385/385/385
f 1688/1688/1688 887/887/887 380/380/380
f 123/123/123 888/888/888 418/418/418
f 889/889/889 888/888/888 122/122/122
f 891/891/891 120/120/120 890/890/890
f 891/891/891 889/889/889 121/121/121
f 1262/1262/1262 1260/1260/1260 1684/1684/1684
f 891/891/891 892/892/892 889/889/889
f 120/120/120 891/891/891 121/121/121
f 891/891/891 890/890/890 892/892/892
f 1685/1685/1685 1323/1323/1323 1255/1255/1255
f 416/416/416 420/420/420 1313/1313/1313
f 419/419/419 893/893/893 89/89/89
f 894/894/894 893/893/893 424/424/424
f 895/895/895 894/894/894 424/424/424
f 828/828/828 91/91/91 894/894/894
f 424/424/424 422/422/422 896/896/896
f 897/897/897 895/895/895 831/831/831
f 1320/1320/1320 896/896/896 422/422/422
f 1325/1325/1325 896/896/896 836/836/836
f 832/832/832 897/897/897 831/831/831
f 894/894/894 897/897/897 828/828/828
f 899/899/899 130/130/130 129/129/129
f 314/314/314 898/898/898 428/428/428
f 442/442/442 899/899/899 129/129/129
f 428/428/428 898/898/898 899/899/899
f 430/430/430 900/900/900 112/112/112
f 436/436/436 900/900/900 429/429/429
f 433/433/433 1327/1327/1327 436/436/436
f 1250/1250/1250 901/901/901 845/845/845
f 1692/1692/1692 902/902/902 392/392/392
f 438/438/438 435/435/435 903/903/903
f 904/904/904 903/903/903 435/435/435
f 445/445/445 336/336/336 1330/1330/1330
f 444/444/444 904/904/904 441/441/441
f 903/903/903 904/904/904 445/445/445
f 1032/1032/1032 905/905/905 1450/1450/1450
f 1031/1031/1031 1030/1030/1030 27/27/27
f 213/213/213 906/906/906 211/211/211
f 907/907/907 906/906/906 215/215/215
f 35/35/35 907/907/907 36/36/36
f 461/461/461 907/907/907 471/471/471
f 10/10/10 9/9/9 908/908/908
f 9/9/9 494/494/494 909/909/909
f 494/494/494 481/481/481 909/909/909
f 909/909/909 481/481/481 910/910/910
f 909/909/909 910/910/910 476/476/476
f 483/483/483 910/910/910 481/481/481
f 190/190/190 911/911/911 186/186/186
f 489/489/489 911/911/911 191/191/191
f 913/913/913 912/912/912 5/5/5
f 501/501/501 912/912/912 503/503/503
f 5/5/5 530/530/530 913/913/913
f 521/521/521 913/913/913 530/530/530
f 1340/1340/1340 917/917/917 1341/1341/1341
f 812/812/812 1190/1190/1190 1193/1193/1193
f 916/916/916 915/915/915 1/1/1
f 915/915/915 535/535/535 1336/1336/1336
f 1163/1163/1163 86/86/86 1162/1162/1162
f 916/916/916 1163/1163/1163 917/917/917
f 801/801/801 1165/1165/1165 1166/1166/1166
f 1337/1337/1337 1340/1340/1340 1339/1339/1339
f 918/918/918 1336/1336/1336 1337/1337/1337
f 532/532/532 1403/1403/1403 529/529/529
f 458/458/458 919/919/919 455/455/455
f 544/544/544 919/919/919 539/539/539
f 550/550/550 920/920/920 46/46/46
f 762/762/762 920/920/920 551/551/551
f 553/553/553 921/921/921 552/552/552
f 207/207/207 921/921/921 554/554/554
f 210/210/210 922/922/922 207/207/207
f 923/923/923 922/922/922 561/561/561
f 924/924/924 923/923/923 561/561/561
f 555/555/555 923/923/923 769/769/769
f 925/925/925 924/924/924 561/561/561
f 924/924/924 666/666/666 926/926/926
f 560/560/560 925/925/925 561/561/561
f 931/931/931 927/927/927 562/562/562
f 665/665/665 926/926/926 666/666/666
f 769/769/769 926/926/926 664/664/664
f 578/578/578 1026/1026/1026 928/928/928
f 666/666/666 925/925/925 927/927/927
f 929/929/929 928/928/928 645/645/645
f 666/666/666 927/927/927 928/928/928
f 659/659/659 929/929/929 645/645/645
f 929/929/929 644/644/644 665/665/665
f 224/224/224 930/930/930 212/212/212
f 560/560/560 930/930/930 562/562/562
f 223/223/223 931/931/931 224/224/224
f 927/927/927 931/931/931 578/578/578
f 932/932/932 593/593/593 1029/1029/1029
f 609/609/609 932/932/932 607/607/607
f 604/604/604 618/618/618 933/933/933
f 934/934/934 933/933/933 618/618/618
f 938/938/938 618/618/618 615/615/615
f 939/939/939 641/641/641 1025/1025/1025
f 601/601/601 934/934/934 935/935/935
f 937/937/937 935/935/935 934/934/934
f 638/638/638 586/586/586 936/936/936
f 936/936/936 586/586/586 632/632/632
f 1405/1405/1405 938/938/938 1404/1404/1404
f 941/941/941 937/937/937 1405/1405/1405
f 615/615/615 944/944/944 938/938/938
f 944/944/944 1404/1404/1404 938/938/938
f 638/638/638 937/937/937 939/939/939
f 941/941/941 939/939/939 937/937/937
f 941/941/941 943/943/943 940/940/940
f 950/950/950 953/953/953 955/955/955
f 942/942/942 1405/1405/1405 1404/1404/1404
f 941/941/941 940/940/940 1940/1940/1940
f 947/947/947 949/949/949 630/630/630
f 941/941/941 942/942/942 943/943/943
f 1744/1744/1744 947/947/947 946/946/946
f 1406/1406/1406 660/660/660 968/968/968
f 628/628/628 944/944/944 615/615/615
f 1404/1404/1404 944/944/944 630/630/630
f 992/992/992 947/947/947 945/945/945
f 630/630/630 944/944/944 945/945/945
f 1415/1415/1415 978/978/978 980/980/980
f 951/951/951 956/956/956 960/960/960
f 992/992/992 945/945/945 626/626/626
f 949/949/949 947/947/947 1744/1744/1744
f 956/956/956 951/951/951 953/953/953
f 1111/1111/1111 866/866/866 884/884/884
f 950/950/950 949/949/949 948/948/948
f 1404/1404/1404 949/949/949 942/942/942
f 1742/1742/1742 999/999/999 1741/1741/1741
f 943/943/943 942/942/942 950/950/950
f 957/957/957 951/951/951 961/961/961
f 950/950/950 948/948/948 953/953/953
f 955/955/955 957/957/957 952/952/952
f 963/963/963 966/966/966 952/952/952
f 948/948/948 1742/1742/1742 956/956/956
f 955/955/955 953/953/953 951/951/951
f 992/992/992 990/990/990 986/986/986
f 1143/1143/1143 1145/1145/1145 1139/1139/1139
f 957/957/957 955/955/955 951/951/951
f 955/955/955 952/952/952 958/958/958
f 948/948/948 956/956/956 953/953/953
f 1738/1738/1738 960/960/960 956/956/956
f 961/961/961 951/951/951 960/960/960
f 962/962/962 963/963/963 964/964/964
f 958/958/958 952/952/952 967/967/967
f 950/950/950 958/958/958 943/943/943
f 1743/1743/1743 1885/1885/1885 1740/1740/1740
f 1133/1133/1133 858/858/858 867/867/867
f 1738/1738/1738 956/956/956 954/954/954
f 959/959/959 1414/1414/1414 960/960/960
f 971/971/971 969/969/969 970/970/970
f 964/964/964 973/973/973 962/962/962
f 957/957/957 964/964/964 963/963/963
f 1101/1101/1101 1103/1103/1103 1105/1105/1105
f 964/964/964 957/957/957 961/961/961
f 1409/1409/1409 966/966/966 962/962/962
f 961/961/961 1414/1414/1414 970/970/970
f 970/970/970 973/973/973 964/964/964
f 1089/1089/1089 1091/1091/1091 1092/1092/1092
f 965/965/965 968/968/968 967/967/967
f 962/962/962 966/966/966 963/963/963
f 967/967/967 966/966/966 965/965/965
f 1406/1406/1406 968/968/968 965/965/965
f 967/967/967 940/940/940 958/958/958
f 1412/1412/1412 968/968/968 660/660/660
f 968/968/968 1413/1413/1413 1940/1940/1940
f 1117/1117/1117 1123/1123/1123 1114/1114/1114
f 964/964/964 961/961/961 970/970/970
f 970/970/970 1414/1414/1414 971/971/971
f 973/973/973 970/970/970 1130/1130/1130
f 1557/1557/1557 1145/1145/1145 1141/1141/1141
f 1140/1140/1140 1131/1131/1131 1137/1137/1137
f 1125/1125/1125 867/867/867 853/853/853
f 884/884/884 1106/1106/1106 1109/1109/1109
f 1130/1130/1130 970/970/970 969/969/969
f 973/973/973 972/972/972 1129/1129/1129
f 613/613/613 974/974/974 610/610/610
f 620/620/620 974/974/974 614/614/614
f 624/624/624 975/975/975 621/621/621
f 974/974/974 975/975/975 610/610/610
f 981/981/981 623/623/623 617/617/617
f 979/979/979 977/977/977 978/978/978
f 987/987/987 631/631/631 627/627/627
f 1001/1001/1001 998/998/998 994/994/994
f 979/979/979 978/978/978 976/976/976
f 978/978/978 977/977/977 980/980/980
f 981/981/981 979/979/979 976/976/976
f 979/979/979 631/631/631 983/983/983
f 989/989/989 980/980/980 977/977/977
f 1415/1415/1415 990/990/990 626/626/626
f 623/623/623 981/981/981 976/976/976
f 631/631/631 981/981/981 617/617/617
f 1346/1346/1346 1348/1348/1348 1342/1342/1342
f 1799/1799/1799 1637/1637/1637 1801/1801/1801
f 984/984/984 983/983/983 631/631/631
f 983/983/983 982/982/982 1416/1416/1416
f 987/987/987 984/984/984 631/631/631
f 1735/1735/1735 1418/1418/1418 1015/1015/1015
f 1007/1007/1007 985/985/985 993/993/993
f 986/986/986 998/998/998 1000/1000/1000
f 990/990/990 980/980/980 991/991/991
f 993/993/993 998/998/998 986/986/986
f 627/627/627 1004/1004/1004 1003/1003/1003
f 996/996/996 984/984/984 1014/1014/1014
f 982/982/982 984/984/984 996/996/996
f 1006/1006/1006 987/987/987 1003/1003/1003
f 997/997/997 977/977/977 1416/1416/1416
f 989/989/989 993/993/993 991/991/991
f 991/991/991 980/980/980 989/989/989
f 986/986/986 1000/1000/1000 992/992/992
f 989/989/989 1007/1007/1007 993/993/993
f 986/986/986 990/990/990 991/991/991
f 947/947/947 992/992/992 946/946/946
f 626/626/626 990/990/990 992/992/992
f 998/998/998 993/993/993 1018/1018/1018
f 986/986/986 991/991/991 993/993/993
f 997/997/997 1422/1422/1422 1007/1007/1007
f 1002/1002/1002 1424/1424/1424 1428/1428/1428
f 731/731/731 1057/1057/1057 1547/1547/1547
f 1394/1394/1394 1364/1364/1364 1334/1334/1334
f 1006/1006/1006 984/984/984 987/987/987
f 1009/1009/1009 1007/1007/1007 1422/1422/1422
f 1016/1016/1016 1423/1423/1423 996/996/996
f 1016/1016/1016 996/996/996 988/988/988
f 1018/1018/1018 993/993/993 985/985/985
f 1001/1001/1001 1000/1000/1000 998/998/998
f 1001/1001/1001 1002/1002/1002 1743/1743/1743
f 999/999/999 1742/1742/1742 1744/1744/1744
f 1744/1744/1744 1000/1000/1000 999/999/999
f 992/992/992 1000/1000/1000 946/946/946
f 1002/1002/1002 1001/1001/1001 994/994/994
f 999/999/999 1000/1000/1000 1001/1001/1001
f 985/985/985 1007/1007/1007 1009/1009/1009
f 1424/1424/1424 1017/1017/1017 1426/1426/1426
f 1035/1035/1035 627/627/627 629/629/629
f 1518/1518/1518 1006/1006/1006 995/995/995
f 1487/1487/1487 1488/1488/1488 1717/1717/1717
f 995/995/995 1003/1003/1003 1004/1004/1004
f 1461/1461/1461 1472/1472/1472 1464/1464/1464
f 1014/1014/1014 1418/1418/1418 996/996/996
f 995/995/995 1006/1006/1006 1003/1003/1003
f 1006/1006/1006 1005/1005/1005 1014/1014/1014
f 989/989/989 997/997/997 1007/1007/1007
f 1422/1422/1422 1423/1423/1423 1016/1016/1016
f 1715/1715/1715 1010/1010/1010 1881/1881/1881
f 994/994/994 1018/1018/1018 1019/1019/1019
f 1009/1009/1009 1008/1008/1008 1012/1012/1012
f 1012/1012/1012 1011/1011/1011 1009/1009/1009
f 1711/1711/1711 1016/1016/1016 1712/1712/1712
f 1429/1429/1429 1022/1022/1022 1023/1023/1023
f 1017/1017/1017 1424/1424/1424 1020/1020/1020
f 998/998/998 1018/1018/1018 994/994/994
f 1008/1008/1008 1711/1711/1711 1881/1881/1881
f 1011/1011/1011 1012/1012/1012 1010/1010/1010
f 1735/1735/1735 1736/1736/1736 1737/1737/1737
f 1173/1173/1173 1175/1175/1175 810/810/810
f 1006/1006/1006 1014/1014/1014 984/984/984
f 1005/1005/1005 1015/1015/1015 1418/1418/1418
f 1518/1518/1518 1507/1507/1507 1005/1005/1005
f 1368/1368/1368 1364/1364/1364 914/914/914
f 1016/1016/1016 988/988/988 1712/1712/1712
f 1422/1422/1422 1016/1016/1016 1008/1008/1008
f 1714/1714/1714 1715/1715/1715 1447/1447/1447
f 1140/1140/1140 1142/1142/1142 1131/1131/1131
f 985/985/985 1011/1011/1011 1018/1018/1018
f 1019/1019/1019 1018/1018/1018 1011/1011/1011
f 1020/1020/1020 1019/1019/1019 1011/1011/1011
f 1424/1424/1424 1019/1019/1019 1020/1020/1020
f 1011/1011/1011 1010/1010/1010 1020/1020/1020
f 1010/1010/1010 1714/1714/1714 1022/1022/1022
f 1178/1178/1178 1203/1203/1203 1179/1179/1179
f 834/834/834 1856/1856/1856 1854/1854/1854
f 1010/1010/1010 1022/1022/1022 1020/1020/1020
f 1023/1023/1023 1022/1022/1022 1021/1021/1021
f 820/820/820 1177/1177/1177 1179/1179/1179
f 1279/1279/1279 380/380/380 378/378/378
f 595/595/595 1024/1024/1024 470/470/470
f 591/591/591 1024/1024/1024 587/587/587
f 939/939/939 1025/1025/1025 638/638/638
f 640/640/640 1025/1025/1025 641/641/641
f 577/577/577 1026/1026/1026 578/578/578
f 576/576/576 645/645/645 1026/1026/1026
f 29/29/29 28/28/28 1448/1448/1448
f 667/667/667 672/672/672 1027/1027/1027
f 671/671/671 1028/1028/1028 656/656/656
f 675/675/675 1028/1028/1028 673/673/673
f 658/658/658 687/687/687 1029/1029/1029
f 932/932/932 1029/1029/1029 687/687/687
f 28/28/28 27/27/27 1030/1030/1030
f 1031/1031/1031 27/27/27 905/905/905
f 1031/1031/1031 905/905/905 1032/1032/1032
f 690/690/690 696/696/696 1031/1031/1031
f 905/905/905 1331/1331/1331 1450/1450/1450
f 1032/1032/1032 1450/1450/1450 1451/1451/1451
f 1037/1037/1037 699/699/699 1036/1036/1036
f 607/607/607 1454/1454/1454 1456/1456/1456
f 705/705/705 1004/1004/1004 1034/1034/1034
f 1035/1035/1035 1004/1004/1004 627/627/627
f 622/622/622 1034/1034/1034 1035/1035/1035
f 1004/1004/1004 1035/1035/1035 1034/1034/1034
f 706/706/706 1036/1036/1036 692/692/692
f 1037/1037/1037 1036/1036/1036 707/707/707
f 622/622/622 1037/1037/1037 707/707/707
f 1033/1033/1033 699/699/699 1037/1037/1037
f 1033/1033/1033 1037/1037/1037 1038/1038/1038
f 622/622/622 1038/1038/1038 1037/1037/1037
f 709/709/709 1039/1039/1039 697/697/697
f 691/691/691 714/714/714 1039/1039/1039
f 1451/1451/1451 678/678/678 1032/1032/1032
f 718/718/718 1458/1458/1458 717/717/717
f 1452/1452/1452 1041/1041/1041 717/717/717
f 1042/1042/1042 1041/1041/1041 456/456/456
f 457/457/457 1042/1042/1042 456/456/456
f 455/455/455 545/545/545 1043/1043/1043
f 1047/1047/1047 1043/1043/1043 545/545/545
f 1041/1041/1041 1043/1043/1043 719/719/719
f 732/732/732 1044/1044/1044 720/720/720
f 728/728/728 1044/1044/1044 726/726/726
f 1052/1052/1052 1053/1053/1053 729/729/729
f 726/726/726 1044/1044/1044 1048/1048/1048
f 725/725/725 1046/1046/1046 715/715/715
f 1938/1938/1938 1046/1046/1046 727/727/727
f 1043/1043/1043 1047/1047/1047 719/719/719
f 543/543/543 1047/1047/1047 545/545/545
f 1049/1049/1049 1048/1048/1048 543/543/543
f 1048/1048/1048 1049/1049/1049 1052/1052/1052
f 543/543/543 1050/1050/1050 1049/1049/1049
f 1049/1049/1049 1050/1050/1050 1051/1051/1051
f 544/544/544 1050/1050/1050 543/543/543
f 1051/1051/1051 1050/1050/1050 538/538/538
f 538/538/538 490/490/490 1051/1051/1051
f 1051/1051/1051 490/490/490 1058/1058/1058
f 1053/1053/1053 1052/1052/1052 1045/1045/1045
f 730/730/730 1052/1052/1052 729/729/729
f 1045/1045/1045 1054/1054/1054 1053/1053/1053
f 1055/1055/1055 1056/1056/1056 1059/1059/1059
f 1058/1058/1058 1045/1045/1045 1051/1051/1051
f 1059/1059/1059 1054/1054/1054 488/488/488
f 512/512/512 1060/1060/1060 1459/1459/1459
f 731/731/731 1510/1510/1510 1057/1057/1057
f 1054/1054/1054 1056/1056/1056 1053/1053/1053
f 1056/1056/1056 1055/1055/1055 1057/1057/1057
f 1060/1060/1060 1055/1055/1055 1459/1459/1459
f 1057/1057/1057 1055/1055/1055 1060/1060/1060
f 488/488/488 1058/1058/1058 490/490/490
f 1054/1054/1054 1045/1045/1045 1058/1058/1058
f 1936/1936/1936 1059/1059/1059 488/488/488
f 1059/1059/1059 513/513/513 1459/1459/1459
f 516/516/516 1460/1460/1460 512/512/512
f 512/512/512 1460/1460/1460 1060/1060/1060
f 1463/1463/1463 1462/1462/1462 516/516/516
f 1490/1490/1490 1004/1004/1004 1488/1488/1488
f 250/250/250 738/738/738 1062/1062/1062
f 736/736/736 1062/1062/1062 738/738/738
f 1066/1066/1066 739/739/739 1067/1067/1067
f 879/879/879 1069/1069/1069 1070/1070/1070
f 1065/1065/1065 1064/1064/1064 66/66/66
f 1066/1066/1066 1064/1064/1064 739/739/739
f 65/65/65 1065/1065/1065 66/66/66
f 1548/1548/1548 781/781/781 789/789/789
f 739/739/739 1161/1161/1161 1067/1067/1067
f 1068/1068/1068 1066/1066/1066 1063/1063/1063
f 1072/1072/1072 1071/1071/1071 1067/1067/1067
f 1063/1063/1063 1066/1066/1066 1067/1067/1067
f 1068/1068/1068 1063/1063/1063 1069/1069/1069
f 1064/1064/1064 1068/1068/1068 67/67/67
f 1070/1070/1070 1069/1069/1069 1063/1063/1063
f 1304/1304/1304 1069/1069/1069 879/879/879
f 1071/1071/1071 1063/1063/1063 1067/1067/1067
f 874/874/874 879/879/879 1070/1070/1070
f 1067/1067/1067 797/797/797 1072/1072/1072
f 1070/1070/1070 1073/1073/1073 874/874/874
f 797/797/797 1549/1549/1549 1072/1072/1072
f 1076/1076/1076 1074/1074/1074 1072/1072/1072
f 1074/1074/1074 1071/1071/1071 1072/1072/1072
f 1075/1075/1075 877/877/877 1305/1305/1305
f 1076/1076/1076 1072/1072/1072 800/800/800
f 1075/1075/1075 1074/1074/1074 877/877/877
f 874/874/874 1073/1073/1073 1075/1075/1075
f 1074/1074/1074 1075/1075/1075 1073/1073/1073
f 1081/1081/1081 1100/1100/1100 1080/1080/1080
f 877/877/877 1074/1074/1074 1077/1077/1077
f 1080/1080/1080 1077/1077/1077 1076/1076/1076
f 1079/1079/1079 882/882/882 877/877/877
f 1076/1076/1076 1081/1081/1081 1080/1080/1080
f 1100/1100/1100 1096/1096/1096 1078/1078/1078
f 1080/1080/1080 1079/1079/1079 1077/1077/1077
f 1079/1079/1079 1080/1080/1080 1107/1107/1107
f 1081/1081/1081 1076/1076/1076 800/800/800
f 1080/1080/1080 1078/1078/1078 1107/1107/1107
f 796/796/796 1941/1941/1941 795/795/795
f 1094/1094/1094 1096/1096/1096 1100/1100/1100
f 751/751/751 1082/1082/1082 48/48/48
f 740/740/740 1082/1082/1082 741/741/741
f 762/762/762 1083/1083/1083 749/749/749
f 556/556/556 1083/1083/1083 551/551/551
f 748/748/748 1084/1084/1084 746/746/746
f 759/759/759 1084/1084/1084 744/744/744
f 1086/1086/1086 769/769/769 664/664/664
f 773/773/773 1087/1087/1087 771/771/771
f 1088/1088/1088 1086/1086/1086 664/664/664
f 1086/1086/1086 1090/1090/1090 1087/1087/1087
f 764/764/764 1085/1085/1085 1087/1087/1087
f 1086/1086/1086 1087/1087/1087 1085/1085/1085
f 665/665/665 1088/1088/1088 664/664/664
f 1088/1088/1088 662/662/662 1091/1091/1091
f 1710/1710/1710 1411/1411/1411 662/662/662
f 1111/1111/1111 884/884/884 1109/1109/1109
f 1091/1091/1091 1090/1090/1090 1088/1088/1088
f 1553/1553/1553 1090/1090/1090 1089/1089/1089
f 1091/1091/1091 662/662/662 1411/1411/1411
f 1090/1090/1090 1091/1091/1091 1089/1089/1089
f 1407/1407/1407 1409/1409/1409 1128/1128/1128
f 972/972/972 1119/1119/1119 1129/1129/1129
f 774/774/774 1094/1094/1094 1093/1093/1093
f 1081/1081/1081 1099/1099/1099 1094/1094/1094
f 1094/1094/1094 774/774/774 1096/1096/1096
f 1099/1099/1099 800/800/800 1095/1095/1095
f 1093/1093/1093 1099/1099/1099 1097/1097/1097
f 1550/1550/1550 1095/1095/1095 800/800/800
f 774/774/774 779/779/779 1096/1096/1096
f 1103/1103/1103 1102/1102/1102 1096/1096/1096
f 1099/1099/1099 1093/1093/1093 1094/1094/1094
f 1098/1098/1098 1097/1097/1097 1095/1095/1095
f 1941/1941/1941 1095/1095/1095 795/795/795
f 757/757/757 1098/1098/1098 761/761/761
f 800/800/800 1099/1099/1099 1081/1081/1081
f 1097/1097/1097 1099/1099/1099 1095/1095/1095
f 1080/1080/1080 1100/1100/1100 1078/1078/1078
f 1094/1094/1094 1100/1100/1100 1081/1081/1081
f 1105/1105/1105 1103/1103/1103 1551/1551/1551
f 1553/1553/1553 1554/1554/1554 1552/1552/1552
f 1103/1103/1103 1096/1096/1096 779/779/779
f 1104/1104/1104 1102/1102/1102 1101/1101/1101
f 1551/1551/1551 779/779/779 776/776/776
f 1101/1101/1101 1102/1102/1102 1103/1103/1103
f 1104/1104/1104 1101/1101/1101 1106/1106/1106
f 881/881/881 1079/1079/1079 1107/1107/1107
f 1119/1119/1119 1113/1113/1113 1118/1118/1118
f 1106/1106/1106 884/884/884 881/881/881
f 1105/1105/1105 1110/1110/1110 1101/1101/1101
f 1110/1110/1110 1108/1108/1108 1109/1109/1109
f 1102/1102/1102 1107/1107/1107 1078/1078/1078
f 881/881/881 1107/1107/1107 1104/1104/1104
f 1110/1110/1110 1112/1112/1112 1108/1108/1108
f 1115/1115/1115 1111/1111/1111 1108/1108/1108
f 1110/1110/1110 1109/1109/1109 1106/1106/1106
f 1109/1109/1109 1108/1108/1108 1111/1111/1111
f 1101/1101/1101 1110/1110/1110 1106/1106/1106
f 1110/1110/1110 1105/1105/1105 1112/1112/1112
f 1112/1112/1112 1126/1126/1126 1108/1108/1108
f 866/866/866 1111/1111/1111 1124/1124/1124
f 1552/1552/1552 1105/1105/1105 776/776/776
f 1555/1555/1555 1410/1410/1410 1135/1135/1135
f 1130/1130/1130 1138/1138/1138 1122/1122/1122
f 1117/1117/1117 1121/1121/1121 1123/1123/1123
f 1117/1117/1117 1111/1111/1111 1115/1115/1115
f 1121/1121/1121 1117/1117/1117 1113/1113/1113
f 1108/1108/1108 1126/1126/1126 1118/1118/1118
f 1117/1117/1117 1115/1115/1115 1113/1113/1113
f 1116/1116/1116 1126/1126/1126 1127/1127/1127
f 1134/1134/1134 1119/1119/1119 1116/1116/1116
f 1122/1122/1122 1121/1121/1121 1113/1113/1113
f 1117/1117/1117 1114/1114/1114 1124/1124/1124
f 1108/1108/1108 1118/1118/1118 1115/1115/1115
f 1119/1119/1119 1118/1118/1118 1116/1116/1116
f 1134/1134/1134 1116/1116/1116 1135/1135/1135
f 1119/1119/1119 972/972/972 1122/1122/1122
f 1142/1142/1142 860/860/860 1148/1148/1148
f 1132/1132/1132 1123/1123/1123 1133/1133/1133
f 1113/1113/1113 1119/1119/1119 1122/1122/1122
f 1121/1121/1121 1120/1120/1120 1123/1123/1123
f 1130/1130/1130 1122/1122/1122 972/972/972
f 1120/1120/1120 1121/1121/1121 1122/1122/1122
f 1123/1123/1123 1120/1120/1120 1136/1136/1136
f 1125/1125/1125 1132/1132/1132 867/867/867
f 1117/1117/1117 1124/1124/1124 1111/1111/1111
f 1125/1125/1125 1124/1124/1124 1114/1114/1114
f 1125/1125/1125 1114/1114/1114 1132/1132/1132
f 866/866/866 1125/1125/1125 853/853/853
f 1127/1127/1127 1126/1126/1126 1112/1112/1112
f 1118/1118/1118 1126/1126/1126 1116/1116/1116
f 1552/1552/1552 1127/1127/1127 1112/1112/1112
f 1554/1554/1554 1089/1089/1089 1555/1555/1555
f 1407/1407/1407 1406/1406/1406 965/965/965
f 1129/1129/1129 962/962/962 973/973/973
f 1134/1134/1134 1129/1129/1129 1119/1119/1119
f 1128/1128/1128 962/962/962 1129/1129/1129
f 973/973/973 1130/1130/1130 972/972/972
f 1130/1130/1130 969/969/969 1138/1138/1138
f 1138/1138/1138 1137/1137/1137 1120/1120/1120
f 1136/1136/1136 1137/1137/1137 1131/1131/1131
f 1114/1114/1114 1123/1123/1123 1132/1132/1132
f 1123/1123/1123 1136/1136/1136 1133/1133/1133
f 1133/1133/1133 1131/1131/1131 1148/1148/1148
f 867/867/867 1132/1132/1132 1133/1133/1133
f 1135/1135/1135 1116/1116/1116 1127/1127/1127
f 1129/1129/1129 1134/1134/1134 1128/1128/1128
f 1135/1135/1135 1127/1127/1127 1555/1555/1555
f 1128/1128/1128 1134/1134/1134 1135/1135/1135
f 1137/1137/1137 1136/1136/1136 1120/1120/1120
f 1133/1133/1133 1136/1136/1136 1131/1131/1131
f 1141/1141/1141 1556/1556/1556 971/971/971
f 1141/1141/1141 1140/1140/1140 1137/1137/1137
f 1138/1138/1138 1120/1120/1120 1122/1122/1122
f 1556/1556/1556 1138/1138/1138 969/969/969
f 1141/1141/1141 1145/1145/1145 1143/1143/1143
f 1147/1147/1147 1145/1145/1145 1739/1739/1739
f 1137/1137/1137 1556/1556/1556 1141/1141/1141
f 1142/1142/1142 1140/1140/1140 1139/1139/1139
f 1557/1557/1557 971/971/971 1559/1559/1559
f 1139/1139/1139 1140/1140/1140 1143/1143/1143
f 1151/1151/1151 1152/1152/1152 1150/1150/1150
f 1149/1149/1149 1148/1148/1148 860/860/860
f 1140/1140/1140 1141/1141/1141 1143/1143/1143
f 1141/1141/1141 971/971/971 1557/1557/1557
f 959/959/959 1560/1560/1560 1558/1558/1558
f 1424/1424/1424 1426/1426/1426 1428/1428/1428
f 1557/1557/1557 1558/1558/1558 1144/1144/1144
f 1564/1564/1564 1739/1739/1739 1144/1144/1144
f 1584/1584/1584 1579/1579/1579 1768/1768/1768
f 1649/1649/1649 1651/1651/1651 1653/1653/1653
f 1320/1320/1320 1321/1321/1321 1694/1694/1694
f 1271/1271/1271 1274/1274/1274 1277/1277/1277
f 1133/1133/1133 1148/1148/1148 858/858/858
f 1131/1131/1131 1142/1142/1142 1148/1148/1148
f 1149/1149/1149 860/860/860 1272/1272/1272
f 858/858/858 1149/1149/1149 859/859/859
f 1585/1585/1585 1146/1146/1146 1588/1588/1588
f 1153/1153/1153 1272/1272/1272 860/860/860
f 1152/1152/1152 1142/1142/1142 1139/1139/1139
f 1153/1153/1153 1151/1151/1151 1150/1150/1150
f 1139/1139/1139 1147/1147/1147 1152/1152/1152
f 1590/1590/1590 1152/1152/1152 1147/1147/1147
f 1286/1286/1286 1649/1649/1649 1646/1646/1646
f 1271/1271/1271 1265/1265/1265 1275/1275/1275
f 785/785/785 788/788/788 1154/1154/1154
f 1155/1155/1155 1154/1154/1154 788/788/788
f 1156/1156/1156 1155/1155/1155 788/788/788
f 789/789/789 1155/1155/1155 798/798/798
f 790/790/790 1156/1156/1156 788/788/788
f 798/798/798 1156/1156/1156 786/786/786
f 238/238/238 1157/1157/1157 237/237/237
f 1158/1158/1158 1157/1157/1157 239/239/239
f 747/747/747 1158/1158/1158 239/239/239
f 1160/1160/1160 1158/1158/1158 743/743/743
f 1159/1159/1159 746/746/746 1084/1084/1084
f 1160/1160/1160 1159/1159/1159 793/793/793
f 794/794/794 1160/1160/1160 793/793/793
f 1160/1160/1160 791/791/791 1158/1158/1158
f 1067/1067/1067 1161/1161/1161 797/797/797
f 789/789/789 1161/1161/1161 739/739/739
f 802/802/802 1162/1162/1162 85/85/85
f 1163/1163/1163 1162/1162/1162 801/801/801
f 1163/1163/1163 801/801/801 1942/1942/1942
f 86/86/86 1163/1163/1163 916/916/916
f 1592/1592/1592 1591/1591/1591 1164/1164/1164
f 1166/1166/1166 1165/1165/1165 252/252/252
f 1162/1162/1162 1165/1165/1165 801/801/801
f 1342/1342/1342 1343/1343/1343 1346/1346/1346
f 918/918/918 1337/1337/1337 1339/1339/1339
f 1633/1633/1633 81/81/81 1213/1213/1213
f 1167/1167/1167 803/803/803 1592/1592/1592
f 1169/1169/1169 100/100/100 99/99/99
f 1168/1168/1168 1171/1171/1171 1170/1170/1170
f 98/98/98 1246/1246/1246 1248/1248/1248
f 1226/1226/1226 1239/1239/1239 1246/1246/1246
f 820/820/820 1170/1170/1170 810/810/810
f 818/818/818 1168/1168/1168 1170/1170/1170
f 1168/1168/1168 1169/1169/1169 1171/1171/1171
f 1247/1247/1247 1245/1245/1245 1172/1172/1172
f 1897/1897/1897 1175/1175/1175 1176/1176/1176
f 1180/1180/1180 1182/1182/1182 1178/1178/1178
f 1227/1227/1227 1228/1228/1228 1226/1226/1226
f 1177/1177/1177 810/810/810 1175/1175/1175
f 1173/1173/1173 1176/1176/1176 1175/1175/1175
f 1352/1352/1352 1342/1342/1342 1353/1353/1353
f 1176/1176/1176 1173/1173/1173 1172/1172/1172
f 1175/1175/1175 1174/1174/1174 1177/1177/1177
f 1224/1224/1224 1220/1220/1220 1222/1222/1222
f 1232/1232/1232 1225/1225/1225 1235/1235/1235
f 1177/1177/1177 1174/1174/1174 1180/1180/1180
f 1180/1180/1180 1179/1179/1179 1177/1177/1177
f 1897/1897/1897 1799/1799/1799 1801/1801/1801
f 1190/1190/1190 812/812/812 1185/1185/1185
f 1178/1178/1178 1202/1202/1202 1203/1203/1203
f 1203/1203/1203 1205/1205/1205 1179/1179/1179
f 1896/1896/1896 1182/1182/1182 1180/1180/1180
f 1179/1179/1179 1180/1180/1180 1178/1178/1178
f 1225/1225/1225 1230/1230/1230 1231/1231/1231
f 1526/1526/1526 1523/1523/1523 1528/1528/1528
f 1896/1896/1896 1180/1180/1180 1174/1174/1174
f 1183/1183/1183 1182/1182/1182 1181/1181/1181
f 1778/1778/1778 1780/1780/1780 1605/1605/1605
f 1199/1199/1199 1702/1702/1702 1201/1201/1201
f 1185/1185/1185 1184/1184/1184 288/288/288
f 812/812/812 1939/1939/1939 1186/1186/1186
f 1187/1187/1187 1185/1185/1185 288/288/288
f 1185/1185/1185 1192/1192/1192 1190/1190/1190
f 293/293/293 1186/1186/1186 292/292/292
f 277/277/277 1184/1184/1184 1186/1186/1186
f 1196/1196/1196 1189/1189/1189 1191/1191/1191
f 1187/1187/1187 286/286/286 1191/1191/1191
f 1600/1600/1600 1189/1189/1189 1196/1196/1196
f 1198/1198/1198 1199/1199/1199 297/297/297
f 1371/1371/1371 1373/1373/1373 1375/1375/1375
f 1191/1191/1191 1192/1192/1192 1187/1187/1187
f 1192/1192/1192 1185/1185/1185 1187/1187/1187
f 1193/1193/1193 1190/1190/1190 1188/1188/1188
f 1196/1196/1196 286/286/286 1194/1194/1194
f 1192/1192/1192 1188/1188/1188 1190/1190/1190
f 1189/1189/1189 1603/1603/1603 1191/1191/1191
f 1189/1189/1189 1600/1600/1600 1601/1601/1601
f 1772/1772/1772 1198/1198/1198 1188/1188/1188
f 1193/1193/1193 297/297/297 1939/1939/1939
f 286/286/286 287/287/287 1204/1204/1204
f 1183/1183/1183 1197/1197/1197 1202/1202/1202
f 1389/1389/1389 1617/1617/1617 1614/1614/1614
f 1201/1201/1201 300/300/300 1199/1199/1199
f 286/286/286 1196/1196/1196 1191/1191/1191
f 1197/1197/1197 1196/1196/1196 1194/1194/1194
f 1202/1202/1202 1197/1197/1197 1194/1194/1194
f 1600/1600/1600 1197/1197/1197 1775/1775/1775
f 1188/1188/1188 1198/1198/1198 1193/1193/1193
f 1199/1199/1199 1198/1198/1198 1195/1195/1195
f 1195/1195/1195 1702/1702/1702 1199/1199/1199
f 297/297/297 1199/1199/1199 300/300/300
f 1379/1379/1379 1384/1384/1384 1381/1381/1381
f 1211/1211/1211 1210/1210/1210 1209/1209/1209
f 1200/1200/1200 1208/1208/1208 1201/1201/1201
f 1214/1214/1214 253/253/253 821/821/821
f 1202/1202/1202 1194/1194/1194 1203/1203/1203
f 1183/1183/1183 1202/1202/1202 1178/1178/1178
f 1194/1194/1194 1204/1204/1204 1203/1203/1203
f 1203/1203/1203 1204/1204/1204 1205/1205/1205
f 286/286/286 1204/1204/1204 1194/1194/1194
f 1205/1205/1205 1204/1204/1204 280/280/280
f 280/280/280 301/301/301 1205/1205/1205
f 1206/1206/1206 301/301/301 819/819/819
f 1179/1179/1179 1205/1205/1205 1206/1206/1206
f 301/301/301 1206/1206/1206 1205/1205/1205
f 1625/1625/1625 1774/1774/1774 1775/1775/1775
f 1356/1356/1356 1357/1357/1357 1338/1338/1338
f 1200/1200/1200 1209/1209/1209 1210/1210/1210
f 1214/1214/1214 1208/1208/1208 824/824/824
f 1370/1370/1370 1372/1372/1372 1365/1365/1365
f 1591/1591/1591 1592/1592/1592 1770/1770/1770
f 1200/1200/1200 1210/1210/1210 1208/1208/1208
f 1211/1211/1211 1596/1596/1596 1594/1594/1594
f 1167/1167/1167 1633/1633/1633 1632/1632/1632
f 1210/1210/1210 1212/1212/1212 824/824/824
f 1211/1211/1211 1632/1632/1632 1631/1631/1631
f 826/826/826 824/824/824 1212/1212/1212
f 1632/1632/1632 1211/1211/1211 1594/1594/1594
f 82/82/82 1633/1633/1633 1167/1167/1167
f 1208/1208/1208 1214/1214/1214 1201/1201/1201
f 824/824/824 826/826/826 1634/1634/1634
f 1168/1168/1168 1215/1215/1215 101/101/101
f 817/817/817 1215/1215/1215 818/818/818
f 825/825/825 1216/1216/1216 80/80/80
f 1216/1216/1216 826/826/826 1631/1631/1631
f 834/834/834 1635/1635/1635 841/841/841
f 97/97/97 96/96/96 1229/1229/1229
f 1220/1220/1220 1218/1218/1218 829/829/829
f 1218/1218/1218 1220/1220/1220 1221/1221/1221
f 94/94/94 839/839/839 1219/1219/1219
f 829/829/829 1219/1219/1219 839/839/839
f 829/829/829 1222/1222/1222 1220/1220/1220
f 1870/1870/1870 1222/1222/1222 841/841/841
f 1221/1221/1221 1217/1217/1217 1227/1227/1227
f 96/96/96 95/95/95 1221/1221/1221
f 840/840/840 1222/1222/1222 829/829/829
f 1224/1224/1224 1222/1222/1222 1870/1870/1870
f 1850/1850/1850 1855/1855/1855 1635/1635/1635
f 1240/1240/1240 1234/1234/1234 1236/1236/1236
f 1224/1224/1224 1244/1244/1244 1231/1231/1231
f 1220/1220/1220 1224/1224/1224 1231/1231/1231
f 1233/1233/1233 1235/1235/1235 1237/1237/1237
f 1236/1236/1236 1228/1228/1228 1232/1232/1232
f 1228/1228/1228 1217/1217/1217 1230/1230/1230
f 1239/1239/1239 1226/1226/1226 1228/1228/1228
f 1228/1228/1228 1227/1227/1227 1217/1217/1217
f 1229/1229/1229 1227/1227/1227 1226/1226/1226
f 1228/1228/1228 1230/1230/1230 1232/1232/1232
f 1236/1236/1236 1239/1239/1239 1228/1228/1228
f 1229/1229/1229 1226/1226/1226 1246/1246/1246
f 1221/1221/1221 1229/1229/1229 96/96/96
f 1231/1231/1231 1230/1230/1230 1217/1217/1217
f 1232/1232/1232 1230/1230/1230 1225/1225/1225
f 1220/1220/1220 1231/1231/1231 1217/1217/1217
f 1224/1224/1224 1223/1223/1223 1244/1244/1244
f 1225/1225/1225 1237/1237/1237 1235/1235/1235
f 1239/1239/1239 1234/1234/1234 1245/1245/1245
f 1438/1438/1438 1430/1430/1430 1432/1432/1432
f 1798/1798/1798 1799/1799/1799 1242/1242/1242
f 1236/1236/1236 1636/1636/1636 1240/1240/1240
f 1234/1234/1234 1242/1242/1242 1638/1638/1638
f 1225/1225/1225 1244/1244/1244 1237/1237/1237
f 1235/1235/1235 1233/1233/1233 1241/1241/1241
f 1241/1241/1241 1636/1636/1636 1235/1235/1235
f 1236/1236/1236 1234/1234/1234 1239/1239/1239
f 1223/1223/1223 1870/1870/1870 1635/1635/1635
f 1444/1444/1444 1437/1437/1437 1713/1713/1713
f 1241/1241/1241 1243/1243/1243 1238/1238/1238
f 1240/1240/1240 1242/1242/1242 1234/1234/1234
f 1234/1234/1234 1638/1638/1638 1245/1245/1245
f 1246/1246/1246 97/97/97 1229/1229/1229
f 1636/1636/1636 1236/1236/1236 1232/1232/1232
f 1242/1242/1242 1240/1240/1240 1238/1238/1238
f 1241/1241/1241 1233/1233/1233 1898/1898/1898
f 1636/1636/1636 1238/1238/1238 1240/1240/1240
f 1790/1790/1790 1800/1800/1800 1788/1788/1788
f 1242/1242/1242 1176/1176/1176 1638/1638/1638
f 1713/1713/1713 1442/1442/1442 1444/1444/1444
f 1446/1446/1446 1846/1846/1846 1847/1847/1847
f 1237/1237/1237 1244/1244/1244 1223/1223/1223
f 1225/1225/1225 1231/1231/1231 1244/1244/1244
f 1247/1247/1247 1172/1172/1172 1169/1169/1169
f 1248/1248/1248 1246/1246/1246 1239/1239/1239
f 1248/1248/1248 1239/1239/1239 1245/1245/1245
f 98/98/98 97/97/97 1246/1246/1246
f 99/99/99 1639/1639/1639 1169/1169/1169
f 1639/1639/1639 99/99/99 98/98/98
f 1245/1245/1245 1247/1247/1247 1248/1248/1248
f 1169/1169/1169 1639/1639/1639 1247/1247/1247
f 832/832/832 1249/1249/1249 311/311/311
f 834/834/834 841/841/841 1249/1249/1249
f 1250/1250/1250 115/115/115 1326/1326/1326
f 1640/1640/1640 1252/1252/1252 845/845/845
f 1251/1251/1251 1252/1252/1252 1640/1640/1640
f 885/885/885 1307/1307/1307 1308/1308/1308
f 845/845/845 1252/1252/1252 1250/1250/1250
f 1252/1252/1252 1251/1251/1251 1308/1308/1308
f 118/118/118 1254/1254/1254 1257/1257/1257
f 1255/1255/1255 1253/1253/1253 847/847/847
f 1309/1309/1309 118/118/118 1307/1307/1307
f 1259/1259/1259 1258/1258/1258 1254/1254/1254
f 1255/1255/1255 847/847/847 1685/1685/1685
f 120/120/120 1255/1255/1255 890/890/890
f 1289/1289/1289 1649/1649/1649 1690/1690/1690
f 1316/1316/1316 1313/1313/1313 892/892/892
f 118/118/118 1257/1257/1257 119/119/119
f 1258/1258/1258 1257/1257/1257 1254/1254/1254
f 1254/1254/1254 1309/1309/1309 1259/1259/1259
f 1253/1253/1253 1258/1258/1258 847/847/847
f 1642/1642/1642 1643/1643/1643 1647/1647/1647
f 1258/1258/1258 1260/1260/1260 847/847/847
f 1643/1643/1643 1645/1645/1645 1875/1875/1875
f 1260/1260/1260 1875/1875/1875 1684/1684/1684
f 414/414/414 1688/1688/1688 1689/1689/1689
f 1284/1284/1284 1690/1690/1690 1689/1689/1689
f 1281/1281/1281 1688/1688/1688 1279/1279/1279
f 1685/1685/1685 1262/1262/1262 1872/1872/1872
f 851/851/851 1263/1263/1263 405/405/405
f 1264/1264/1264 1263/1263/1263 848/848/848
f 1265/1265/1265 1264/1264/1264 848/848/848
f 1264/1264/1264 370/370/370 369/369/369
f 1267/1267/1267 848/848/848 1299/1299/1299
f 1265/1265/1265 848/848/848 1267/1267/1267
f 1271/1271/1271 1266/1266/1266 1265/1265/1265
f 1269/1269/1269 1266/1266/1266 1277/1277/1277
f 1270/1270/1270 856/856/856 855/855/855
f 1268/1268/1268 1271/1271/1271 1273/1273/1273
f 1282/1282/1282 1291/1291/1291 1292/1292/1292
f 1277/1277/1277 1274/1274/1274 378/378/378
f 379/379/379 1269/1269/1269 378/378/378
f 375/375/375 1266/1266/1266 1269/1269/1269
f 855/855/855 1272/1272/1272 1270/1270/1270
f 1686/1686/1686 1273/1273/1273 1270/1270/1270
f 1275/1275/1275 1267/1267/1267 1273/1273/1273
f 1271/1271/1271 1268/1268/1268 1274/1274/1274
f 1272/1272/1272 855/855/855 1149/1149/1149
f 1272/1272/1272 1153/1153/1153 1276/1276/1276
f 1267/1267/1267 1270/1270/1270 1273/1273/1273
f 1272/1272/1272 1276/1276/1276 1686/1686/1686
f 1274/1274/1274 1268/1268/1268 1280/1280/1280
f 378/378/378 1274/1274/1274 1279/1279/1279
f 1267/1267/1267 1275/1275/1275 1265/1265/1265
f 1273/1273/1273 1271/1271/1271 1275/1275/1275
f 1294/1294/1294 1295/1295/1295 1293/1293/1293
f 1686/1686/1686 1687/1687/1687 1273/1273/1273
f 1269/1269/1269 1277/1277/1277 378/378/378
f 1271/1271/1271 1277/1277/1277 1266/1266/1266
f 1290/1290/1290 1291/1291/1291 1282/1282/1282
f 1278/1278/1278 1280/1280/1280 1290/1290/1290
f 1280/1280/1280 1279/1279/1279 1274/1274/1274
f 1688/1688/1688 414/414/414 887/887/887
f 1291/1291/1291 1290/1290/1290 1280/1280/1280
f 1280/1280/1280 1278/1278/1278 1283/1283/1283
f 1283/1283/1283 1279/1279/1279 1280/1280/1280
f 1281/1281/1281 1283/1283/1283 1284/1284/1284
f 1295/1295/1295 1923/1923/1923 1292/1292/1292
f 1877/1877/1877 1691/1691/1691 1876/1876/1876
f 1284/1284/1284 1283/1283/1283 1278/1278/1278
f 1279/1279/1279 1283/1283/1283 1281/1281/1281
f 1278/1278/1278 1287/1287/1287 1284/1284/1284
f 1648/1648/1648 1286/1286/1286 1646/1646/1646
f 1287/1287/1287 1278/1278/1278 1288/1288/1288
f 1287/1287/1287 1288/1288/1288 1873/1873/1873
f 1287/1287/1287 1289/1289/1289 1690/1690/1690
f 400/400/400 1646/1646/1646 1645/1645/1645
f 1278/1278/1278 1290/1290/1290 1288/1288/1288
f 1287/1287/1287 1285/1285/1285 1289/1289/1289
f 1890/1890/1890 1877/1877/1877 1923/1923/1923
f 1572/1572/1572 1570/1570/1570 1747/1747/1747
f 1655/1655/1655 1658/1658/1658 1324/1324/1324
f 1656/1656/1656 1649/1649/1649 1653/1653/1653
f 1291/1291/1291 1280/1280/1280 1268/1268/1268
f 1290/1290/1290 1282/1282/1282 1876/1876/1876
f 1687/1687/1687 1268/1268/1268 1273/1273/1273
f 1291/1291/1291 1687/1687/1687 1292/1292/1292
f 1153/1153/1153 1293/1293/1293 1276/1276/1276
f 1292/1292/1292 1276/1276/1276 1293/1293/1293
f 1150/1150/1150 1294/1294/1294 1153/1153/1153
f 1293/1293/1293 1153/1153/1153 1294/1294/1294
f 1150/1150/1150 1152/1152/1152 1590/1590/1590
f 1293/1293/1293 1295/1295/1295 1292/1292/1292
f 1590/1590/1590 1297/1297/1297 1150/1150/1150
f 1297/1297/1297 1295/1295/1295 1294/1294/1294
f 1568/1568/1568 1589/1589/1589 1561/1561/1561
f 1298/1298/1298 1923/1923/1923 1297/1297/1297
f 1150/1150/1150 1297/1297/1297 1294/1294/1294
f 1298/1298/1298 1297/1297/1297 1296/1296/1296
f 1425/1425/1425 1427/1427/1427 1433/1433/1433
f 1577/1577/1577 1581/1581/1581 1574/1574/1574
f 851/851/851 856/856/856 1299/1299/1299
f 1267/1267/1267 1299/1299/1299 856/856/856
f 878/878/878 1300/1300/1300 415/415/415
f 1301/1301/1301 1300/1300/1300 871/871/871
f 873/873/873 1301/1301/1301 871/871/871
f 1301/1301/1301 407/407/407 408/408/408
f 70/70/70 69/69/69 1302/1302/1302
f 69/69/69 1304/1304/1304 1303/1303/1303
f 876/876/876 1303/1303/1303 879/879/879
f 878/878/878 1302/1302/1302 1303/1303/1303
f 1069/1069/1069 1304/1304/1304 68/68/68
f 1303/1303/1303 1304/1304/1304 879/879/879
f 875/875/875 1305/1305/1305 868/868/868
f 877/877/877 882/882/882 1305/1305/1305
f 865/865/865 1306/1306/1306 866/866/866
f 883/883/883 1306/1306/1306 864/864/864
f 1308/1308/1308 1307/1307/1307 117/117/117
f 1309/1309/1309 1307/1307/1307 885/885/885
f 1252/1252/1252 1308/1308/1308 117/117/117
f 885/885/885 1308/1308/1308 1251/1251/1251
f 1309/1309/1309 885/885/885 1647/1647/1647
f 118/118/118 1309/1309/1309 1254/1254/1254
f 410/410/410 1310/1310/1310 395/395/395
f 1311/1311/1311 1310/1310/1310 886/886/886
f 1640/1640/1640 1311/1311/1311 886/886/886
f 1312/1312/1312 438/438/438 1692/1692/1692
f 845/845/845 1329/1329/1329 1311/1311/1311
f 1327/1327/1327 1329/1329/1329 901/901/901
f 1695/1695/1695 1316/1316/1316 1322/1322/1322
f 422/422/422 1319/1319/1319 1320/1320/1320
f 1695/1695/1695 1324/1324/1324 1660/1660/1660
f 1573/1573/1573 1578/1578/1578 1582/1582/1582
f 1313/1313/1313 1318/1318/1318 1317/1317/1317
f 1874/1874/1874 1318/1318/1318 1666/1666/1666
f 1322/1322/1322 1316/1316/1316 892/892/892
f 1317/1317/1317 1318/1318/1318 1315/1315/1315
f 1318/1318/1318 1313/1313/1313 1316/1316/1316
f 1319/1319/1319 1317/1317/1317 1315/1315/1315
f 1316/1316/1316 1314/1314/1314 1318/1318/1318
f 1694/1694/1694 1321/1321/1321 1679/1679/1679
f 1320/1320/1320 1319/1319/1319 1315/1315/1315
f 422/422/422 423/423/423 1693/1693/1693
f 1320/1320/1320 1315/1315/1315 1321/1321/1321
f 1320/1320/1320 836/836/836 896/896/896
f 1666/1666/1666 1314/1314/1314 1665/1665/1665
f 1924/1924/1924 1657/1657/1657 1659/1659/1659
f 1323/1323/1323 892/892/892 890/890/890
f 1322/1322/1322 1256/1256/1256 1324/1324/1324
f 1255/1255/1255 1323/1323/1323 890/890/890
f 1256/1256/1256 1322/1322/1322 1323/1323/1323
f 1872/1872/1872 1653/1653/1653 1655/1655/1655
f 1655/1655/1655 1324/1324/1324 1872/1872/1872
f 837/837/837 1325/1325/1325 836/836/836
f 895/895/895 1325/1325/1325 831/831/831
f 436/436/436 1326/1326/1326 114/114/114
f 1250/1250/1250 1326/1326/1326 901/901/901
f 1328/1328/1328 1327/1327/1327 433/433/433
f 901/901/901 436/436/436 1327/1327/1327
f 438/438/438 1328/1328/1328 433/433/433
f 1328/1328/1328 1312/1312/1312 1329/1329/1329
f 1311/1311/1311 1329/1329/1329 1312/1312/1312
f 901/901/901 1329/1329/1329 845/845/845
f 902/902/902 1330/1330/1330 351/351/351
f 445/445/445 1330/1330/1330 903/903/903
f 451/451/451 1331/1331/1331 26/26/26
f 1450/1450/1450 1331/1331/1331 446/446/446
f 1332/1332/1332 516/516/516 512/512/512
f 1333/1333/1333 1332/1332/1332 509/509/509
f 526/526/526 1333/1333/1333 509/509/509
f 524/524/524 914/914/914 1333/1333/1333
f 1341/1341/1341 1345/1345/1345 1338/1338/1338
f 1393/1393/1393 914/914/914 1364/1364/1364
f 531/531/531 1335/1335/1335 525/525/525
f 1336/1336/1336 1335/1335/1335 533/533/533
f 1336/1336/1336 533/533/533 2/2/2
f 1337/1337/1337 1336/1336/1336 535/535/535
f 535/535/535 917/917/917 1337/1337/1337
f 1337/1337/1337 917/917/917 1340/1340/1340
f 1343/1343/1343 1345/1345/1345 1341/1341/1341
f 1345/1345/1345 1356/1356/1356 1338/1338/1338
f 1357/1357/1357 1339/1339/1339 1338/1338/1338
f 1403/1403/1403 1339/1339/1339 529/529/529
f 917/917/917 1942/1942/1942 1341/1341/1341
f 1339/1339/1339 1340/1340/1340 1338/1338/1338
f 1343/1343/1343 1341/1341/1341 1166/1166/1166
f 1338/1338/1338 1340/1340/1340 1341/1341/1341
f 1343/1343/1343 1771/1771/1771 1346/1346/1346
f 1381/1381/1381 1375/1375/1375 1365/1365/1365
f 252/252/252 1598/1598/1598 1771/1771/1771
f 1343/1343/1343 1342/1342/1342 1345/1345/1345
f 1378/1378/1378 1594/1594/1594 1596/1596/1596
f 1348/1348/1348 1349/1349/1349 1347/1347/1347
f 1352/1352/1352 1345/1345/1345 1342/1342/1342
f 1356/1356/1356 1352/1352/1352 1354/1354/1354
f 1771/1771/1771 1343/1343/1343 1166/1166/1166
f 1348/1348/1348 1346/1346/1346 1344/1344/1344
f 1382/1382/1382 1697/1697/1697 1380/1380/1380
f 1705/1705/1705 1706/1706/1706 1708/1708/1708
f 1349/1349/1349 1348/1348/1348 1344/1344/1344
f 1348/1348/1348 1347/1347/1347 1353/1353/1353
f 1595/1595/1595 1770/1770/1770 1593/1593/1593
f 1369/1369/1369 1358/1358/1358 1360/1360/1360
f 1392/1392/1392 1353/1353/1353 1360/1360/1360
f 1334/1334/1334 1359/1359/1359 1696/1696/1696
f 1354/1354/1354 1355/1355/1355 1696/1696/1696
f 1351/1351/1351 1359/1359/1359 1357/1357/1357
f 1342/1342/1342 1348/1348/1348 1353/1353/1353
f 1354/1354/1354 1352/1352/1352 1350/1350/1350
f 1353/1353/1353 1347/1347/1347 1360/1360/1360
f 1350/1350/1350 1352/1352/1352 1353/1353/1353
f 1350/1350/1350 1706/1706/1706 1354/1354/1354
f 1354/1354/1354 1351/1351/1351 1356/1356/1356
f 1392/1392/1392 1350/1350/1350 1353/1353/1353
f 1400/1400/1400 1395/1395/1395 1705/1705/1705
f 1356/1356/1356 1345/1345/1345 1352/1352/1352
f 1357/1357/1357 1356/1356/1356 1351/1351/1351
f 1351/1351/1351 1696/1696/1696 1359/1359/1359
f 1357/1357/1357 529/529/529 1339/1339/1339
f 1360/1360/1360 1370/1370/1370 1369/1369/1369
f 1358/1358/1358 1369/1369/1369 1373/1373/1373
f 1359/1359/1359 1363/1363/1363 1362/1362/1362
f 529/529/529 1362/1362/1362 532/532/532
f 1369/1369/1369 1370/1370/1370 1365/1365/1365
f 1392/1392/1392 1360/1360/1360 1697/1697/1697
f 1357/1357/1357 1359/1359/1359 1361/1361/1361
f 1362/1362/1362 1361/1361/1361 1359/1359/1359
f 1363/1363/1363 1359/1359/1359 1334/1334/1334
f 532/532/532 1362/1362/1362 518/518/518
f 1364/1364/1364 1363/1363/1363 1334/1334/1334
f 1368/1368/1368 518/518/518 1362/1362/1362
f 1394/1394/1394 1393/1393/1393 1364/1364/1364
f 1368/1368/1368 914/914/914 524/524/524
f 1381/1381/1381 1365/1365/1365 1372/1372/1372
f 1388/1388/1388 1375/1375/1375 1381/1381/1381
f 1358/1358/1358 1373/1373/1373 1380/1380/1380
f 1707/1707/1707 1697/1697/1697 1382/1382/1382
f 1704/1704/1704 1394/1394/1394 1334/1334/1334
f 1465/1465/1465 1367/1367/1367 1475/1475/1475
f 518/518/518 1368/1368/1368 524/524/524
f 1363/1363/1363 1364/1364/1364 1368/1368/1368
f 1370/1370/1370 1360/1360/1360 1347/1347/1347
f 1375/1375/1375 1373/1373/1373 1369/1369/1369
f 1347/1347/1347 1349/1349/1349 1370/1370/1370
f 1372/1372/1372 1370/1370/1370 1349/1349/1349
f 1505/1505/1505 1513/1513/1513 1521/1521/1521
f 1421/1421/1421 1726/1726/1726 1711/1711/1711
f 1349/1349/1349 1377/1377/1377 1372/1372/1372
f 1377/1377/1377 1379/1379/1379 1372/1372/1372
f 1375/1375/1375 1369/1369/1369 1365/1365/1365
f 1371/1371/1371 1882/1882/1882 1380/1380/1380
f 1377/1377/1377 1378/1378/1378 1374/1374/1374
f 1385/1385/1385 1698/1698/1698 1700/1700/1700
f 1372/1372/1372 1379/1379/1379 1381/1381/1381
f 1606/1606/1606 1599/1599/1599 1618/1618/1618
f 1882/1882/1882 1857/1857/1857 1628/1628/1628
f 1398/1398/1398 1482/1482/1482 1396/1396/1396
f 1377/1377/1377 1349/1349/1349 1597/1597/1597
f 1379/1379/1379 1377/1377/1377 1374/1374/1374
f 1597/1597/1597 1344/1344/1344 1595/1595/1595
f 1378/1378/1378 1593/1593/1593 1594/1594/1594
f 1700/1700/1700 1698/1698/1698 1699/1699/1699
f 1703/1703/1703 1702/1702/1702 1880/1880/1880
f 1371/1371/1371 1380/1380/1380 1373/1373/1373
f 1380/1380/1380 1376/1376/1376 1382/1382/1382
f 1384/1384/1384 1387/1387/1387 1383/1383/1383
f 1386/1386/1386 1388/1388/1388 1384/1384/1384
f 1402/1402/1402 1397/1397/1397 1709/1709/1709
f 1396/1396/1396 1367/1367/1367 1394/1394/1394
f 1390/1390/1390 1383/1383/1383 1387/1387/1387
f 1371/1371/1371 1375/1375/1375 1388/1388/1388
f 1379/1379/1379 1698/1698/1698 1387/1387/1387
f 1629/1629/1629 1384/1384/1384 1383/1383/1383
f 1698/1698/1698 1379/1379/1379 1374/1374/1374
f 1385/1385/1385 1700/1700/1700 1701/1701/1701
f 1391/1391/1391 1383/1383/1383 1390/1390/1390
f 1439/1439/1439 1443/1443/1443 1435/1435/1435
f 1379/1379/1379 1387/1387/1387 1384/1384/1384
f 1385/1385/1385 1703/1703/1703 1390/1390/1390
f 1384/1384/1384 1388/1388/1388 1381/1381/1381
f 1388/1388/1388 1386/1386/1386 1857/1857/1857
f 1603/1603/1603 1606/1606/1606 1192/1192/1192
f 1601/1601/1601 1603/1603/1603 1189/1189/1189
f 1385/1385/1385 1390/1390/1390 1387/1387/1387
f 1391/1391/1391 1390/1390/1390 1389/1389/1389
f 1525/1525/1525 1537/1537/1537 1540/1540/1540
f 1391/1391/1391 1622/1622/1622 1629/1629/1629
f 1697/1697/1697 1360/1360/1360 1358/1358/1358
f 1350/1350/1350 1392/1392/1392 1366/1366/1366
f 1465/1465/1465 1463/1463/1463 1393/1393/1393
f 914/914/914 1393/1393/1393 1463/1463/1463
f 1704/1704/1704 1395/1395/1395 1396/1396/1396
f 1367/1367/1367 1393/1393/1393 1394/1394/1394
f 1707/1707/1707 1708/1708/1708 1366/1366/1366
f 1398/1398/1398 1395/1395/1395 1400/1400/1400
f 1704/1704/1704 1396/1396/1396 1394/1394/1394
f 1398/1398/1398 1396/1396/1396 1395/1395/1395
f 1709/1709/1709 1399/1399/1399 1401/1401/1401
f 1015/1015/1015 1507/1507/1507 1501/1501/1501
f 1705/1705/1705 1395/1395/1395 1704/1704/1704
f 1397/1397/1397 1476/1476/1476 1482/1482/1482
f 1697/1697/1697 1707/1707/1707 1366/1366/1366
f 1398/1398/1398 1400/1400/1400 1397/1397/1397
f 1401/1401/1401 1399/1399/1399 1707/1707/1707
f 1724/1724/1724 1721/1721/1721 1376/1376/1376
f 1544/1544/1544 1904/1904/1904 1543/1543/1543
f 1400/1400/1400 1709/1709/1709 1397/1397/1397
f 1503/1503/1503 1512/1512/1512 1514/1514/1514
f 1494/1494/1494 1478/1478/1478 1469/1469/1469
f 1335/1335/1335 1403/1403/1403 525/525/525
f 1339/1339/1339 1403/1403/1403 918/918/918
f 949/949/949 1404/1404/1404 630/630/630
f 942/942/942 941/941/941 1405/1405/1405
f 937/937/937 934/934/934 1405/1405/1405
f 938/938/938 1405/1405/1405 934/934/934
f 965/965/965 1409/1409/1409 1407/1407/1407
f 1406/1406/1406 1407/1407/1407 1408/1408/1408
f 1128/1128/1128 1410/1410/1410 1407/1407/1407
f 1406/1406/1406 1408/1408/1408 660/660/660
f 1410/1410/1410 1408/1408/1408 1407/1407/1407
f 1411/1411/1411 1408/1408/1408 1092/1092/1092
f 966/966/966 1409/1409/1409 965/965/965
f 1128/1128/1128 1409/1409/1409 962/962/962
f 1135/1135/1135 1410/1410/1410 1128/1128/1128
f 1408/1408/1408 1410/1410/1410 1092/1092/1092
f 1091/1091/1091 1411/1411/1411 1092/1092/1092
f 1710/1710/1710 662/662/662 663/663/663
f 661/661/661 1412/1412/1412 660/660/660
f 1413/1413/1413 1412/1412/1412 639/639/639
f 640/640/640 1413/1413/1413 639/639/639
f 1413/1413/1413 641/641/641 1940/1940/1940
f 960/960/960 1414/1414/1414 961/961/961
f 1559/1559/1559 1414/1414/1414 959/959/959
f 978/978/978 1415/1415/1415 621/621/621
f 1415/1415/1415 980/980/980 990/990/990
f 983/983/983 1416/1416/1416 977/977/977
f 1423/1423/1423 1416/1416/1416 982/982/982
f 1489/1489/1489 1487/1487/1487 703/703/703
f 1462/1462/1462 1464/1464/1464 1468/1468/1468
f 996/996/996 1418/1418/1418 988/988/988
f 1005/1005/1005 1418/1418/1418 1014/1014/1014
f 1718/1718/1718 1417/1417/1417 1491/1491/1491
f 1469/1469/1469 1476/1476/1476 1477/1477/1477
f 1497/1497/1497 1499/1499/1499 1495/1495/1495
f 1493/1493/1493 1511/1511/1511 1483/1483/1483
f 1527/1527/1527 1734/1734/1734 1546/1546/1546
f 1527/1527/1527 1420/1420/1420 1526/1526/1526
f 1009/1009/1009 1422/1422/1422 1008/1008/1008
f 1423/1423/1423 1422/1422/1422 997/997/997
f 1416/1416/1416 1423/1423/1423 997/997/997
f 996/996/996 1423/1423/1423 982/982/982
f 1017/1017/1017 1429/1429/1429 1426/1426/1426
f 1002/1002/1002 1019/1019/1019 1424/1424/1424
f 1425/1425/1425 1426/1426/1426 1427/1427/1427
f 1558/1558/1558 1562/1562/1562 1144/1144/1144
f 1017/1017/1017 1022/1022/1022 1429/1429/1429
f 1426/1426/1426 1425/1425/1425 1428/1428/1428
f 1439/1439/1439 1435/1435/1435 1438/1438/1438
f 1433/1433/1433 1432/1432/1432 1436/1436/1436
f 1569/1569/1569 1746/1746/1746 1434/1434/1434
f 1885/1885/1885 1428/1428/1428 1745/1745/1745
f 1023/1023/1023 1427/1427/1427 1429/1429/1429
f 1426/1426/1426 1429/1429/1429 1427/1427/1427
f 1570/1570/1570 1572/1572/1572 1567/1567/1567
f 1427/1427/1427 1023/1023/1023 1432/1432/1432
f 1437/1437/1437 1431/1431/1431 1436/1436/1436
f 1425/1425/1425 1433/1433/1433 1434/1434/1434
f 1439/1439/1439 1438/1438/1438 1432/1432/1432
f 1436/1436/1436 1432/1432/1432 1430/1430/1430
f 1432/1432/1432 1433/1433/1433 1427/1427/1427
f 1434/1434/1434 1433/1433/1433 1431/1431/1431
f 1431/1431/1431 1748/1748/1748 1747/1747/1747
f 1561/1561/1561 1566/1566/1566 1568/1568/1568
f 1928/1928/1928 1021/1021/1021 1447/1447/1447
f 1887/1887/1887 1678/1678/1678 1888/1888/1888
f 1436/1436/1436 1430/1430/1430 1713/1713/1713
f 1433/1433/1433 1436/1436/1436 1431/1431/1431
f 1442/1442/1442 1430/1430/1430 1438/1438/1438
f 1671/1671/1671 1652/1652/1652 1657/1657/1657
f 1439/1439/1439 1432/1432/1432 1023/1023/1023
f 1849/1849/1849 1440/1440/1440 1905/1905/1905
f 1023/1023/1023 1021/1021/1021 1439/1439/1439
f 1439/1439/1439 1445/1445/1445 1443/1443/1443
f 1443/1443/1443 1446/1446/1446 1435/1435/1435
f 1826/1826/1826 1827/1827/1827 1765/1765/1765
f 1420/1420/1420 1737/1737/1737 1515/1515/1515
f 1622/1622/1622 1616/1616/1616 1623/1623/1623
f 1905/1905/1905 1438/1438/1438 1435/1435/1435
f 1442/1442/1442 1440/1440/1440 1444/1444/1444
f 1445/1445/1445 1439/1439/1439 1021/1021/1021
f 1443/1443/1443 1441/1441/1441 1884/1884/1884
f 1811/1811/1811 1808/1808/1808 1810/1810/1810
f 1578/1578/1578 1573/1573/1573 1575/1575/1575
f 1021/1021/1021 1714/1714/1714 1447/1447/1447
f 1441/1441/1441 1443/1443/1443 1445/1445/1445
f 1515/1515/1515 1517/1517/1517 1420/1420/1420
f 1815/1815/1815 1837/1837/1837 1797/1797/1797
f 1526/1526/1526 1420/1420/1420 1517/1517/1517
f 1021/1021/1021 1928/1928/1928 1445/1445/1445
f 667/667/667 1448/1448/1448 696/696/696
f 29/29/29 1448/1448/1448 1027/1027/1027
f 683/683/683 1449/1449/1449 678/678/678
f 1031/1031/1031 1449/1449/1449 690/690/690
f 446/446/446 450/450/450 1450/1450/1450
f 1451/1451/1451 1450/1450/1450 450/450/450
f 1452/1452/1452 1451/1451/1451 450/450/450
f 1040/1040/1040 678/678/678 1451/1451/1451
f 1453/1453/1453 1452/1452/1452 450/450/450
f 1458/1458/1458 1452/1452/1452 717/717/717
f 141/141/141 1453/1453/1453 450/450/450
f 1041/1041/1041 1453/1453/1453 456/456/456
f 1455/1455/1455 1454/1454/1454 687/687/687
f 1456/1456/1456 1454/1454/1454 1033/1033/1033
f 687/687/687 680/680/680 1455/1455/1455
f 699/699/699 1455/1455/1455 680/680/680
f 1038/1038/1038 1456/1456/1456 1033/1033/1033
f 616/616/616 1456/1456/1456 611/611/611
f 698/698/698 1457/1457/1457 691/691/691
f 678/678/678 1040/1040/1040 1457/1457/1457
f 714/714/714 1040/1040/1040 1458/1458/1458
f 1452/1452/1452 1458/1458/1458 1040/1040/1040
f 1059/1059/1059 1459/1459/1459 1055/1055/1055
f 514/514/514 1459/1459/1459 513/513/513
f 1462/1462/1462 1460/1460/1460 516/516/516
f 1060/1060/1060 1460/1460/1460 1468/1468/1468
f 1471/1471/1471 1470/1470/1470 1465/1465/1465
f 1467/1467/1467 1466/1466/1466 1479/1479/1479
f 516/516/516 914/914/914 1463/1463/1463
f 1464/1464/1464 1462/1462/1462 1461/1461/1461
f 1465/1465/1465 1393/1393/1393 1367/1367/1367
f 1462/1462/1462 1463/1463/1463 1470/1470/1470
f 1472/1472/1472 1467/1467/1467 1464/1464/1464
f 1547/1547/1547 1468/1468/1468 1061/1061/1061
f 1475/1475/1475 1367/1367/1367 1482/1482/1482
f 1462/1462/1462 1470/1470/1470 1461/1461/1461
f 1716/1716/1716 1470/1470/1470 1471/1471/1471
f 1486/1486/1486 1480/1480/1480 1417/1417/1417
f 1480/1480/1480 1474/1474/1474 1479/1479/1479
f 1061/1061/1061 1467/1467/1467 1481/1481/1481
f 1462/1462/1462 1468/1468/1468 1460/1460/1460
f 1061/1061/1061 1468/1468/1468 1464/1464/1464
f 1397/1397/1397 1477/1477/1477 1476/1476/1476
f 1466/1466/1466 1472/1472/1472 1473/1473/1473
f 1463/1463/1463 1465/1465/1465 1470/1470/1470
f 1465/1465/1465 1475/1475/1475 1471/1471/1471
f 1471/1471/1471 1478/1478/1478 1473/1473/1473
f 1472/1472/1472 1461/1461/1461 1716/1716/1716
f 1461/1461/1461 1470/1470/1470 1716/1716/1716
f 1466/1466/1466 1467/1467/1467 1472/1472/1472
f 1478/1478/1478 1471/1471/1471 1469/1469/1469
f 1485/1485/1485 1419/1419/1419 1720/1720/1720
f 1489/1489/1489 1486/1486/1486 1487/1487/1487
f 1479/1479/1479 1481/1481/1481 1467/1467/1467
f 1482/1482/1482 1476/1476/1476 1475/1475/1475
f 1471/1471/1471 1475/1475/1475 1469/1469/1469
f 1477/1477/1477 1397/1397/1397 1402/1402/1402
f 1469/1469/1469 1475/1475/1475 1476/1476/1476
f 1493/1493/1493 1477/1477/1477 1402/1402/1402
f 1494/1494/1494 1504/1504/1504 1484/1484/1484
f 1477/1477/1477 1504/1504/1504 1494/1494/1494
f 1491/1491/1491 1720/1720/1720 1719/1719/1719
f 1479/1479/1479 1466/1466/1466 1480/1480/1480
f 1481/1481/1481 1479/1479/1479 1474/1474/1474
f 1492/1492/1492 1466/1466/1466 1473/1473/1473
f 1491/1491/1491 1719/1719/1719 1718/1718/1718
f 1474/1474/1474 1489/1489/1489 1502/1502/1502
f 1481/1481/1481 731/731/731 1061/1061/1061
f 1396/1396/1396 1482/1482/1482 1367/1367/1367
f 1397/1397/1397 1482/1482/1482 1398/1398/1398
f 1512/1512/1512 1511/1511/1511 1493/1493/1493
f 1506/1506/1506 1736/1736/1736 1501/1501/1501
f 1498/1498/1498 1496/1496/1496 1497/1497/1497
f 1495/1495/1495 1485/1485/1485 1478/1478/1478
f 1473/1473/1473 1478/1478/1478 1485/1485/1485
f 1478/1478/1478 1494/1494/1494 1495/1495/1495
f 1487/1487/1487 1486/1486/1486 1417/1417/1417
f 1474/1474/1474 1480/1480/1480 1486/1486/1486
f 1488/1488/1488 1487/1487/1487 1417/1417/1417
f 1938/1938/1938 1489/1489/1489 703/703/703
f 1488/1488/1488 1417/1417/1417 1490/1490/1490
f 705/705/705 706/706/706 1717/1717/1717
f 1489/1489/1489 727/727/727 1502/1502/1502
f 1486/1486/1486 1489/1489/1489 1474/1474/1474
f 1491/1491/1491 1417/1417/1417 1480/1480/1480
f 1004/1004/1004 1490/1490/1490 1718/1718/1718
f 1480/1480/1480 1466/1466/1466 1492/1492/1492
f 995/995/995 1719/1719/1719 1518/1518/1518
f 1485/1485/1485 1492/1492/1492 1473/1473/1473
f 1491/1491/1491 1480/1480/1480 1492/1492/1492
f 1511/1511/1511 1512/1512/1512 1503/1503/1503
f 1493/1493/1493 1483/1483/1483 1498/1498/1498
f 1477/1477/1477 1494/1494/1494 1469/1469/1469
f 1494/1494/1494 1484/1484/1484 1495/1495/1495
f 1497/1497/1497 1495/1495/1495 1484/1484/1484
f 1485/1485/1485 1495/1495/1495 1499/1499/1499
f 1496/1496/1496 1498/1498/1498 1500/1500/1500
f 1499/1499/1499 1501/1501/1501 1419/1419/1419
f 1498/1498/1498 1497/1497/1497 1484/1484/1484
f 1499/1499/1499 1497/1497/1497 1496/1496/1496
f 1498/1498/1498 1484/1484/1484 1504/1504/1504
f 1498/1498/1498 1483/1483/1483 1500/1500/1500
f 1501/1501/1501 1499/1499/1499 1496/1496/1496
f 1499/1499/1499 1419/1419/1419 1485/1485/1485
f 1722/1722/1722 1516/1516/1516 1500/1500/1500
f 1496/1496/1496 1506/1506/1506 1501/1501/1501
f 1496/1496/1496 1500/1500/1500 1506/1506/1506
f 1015/1015/1015 1005/1005/1005 1507/1507/1507
f 1508/1508/1508 1502/1502/1502 727/727/727
f 1481/1481/1481 1502/1502/1502 731/731/731
f 1627/1627/1627 1628/1628/1628 1857/1857/1857
f 1722/1722/1722 1511/1511/1511 1513/1513/1513
f 1477/1477/1477 1493/1493/1493 1504/1504/1504
f 1498/1498/1498 1504/1504/1504 1493/1493/1493
f 1521/1521/1521 1524/1524/1524 1519/1519/1519
f 1715/1715/1715 1733/1733/1733 1447/1447/1447
f 1515/1515/1515 1506/1506/1506 1500/1500/1500
f 1737/1737/1737 1506/1506/1506 1515/1515/1515
f 1005/1005/1005 1006/1006/1006 1518/1518/1518
f 1419/1419/1419 1501/1501/1501 1507/1507/1507
f 1508/1508/1508 727/727/727 1046/1046/1046
f 1509/1509/1509 1508/1508/1508 724/724/724
f 730/730/730 1509/1509/1509 724/724/724
f 731/731/731 1502/1502/1502 1509/1509/1509
f 1057/1057/1057 1510/1510/1510 729/729/729
f 731/731/731 1509/1509/1509 1510/1510/1510
f 1512/1512/1512 1493/1493/1493 1402/1402/1402
f 1513/1513/1513 1511/1511/1511 1503/1503/1503
f 1709/1709/1709 1512/1512/1512 1402/1402/1402
f 1514/1514/1514 1512/1512/1512 1401/1401/1401
f 1530/1530/1530 1521/1521/1521 1513/1513/1513
f 1517/1517/1517 1516/1516/1516 1505/1505/1505
f 1721/1721/1721 1514/1514/1514 1401/1401/1401
f 1536/1536/1536 1538/1538/1538 1908/1908/1908
f 1516/1516/1516 1515/1515/1515 1500/1500/1500
f 1515/1515/1515 1516/1516/1516 1517/1517/1517
f 1722/1722/1722 1500/1500/1500 1483/1483/1483
f 1513/1513/1513 1505/1505/1505 1516/1516/1516
f 1523/1523/1523 1517/1517/1517 1505/1505/1505
f 1726/1726/1726 1545/1545/1545 1733/1733/1733
f 995/995/995 1718/1718/1718 1719/1719/1719
f 1419/1419/1419 1507/1507/1507 1518/1518/1518
f 1536/1536/1536 1533/1533/1533 1519/1519/1519
f 1731/1731/1731 1884/1884/1884 1883/1883/1883
f 1505/1505/1505 1531/1531/1531 1523/1523/1523
f 1523/1523/1523 1531/1531/1531 1520/1520/1520
f 1503/1503/1503 1723/1723/1723 1530/1530/1530
f 1521/1521/1521 1519/1519/1519 1532/1532/1532
f 1529/1529/1529 1729/1729/1729 1528/1528/1528
f 1013/1013/1013 1711/1711/1711 1726/1726/1726
f 1521/1521/1521 1532/1532/1532 1531/1531/1531
f 1528/1528/1528 1523/1523/1523 1520/1520/1520
f 1503/1503/1503 1514/1514/1514 1723/1723/1723
f 1514/1514/1514 1724/1724/1724 1723/1723/1723
f 1525/1525/1525 1532/1532/1532 1533/1533/1533
f 1525/1525/1525 1533/1533/1533 1537/1537/1537
f 1523/1523/1523 1526/1526/1526 1517/1517/1517
f 1527/1527/1527 1526/1526/1526 1522/1522/1522
f 1527/1527/1527 1522/1522/1522 1545/1545/1545
f 1712/1712/1712 1546/1546/1546 1734/1734/1734
f 1529/1529/1529 1528/1528/1528 1520/1520/1520
f 1526/1526/1526 1528/1528/1528 1522/1522/1522
f 1540/1540/1540 1542/1542/1542 1520/1520/1520
f 1731/1731/1731 1883/1883/1883 1730/1730/1730
f 1503/1503/1503 1530/1530/1530 1513/1513/1513
f 1524/1524/1524 1521/1521/1521 1530/1530/1530
f 1521/1521/1521 1531/1531/1531 1505/1505/1505
f 1520/1520/1520 1531/1531/1531 1525/1525/1525
f 1533/1533/1533 1532/1532/1532 1519/1519/1519
f 1531/1531/1531 1532/1532/1532 1525/1525/1525
f 1727/1727/1727 1536/1536/1536 1519/1519/1519
f 1520/1520/1520 1542/1542/1542 1529/1529/1529
f 1602/1602/1602 1607/1607/1607 1599/1599/1599
f 1776/1776/1776 1625/1625/1625 1183/1183/1183
f 1536/1536/1536 1534/1534/1534 1539/1539/1539
f 1535/1535/1535 1537/1537/1537 1539/1539/1539
f 1727/1727/1727 1519/1519/1519 1524/1524/1524
f 1537/1537/1537 1533/1533/1533 1539/1539/1539
f 1539/1539/1539 1533/1533/1533 1536/1536/1536
f 1540/1540/1540 1537/1537/1537 1535/1535/1535
f 1728/1728/1728 1723/1723/1723 1724/1724/1724
f 1882/1882/1882 1628/1628/1628 1725/1725/1725
f 1616/1616/1616 1612/1612/1612 1604/1604/1604
f 1869/1869/1869 1840/1840/1840 1848/1848/1848
f 1540/1540/1540 1535/1535/1535 1543/1543/1543
f 1525/1525/1525 1540/1540/1540 1520/1520/1520
f 1535/1535/1535 1539/1539/1539 1863/1863/1863
f 1446/1446/1446 1443/1443/1443 1884/1884/1884
f 1543/1543/1543 1542/1542/1542 1540/1540/1540
f 1732/1732/1732 1542/1542/1542 1541/1541/1541
f 1544/1544/1544 1543/1543/1543 1535/1535/1535
f 1542/1542/1542 1543/1543/1543 1541/1541/1541
f 1893/1893/1893 1611/1611/1611 1619/1619/1619
f 1820/1820/1820 1764/1764/1764 1819/1819/1819
f 1522/1522/1522 1729/1729/1729 1545/1545/1545
f 1545/1545/1545 1729/1729/1729 1730/1730/1730
f 1546/1546/1546 988/988/988 1735/1735/1735
f 1420/1420/1420 1527/1527/1527 1546/1546/1546
f 1468/1468/1468 1547/1547/1547 1060/1060/1060
f 731/731/731 1547/1547/1547 1061/1061/1061
f 1064/1064/1064 1548/1548/1548 739/739/739
f 781/781/781 1548/1548/1548 1065/1065/1065
f 799/799/799 1549/1549/1549 797/797/797
f 800/800/800 1072/1072/1072 1549/1549/1549
f 800/800/800 1549/1549/1549 1550/1550/1550
f 799/799/799 1550/1550/1550 1549/1549/1549
f 779/779/779 1551/1551/1551 1103/1103/1103
f 776/776/776 1105/1105/1105 1551/1551/1551
f 1105/1105/1105 1552/1552/1552 1112/1112/1112
f 1552/1552/1552 776/776/776 1553/1553/1553
f 778/778/778 1553/1553/1553 776/776/776
f 1553/1553/1553 771/771/771 1090/1090/1090
f 1555/1555/1555 1089/1089/1089 1092/1092/1092
f 1127/1127/1127 1552/1552/1552 1554/1554/1554
f 1555/1555/1555 1092/1092/1092 1410/1410/1410
f 1127/1127/1127 1554/1554/1554 1555/1555/1555
f 1138/1138/1138 1556/1556/1556 1137/1137/1137
f 971/971/971 1556/1556/1556 969/969/969
f 971/971/971 1414/1414/1414 1559/1559/1559
f 1145/1145/1145 1557/1557/1557 1144/1144/1144
f 960/960/960 1738/1738/1738 959/959/959
f 1561/1561/1561 1562/1562/1562 1563/1563/1563
f 959/959/959 1558/1558/1558 1559/1559/1559
f 1557/1557/1557 1559/1559/1559 1558/1558/1558
f 1740/1740/1740 1565/1565/1565 1560/1560/1560
f 1564/1564/1564 1562/1562/1562 1561/1561/1561
f 1563/1563/1563 1565/1565/1565 1566/1566/1566
f 1563/1563/1563 1566/1566/1566 1561/1561/1561
f 1563/1563/1563 1562/1562/1562 1558/1558/1558
f 1561/1561/1561 1589/1589/1589 1564/1564/1564
f 1558/1558/1558 1560/1560/1560 1563/1563/1563
f 1565/1565/1565 1563/1563/1563 1560/1560/1560
f 1146/1146/1146 1147/1147/1147 1739/1739/1739
f 1144/1144/1144 1562/1562/1562 1564/1564/1564
f 1560/1560/1560 954/954/954 1740/1740/1740
f 1570/1570/1570 1569/1569/1569 1434/1434/1434
f 1565/1565/1565 1885/1885/1885 1745/1745/1745
f 1567/1567/1567 1568/1568/1568 1569/1569/1569
f 1570/1570/1570 1434/1434/1434 1747/1747/1747
f 1567/1567/1567 1572/1572/1572 1574/1574/1574
f 1568/1568/1568 1566/1566/1566 1569/1569/1569
f 1568/1568/1568 1567/1567/1567 1589/1589/1589
f 1745/1745/1745 1566/1566/1566 1565/1565/1565
f 1746/1746/1746 1425/1425/1425 1434/1434/1434
f 1434/1434/1434 1431/1431/1431 1747/1747/1747
f 1567/1567/1567 1569/1569/1569 1570/1570/1570
f 1886/1886/1886 1578/1578/1578 1575/1575/1575
f 1588/1588/1588 1589/1589/1589 1574/1574/1574
f 1572/1572/1572 1571/1571/1571 1575/1575/1575
f 1572/1572/1572 1575/1575/1575 1577/1577/1577
f 1750/1750/1750 1754/1754/1754 1751/1751/1751
f 1878/1878/1878 1691/1691/1691 1879/1879/1879
f 1768/1768/1768 1581/1581/1581 1577/1577/1577
f 1585/1585/1585 1147/1147/1147 1146/1146/1146
f 1749/1749/1749 1886/1886/1886 1748/1748/1748
f 1577/1577/1577 1575/1575/1575 1573/1573/1573
f 1752/1752/1752 1583/1583/1583 1751/1751/1751
f 1314/1314/1314 1695/1695/1695 1660/1660/1660
f 1573/1573/1573 1768/1768/1768 1577/1577/1577
f 1572/1572/1572 1577/1577/1577 1574/1574/1574
f 1886/1886/1886 1575/1575/1575 1571/1571/1571
f 1583/1583/1583 1582/1582/1582 1578/1578/1578
f 1584/1584/1584 1768/1768/1768 1582/1582/1582
f 1296/1296/1296 1767/1767/1767 1298/1298/1298
f 1583/1583/1583 1580/1580/1580 1582/1582/1582
f 1657/1657/1657 1652/1652/1652 1285/1285/1285
f 1767/1767/1767 1581/1581/1581 1579/1579/1579
f 1590/1590/1590 1296/1296/1296 1297/1297/1297
f 1583/1583/1583 1578/1578/1578 1576/1576/1576
f 1582/1582/1582 1580/1580/1580 1584/1584/1584
f 1750/1750/1750 1751/1751/1751 1749/1749/1749
f 1576/1576/1576 1751/1751/1751 1583/1583/1583
f 1580/1580/1580 1915/1915/1915 1584/1584/1584
f 1579/1579/1579 1584/1584/1584 1769/1769/1769
f 1574/1574/1574 1581/1581/1581 1585/1585/1585
f 1296/1296/1296 1585/1585/1585 1581/1581/1581
f 1889/1889/1889 1440/1440/1440 1900/1900/1900
f 1583/1583/1583 1587/1587/1587 1580/1580/1580
f 1679/1679/1679 1674/1674/1674 1681/1681/1681
f 1669/1669/1669 1321/1321/1321 1874/1874/1874
f 1589/1589/1589 1588/1588/1588 1146/1146/1146
f 1574/1574/1574 1585/1585/1585 1588/1588/1588
f 1146/1146/1146 1564/1564/1564 1589/1589/1589
f 1574/1574/1574 1589/1589/1589 1567/1567/1567
f 1147/1147/1147 1585/1585/1585 1590/1590/1590
f 1296/1296/1296 1590/1590/1590 1585/1585/1585
f 84/84/84 83/83/83 1164/1164/1164
f 1167/1167/1167 1164/1164/1164 83/83/83
f 802/802/802 1164/1164/1164 1591/1591/1591
f 1164/1164/1164 1167/1167/1167 1592/1592/1592
f 803/803/803 1593/1593/1593 1592/1592/1592
f 1595/1595/1595 1593/1593/1593 1378/1378/1378
f 1594/1594/1594 1593/1593/1593 803/803/803
f 1378/1378/1378 1597/1597/1597 1595/1595/1595
f 1632/1632/1632 1594/1594/1594 803/803/803
f 1211/1211/1211 1209/1209/1209 1596/1596/1596
f 1344/1344/1344 1598/1598/1598 1595/1595/1595
f 1595/1595/1595 1598/1598/1598 1770/1770/1770
f 1699/1699/1699 1596/1596/1596 1209/1209/1209
f 1378/1378/1378 1596/1596/1596 1374/1374/1374
f 1377/1377/1377 1597/1597/1597 1378/1378/1378
f 1344/1344/1344 1597/1597/1597 1349/1349/1349
f 1344/1344/1344 1346/1346/1346 1771/1771/1771
f 1770/1770/1770 1598/1598/1598 252/252/252
f 1599/1599/1599 1601/1601/1601 1602/1602/1602
f 1607/1607/1607 1609/1609/1609 1599/1599/1599
f 1775/1775/1775 1197/1197/1197 1183/1183/1183
f 1601/1601/1601 1600/1600/1600 1207/1207/1207
f 1602/1602/1602 1601/1601/1601 1207/1207/1207
f 1603/1603/1603 1192/1192/1192 1191/1191/1191
f 1625/1625/1625 1610/1610/1610 1774/1774/1774
f 1614/1614/1614 1612/1612/1612 1391/1391/1391
f 1601/1601/1601 1599/1599/1599 1603/1603/1603
f 1606/1606/1606 1603/1603/1603 1599/1599/1599
f 1607/1607/1607 1608/1608/1608 1604/1604/1604
f 1604/1604/1604 1608/1608/1608 1613/1613/1613
f 1181/1181/1181 1777/1777/1777 1776/1776/1776
f 1793/1793/1793 1862/1862/1862 1865/1865/1865
f 1599/1599/1599 1609/1609/1609 1618/1618/1618
f 1188/1188/1188 1192/1192/1192 1606/1606/1606
f 1608/1608/1608 1607/1607/1607 1602/1602/1602
f 1609/1609/1609 1607/1607/1607 1604/1604/1604
f 1602/1602/1602 1610/1610/1610 1608/1608/1608
f 1619/1619/1619 1611/1611/1611 1613/1613/1613
f 1612/1612/1612 1609/1609/1609 1604/1604/1604
f 1609/1609/1609 1612/1612/1612 1614/1614/1614
f 1774/1774/1774 1602/1602/1602 1207/1207/1207
f 1605/1605/1605 1891/1891/1891 1626/1626/1626
f 1619/1619/1619 1608/1608/1608 1626/1626/1626
f 1622/1622/1622 1391/1391/1391 1616/1616/1616
f 1616/1616/1616 1604/1604/1604 1613/1613/1613
f 1614/1614/1614 1391/1391/1391 1389/1389/1389
f 1608/1608/1608 1610/1610/1610 1626/1626/1626
f 1616/1616/1616 1613/1613/1613 1611/1611/1611
f 1703/1703/1703 1389/1389/1389 1390/1390/1390
f 1609/1609/1609 1614/1614/1614 1618/1618/1618
f 1891/1891/1891 1782/1782/1782 1892/1892/1892
f 1624/1624/1624 1621/1621/1621 1623/1623/1623
f 1616/1616/1616 1611/1611/1611 1623/1623/1623
f 1612/1612/1612 1616/1616/1616 1391/1391/1391
f 1772/1772/1772 1617/1617/1617 1880/1880/1880
f 1773/1773/1773 1606/1606/1606 1618/1618/1618
f 1614/1614/1614 1617/1617/1617 1618/1618/1618
f 1773/1773/1773 1617/1617/1617 1772/1772/1772
f 1608/1608/1608 1619/1619/1619 1613/1613/1613
f 1615/1615/1615 1892/1892/1892 1893/1893/1893
f 1782/1782/1782 1891/1891/1891 1780/1780/1780
f 1630/1630/1630 1859/1859/1859 1534/1534/1534
f 1611/1611/1611 1624/1624/1624 1623/1623/1623
f 1909/1909/1909 1858/1858/1858 1908/1908/1908
f 1621/1621/1621 1627/1627/1627 1622/1622/1622
f 1627/1627/1627 1386/1386/1386 1629/1629/1629
f 1611/1611/1611 1893/1893/1893 1624/1624/1624
f 1622/1622/1622 1623/1623/1623 1621/1621/1621
f 1912/1912/1912 1624/1624/1624 1620/1620/1620
f 1858/1858/1858 1910/1910/1910 1911/1911/1911
f 1776/1776/1776 1183/1183/1183 1181/1181/1181
f 1605/1605/1605 1610/1610/1610 1625/1625/1625
f 1605/1605/1605 1626/1626/1626 1610/1610/1610
f 1619/1619/1619 1626/1626/1626 1615/1615/1615
f 1627/1627/1627 1621/1621/1621 1628/1628/1628
f 1386/1386/1386 1384/1384/1384 1629/1629/1629
f 1630/1630/1630 1534/1534/1534 1911/1911/1911
f 1725/1725/1725 1724/1724/1724 1376/1376/1376
f 1391/1391/1391 1629/1629/1629 1383/1383/1383
f 1622/1622/1622 1627/1627/1627 1629/1629/1629
f 1859/1859/1859 1630/1630/1630 1912/1912/1912
f 1534/1534/1534 1908/1908/1908 1858/1858/1858
f 1211/1211/1211 1631/1631/1631 1212/1212/1212
f 1216/1216/1216 1631/1631/1631 1213/1213/1213
f 1167/1167/1167 1632/1632/1632 803/803/803
f 1631/1631/1631 1632/1632/1632 1213/1213/1213
f 81/81/81 1633/1633/1633 82/82/82
f 1632/1632/1632 1633/1633/1633 1213/1213/1213
f 826/826/826 310/310/310 1634/1634/1634
f 253/253/253 1634/1634/1634 310/310/310
f 1682/1682/1682 1680/1680/1680 1907/1907/1907
f 1679/1679/1679 1681/1681/1681 838/838/838
f 1235/1235/1235 1636/1636/1636 1232/1232/1232
f 1238/1238/1238 1636/1636/1636 1241/1241/1241
f 1800/1800/1800 1798/1798/1798 1242/1242/1242
f 1781/1781/1781 1780/1780/1780 1778/1778/1778
f 1176/1176/1176 1172/1172/1172 1638/1638/1638
f 1638/1638/1638 1172/1172/1172 1245/1245/1245
f 98/98/98 1248/1248/1248 1639/1639/1639
f 1247/1247/1247 1639/1639/1639 1248/1248/1248
f 1311/1311/1311 1640/1640/1640 845/845/845
f 1641/1641/1641 1640/1640/1640 886/886/886
f 1642/1642/1642 1641/1641/1641 886/886/886
f 1251/1251/1251 1641/1641/1641 885/885/885
f 1310/1310/1310 1642/1642/1642 886/886/886
f 1642/1642/1642 410/410/410 1643/1643/1643
f 1644/1644/1644 1643/1643/1643 410/410/410
f 1647/1647/1647 1643/1643/1643 1259/1259/1259
f 411/411/411 1644/1644/1644 410/410/410
f 1645/1645/1645 1644/1644/1644 400/400/400
f 400/400/400 1648/1648/1648 1646/1646/1646
f 1684/1684/1684 1875/1875/1875 1261/1261/1261
f 1286/1286/1286 1690/1690/1690 1649/1649/1649
f 1261/1261/1261 1645/1645/1645 1646/1646/1646
f 1309/1309/1309 1647/1647/1647 1259/1259/1259
f 1642/1642/1642 1647/1647/1647 885/885/885
f 411/411/411 1648/1648/1648 400/400/400
f 1648/1648/1648 414/414/414 1689/1689/1689
f 1289/1289/1289 1651/1651/1651 1649/1649/1649
f 1261/1261/1261 1646/1646/1646 1649/1649/1649
f 1651/1651/1651 1289/1289/1289 1652/1652/1652
f 1651/1651/1651 1652/1652/1652 1650/1650/1650
f 1652/1652/1652 1289/1289/1289 1285/1285/1285
f 1653/1653/1653 1651/1651/1651 1650/1650/1650
f 1285/1285/1285 1659/1659/1659 1657/1657/1657
f 1324/1324/1324 1658/1658/1658 1660/1660/1660
f 1655/1655/1655 1653/1653/1653 1650/1650/1650
f 1653/1653/1653 1262/1262/1262 1656/1656/1656
f 1587/1587/1587 1918/1918/1918 1916/1916/1916
f 1665/1665/1665 1314/1314/1314 1660/1660/1660
f 1658/1658/1658 1655/1655/1655 1650/1650/1650
f 1872/1872/1872 1324/1324/1324 1256/1256/1256
f 1684/1684/1684 1656/1656/1656 1262/1262/1262
f 1649/1649/1649 1656/1656/1656 1261/1261/1261
f 1659/1659/1659 1285/1285/1285 1873/1873/1873
f 1663/1663/1663 1933/1933/1933 1662/1662/1662
f 1671/1671/1671 1670/1670/1670 1652/1652/1652
f 1662/1662/1662 1660/1660/1660 1658/1658/1658
f 1288/1288/1288 1290/1290/1290 1876/1876/1876
f 1878/1878/1878 1879/1879/1879 1659/1659/1659
f 1658/1658/1658 1670/1670/1670 1662/1662/1662
f 1665/1665/1665 1662/1662/1662 1667/1667/1667
f 1921/1921/1921 1926/1926/1926 1927/1927/1927
f 1664/1664/1664 1667/1667/1667 1668/1668/1668
f 1650/1650/1650 1670/1670/1670 1658/1658/1658
f 1662/1662/1662 1661/1661/1661 1667/1667/1667
f 1654/1654/1654 1663/1663/1663 1671/1671/1671
f 1654/1654/1654 1922/1922/1922 1933/1933/1933
f 1919/1919/1919 1920/1920/1920 1921/1921/1921
f 1666/1666/1666 1318/1318/1318 1314/1314/1314
f 1662/1662/1662 1665/1665/1665 1660/1660/1660
f 1665/1665/1665 1664/1664/1664 1666/1666/1666
f 1669/1669/1669 1666/1666/1666 1664/1664/1664
f 1315/1315/1315 1874/1874/1874 1321/1321/1321
f 1667/1667/1667 1661/1661/1661 1932/1932/1932
f 1665/1665/1665 1667/1667/1667 1664/1664/1664
f 1675/1675/1675 1677/1677/1677 1673/1673/1673
f 1679/1679/1679 1669/1669/1669 1674/1674/1674
f 1668/1668/1668 1672/1672/1672 1664/1664/1664
f 1669/1669/1669 1664/1664/1664 1672/1672/1672
f 1652/1652/1652 1670/1670/1670 1650/1650/1650
f 1662/1662/1662 1670/1670/1670 1663/1663/1663
f 1654/1654/1654 1671/1671/1671 1657/1657/1657
f 1670/1670/1670 1671/1671/1671 1663/1663/1663
f 1675/1675/1675 1672/1672/1672 1668/1668/1668
f 1669/1669/1669 1672/1672/1672 1674/1674/1674
f 1918/1918/1918 1919/1919/1919 1921/1921/1921
f 1677/1677/1677 1888/1888/1888 1930/1930/1930
f 1675/1675/1675 1674/1674/1674 1672/1672/1672
f 1681/1681/1681 1673/1673/1673 1680/1680/1680
f 1931/1931/1931 1677/1677/1677 1675/1675/1675
f 1674/1674/1674 1675/1675/1675 1673/1673/1673
f 1920/1920/1920 1919/1919/1919 1676/1676/1676
f 1586/1586/1586 1755/1755/1755 1757/1757/1757
f 1931/1931/1931 1675/1675/1675 1668/1668/1668
f 1676/1676/1676 1887/1887/1887 1888/1888/1888
f 1751/1751/1751 1754/1754/1754 1586/1586/1586
f 1844/1844/1844 1845/1845/1845 1831/1831/1831
f 1694/1694/1694 1679/1679/1679 838/838/838
f 1669/1669/1669 1679/1679/1679 1321/1321/1321
f 1906/1906/1906 1929/1929/1929 1853/1853/1853
f 1854/1854/1854 1683/1683/1683 1852/1852/1852
f 1673/1673/1673 1681/1681/1681 1674/1674/1674
f 1682/1682/1682 1681/1681/1681 1680/1680/1680
f 1683/1683/1683 1907/1907/1907 1680/1680/1680
f 833/833/833 838/838/838 1682/1682/1682
f 1901/1901/1901 1827/1827/1827 1929/1929/1929
f 1901/1901/1901 1765/1765/1765 1827/1827/1827
f 1875/1875/1875 1260/1260/1260 1259/1259/1259
f 1656/1656/1656 1684/1684/1684 1261/1261/1261
f 1685/1685/1685 1256/1256/1256 1323/1323/1323
f 847/847/847 1262/1262/1262 1685/1685/1685
f 1272/1272/1272 1686/1686/1686 1270/1270/1270
f 1687/1687/1687 1686/1686/1686 1276/1276/1276
f 1292/1292/1292 1687/1687/1687 1276/1276/1276
f 1268/1268/1268 1687/1687/1687 1291/1291/1291
f 1279/1279/1279 1688/1688/1688 380/380/380
f 1689/1689/1689 1688/1688/1688 1281/1281/1281
f 1284/1284/1284 1689/1689/1689 1281/1281/1281
f 1648/1648/1648 1689/1689/1689 1286/1286/1286
f 1689/1689/1689 1690/1690/1690 1286/1286/1286
f 1287/1287/1287 1690/1690/1690 1284/1284/1284
f 1298/1298/1298 1767/1767/1767 1769/1769/1769
f 1876/1876/1876 1878/1878/1878 1288/1288/1288
f 902/902/902 1692/1692/1692 438/438/438
f 391/391/391 1692/1692/1692 392/392/392
f 421/421/421 1693/1693/1693 423/423/423
f 1317/1317/1317 1693/1693/1693 416/416/416
f 837/837/837 1694/1694/1694 838/838/838
f 1320/1320/1320 1694/1694/1694 836/836/836
f 1316/1316/1316 1695/1695/1695 1314/1314/1314
f 1322/1322/1322 1324/1324/1324 1695/1695/1695
f 1354/1354/1354 1696/1696/1696 1351/1351/1351
f 1696/1696/1696 1355/1355/1355 1704/1704/1704
f 1392/1392/1392 1697/1697/1697 1366/1366/1366
f 1380/1380/1380 1697/1697/1697 1358/1358/1358
f 1374/1374/1374 1596/1596/1596 1699/1699/1699
f 1387/1387/1387 1698/1698/1698 1385/1385/1385
f 1700/1700/1700 1699/1699/1699 1209/1209/1209
f 1374/1374/1374 1699/1699/1699 1698/1698/1698
f 1209/1209/1209 1200/1200/1200 1700/1700/1700
f 1701/1701/1701 1700/1700/1700 1200/1200/1200
f 1200/1200/1200 1702/1702/1702 1701/1701/1701
f 1389/1389/1389 1703/1703/1703 1880/1880/1880
f 1702/1702/1702 1200/1200/1200 1201/1201/1201
f 1195/1195/1195 1772/1772/1772 1880/1880/1880
f 1385/1385/1385 1701/1701/1701 1703/1703/1703
f 1702/1702/1702 1703/1703/1703 1701/1701/1701
f 1696/1696/1696 1704/1704/1704 1334/1334/1334
f 1705/1705/1705 1704/1704/1704 1355/1355/1355
f 1706/1706/1706 1705/1705/1705 1355/1355/1355
f 1400/1400/1400 1705/1705/1705 1399/1399/1399
f 1354/1354/1354 1706/1706/1706 1355/1355/1355
f 1708/1708/1708 1350/1350/1350 1366/1366/1366
f 1707/1707/1707 1382/1382/1382 1721/1721/1721
f 1708/1708/1708 1707/1707/1707 1399/1399/1399
f 1705/1705/1705 1708/1708/1708 1399/1399/1399
f 1708/1708/1708 1706/1706/1706 1350/1350/1350
f 1399/1399/1399 1709/1709/1709 1400/1400/1400
f 1512/1512/1512 1709/1709/1709 1401/1401/1401
f 661/661/661 1710/1710/1710 663/663/663
f 1408/1408/1408 1710/1710/1710 660/660/660
f 1013/1013/1013 1715/1715/1715 1881/1881/1881
f 1016/1016/1016 1711/1711/1711 1008/1008/1008
f 1546/1546/1546 1712/1712/1712 988/988/988
f 1711/1711/1711 1712/1712/1712 1421/1421/1421
f 1436/1436/1436 1713/1713/1713 1437/1437/1437
f 1442/1442/1442 1713/1713/1713 1430/1430/1430
f 1022/1022/1022 1714/1714/1714 1021/1021/1021
f 1715/1715/1715 1714/1714/1714 1010/1010/1010
f 1881/1881/1881 1010/1010/1010 1012/1012/1012
f 1715/1715/1715 1013/1013/1013 1733/1733/1733
f 1471/1471/1471 1473/1473/1473 1716/1716/1716
f 1472/1472/1472 1716/1716/1716 1473/1473/1473
f 1487/1487/1487 1717/1717/1717 703/703/703
f 705/705/705 1717/1717/1717 1488/1488/1488
f 1004/1004/1004 1718/1718/1718 995/995/995
f 1417/1417/1417 1718/1718/1718 1490/1490/1490
f 1720/1720/1720 1491/1491/1491 1492/1492/1492
f 1419/1419/1419 1518/1518/1518 1719/1719/1719
f 1485/1485/1485 1720/1720/1720 1492/1492/1492
f 1419/1419/1419 1719/1719/1719 1720/1720/1720
f 1707/1707/1707 1721/1721/1721 1401/1401/1401
f 1376/1376/1376 1721/1721/1721 1382/1382/1382
f 1511/1511/1511 1722/1722/1722 1483/1483/1483
f 1513/1513/1513 1516/1516/1516 1722/1722/1722
f 1514/1514/1514 1721/1721/1721 1724/1724/1724
f 1530/1530/1530 1723/1723/1723 1524/1524/1524
f 1376/1376/1376 1882/1882/1882 1725/1725/1725
f 1728/1728/1728 1538/1538/1538 1727/1727/1727
f 1909/1909/1909 1628/1628/1628 1858/1858/1858
f 1725/1725/1725 1909/1909/1909 1728/1728/1728
f 1734/1734/1734 1726/1726/1726 1421/1421/1421
f 1545/1545/1545 1726/1726/1726 1527/1527/1527
f 1728/1728/1728 1727/1727/1727 1524/1524/1524
f 1536/1536/1536 1727/1727/1727 1538/1538/1538
f 1723/1723/1723 1728/1728/1728 1524/1524/1524
f 1725/1725/1725 1728/1728/1728 1724/1724/1724
f 1528/1528/1528 1729/1729/1729 1522/1522/1522
f 1730/1730/1730 1729/1729/1729 1529/1529/1529
f 1730/1730/1730 1529/1529/1529 1731/1731/1731
f 1733/1733/1733 1730/1730/1730 1447/1447/1447
f 1732/1732/1732 1529/1529/1529 1542/1542/1542
f 1732/1732/1732 1903/1903/1903 1731/1731/1731
f 1903/1903/1903 1732/1732/1732 1541/1541/1541
f 1529/1529/1529 1732/1732/1732 1731/1731/1731
f 1726/1726/1726 1733/1733/1733 1013/1013/1013
f 1730/1730/1730 1733/1733/1733 1545/1545/1545
f 1726/1726/1726 1734/1734/1734 1527/1527/1527
f 1712/1712/1712 1734/1734/1734 1421/1421/1421
f 1418/1418/1418 1735/1735/1735 988/988/988
f 1736/1736/1736 1735/1735/1735 1015/1015/1015
f 1501/1501/1501 1736/1736/1736 1015/1015/1015
f 1736/1736/1736 1506/1506/1506 1737/1737/1737
f 1420/1420/1420 1546/1546/1546 1737/1737/1737
f 1737/1737/1737 1546/1546/1546 1735/1735/1735
f 954/954/954 1560/1560/1560 1738/1738/1738
f 959/959/959 1738/1738/1738 1560/1560/1560
f 1144/1144/1144 1739/1739/1739 1145/1145/1145
f 1146/1146/1146 1739/1739/1739 1564/1564/1564
f 954/954/954 1741/1741/1741 1740/1740/1740
f 1741/1741/1741 999/999/999 1743/1743/1743
f 1742/1742/1742 1741/1741/1741 954/954/954
f 999/999/999 1001/1001/1001 1743/1743/1743
f 956/956/956 1742/1742/1742 954/954/954
f 1744/1744/1744 1742/1742/1742 948/948/948
f 1002/1002/1002 1428/1428/1428 1885/1885/1885
f 1740/1740/1740 1741/1741/1741 1743/1743/1743
f 949/949/949 1744/1744/1744 948/948/948
f 1744/1744/1744 946/946/946 1000/1000/1000
f 1746/1746/1746 1428/1428/1428 1425/1425/1425
f 1566/1566/1566 1745/1745/1745 1569/1569/1569
f 1569/1569/1569 1745/1745/1745 1746/1746/1746
f 1428/1428/1428 1746/1746/1746 1745/1745/1745
f 1748/1748/1748 1431/1431/1431 1437/1437/1437
f 1747/1747/1747 1571/1571/1571 1572/1572/1572
f 1749/1749/1749 1748/1748/1748 1437/1437/1437
f 1571/1571/1571 1747/1747/1747 1748/1748/1748
f 1749/1749/1749 1437/1437/1437 1750/1750/1750
f 1576/1576/1576 1578/1578/1578 1886/1886/1886
f 1437/1437/1437 1444/1444/1444 1750/1750/1750
f 1754/1754/1754 1444/1444/1444 1753/1753/1753
f 1751/1751/1751 1586/1586/1586 1752/1752/1752
f 1749/1749/1749 1751/1751/1751 1576/1576/1576
f 1757/1757/1757 1752/1752/1752 1586/1586/1586
f 1587/1587/1587 1583/1583/1583 1752/1752/1752
f 1764/1764/1764 1756/1756/1756 1758/1758/1758
f 1586/1586/1586 1754/1754/1754 1755/1755/1755
f 1444/1444/1444 1754/1754/1754 1750/1750/1750
f 1755/1755/1755 1754/1754/1754 1753/1753/1753
f 1758/1758/1758 1755/1755/1755 1753/1753/1753
f 1757/1757/1757 1587/1587/1587 1752/1752/1752
f 1753/1753/1753 1889/1889/1889 1764/1764/1764
f 1834/1834/1834 1811/1811/1811 1830/1830/1830
f 1762/1762/1762 1757/1757/1757 1755/1755/1755
f 1887/1887/1887 1759/1759/1759 1678/1678/1678
f 1753/1753/1753 1444/1444/1444 1889/1889/1889
f 1765/1765/1765 1759/1759/1759 1763/1763/1763
f 1762/1762/1762 1755/1755/1755 1763/1763/1763
f 1756/1756/1756 1763/1763/1763 1758/1758/1758
f 1587/1587/1587 1757/1757/1757 1760/1760/1760
f 1760/1760/1760 1757/1757/1757 1762/1762/1762
f 1840/1840/1840 1842/1842/1842 1843/1843/1843
f 1787/1787/1787 1794/1794/1794 1792/1792/1792
f 1763/1763/1763 1755/1755/1755 1758/1758/1758
f 1760/1760/1760 1762/1762/1762 1759/1759/1759
f 1756/1756/1756 1822/1822/1822 1763/1763/1763
f 1762/1762/1762 1763/1763/1763 1759/1759/1759
f 1753/1753/1753 1764/1764/1764 1758/1758/1758
f 1761/1761/1761 1818/1818/1818 1819/1819/1819
f 1820/1820/1820 1756/1756/1756 1764/1764/1764
f 1824/1824/1824 1826/1826/1826 1765/1765/1765
f 1815/1815/1815 1797/1797/1797 1795/1795/1795
f 1804/1804/1804 1786/1786/1786 1791/1791/1791
f 1581/1581/1581 1767/1767/1767 1296/1296/1296
f 1769/1769/1769 1767/1767/1767 1579/1579/1579
f 1768/1768/1768 1579/1579/1579 1581/1581/1581
f 1582/1582/1582 1768/1768/1768 1573/1573/1573
f 1917/1917/1917 1584/1584/1584 1915/1915/1915
f 1890/1890/1890 1769/1769/1769 1879/1879/1879
f 1591/1591/1591 1770/1770/1770 252/252/252
f 1593/1593/1593 1770/1770/1770 1592/1592/1592
f 252/252/252 1771/1771/1771 1166/1166/1166
f 1344/1344/1344 1771/1771/1771 1598/1598/1598
f 1198/1198/1198 1772/1772/1772 1195/1195/1195
f 1773/1773/1773 1188/1188/1188 1606/1606/1606
f 1617/1617/1617 1773/1773/1773 1618/1618/1618
f 1188/1188/1188 1773/1773/1773 1772/1772/1772
f 1602/1602/1602 1774/1774/1774 1610/1610/1610
f 1775/1775/1775 1774/1774/1774 1207/1207/1207
f 1600/1600/1600 1775/1775/1775 1207/1207/1207
f 1183/1183/1183 1625/1625/1625 1775/1775/1775
f 1181/1181/1181 1801/1801/1801 1777/1777/1777
f 1625/1625/1625 1776/1776/1776 1778/1778/1778
f 1783/1783/1783 1790/1790/1790 1788/1788/1788
f 1625/1625/1625 1778/1778/1778 1605/1605/1605
f 1777/1777/1777 1781/1781/1781 1776/1776/1776
f 1784/1784/1784 1781/1781/1781 1777/1777/1777
f 1781/1781/1781 1785/1785/1785 1779/1779/1779
f 1539/1539/1539 1859/1859/1859 1861/1861/1861
f 1778/1778/1778 1776/1776/1776 1781/1781/1781
f 1779/1779/1779 1894/1894/1894 1780/1780/1780
f 1637/1637/1637 1783/1783/1783 1784/1784/1784
f 1779/1779/1779 1780/1780/1780 1781/1781/1781
f 1793/1793/1793 1894/1894/1894 1792/1792/1792
f 1893/1893/1893 1892/1892/1892 1620/1620/1620
f 1783/1783/1783 1787/1787/1787 1785/1785/1785
f 1784/1784/1784 1785/1785/1785 1781/1781/1781
f 1637/1637/1637 1784/1784/1784 1777/1777/1777
f 1785/1785/1785 1784/1784/1784 1783/1783/1783
f 1788/1788/1788 1786/1786/1786 1787/1787/1787
f 1779/1779/1779 1785/1785/1785 1792/1792/1792
f 1786/1786/1786 1788/1788/1788 1791/1791/1791
f 1797/1797/1797 1789/1789/1789 1796/1796/1796
f 1788/1788/1788 1787/1787/1787 1783/1783/1783
f 1787/1787/1787 1786/1786/1786 1794/1794/1794
f 1790/1790/1790 1783/1783/1783 1637/1637/1637
f 1788/1788/1788 1243/1243/1243 1791/1791/1791
f 1789/1789/1789 1794/1794/1794 1796/1796/1796
f 1894/1894/1894 1782/1782/1782 1780/1780/1780
f 1798/1798/1798 1790/1790/1790 1637/1637/1637
f 1790/1790/1790 1798/1798/1798 1800/1800/1800
f 1898/1898/1898 1802/1802/1802 1243/1243/1243
f 1791/1791/1791 1243/1243/1243 1802/1802/1802
f 1787/1787/1787 1792/1792/1792 1785/1785/1785
f 1792/1792/1792 1789/1789/1789 1914/1914/1914
f 1914/1914/1914 1797/1797/1797 1913/1913/1913
f 1539/1539/1539 1534/1534/1534 1859/1859/1859
f 1899/1899/1899 1796/1796/1796 1794/1794/1794
f 1792/1792/1792 1794/1794/1794 1789/1789/1789
f 1791/1791/1791 1805/1805/1805 1804/1804/1804
f 1816/1816/1816 1812/1812/1812 1808/1808/1808
f 1899/1899/1899 1794/1794/1794 1786/1786/1786
f 1797/1797/1797 1796/1796/1796 1795/1795/1795
f 1812/1812/1812 1795/1795/1795 1806/1806/1806
f 1837/1837/1837 1839/1839/1839 1797/1797/1797
f 1799/1799/1799 1798/1798/1798 1637/1637/1637
f 1800/1800/1800 1242/1242/1242 1238/1238/1238
f 1777/1777/1777 1801/1801/1801 1637/1637/1637
f 1242/1242/1242 1799/1799/1799 1176/1176/1176
f 1238/1238/1238 1243/1243/1243 1800/1800/1800
f 1788/1788/1788 1800/1800/1800 1243/1243/1243
f 1896/1896/1896 1181/1181/1181 1182/1182/1182
f 1801/1801/1801 1896/1896/1896 1897/1897/1897
f 1807/1807/1807 1828/1828/1828 1829/1829/1829
f 1899/1899/1899 1804/1804/1804 1806/1806/1806
f 1805/1805/1805 1802/1802/1802 1828/1828/1828
f 1806/1806/1806 1803/1803/1803 1810/1810/1810
f 1805/1805/1805 1791/1791/1791 1802/1802/1802
f 1806/1806/1806 1804/1804/1804 1803/1803/1803
f 1828/1828/1828 1809/1809/1809 1805/1805/1805
f 1803/1803/1803 1804/1804/1804 1805/1805/1805
f 1805/1805/1805 1809/1809/1809 1803/1803/1803
f 1795/1795/1795 1796/1796/1796 1899/1899/1899
f 1802/1802/1802 1829/1829/1829 1828/1828/1828
f 1844/1844/1844 1831/1831/1831 1807/1807/1807
f 1818/1818/1818 1817/1817/1817 1766/1766/1766
f 1810/1810/1810 1812/1812/1812 1806/1806/1806
f 1811/1811/1811 1809/1809/1809 1830/1830/1830
f 1811/1811/1811 1810/1810/1810 1803/1803/1803
f 1811/1811/1811 1803/1803/1803 1809/1809/1809
f 1810/1810/1810 1808/1808/1808 1812/1812/1812
f 1809/1809/1809 1807/1807/1807 1830/1830/1830
f 1834/1834/1834 1833/1833/1833 1811/1811/1811
f 1816/1816/1816 1808/1808/1808 1817/1817/1817
f 1795/1795/1795 1812/1812/1812 1815/1815/1815
f 1845/1845/1845 1825/1825/1825 1831/1831/1831
f 1821/1821/1821 1824/1824/1824 1822/1822/1822
f 1818/1818/1818 1761/1761/1761 1823/1823/1823
f 1869/1869/1869 1544/1544/1544 1868/1868/1868
f 1816/1816/1816 1815/1815/1815 1812/1812/1812
f 1868/1868/1868 1832/1832/1832 1869/1869/1869
f 1808/1808/1808 1833/1833/1833 1817/1817/1817
f 1816/1816/1816 1814/1814/1814 1838/1838/1838
f 1766/1766/1766 1819/1819/1819 1818/1818/1818
f 1814/1814/1814 1816/1816/1816 1817/1817/1817
f 1823/1823/1823 1761/1761/1761 1900/1900/1900
f 1814/1814/1814 1817/1817/1817 1818/1818/1818
f 1819/1819/1819 1766/1766/1766 1820/1820/1820
f 1761/1761/1761 1819/1819/1819 1764/1764/1764
f 1821/1821/1821 1820/1820/1820 1766/1766/1766
f 1763/1763/1763 1822/1822/1822 1765/1765/1765
f 1821/1821/1821 1766/1766/1766 1833/1833/1833
f 1822/1822/1822 1824/1824/1824 1765/1765/1765
f 1756/1756/1756 1820/1820/1820 1822/1822/1822
f 1821/1821/1821 1822/1822/1822 1820/1820/1820
f 1849/1849/1849 1905/1905/1905 1847/1847/1847
f 1818/1818/1818 1823/1823/1823 1842/1842/1842
f 1821/1821/1821 1813/1813/1813 1824/1824/1824
f 1836/1836/1836 1826/1826/1826 1824/1824/1824
f 1813/1813/1813 1830/1830/1830 1831/1831/1831
f 1827/1827/1827 1825/1825/1825 1853/1853/1853
f 1836/1836/1836 1824/1824/1824 1813/1813/1813
f 1826/1826/1826 1825/1825/1825 1827/1827/1827
f 1825/1825/1825 1851/1851/1851 1853/1853/1853
f 1680/1680/1680 1906/1906/1906 1853/1853/1853
f 1802/1802/1802 1898/1898/1898 1829/1829/1829
f 1807/1807/1807 1809/1809/1809 1828/1828/1828
f 1233/1233/1233 1237/1237/1237 1829/1829/1829
f 1829/1829/1829 1237/1237/1237 1902/1902/1902
f 1831/1831/1831 1830/1830/1830 1807/1807/1807
f 1830/1830/1830 1813/1813/1813 1834/1834/1834
f 1844/1844/1844 1829/1829/1829 1902/1902/1902
f 1825/1825/1825 1826/1826/1826 1836/1836/1836
f 1838/1838/1838 1837/1837/1837 1815/1815/1815
f 1841/1841/1841 1832/1832/1832 1838/1838/1838
f 1817/1817/1817 1833/1833/1833 1766/1766/1766
f 1811/1811/1811 1833/1833/1833 1808/1808/1808
f 1813/1813/1813 1821/1821/1821 1834/1834/1834
f 1833/1833/1833 1834/1834/1834 1821/1821/1821
f 1855/1855/1855 1237/1237/1237 1223/1223/1223
f 1851/1851/1851 1845/1845/1845 1852/1852/1852
f 1813/1813/1813 1831/1831/1831 1836/1836/1836
f 1825/1825/1825 1836/1836/1836 1831/1831/1831
f 1815/1815/1815 1816/1816/1816 1838/1838/1838
f 1839/1839/1839 1837/1837/1837 1832/1832/1832
f 1841/1841/1841 1838/1838/1838 1814/1814/1814
f 1832/1832/1832 1837/1837/1837 1838/1838/1838
f 1863/1863/1863 1861/1861/1861 1866/1866/1866
f 1839/1839/1839 1862/1862/1862 1913/1913/1913
f 1841/1841/1841 1842/1842/1842 1840/1840/1840
f 1446/1446/1446 1848/1848/1848 1846/1846/1846
f 1842/1842/1842 1841/1841/1841 1814/1814/1814
f 1832/1832/1832 1841/1841/1841 1840/1840/1840
f 1818/1818/1818 1842/1842/1842 1814/1814/1814
f 1842/1842/1842 1823/1823/1823 1843/1843/1843
f 1849/1849/1849 1823/1823/1823 1440/1440/1440
f 1846/1846/1846 1843/1843/1843 1847/1847/1847
f 1829/1829/1829 1844/1844/1844 1807/1807/1807
f 1845/1845/1845 1844/1844/1844 1835/1835/1835
f 1850/1850/1850 1845/1845/1845 1835/1835/1835
f 1845/1845/1845 1850/1850/1850 1852/1852/1852
f 1884/1884/1884 1848/1848/1848 1446/1446/1446
f 1840/1840/1840 1843/1843/1843 1846/1846/1846
f 1849/1849/1849 1847/1847/1847 1843/1843/1843
f 1435/1435/1435 1446/1446/1446 1847/1847/1847
f 1848/1848/1848 1903/1903/1903 1904/1904/1904
f 1840/1840/1840 1846/1846/1846 1848/1848/1848
f 1823/1823/1823 1849/1849/1849 1843/1843/1843
f 1440/1440/1440 1442/1442/1442 1905/1905/1905
f 1855/1855/1855 1850/1850/1850 1835/1835/1835
f 1854/1854/1854 1852/1852/1852 1850/1850/1850
f 1851/1851/1851 1683/1683/1683 1853/1853/1853
f 1825/1825/1825 1845/1845/1845 1851/1851/1851
f 1854/1854/1854 1850/1850/1850 1635/1635/1635
f 1683/1683/1683 1851/1851/1851 1852/1852/1852
f 1683/1683/1683 1680/1680/1680 1853/1853/1853
f 1906/1906/1906 1680/1680/1680 1673/1673/1673
f 1635/1635/1635 834/834/834 1854/1854/1854
f 834/834/834 833/833/833 1856/1856/1856
f 1855/1855/1855 1835/1835/1835 1902/1902/1902
f 1635/1635/1635 1855/1855/1855 1223/1223/1223
f 1907/1907/1907 833/833/833 1682/1682/1682
f 1683/1683/1683 1854/1854/1854 1856/1856/1856
f 1388/1388/1388 1857/1857/1857 1371/1371/1371
f 1627/1627/1627 1857/1857/1857 1386/1386/1386
f 1910/1910/1910 1858/1858/1858 1628/1628/1628
f 1534/1534/1534 1858/1858/1858 1911/1911/1911
f 1912/1912/1912 1860/1860/1860 1859/1859/1859
f 1859/1859/1859 1860/1860/1860 1861/1861/1861
f 1892/1892/1892 1865/1865/1865 1860/1860/1860
f 1860/1860/1860 1864/1864/1864 1861/1861/1861
f 1865/1865/1865 1862/1862/1862 1864/1864/1864
f 1867/1867/1867 1863/1863/1863 1866/1866/1866
f 1913/1913/1913 1862/1862/1862 1793/1793/1793
f 1861/1861/1861 1864/1864/1864 1866/1866/1866
f 1535/1535/1535 1863/1863/1863 1544/1544/1544
f 1539/1539/1539 1861/1861/1861 1863/1863/1863
f 1865/1865/1865 1864/1864/1864 1860/1860/1860
f 1866/1866/1866 1864/1864/1864 1862/1862/1862
f 1892/1892/1892 1860/1860/1860 1620/1620/1620
f 1793/1793/1793 1895/1895/1895 1894/1894/1894
f 1862/1862/1862 1839/1839/1839 1866/1866/1866
f 1866/1866/1866 1839/1839/1839 1867/1867/1867
f 1868/1868/1868 1839/1839/1839 1832/1832/1832
f 1863/1863/1863 1867/1867/1867 1544/1544/1544
f 1544/1544/1544 1867/1867/1867 1868/1868/1868
f 1839/1839/1839 1868/1868/1868 1867/1867/1867
f 1840/1840/1840 1869/1869/1869 1832/1832/1832
f 1869/1869/1869 1848/1848/1848 1904/1904/1904
f 1224/1224/1224 1870/1870/1870 1223/1223/1223
f 841/841/841 1635/1635/1635 1870/1870/1870
f 1915/1915/1915 1580/1580/1580 1916/1916/1916
f 1657/1657/1657 1924/1924/1924 1654/1654/1654
f 1685/1685/1685 1872/1872/1872 1256/1256/1256
f 1653/1653/1653 1872/1872/1872 1262/1262/1262
f 1287/1287/1287 1873/1873/1873 1285/1285/1285
f 1878/1878/1878 1873/1873/1873 1288/1288/1288
f 1318/1318/1318 1874/1874/1874 1315/1315/1315
f 1669/1669/1669 1874/1874/1874 1666/1666/1666
f 1643/1643/1643 1875/1875/1875 1259/1259/1259
f 1261/1261/1261 1875/1875/1875 1645/1645/1645
f 1877/1877/1877 1876/1876/1876 1282/1282/1282
f 1878/1878/1878 1876/1876/1876 1691/1691/1691
f 1292/1292/1292 1877/1877/1877 1282/1282/1282
f 1877/1877/1877 1292/1292/1292 1923/1923/1923
f 1691/1691/1691 1890/1890/1890 1879/1879/1879
f 1878/1878/1878 1659/1659/1659 1873/1873/1873
f 1871/1871/1871 1917/1917/1917 1915/1915/1915
f 1925/1925/1925 1924/1924/1924 1917/1917/1917
f 1195/1195/1195 1880/1880/1880 1702/1702/1702
f 1389/1389/1389 1880/1880/1880 1617/1617/1617
f 1008/1008/1008 1881/1881/1881 1012/1012/1012
f 1013/1013/1013 1881/1881/1881 1711/1711/1711
f 1380/1380/1380 1882/1882/1882 1376/1376/1376
f 1882/1882/1882 1371/1371/1371 1857/1857/1857
f 1928/1928/1928 1441/1441/1441 1445/1445/1445
f 1447/1447/1447 1730/1730/1730 1883/1883/1883
f 1883/1883/1883 1884/1884/1884 1441/1441/1441
f 1884/1884/1884 1731/1731/1731 1903/1903/1903
f 1740/1740/1740 1885/1885/1885 1565/1565/1565
f 1002/1002/1002 1885/1885/1885 1743/1743/1743
f 1748/1748/1748 1886/1886/1886 1571/1571/1571
f 1576/1576/1576 1886/1886/1886 1749/1749/1749
f 1919/1919/1919 1887/1887/1887 1676/1676/1676
f 1759/1759/1759 1887/1887/1887 1760/1760/1760
f 1929/1929/1929 1930/1930/1930 1678/1678/1678
f 1676/1676/1676 1888/1888/1888 1677/1677/1677
f 1440/1440/1440 1889/1889/1889 1444/1444/1444
f 1764/1764/1764 1889/1889/1889 1761/1761/1761
f 1877/1877/1877 1890/1890/1890 1691/1691/1691
f 1298/1298/1298 1769/1769/1769 1890/1890/1890
f 1626/1626/1626 1891/1891/1891 1615/1615/1615
f 1780/1780/1780 1891/1891/1891 1605/1605/1605
f 1891/1891/1891 1892/1892/1892 1615/1615/1615
f 1892/1892/1892 1782/1782/1782 1895/1895/1895
f 1893/1893/1893 1620/1620/1620 1624/1624/1624
f 1615/1615/1615 1893/1893/1893 1619/1619/1619
f 1792/1792/1792 1894/1894/1894 1779/1779/1779
f 1895/1895/1895 1793/1793/1793 1865/1865/1865
f 1892/1892/1892 1895/1895/1895 1865/1865/1865
f 1782/1782/1782 1894/1894/1894 1895/1895/1895
f 1897/1897/1897 1896/1896/1896 1174/1174/1174
f 1181/1181/1181 1896/1896/1896 1801/1801/1801
f 1175/1175/1175 1897/1897/1897 1174/1174/1174
f 1799/1799/1799 1897/1897/1897 1176/1176/1176
f 1241/1241/1241 1898/1898/1898 1243/1243/1243
f 1829/1829/1829 1898/1898/1898 1233/1233/1233
f 1804/1804/1804 1899/1899/1899 1786/1786/1786
f 1795/1795/1795 1899/1899/1899 1806/1806/1806
f 1889/1889/1889 1900/1900/1900 1761/1761/1761
f 1440/1440/1440 1823/1823/1823 1900/1900/1900
f 1678/1678/1678 1759/1759/1759 1901/1901/1901
f 1759/1759/1759 1765/1765/1765 1901/1901/1901
f 1855/1855/1855 1902/1902/1902 1237/1237/1237
f 1844/1844/1844 1902/1902/1902 1835/1835/1835
f 1904/1904/1904 1903/1903/1903 1541/1541/1541
f 1884/1884/1884 1903/1903/1903 1848/1848/1848
f 1543/1543/1543 1904/1904/1904 1541/1541/1541
f 1869/1869/1869 1904/1904/1904 1544/1544/1544
f 1438/1438/1438 1905/1905/1905 1442/1442/1442
f 1847/1847/1847 1905/1905/1905 1435/1435/1435
f 1673/1673/1673 1677/1677/1677 1930/1930/1930
f 1929/1929/1929 1678/1678/1678 1901/1901/1901
f 1683/1683/1683 1856/1856/1856 1907/1907/1907
f 833/833/833 1907/1907/1907 1856/1856/1856
f 1536/1536/1536 1908/1908/1908 1534/1534/1534
f 1909/1909/1909 1908/1908/1908 1538/1538/1538
f 1728/1728/1728 1909/1909/1909 1538/1538/1538
f 1628/1628/1628 1909/1909/1909 1725/1725/1725
f 1628/1628/1628 1621/1621/1621 1910/1910/1910
f 1911/1911/1911 1621/1621/1621 1624/1624/1624
f 1621/1621/1621 1911/1911/1911 1910/1910/1910
f 1624/1624/1624 1630/1630/1630 1911/1911/1911
f 1624/1624/1624 1912/1912/1912 1630/1630/1630
f 1620/1620/1620 1860/1860/1860 1912/1912/1912
f 1914/1914/1914 1913/1913/1913 1793/1793/1793
f 1839/1839/1839 1913/1913/1913 1797/1797/1797
f 1792/1792/1792 1914/1914/1914 1793/1793/1793
f 1797/1797/1797 1914/1914/1914 1789/1789/1789
f 1916/1916/1916 1580/1580/1580 1587/1587/1587
f 1917/1917/1917 1871/1871/1871 1925/1925/1925
f 1918/1918/1918 1587/1587/1587 1760/1760/1760
f 1871/1871/1871 1915/1915/1915 1916/1916/1916
f 1879/1879/1879 1769/1769/1769 1917/1917/1917
f 1584/1584/1584 1917/1917/1917 1769/1769/1769
f 1919/1919/1919 1760/1760/1760 1887/1887/1887
f 1919/1919/1919 1918/1918/1918 1760/1760/1760
f 1677/1677/1677 1931/1931/1931 1676/1676/1676
f 1925/1925/1925 1926/1926/1926 1922/1922/1922
f 1932/1932/1932 1920/1920/1920 1931/1931/1931
f 1654/1654/1654 1924/1924/1924 1925/1925/1925
f 1921/1921/1921 1920/1920/1920 1922/1922/1922
f 1927/1927/1927 1916/1916/1916 1918/1918/1918
f 1932/1932/1932 1922/1922/1922 1920/1920/1920
f 1922/1922/1922 1932/1932/1932 1933/1933/1933
f 1297/1297/1297 1923/1923/1923 1295/1295/1295
f 1890/1890/1890 1923/1923/1923 1298/1298/1298
f 1659/1659/1659 1879/1879/1879 1924/1924/1924
f 1924/1924/1924 1879/1879/1879 1917/1917/1917
f 1926/1926/1926 1925/1925/1925 1871/1871/1871
f 1922/1922/1922 1654/1654/1654 1925/1925/1925
f 1927/1927/1927 1871/1871/1871 1916/1916/1916
f 1922/1922/1922 1926/1926/1926 1921/1921/1921
f 1921/1921/1921 1927/1927/1927 1918/1918/1918
f 1871/1871/1871 1927/1927/1927 1926/1926/1926
f 1447/1447/1447 1883/1883/1883 1928/1928/1928
f 1441/1441/1441 1928/1928/1928 1883/1883/1883
f 1853/1853/1853 1929/1929/1929 1827/1827/1827
f 1906/1906/1906 1673/1673/1673 1930/1930/1930
f 1678/1678/1678 1930/1930/1930 1888/1888/1888
f 1906/1906/1906 1930/1930/1930 1929/1929/1929
f 1932/1932/1932 1931/1931/1931 1668/1668/1668
f 1676/1676/1676 1931/1931/1931 1920/1920/1920
f 1667/1667/1667 1932/1932/1932 1668/1668/1668
f 1932/1932/1932 1661/1661/1661 1933/1933/1933
f 1662/1662/1662 1933/1933/1933 1661/1661/1661
f 1654/1654/1654 1933/1933/1933 1663/1663/1663
f 51/51/51 1934/1934/1934 243/243/243
f 740/740/740 1934/1934/1934 50/50/50
f 364/364/364 361/361/361 1935/1935/1935
f 370/370/370 1935/1935/1935 361/361/361
f 489/489/489 1936/1936/1936 488/488/488
f 511/511/511 1936/1936/1936 484/484/484
f 571/571/571 1937/1937/1937 579/579/579
f 583/583/583 1937/1937/1937 580/580/580
f 704/704/704 1938/1938/1938 703/703/703
f 1046/1046/1046 1938/1938/1938 701/701/701
f 299/299/299 1939/1939/1939 297/297/297
f 1186/1186/1186 1939/1939/1939 292/292/292
f 1940/1940/1940 641/641/641 939/939/939
f 967/967/967 1940/1940/1940 940/940/940
f 761/761/761 1941/1941/1941 793/793/793
f 1095/1095/1095 1941/1941/1941 1098/1098/1098
f 1163/1163/1163 1942/1942/1942 917/917/917
f 801/801/801 1166/1166/1166 1942/1942/1942
usemtl 绿_front
f 2138/2206/2206 2137/2205/2205 103/1966/1966
f 2295/2363/2363 2056/2124/2124 2051/2119/2119
f 103/1966/1966 2137/2205/2205 102/1967/1967
f 2030/2098/2098 2037/2105/2105 2036/2104/2104
f 2034/2102/2102 2166/2234/2234 2167/2235/2235
f 2055/2123/2123 2057/2125/2125 2294/2362/2362
f 2022/2090/2090 2026/2094/2094 109/1960/1960
f 2048/2116/2116 2045/2113/2113 2047/2115/2115
f 2031/2099/2099 2028/2096/2096 2032/2100/2100
f 2053/2121/2121 2047/2115/2115 2045/2113/2113
f 107/1962/1962 2029/2097/2097 2028/2096/2096
f 129/1999/1999 2283/2351/2351 128/2000/2000
f 2294/2362/2362 2052/2120/2120 2061/2129/2129
f 2029/2097/2097 107/1962/1962 108/1961/1961
f 2019/2087/2087 2151/2219/2219 2154/2222/2222
f 2287/2355/2355 2052/2120/2120 2286/2354/2354
f 2039/2107/2107 2174/2242/2242 2172/2240/2240
f 2051/2119/2119 2053/2121/2121 2049/2117/2117
f 2373/2441/2441 34/2032/2032 35/2031/2031
f 2025/2093/2093 2164/2232/2232 2516/2584/2584
f 101/1968/1968 2493/2561/2561 100/1969/1969
f 2064/2132/2132 2044/2112/2112 2043/2111/2111
f 97/1972/1972 2673/2741/2741 2502/2570/2570
f 2065/2133/2133 2056/2124/2124 2058/2126/2126
f 101/1968/1968 2656/2724/2724 2493/2561/2561
f 2052/2120/2120 2059/2127/2127 2045/2113/2113
f 2066/2134/2134 2046/2114/2114 2285/2353/2353
f 3368/3436/3436 99/1970/1970 2667/2735/2735
f 2139/2207/2207 2141/2209/2209 2137/2205/2205
f 2057/2125/2125 2059/2127/2127 2294/2362/2362
f 94/1975/1975 95/1974/1974 2149/2217/2217
f 2020/2088/2088 2021/2089/2089 2022/2090/2090
f 2145/2213/2213 3644/3712/3712 3646/3714/3714
f 1992/2052/2052 2395/2463/2463 1993/2053/2053
f 2579/2647/2647 2585/2653/2653 2580/2648/2648
f 3688/3756/3756 3460/3528/3528 3689/3757/3757
f 2718/2786/2786 2280/2348/2348 2715/2783/2783
f 3356/3424/3424 3355/3423/3423 2453/2521/2521
f 3495/3563/3563 2978/3046/3046 2977/3045/3045
f 125/2003/2003 2124/2192/2192 2010/2078/2078
f 2010/2078/2078 2124/2192/2192 2463/2531/2531
f 1943/1943/1943 3495/3563/3563 1944/1944/1944
f 3305/3373/3373 3308/3376/3376 3312/3380/3380
f 3879/3947/3947 3646/3714/3714 2017/2085/2085
f 1957/1957/1957 2020/2088/2088 72/1958/1958
f 2044/2112/2112 2047/2115/2115 2043/2111/2111
f 110/1959/1959 72/1958/1958 2020/2088/2088
f 2046/2114/2114 2065/2133/2133 2058/2126/2126
f 1957/1957/1957 2163/2231/2231 2020/2088/2088
f 2352/2420/2420 2297/2365/2365 1980/2015/2015
f 108/1961/1961 109/1960/1960 2026/2094/2094
f 2031/2099/2099 2033/2101/2101 106/1963/1963
f 2023/2091/2091 2024/2092/2092 2025/2093/2093
f 2523/2591/2591 2518/2586/2586 2165/2233/2233
f 1952/1952/1952 2855/2923/2923 2525/2593/2593
f 2037/2105/2105 2038/2106/2106 3654/3722/3722
f 105/1964/1964 2166/2234/2234 104/1965/1965
f 2519/2587/2587 2517/2585/2585 1954/1954/1954
f 2978/3046/3046 2603/2671/2671 2602/2670/2670
f 2020/2088/2088 2022/2090/2090 110/1959/1959
f 126/2002/2002 127/2001/2001 2454/2522/2522
f 2460/2528/2528 2126/2194/2194 2461/2529/2529
f 2075/2143/2143 2310/2378/2378 2072/2140/2140
f 2149/2217/2217 2151/2219/2219 2153/2221/2221
f 89/1980/1980 2172/2240/2240 88/1981/1981
f 2201/2269/2269 2230/2298/2298 2235/2303/2303
f 2531/2599/2599 88/1981/1981 2197/2265/2265
f 2053/2121/2121 2059/2127/2127 2057/2125/2125
f 89/1980/1980 2173/2241/2241 2172/2240/2240
f 2044/2112/2112 2066/2134/2134 2042/2110/2110
f 2495/2563/2563 92/1977/1977 93/1976/1976
f 2287/2355/2355 1967/1992/1992 1966/1991/1991
f 2035/2103/2103 2037/2105/2105 2030/2098/2098
f 88/1981/1981 2172/2240/2240 2197/2265/2265
f 92/1977/1977 2499/2567/2567 91/1978/1978
f 92/1977/1977 2495/2563/2563 2499/2567/2567
f 2078/2146/2146 2068/2136/2136 2072/2140/2140
f 2149/2217/2217 95/1974/1974 2150/2218/2218
f 2057/2125/2125 2062/2130/2130 2049/2117/2117
f 2194/2262/2262 2187/2255/2255 2186/2254/2254
f 1970/1995/1995 2040/2108/2108 132/1996/1996
f 2357/2425/2425 2359/2427/2427 2361/2429/2429
f 109/1960/1960 110/1959/1959 2022/2090/2090
f 2021/2089/2089 2164/2232/2232 2025/2093/2093
f 2030/2098/2098 2677/2745/2745 2168/2236/2236
f 2049/2117/2117 2053/2121/2121 2057/2125/2125
f 130/1998/1998 2285/2353/2353 129/1999/1999
f 2025/2093/2093 2516/2584/2584 2518/2586/2586
f 2058/2126/2126 2456/2524/2524 2283/2351/2351
f 2064/2132/2132 2066/2134/2134 2044/2112/2112
f 2023/2091/2091 2025/2093/2093 2170/2238/2238
f 2025/2093/2093 2024/2092/2092 2021/2089/2089
f 2646/2714/2714 3342/3410/3410 2435/2503/2503
f 1970/1995/1995 2282/2350/2350 2040/2108/2108
f 93/1976/1976 94/1975/1975 2153/2221/2221
f 2326/2394/2394 23/2043/2043 2553/2621/2621
f 2028/2096/2096 2029/2097/2097 2027/2095/2095
f 2236/2304/2304 2195/2263/2263 2204/2272/2272
f 2043/2111/2111 2047/2115/2115 2051/2119/2119
f 132/1996/1996 2040/2108/2108 131/1997/1997
f 2129/2197/2197 2462/2530/2530 2463/2531/2531
f 2027/2095/2095 2018/2086/2086 2028/2096/2096
f 130/1998/1998 2042/2110/2110 2066/2134/2134
f 1973/2007/2007 2464/2532/2532 1974/2008/2008
f 2295/2363/2363 2062/2130/2130 2063/2131/2131
f 131/1997/1997 2040/2108/2108 2042/2110/2110
f 2048/2116/2116 2044/2112/2112 2041/2109/2109
f 2072/2140/2140 18/2048/2048 2074/2142/2142
f 2295/2363/2363 2054/2122/2122 2056/2124/2124
f 2288/2356/2356 2061/2129/2129 2287/2355/2355
f 2070/2138/2138 2069/2137/2137 17/2049/2049
f 1972/2006/2006 2012/2080/2080 2016/2084/2084
f 1963/1988/1988 2874/2942/2942 1964/1989/1989
f 2010/2078/2078 2012/2080/2080 1971/2005/2005
f 2283/2351/2351 129/1999/1999 2285/2353/2353
f 2069/2137/2137 2070/2138/2138 2071/2139/2139
f 106/1963/1963 2033/2101/2101 2167/2235/2235
f 2016/2084/2084 2135/2203/2203 2464/2532/2532
f 108/1961/1961 2026/2094/2094 2027/2095/2095
f 124/2004/2004 125/2003/2003 2010/2078/2078
f 124/2004/2004 2010/2078/2078 1971/2005/2005
f 2018/2086/2086 2038/2106/2106 2037/2105/2105
f 2371/2439/2439 2373/2441/2441 2369/2437/2437
f 2012/2080/2080 1972/2006/2006 1971/2005/2005
f 2016/2084/2084 1973/2007/2007 1972/2006/2006
f 17/2049/2049 18/2048/2048 2070/2138/2138
f 2124/2192/2192 2125/2193/2193 2013/2081/2081
f 2077/2145/2145 2079/2147/2147 2350/2418/2418
f 2115/2183/2183 2451/2519/2519 2613/2681/2681
f 1981/2016/2016 2551/2619/2619 1982/2017/2017
f 2603/2671/2671 1990/2025/2025 1989/2024/2024
f 2300/2368/2368 2075/2143/2143 2299/2367/2367
f 2351/2419/2419 2350/2418/2418 2079/2147/2147
f 2024/2092/2092 2022/2090/2090 2021/2089/2089
f 2296/2364/2364 2551/2619/2619 2297/2365/2365
f 2141/2209/2209 101/1968/1968 102/1967/1967
f 1980/2015/2015 2297/2365/2365 1981/2016/2016
f 2867/2935/2935 3466/3534/3534 2529/2597/2597
f 1977/2012/2012 16/2011/2011 2069/2137/2137
f 2045/2113/2113 2048/2116/2116 2050/2118/2118
f 1978/2013/2013 2071/2139/2139 2073/2141/2141
f 108/1961/1961 2027/2095/2095 2029/2097/2097
f 2071/2139/2139 1978/2013/2013 1977/2012/2012
f 2023/2091/2091 2170/2238/2238 2018/2086/2086
f 2056/2124/2124 2065/2133/2133 2043/2111/2111
f 2069/2137/2137 16/2011/2011 17/2049/2049
f 1988/2023/2023 2979/3047/3047 2354/2422/2422
f 2603/2671/2671 2354/2422/2422 2605/2673/2673
f 126/2002/2002 2124/2192/2192 125/2003/2003
f 1988/2023/2023 2354/2422/2422 1989/2024/2024
f 2133/2201/2201 2132/2200/2200 2011/2079/2079
f 2067/2135/2135 2330/2398/2398 2331/2399/2399
f 2043/2111/2111 2051/2119/2119 2056/2124/2124
f 2590/2658/2658 1984/2019/2019 1983/2018/2018
f 2415/2483/2483 2417/2485/2485 2130/2198/2198
f 1983/2018/2018 2335/2403/2403 2590/2658/2658
f 1987/2022/2022 1986/2021/2021 2607/2675/2675
f 2333/2401/2401 2335/2403/2403 2296/2364/2364
f 2046/2114/2114 2064/2132/2132 2065/2133/2133
f 2444/2512/2512 2095/2163/2163 2091/2159/2159
f 2069/2137/2137 2071/2139/2139 1977/2012/2012
f 2299/2367/2367 19/2047/2047 20/2046/2046
f 2027/2095/2095 2026/2094/2094 2023/2091/2091
f 2072/2140/2140 2068/2136/2136 2070/2138/2138
f 106/1963/1963 107/1962/1962 2031/2099/2099
f 2322/2390/2390 2303/2371/2371 2306/2374/2374
f 2033/2101/2101 2168/2236/2236 2167/2235/2235
f 2018/2086/2086 2035/2103/2103 2028/2096/2096
f 2310/2378/2378 2302/2370/2370 2304/2372/2372
f 2326/2394/2394 2322/2390/2390 2325/2393/2393
f 2030/2098/2098 2032/2100/2100 2035/2103/2103
f 2310/2378/2378 2304/2372/2372 2078/2146/2146
f 2040/2108/2108 2041/2109/2109 2042/2110/2110
f 2048/2116/2116 1969/1994/1994 2050/2118/2118
f 2552/2620/2620 2298/2366/2366 2322/2390/2390
f 2037/2105/2105 2035/2103/2103 2018/2086/2086
f 2910/2978/2978 2571/2639/2639 2572/2640/2640
f 2307/2375/2375 2309/2377/2377 2301/2369/2369
f 2050/2118/2118 1968/1993/1993 2286/2354/2354
f 2323/2391/2391 2340/2408/2408 2349/2417/2417
f 2519/2587/2587 2522/2590/2590 2521/2589/2589
f 2045/2113/2113 2050/2118/2118 2052/2120/2120
f 2910/2978/2978 2572/2640/2640 2557/2625/2625
f 3326/3394/3394 3328/3396/3396 3340/3408/3408
f 130/1998/1998 131/1997/1997 2042/2110/2110
f 2242/2310/2310 2260/2328/2328 2252/2320/2320
f 2525/2593/2593 2169/2237/2237 2850/2918/2918
f 2044/2112/2112 2048/2116/2116 2047/2115/2115
f 3324/3392/3392 2632/2700/2700 34/2032/2032
f 2286/2354/2354 1968/1993/1993 1967/1992/1992
f 3678/3746/3746 3837/3905/3905 3838/3906/3906
f 2050/2118/2118 1969/1994/1994 1968/1993/1993
f 2320/2388/2388 2328/2396/2396 2316/2384/2384
f 2053/2121/2121 2045/2113/2113 2059/2127/2127
f 2077/2145/2145 2068/2136/2136 2078/2146/2146
f 2066/2134/2134 2064/2132/2132 2046/2114/2114
f 3217/3285/3285 2608/2676/2676 3216/3284/3284
f 1997/2057/2057 2367/2435/2435 2357/2425/2425
f 2442/2510/2510 2443/2511/2511 2425/2493/2493
f 2528/2596/2596 1960/1985/1985 1959/1984/1984
f 2395/2463/2463 2092/2160/2160 2396/2464/2464
f 2401/2469/2469 2089/2157/2157 2090/2158/2158
f 2053/2121/2121 2051/2119/2119 2047/2115/2115
f 107/1962/1962 2028/2096/2096 2031/2099/2099
f 2398/2466/2466 2636/2704/2704 2635/2703/2703
f 2094/2162/2162 2097/2165/2165 2104/2172/2172
f 2085/2153/2153 55/2071/2071 2394/2462/2462
f 2032/2100/2100 2028/2096/2096 2035/2103/2103
f 2446/2514/2514 2445/2513/2513 2117/2185/2185
f 2110/2178/2178 2107/2175/2175 2098/2166/2166
f 2464/2532/2532 2465/2533/2533 1974/2008/2008
f 2142/2210/2210 2143/2211/2211 2144/2212/2212
f 2091/2159/2159 2096/2164/2164 2100/2168/2168
f 2863/2931/2931 2860/2928/2928 1949/1949/1949
f 2009/2077/2077 2011/2079/2079 62/2064/2064
f 2009/2077/2077 2014/2082/2082 2011/2079/2079
f 2530/2598/2598 1958/1983/1983 2196/2264/2264
f 2295/2363/2363 2051/2119/2119 2049/2117/2117
f 61/2065/2065 2132/2200/2200 60/2066/2066
f 62/2064/2064 2011/2079/2079 61/2065/2065
f 2011/2079/2079 2014/2082/2082 2133/2201/2201
f 2071/2139/2139 2068/2136/2136 2073/2141/2141
f 2062/2130/2130 2060/2128/2128 2063/2131/2131
f 19/2047/2047 2299/2367/2367 2074/2142/2142
f 2132/2200/2200 2131/2199/2199 60/2066/2066
f 2097/2165/2165 2082/2150/2150 2401/2469/2469
f 2070/2138/2138 2068/2136/2136 2071/2139/2139
f 2654/2722/2722 2129/2197/2197 3364/3432/3432
f 2055/2123/2123 2062/2130/2130 2057/2125/2125
f 36/2030/2030 2370/2438/2438 2369/2437/2437
f 2041/2109/2109 2044/2112/2112 2042/2110/2110
f 2032/2100/2100 2033/2101/2101 2031/2099/2099
f 2003/2063/2063 2393/2461/2461 2384/2452/2452
f 2084/2152/2152 2385/2453/2453 2383/2451/2451
f 2083/2151/2151 2371/2439/2439 2374/2442/2442
f 2084/2152/2152 2383/2451/2451 2387/2455/2455
f 3467/3535/3535 3463/3531/3531 3464/3532/3532
f 40/2026/2026 2003/2063/2063 2384/2452/2452
f 2065/2133/2133 2064/2132/2132 2043/2111/2111
f 1978/2013/2013 2073/2141/2141 2350/2418/2418
f 39/2027/2027 2383/2451/2451 38/2028/2028
f 2055/2123/2123 3815/3883/3883 2062/2130/2130
f 2163/2231/2231 1957/1957/1957 1956/1956/1956
f 2024/2092/2092 2023/2091/2091 2026/2094/2094
f 2357/2425/2425 1998/2058/2058 1997/2057/2057
f 2087/2155/2155 2088/2156/2156 2092/2160/2160
f 2017/2085/2085 2139/2207/2207 2142/2210/2210
f 2164/2232/2232 2021/2089/2089 2163/2231/2231
f 2027/2095/2095 2023/2091/2091 2018/2086/2086
f 2282/2350/2350 1970/1995/1995 1969/1994/1994
f 2361/2429/2429 1999/2059/2059 1998/2058/2058
f 2282/2350/2350 2048/2116/2116 2041/2109/2109
f 2056/2124/2124 2054/2122/2122 2058/2126/2126
f 54/2050/2050 55/2071/2071 2085/2153/2153
f 2085/2153/2153 1991/2051/2051 54/2050/2050
f 2127/2195/2195 2013/2081/2081 2125/2193/2193
f 2022/2090/2090 2024/2092/2092 2026/2094/2094
f 2113/2181/2181 2119/2187/2187 2109/2177/2177
f 2085/2153/2153 2086/2154/2154 2087/2155/2155
f 2073/2141/2141 2068/2136/2136 2077/2145/2145
f 2019/2087/2087 2503/2571/2571 2152/2220/2220
f 2369/2437/2437 35/2031/2031 36/2030/2030
f 2072/2140/2140 2074/2142/2142 2075/2143/2143
f 18/2048/2048 19/2047/2047 2074/2142/2142
f 2503/2571/2571 2156/2224/2224 2158/2226/2226
f 2300/2368/2368 20/2046/2046 21/2045/2045
f 2072/2140/2140 2070/2138/2138 18/2048/2048
f 2077/2145/2145 2076/2144/2144 2079/2147/2147
f 2075/2143/2143 2300/2368/2368 2302/2370/2370
f 2077/2145/2145 2078/2146/2146 2312/2380/2380
f 2318/2386/2386 2076/2144/2144 2315/2383/2383
f 1980/2015/2015 1979/2014/2014 2351/2419/2419
f 2632/2700/2700 33/2033/2033 34/2032/2032
f 2156/2224/2224 2154/2222/2222 2688/2756/2756
f 2428/2496/2496 2423/2491/2491 2419/2487/2487
f 2363/2431/2431 2609/2677/2677 2611/2679/2679
f 2104/2172/2172 2099/2167/2167 2101/2169/2169
f 2091/2159/2159 2100/2168/2168 2106/2174/2174
f 2356/2424/2424 2359/2427/2427 2360/2428/2428
f 2183/2251/2251 2039/2107/2107 2177/2245/2245
f 3536/3604/3604 3537/3605/3605 3239/3307/3307
f 2629/2697/2697 2630/2698/2698 2360/2428/2428
f 2394/2462/2462 55/2071/2071 56/2070/2070
f 1991/2051/2051 2085/2153/2153 2087/2155/2155
f 2086/2154/2154 2090/2158/2158 2089/2157/2157
f 2087/2155/2155 2399/2467/2467 1991/2051/2051
f 2089/2157/2157 2088/2156/2156 2086/2154/2154
f 2087/2155/2155 2086/2154/2154 2088/2156/2156
f 2088/2156/2156 2082/2150/2150 2093/2161/2161
f 2395/2463/2463 2399/2467/2467 2092/2160/2160
f 2086/2154/2154 2394/2462/2462 2090/2158/2158
f 2082/2150/2150 2088/2156/2156 2089/2157/2157
f 56/2070/2070 57/2069/2069 2090/2158/2158
f 2402/2470/2470 2401/2469/2469 57/2069/2069
f 2097/2165/2165 2094/2162/2162 2096/2164/2164
f 2093/2161/2161 2096/2164/2164 2091/2159/2159
f 2400/2468/2468 2093/2161/2161 2095/2163/2163
f 2400/2468/2468 2095/2163/2163 2092/2160/2160
f 2097/2165/2165 2096/2164/2164 2093/2161/2161
f 2093/2161/2161 2091/2159/2159 2095/2163/2163
f 2094/2162/2162 2121/2189/2189 2102/2170/2170
f 2113/2181/2181 2109/2177/2177 2110/2178/2178
f 2108/2176/2176 2444/2512/2512 2106/2174/2174
f 2395/2463/2463 2396/2464/2464 1993/2053/2053
f 2097/2165/2165 2093/2161/2161 2082/2150/2150
f 2102/2170/2170 2100/2168/2168 2096/2164/2164
f 2089/2157/2157 2401/2469/2469 2082/2150/2150
f 2402/2470/2470 2403/2471/2471 2099/2167/2167
f 2100/2168/2168 2102/2170/2170 2098/2166/2166
f 2414/2482/2482 2638/2706/2706 2413/2481/2481
f 57/2069/2069 58/2068/2068 2402/2470/2470
f 2403/2471/2471 2101/2169/2169 2099/2167/2167
f 2102/2170/2170 2096/2164/2164 2094/2162/2162
f 2107/2175/2175 2106/2174/2174 2100/2168/2168
f 60/2066/2066 2131/2199/2199 59/2067/2067
f 2101/2169/2169 2404/2472/2472 2405/2473/2473
f 2104/2172/2172 2105/2173/2173 2094/2162/2162
f 2121/2189/2189 2122/2190/2190 2123/2191/2191
f 2107/2175/2175 2103/2171/2171 2106/2174/2174
f 2447/2515/2515 2445/2513/2513 2448/2516/2516
f 2099/2167/2167 2104/2172/2172 2097/2165/2165
f 2104/2172/2172 2101/2169/2169 2406/2474/2474
f 2014/2082/2082 2134/2202/2202 2133/2201/2201
f 2134/2202/2202 2408/2476/2476 2133/2201/2201
f 2107/2175/2175 2100/2168/2168 2098/2166/2166
f 2106/2174/2174 2103/2171/2171 2108/2176/2176
f 2123/2191/2191 2452/2520/2520 2102/2170/2170
f 2114/2182/2182 2110/2178/2178 2115/2183/2183
f 2117/2185/2185 2445/2513/2513 2103/2171/2171
f 2635/2703/2703 2397/2465/2465 2398/2466/2466
f 2177/2245/2245 2176/2244/2244 2179/2247/2247
f 2114/2182/2182 2103/2171/2171 2107/2175/2175
f 2452/2520/2520 2113/2181/2181 2110/2178/2178
f 2110/2178/2178 2109/2177/2177 2115/2183/2183
f 2121/2189/2189 2123/2191/2191 2102/2170/2170
f 2418/2486/2486 2419/2487/2487 2416/2484/2484
f 2120/2188/2188 2451/2519/2519 2119/2187/2187
f 2103/2171/2171 2114/2182/2182 2117/2185/2185
f 2452/2520/2520 2110/2178/2178 2098/2166/2166
f 2111/2179/2179 2639/2707/2707 2119/2187/2187
f 2110/2178/2178 2114/2182/2182 2107/2175/2175
f 2114/2182/2182 2112/2180/2180 2610/2678/2678
f 2115/2183/2183 2109/2177/2177 2451/2519/2519
f 2114/2182/2182 2115/2183/2183 2112/2180/2180
f 2644/2712/2712 2419/2487/2487 2423/2491/2491
f 2187/2255/2255 2171/2239/2239 2184/2252/2252
f 2610/2678/2678 2112/2180/2180 2612/2680/2680
f 2081/2149/2149 2359/2427/2427 2362/2430/2430
f 2120/2188/2188 2118/2186/2186 2451/2519/2519
f 2178/2246/2246 2179/2247/2247 2182/2250/2250
f 2111/2179/2179 2119/2187/2187 2113/2181/2181
f 2119/2187/2187 2116/2184/2184 2120/2188/2188
f 2231/2299/2299 2240/2308/2308 2228/2296/2296
f 2187/2255/2255 2188/2256/2256 2186/2254/2254
f 2094/2162/2162 2105/2173/2173 2121/2189/2189
f 2121/2189/2189 2105/2173/2173 2122/2190/2190
f 2405/2473/2473 2408/2476/2476 2409/2477/2477
f 2014/2082/2082 2417/2485/2485 2415/2483/2483
f 2638/2706/2706 2123/2191/2191 2122/2190/2190
f 2111/2179/2179 2113/2181/2181 2452/2520/2520
f 2125/2193/2193 2124/2192/2192 126/2002/2002
f 2124/2192/2192 2013/2081/2081 2463/2531/2531
f 2454/2522/2522 2461/2529/2529 2125/2193/2193
f 2455/2523/2523 2460/2528/2528 2456/2524/2524
f 2012/2080/2080 2462/2530/2530 2016/2084/2084
f 2127/2195/2195 2129/2197/2197 2013/2081/2081
f 126/2002/2002 2454/2522/2522 2125/2193/2193
f 2127/2195/2195 2126/2194/2194 2650/2718/2718
f 2284/2352/2352 127/2001/2001 128/2000/2000
f 2058/2126/2126 2054/2122/2122 2455/2523/2523
f 2457/2525/2525 2458/2526/2526 2455/2523/2523
f 2459/2527/2527 2650/2718/2718 2458/2526/2526
f 2008/2076/2076 2014/2082/2082 2009/2077/2077
f 2007/2075/2075 2421/2489/2489 2420/2488/2488
f 2413/2481/2481 2409/2477/2477 2411/2479/2479
f 2409/2477/2477 2637/2705/2705 2405/2473/2473
f 59/2067/2067 2404/2472/2472 2403/2471/2471
f 2011/2079/2079 2132/2200/2200 61/2065/2065
f 2131/2199/2199 2132/2200/2200 2015/2083/2083
f 2415/2483/2483 2412/2480/2480 2134/2202/2202
f 2132/2200/2200 2133/2201/2201 2015/2083/2083
f 2134/2202/2202 2412/2480/2480 2411/2479/2479
f 2105/2173/2173 2406/2474/2474 2637/2705/2705
f 2650/2718/2718 2459/2527/2527 3364/3432/3432
f 2535/2603/2603 2255/2323/2323 2256/2324/2324
f 2140/2208/2208 2136/2204/2204 2139/2207/2207
f 2140/2208/2208 2657/2725/2725 2136/2204/2204
f 2138/2206/2206 103/1966/1966 104/1965/1965
f 2137/2205/2205 2142/2210/2210 2139/2207/2207
f 2166/2234/2234 2138/2206/2206 104/1965/1965
f 2143/2211/2211 2142/2210/2210 2138/2206/2206
f 2140/2208/2208 2139/2207/2207 2017/2085/2085
f 2141/2209/2209 2139/2207/2207 2136/2204/2204
f 2144/2212/2212 2017/2085/2085 2142/2210/2210
f 2154/2222/2222 2150/2218/2218 2688/2756/2756
f 2141/2209/2209 2136/2204/2204 2656/2724/2724
f 102/1967/1967 2137/2205/2205 2141/2209/2209
f 2137/2205/2205 2138/2206/2206 2142/2210/2210
f 2138/2206/2206 2526/2594/2594 2143/2211/2211
f 2675/2743/2743 2494/2562/2562 3370/3438/3438
f 2678/2746/2746 2682/2750/2750 3370/3438/3438
f 2143/2211/2211 2526/2594/2594 2676/2744/2744
f 2144/2212/2212 2143/2211/2211 2675/2743/2743
f 3372/3440/3440 3879/3947/3947 2146/2214/2214
f 2729/2797/2797 2732/2800/2800 2730/2798/2798
f 2523/2591/2591 3655/3723/3723 2518/2586/2586
f 3687/3755/3755 1948/1948/1948 1947/1947/1947
f 2497/2565/2565 2152/2220/2220 2691/2759/2759
f 2039/2107/2107 2172/2240/2240 2175/2243/2243
f 2148/2216/2216 2151/2219/2219 2152/2220/2220
f 2496/2564/2564 2497/2565/2565 2495/2563/2563
f 2150/2218/2218 95/1974/1974 96/1973/1973
f 2149/2217/2217 2154/2222/2222 2151/2219/2219
f 97/1972/1972 2502/2570/2570 96/1973/1973
f 2671/2739/2739 2673/2741/2741 2669/2737/2737
f 2151/2219/2219 2019/2087/2087 2152/2220/2220
f 2153/2221/2221 2151/2219/2219 2148/2216/2216
f 2154/2222/2222 2156/2224/2224 2019/2087/2087
f 2236/2304/2304 2867/2935/2935 2866/2934/2934
f 2153/2221/2221 2148/2216/2216 2496/2564/2564
f 94/1975/1975 2149/2217/2217 2153/2221/2221
f 2149/2217/2217 2150/2218/2218 2154/2222/2222
f 2502/2570/2570 2150/2218/2218 96/1973/1973
f 2280/2348/2348 3408/3476/3476 2278/2346/2346
f 2847/2915/2915 2161/2229/2229 2160/2228/2228
f 2159/2227/2227 2156/2224/2224 2155/2223/2223
f 2159/2227/2227 2158/2226/2226 2156/2224/2224
f 2159/2227/2227 2161/2229/2229 2157/2225/2225
f 2224/2292/2292 2225/2293/2293 2201/2269/2269
f 2278/2346/2346 2265/2333/2333 2280/2348/2348
f 2175/2243/2243 2173/2241/2241 2177/2245/2245
f 3369/3437/3437 2161/2229/2229 2159/2227/2227
f 2158/2226/2226 2159/2227/2227 2157/2225/2225
f 2688/2756/2756 2502/2570/2570 2689/2757/2757
f 2672/2740/2740 3447/3515/3515 3446/3514/3514
f 3369/3437/3437 2159/2227/2227 2155/2223/2223
f 2161/2229/2229 2847/2915/2915 2846/2914/2914
f 3447/3515/3515 3366/3434/3434 2663/2731/2731
f 2380/2448/2448 2633/2701/2701 2390/2458/2458
f 2164/2232/2232 2163/2231/2231 1956/1956/1956
f 2020/2088/2088 2163/2231/2231 2021/2089/2089
f 1956/1956/1956 1955/1955/1955 2164/2232/2232
f 2164/2232/2232 2517/2585/2585 2516/2584/2584
f 2519/2587/2587 2165/2233/2233 2517/2585/2585
f 2522/2590/2590 2524/2592/2592 2852/2920/2920
f 2167/2235/2235 2166/2234/2234 105/1964/1964
f 2676/2744/2744 2526/2594/2594 2034/2102/2102
f 106/1963/1963 2167/2235/2235 105/1964/1964
f 2033/2101/2101 2032/2100/2100 2168/2236/2236
f 2030/2098/2098 2168/2236/2236 2032/2100/2100
f 2034/2102/2102 2167/2235/2235 2168/2236/2236
f 2860/2928/2928 2857/2925/2925 2859/2927/2927
f 2679/2747/2747 2682/2750/2750 2678/2746/2746
f 2518/2586/2586 2170/2238/2238 2025/2093/2093
f 2018/2086/2086 2170/2238/2238 2038/2106/2106
f 2175/2243/2243 2177/2245/2245 2039/2107/2107
f 2183/2251/2251 2184/2252/2252 2039/2107/2107
f 2173/2241/2241 89/1980/1980 90/1979/1979
f 2184/2252/2252 2174/2242/2242 2039/2107/2107
f 2684/2752/2752 91/1978/1978 2685/2753/2753
f 2176/2244/2244 2177/2245/2245 2173/2241/2241
f 2171/2239/2239 2196/2264/2264 2174/2242/2242
f 1958/1983/1983 87/1982/1982 2531/2599/2599
f 2172/2240/2240 2173/2241/2241 2175/2243/2243
f 2684/2752/2752 2173/2241/2241 90/1979/1979
f 2690/2758/2758 2691/2759/2759 2506/2574/2574
f 2512/2580/2580 2506/2574/2574 2504/2572/2572
f 2687/2755/2755 2501/2569/2569 2180/2248/2248
f 2181/2249/2249 2183/2251/2251 2179/2247/2247
f 2182/2250/2250 2185/2253/2253 2178/2246/2246
f 2186/2254/2254 2188/2256/2256 2192/2260/2260
f 2176/2244/2244 2687/2755/2755 2182/2250/2250
f 2179/2247/2247 2178/2246/2246 2181/2249/2249
f 2152/2220/2220 2503/2571/2571 2504/2572/2572
f 2706/2774/2774 2211/2279/2279 2702/2770/2770
f 2193/2261/2261 2188/2256/2256 2181/2249/2249
f 2191/2259/2259 2171/2239/2239 2187/2255/2255
f 2176/2244/2244 2182/2250/2250 2179/2247/2247
f 2182/2250/2250 2180/2248/2248 2849/2917/2917
f 2179/2247/2247 2183/2251/2251 2177/2245/2245
f 2184/2252/2252 2183/2251/2251 2181/2249/2249
f 2188/2256/2256 2187/2255/2255 2184/2252/2252
f 2184/2252/2252 2171/2239/2239 2174/2242/2242
f 2205/2273/2273 2210/2278/2278 2198/2266/2266
f 2216/2284/2284 2533/2601/2601 2213/2281/2281
f 2193/2261/2261 2192/2260/2260 2188/2256/2256
f 2189/2257/2257 2194/2262/2262 2195/2263/2263
f 2188/2256/2256 2184/2252/2252 2181/2249/2249
f 2191/2259/2259 2187/2255/2255 2194/2262/2262
f 2193/2261/2261 2178/2246/2246 2208/2276/2276
f 2209/2277/2277 2208/2276/2276 2185/2253/2253
f 2192/2260/2260 2199/2267/2267 2186/2254/2254
f 2528/2596/2596 2529/2597/2597 1960/1985/1985
f 2532/2600/2600 2203/2271/2271 2198/2266/2266
f 2195/2263/2263 2199/2267/2267 2204/2272/2272
f 2528/2596/2596 2191/2259/2259 2189/2257/2257
f 2191/2259/2259 2528/2596/2596 2530/2598/2598
f 2190/2258/2258 2200/2268/2268 2192/2260/2260
f 2236/2304/2304 2204/2272/2272 2201/2269/2269
f 2178/2246/2246 2193/2261/2261 2181/2249/2249
f 2192/2260/2260 2193/2261/2261 2190/2258/2258
f 2195/2263/2263 2194/2262/2262 2186/2254/2254
f 2189/2257/2257 2191/2259/2259 2194/2262/2262
f 2186/2254/2254 2199/2267/2267 2195/2263/2263
f 2233/2301/2301 2235/2303/2303 2535/2603/2603
f 2171/2239/2239 2191/2259/2259 2530/2598/2598
f 2196/2264/2264 1958/1983/1983 2531/2599/2599
f 2172/2240/2240 2174/2242/2242 2197/2265/2265
f 2196/2264/2264 2531/2599/2599 2174/2242/2242
f 2205/2273/2273 2200/2268/2268 2206/2274/2274
f 2200/2268/2268 2205/2273/2273 2198/2266/2266
f 2223/2291/2291 2192/2260/2260 2200/2268/2268
f 2223/2291/2291 2199/2267/2267 2192/2260/2260
f 2205/2273/2273 2206/2274/2274 2202/2270/2270
f 2200/2268/2268 2198/2266/2266 2203/2271/2271
f 2210/2278/2278 2216/2284/2284 2198/2266/2266
f 2225/2293/2293 2230/2298/2298 2201/2269/2269
f 2210/2278/2278 2212/2280/2280 2207/2275/2275
f 2207/2275/2275 2212/2280/2280 2217/2285/2285
f 2216/2284/2284 2218/2286/2286 2532/2600/2600
f 2199/2267/2267 2224/2292/2292 2204/2272/2272
f 2224/2292/2292 2199/2267/2267 2203/2271/2271
f 2201/2269/2269 2235/2303/2303 2236/2304/2304
f 2206/2274/2274 2200/2268/2268 2190/2258/2258
f 2212/2280/2280 2210/2278/2278 2205/2273/2273
f 2208/2276/2276 2206/2274/2274 2190/2258/2258
f 2209/2277/2277 2206/2274/2274 2208/2276/2276
f 2209/2277/2277 2214/2282/2282 2202/2270/2270
f 2221/2289/2289 2222/2290/2290 2533/2601/2601
f 2193/2261/2261 2208/2276/2276 2190/2258/2258
f 2185/2253/2253 2208/2276/2276 2178/2246/2246
f 2185/2253/2253 2707/2775/2775 2214/2282/2282
f 2202/2270/2270 2206/2274/2274 2209/2277/2277
f 2212/2280/2280 2205/2273/2273 2202/2270/2270
f 2533/2601/2601 2216/2284/2284 2210/2278/2278
f 2690/2758/2758 2501/2569/2569 2500/2568/2568
f 2219/2287/2287 2237/2305/2305 2215/2283/2283
f 2219/2287/2287 2202/2270/2270 2214/2282/2282
f 2217/2285/2285 2212/2280/2280 2219/2287/2287
f 2221/2289/2289 2207/2275/2275 2217/2285/2285
f 2055/2123/2123 2294/2362/2362 2293/2361/2361
f 2185/2253/2253 2214/2282/2282 2209/2277/2277
f 2215/2283/2283 2217/2285/2285 2219/2287/2287
f 2220/2288/2288 2246/2314/2314 2244/2312/2312
f 2244/2312/2312 2248/2316/2316 2239/2307/2307
f 2533/2601/2601 2210/2278/2278 2207/2275/2275
f 2216/2284/2284 2213/2281/2281 2218/2286/2286
f 2212/2280/2280 2202/2270/2270 2219/2287/2287
f 2253/2321/2321 2221/2289/2289 2217/2285/2285
f 2227/2295/2295 2218/2286/2286 2229/2297/2297
f 2218/2286/2286 2225/2293/2293 2224/2292/2292
f 2214/2282/2282 2211/2279/2279 2219/2287/2287
f 2219/2287/2287 2211/2279/2279 2237/2305/2305
f 2261/2329/2329 2246/2314/2314 2247/2315/2315
f 2226/2294/2294 2229/2297/2297 2234/2302/2302
f 2253/2321/2321 2217/2285/2285 2215/2283/2283
f 2221/2289/2289 2220/2288/2288 2222/2290/2290
f 2234/2302/2302 2229/2297/2297 2232/2300/2300
f 2243/2311/2311 2222/2290/2290 2244/2312/2312
f 2200/2268/2268 2203/2271/2271 2223/2291/2291
f 2199/2267/2267 2223/2291/2291 2203/2271/2271
f 2224/2292/2292 2203/2271/2271 2532/2600/2600
f 2201/2269/2269 2204/2272/2272 2224/2292/2292
f 2218/2286/2286 2227/2295/2295 2225/2293/2293
f 2225/2293/2293 2231/2299/2299 2230/2298/2298
f 2226/2294/2294 2227/2295/2295 2229/2297/2297
f 2267/2335/2335 2538/2606/2606 2540/2608/2608
f 2229/2297/2297 2218/2286/2286 2213/2281/2281
f 2231/2299/2299 2227/2295/2295 2226/2294/2294
f 2251/2319/2319 2226/2294/2294 2234/2302/2302
f 2290/2358/2358 2288/2356/2356 2291/2359/2359
f 2222/2290/2290 2232/2300/2300 2213/2281/2281
f 2229/2297/2297 2213/2281/2281 2232/2300/2300
f 2231/2299/2299 2225/2293/2293 2227/2295/2295
f 2535/2603/2603 2235/2303/2303 2230/2298/2298
f 2250/2318/2318 2226/2294/2294 2251/2319/2319
f 2230/2298/2298 2231/2299/2299 2228/2296/2296
f 2243/2311/2311 2242/2310/2310 2232/2300/2300
f 2250/2318/2318 2238/2306/2306 2240/2308/2308
f 2240/2308/2308 2255/2323/2323 2228/2296/2296
f 3465/3533/3533 3466/3534/3534 2870/2938/2938
f 2222/2290/2290 2243/2311/2311 2232/2300/2300
f 2241/2309/2309 2266/2334/2334 2267/2335/2335
f 2535/2603/2603 2230/2298/2298 2228/2296/2296
f 2235/2303/2303 2233/2301/2301 2236/2304/2304
f 2868/2936/2936 2867/2935/2935 2236/2304/2304
f 2529/2597/2597 1961/1986/1986 1960/1985/1985
f 2512/2580/2580 2504/2572/2572 2511/2579/2579
f 2247/2315/2315 2253/2321/2321 2258/2326/2326
f 2232/2300/2300 2242/2310/2310 2234/2302/2302
f 2484/2552/2552 2476/2544/2544 2480/2548/2548
f 2244/2312/2312 2239/2307/2307 2243/2311/2311
f 2241/2309/2309 2251/2319/2319 2252/2320/2320
f 2250/2318/2318 2231/2299/2299 2226/2294/2294
f 2880/2948/2948 2249/2317/2317 2882/2950/2950
f 2252/2320/2320 2251/2319/2319 2234/2302/2302
f 2266/2334/2334 2241/2309/2309 2252/2320/2320
f 2263/2331/2331 3835/3903/3903 2260/2328/2328
f 2439/2507/2507 2442/2510/2510 2425/2493/2493
f 2244/2312/2312 2222/2290/2290 2220/2288/2288
f 2242/2310/2310 2243/2311/2311 2239/2307/2307
f 2247/2315/2315 2246/2314/2314 2220/2288/2288
f 2246/2314/2314 2248/2316/2316 2244/2312/2312
f 2246/2314/2314 2261/2329/2329 2245/2313/2313
f 2797/2865/2865 2248/2316/2316 2245/2313/2313
f 2221/2289/2289 2253/2321/2321 2220/2288/2288
f 2246/2314/2314 2245/2313/2313 2248/2316/2316
f 2258/2326/2326 2237/2305/2305 3407/3475/3475
f 2272/2340/2340 2275/2343/2343 2265/2333/2333
f 2262/2330/2330 2796/2864/2864 2797/2865/2865
f 2083/2151/2151 2374/2442/2442 2376/2444/2444
f 2238/2306/2306 2250/2318/2318 2267/2335/2335
f 2061/2129/2129 2290/2358/2358 2293/2361/2361
f 2250/2318/2318 2240/2308/2308 2231/2299/2299
f 2267/2335/2335 2250/2318/2318 2241/2309/2309
f 2252/2320/2320 2234/2302/2302 2242/2310/2310
f 2250/2318/2318 2251/2319/2319 2241/2309/2309
f 2242/2310/2310 2263/2331/2331 2260/2328/2328
f 2266/2334/2334 2260/2328/2328 2268/2336/2336
f 2258/2326/2326 2253/2321/2321 2215/2283/2283
f 2220/2288/2288 2253/2321/2321 2247/2315/2315
f 2272/2340/2340 2274/2342/2342 2259/2327/2327
f 2258/2326/2326 2259/2327/2327 2247/2315/2315
f 2882/2950/2950 2240/2308/2308 2238/2306/2306
f 2255/2323/2323 2249/2317/2317 2256/2324/2324
f 3815/3883/3883 3817/3885/3885 3638/3706/3706
f 2872/2940/2940 1962/1987/1987 3465/3533/3533
f 2281/2349/2349 2262/2330/2330 2274/2342/2342
f 2116/2184/2184 2643/2711/2711 3300/3368/3368
f 2237/2305/2305 2258/2326/2326 2215/2283/2283
f 2259/2327/2327 2258/2326/2326 2254/2322/2322
f 3407/3475/3475 2704/2772/2772 3406/3474/3474
f 2245/2313/2313 2261/2329/2329 2262/2330/2330
f 2263/2331/2331 2242/2310/2310 2239/2307/2307
f 2260/2328/2328 2257/2325/2325 2268/2336/2336
f 2247/2315/2315 2259/2327/2327 2261/2329/2329
f 2262/2330/2330 2261/2329/2329 2259/2327/2327
f 2259/2327/2327 2254/2322/2322 2272/2340/2340
f 2573/2641/2641 2560/2628/2628 2574/2642/2642
f 3839/3907/3907 2248/2316/2316 3837/3905/3905
f 2795/2863/2863 3842/3910/3910 3843/3911/3911
f 2264/2332/2332 2268/2336/2336 2270/2338/2338
f 2538/2606/2606 2264/2332/2332 2271/2339/2339
f 3391/3459/3459 3398/3466/3466 3390/3458/3458
f 2259/2327/2327 2274/2342/2342 2262/2330/2330
f 2260/2328/2328 2266/2334/2334 2252/2320/2320
f 2267/2335/2335 2266/2334/2334 2264/2332/2332
f 2270/2338/2338 2271/2339/2339 2264/2332/2332
f 2466/2534/2534 2475/2543/2543 2474/2542/2542
f 2257/2325/2325 3833/3901/3901 2270/2338/2338
f 2266/2334/2334 2268/2336/2336 2264/2332/2332
f 2281/2349/2349 2791/2859/2859 2796/2864/2864
f 2434/2502/2502 2439/2507/2507 2425/2493/2493
f 2257/2325/2325 2270/2338/2338 2268/2336/2336
f 2271/2339/2339 2270/2338/2338 2269/2337/2337
f 3890/3958/3958 3226/3294/3294 3527/3595/3595
f 3349/3417/3417 3350/3418/3418 3352/3420/3420
f 3406/3474/3474 2275/2343/2343 2272/2340/2340
f 2272/2340/2340 2265/2333/2333 2274/2342/2342
f 2700/2768/2768 2698/2766/2766 2699/2767/2767
f 2692/2760/2760 2505/2573/2573 2507/2575/2575
f 2275/2343/2343 2279/2347/2347 2265/2333/2333
f 2278/2346/2346 2274/2342/2342 2265/2333/2333
f 3406/3474/3474 2272/2340/2340 2254/2322/2322
f 2273/2341/2341 2703/2771/2771 2279/2347/2347
f 2336/2404/2404 2592/2660/2660 2341/2409/2409
f 2278/2346/2346 2281/2349/2349 2274/2342/2342
f 2695/2763/2763 2694/2762/2762 2693/2761/2761
f 3397/3465/3465 2664/2732/2732 3396/3464/3464
f 2265/2333/2333 2279/2347/2347 2280/2348/2348
f 2278/2346/2346 2276/2344/2344 2281/2349/2349
f 2273/2341/2341 2279/2347/2347 2275/2343/2343
f 2279/2347/2347 2277/2345/2345 2280/2348/2348
f 2709/2777/2777 2277/2345/2345 2703/2771/2771
f 2855/2923/2923 2856/2924/2924 2525/2593/2593
f 2566/2634/2634 2910/2978/2978 2559/2627/2627
f 2083/2151/2151 2378/2446/2446 3258/3326/3326
f 2048/2116/2116 2282/2350/2350 1969/1994/1994
f 2040/2108/2108 2282/2350/2350 2041/2109/2109
f 2046/2114/2114 2058/2126/2126 2283/2351/2351
f 2456/2524/2524 2284/2352/2352 2283/2351/2351
f 2284/2352/2352 2128/2196/2196 2454/2522/2522
f 128/2000/2000 2283/2351/2351 2284/2352/2352
f 2066/2134/2134 2285/2353/2353 130/1998/1998
f 2283/2351/2351 2285/2353/2353 2046/2114/2114
f 2287/2355/2355 2286/2354/2354 1967/1992/1992
f 2050/2118/2118 2286/2354/2354 2052/2120/2120
f 2288/2356/2356 2287/2355/2355 1966/1991/1991
f 2061/2129/2129 2052/2120/2120 2287/2355/2355
f 1966/1991/1991 1965/1990/1990 2288/2356/2356
f 3885/3953/3953 2290/2358/2358 2291/2359/2359
f 2887/2955/2955 2896/2964/2964 3469/3537/3537
f 2061/2129/2129 2288/2356/2356 2290/2358/2358
f 2291/2359/2359 2288/2356/2356 1965/1990/1990
f 2289/2357/2357 2292/2360/2360 2293/2361/2361
f 1964/1989/1989 3884/3952/3952 1965/1990/1990
f 2872/2940/2940 2874/2942/2942 1963/1988/1988
f 3476/3544/3544 3475/3543/3543 2876/2944/2944
f 2887/2955/2955 2893/2961/2961 2894/2962/2962
f 2289/2357/2357 2293/2361/2361 2290/2358/2358
f 2293/2361/2361 2292/2360/2360 3817/3885/3885
f 2052/2120/2120 2294/2362/2362 2059/2127/2127
f 2293/2361/2361 2294/2362/2362 2061/2129/2129
f 2062/2130/2130 2295/2363/2363 2049/2117/2117
f 2054/2122/2122 2295/2363/2363 2063/2131/2131
f 2317/2385/2385 2067/2135/2135 2318/2386/2386
f 2331/2399/2399 2333/2401/2401 2296/2364/2364
f 1980/2015/2015 2351/2419/2419 2352/2420/2420
f 2297/2365/2365 2067/2135/2135 2331/2399/2399
f 2346/2414/2414 2347/2415/2415 2563/2631/2631
f 2340/2408/2408 2344/2412/2412 2349/2417/2417
f 2300/2368/2368 2299/2367/2367 20/2046/2046
f 2074/2142/2142 2299/2367/2367 2075/2143/2143
f 2305/2373/2373 2306/2374/2374 2303/2371/2371
f 2307/2375/2375 2302/2370/2370 2305/2373/2373
f 3881/3949/3949 2309/2377/2377 2307/2375/2375
f 2312/2380/2380 2313/2381/2381 2315/2383/2383
f 2305/2373/2373 2302/2370/2370 2300/2368/2368
f 2302/2370/2370 2301/2369/2369 2304/2372/2372
f 2306/2374/2374 2305/2373/2373 2300/2368/2368
f 2307/2375/2375 2301/2369/2369 2302/2370/2370
f 2301/2369/2369 2314/2382/2382 2313/2381/2381
f 2077/2145/2145 2312/2380/2380 2076/2144/2144
f 2306/2374/2374 2300/2368/2368 21/2045/2045
f 2305/2373/2373 2303/2371/2371 2307/2375/2375
f 22/2044/2044 2325/2393/2393 21/2045/2045
f 2322/2390/2390 2298/2366/2366 3880/3948/3948
f 3880/3948/3948 2303/2371/2371 2322/2390/2390
f 3880/3948/3948 3881/3949/3949 2303/2371/2371
f 2346/2414/2414 2298/2366/2366 2347/2415/2415
f 2592/2660/2660 2330/2398/2398 2321/2389/2389
f 2311/2379/2379 2314/2382/2382 2319/2387/2387
f 2315/2383/2383 2076/2144/2144 2312/2380/2380
f 2072/2140/2140 2310/2378/2378 2078/2146/2146
f 2302/2370/2370 2310/2378/2378 2075/2143/2143
f 2314/2382/2382 2311/2379/2379 2313/2381/2381
f 2316/2384/2384 2319/2387/2387 2320/2388/2388
f 2078/2146/2146 2304/2372/2372 2312/2380/2380
f 2313/2381/2381 2312/2380/2380 2304/2372/2372
f 2301/2369/2369 2313/2381/2381 2304/2372/2372
f 2313/2381/2381 2311/2379/2379 2315/2383/2383
f 2301/2369/2369 2309/2377/2377 2314/2382/2382
f 2320/2388/2388 2319/2387/2387 2314/2382/2382
f 2317/2385/2385 2315/2383/2383 2311/2379/2379
f 2315/2383/2383 2317/2385/2385 2318/2386/2386
f 2308/2376/2376 2344/2412/2412 2340/2408/2408
f 2338/2406/2406 2339/2407/2407 2332/2400/2400
f 2321/2389/2389 2311/2379/2379 2319/2387/2387
f 2311/2379/2379 2321/2389/2389 2317/2385/2385
f 2352/2420/2420 2067/2135/2135 2297/2365/2365
f 2079/2147/2147 2076/2144/2144 2318/2386/2386
f 2320/2388/2388 2314/2382/2382 2309/2377/2377
f 2319/2387/2387 2316/2384/2384 2321/2389/2389
f 2308/2376/2376 2340/2408/2408 2309/2377/2377
f 2320/2388/2388 2340/2408/2408 2328/2396/2396
f 2343/2411/2411 2328/2396/2396 2323/2391/2391
f 2330/2398/2398 2067/2135/2135 2317/2385/2385
f 2306/2374/2374 2325/2393/2393 2322/2390/2390
f 22/2044/2044 2326/2394/2394 2325/2393/2393
f 2587/2655/2655 2589/2657/2657 2937/3005/3005
f 2596/2664/2664 2597/2665/2665 2595/2663/2663
f 2341/2409/2409 2321/2389/2389 2316/2384/2384
f 2551/2619/2619 2335/2403/2403 2591/2659/2659
f 21/2045/2045 2325/2393/2393 2306/2374/2374
f 2326/2394/2394 22/2044/2044 23/2043/2043
f 2553/2621/2621 23/2043/2043 24/2042/2042
f 2322/2390/2390 2326/2394/2394 2552/2620/2620
f 2908/2976/2976 24/2042/2042 25/2041/2041
f 2555/2623/2623 2559/2627/2627 2558/2626/2626
f 2320/2388/2388 2309/2377/2377 2340/2408/2408
f 2345/2413/2413 2341/2409/2409 2316/2384/2384
f 2573/2641/2641 2562/2630/2630 2971/3039/3039
f 1984/2019/2019 3490/3558/3558 1985/2020/2020
f 2321/2389/2389 2330/2398/2398 2317/2385/2385
f 2331/2399/2399 2330/2398/2398 2324/2392/2392
f 2334/2402/2402 2333/2401/2401 2331/2399/2399
f 2331/2399/2399 2296/2364/2364 2297/2365/2365
f 2334/2402/2402 2332/2400/2400 2333/2401/2401
f 2338/2406/2406 2332/2400/2400 2334/2402/2402
f 2334/2402/2402 2331/2399/2399 2324/2392/2392
f 2333/2401/2401 2332/2400/2400 2335/2403/2403
f 2324/2392/2392 2336/2404/2404 2334/2402/2402
f 2338/2406/2406 2334/2402/2402 2594/2662/2662
f 2972/3040/3040 2590/2658/2658 2335/2403/2403
f 2591/2659/2659 2335/2403/2403 1983/2018/2018
f 2592/2660/2660 2336/2404/2404 2324/2392/2392
f 2329/2397/2397 2593/2661/2661 2336/2404/2404
f 2329/2397/2397 2596/2664/2664 2593/2661/2661
f 2980/3048/3048 2354/2422/2422 2979/3047/3047
f 2594/2662/2662 2334/2402/2402 2336/2404/2404
f 2339/2407/2407 2338/2406/2406 2337/2405/2405
f 2338/2406/2406 2594/2662/2662 2337/2405/2405
f 2973/3041/3041 3490/3558/3558 2590/2658/2658
f 2308/2376/2376 2346/2414/2414 2344/2412/2412
f 2323/2391/2391 2328/2396/2396 2340/2408/2408
f 2345/2413/2413 2328/2396/2396 2343/2411/2411
f 2336/2404/2404 2341/2409/2409 2329/2397/2397
f 2347/2415/2415 2555/2623/2623 2558/2626/2626
f 2557/2625/2625 2558/2626/2626 2559/2627/2627
f 2573/2641/2641 2912/2980/2980 2911/2979/2979
f 2341/2409/2409 2343/2411/2411 2974/3042/3042
f 2308/2376/2376 3880/3948/3948 2346/2414/2414
f 2344/2412/2412 2342/2410/2410 2348/2416/2416
f 2328/2396/2396 2345/2413/2413 2316/2384/2384
f 2343/2411/2411 2341/2409/2409 2345/2413/2413
f 2298/2366/2366 2552/2620/2620 2347/2415/2415
f 2342/2410/2410 2344/2412/2412 2346/2414/2414
f 2554/2622/2622 2327/2395/2395 2553/2621/2621
f 2327/2395/2395 2555/2623/2623 2347/2415/2415
f 2560/2628/2628 2563/2631/2631 2558/2626/2626
f 2578/2646/2646 2583/2651/2651 2562/2630/2630
f 2344/2412/2412 2348/2416/2416 2349/2417/2417
f 2323/2391/2391 2349/2417/2417 2348/2416/2416
f 1978/2013/2013 2350/2418/2418 1979/2014/2014
f 2077/2145/2145 2350/2418/2418 2073/2141/2141
f 2350/2418/2418 2351/2419/2419 1979/2014/2014
f 2351/2419/2419 2079/2147/2147 2352/2420/2420
f 2079/2147/2147 2318/2386/2386 2352/2420/2420
f 2067/2135/2135 2352/2420/2420 2318/2386/2386
f 2606/2674/2674 3023/3091/3091 2353/2421/2421
f 1990/2025/2025 2978/3046/3046 1943/1943/1943
f 3215/3283/3283 2979/3047/3047 1988/2023/2023
f 2354/2422/2422 2980/3048/3048 2605/2673/2673
f 1985/2020/2020 3491/3559/3559 3498/3566/3566
f 2593/2661/2661 2599/2667/2667 2337/2405/2405
f 2364/2432/2432 2081/2149/2149 2362/2430/2430
f 2000/2060/2060 1999/2059/2059 3216/3284/3284
f 2367/2435/2435 1996/2056/2056 2358/2426/2426
f 2357/2425/2425 2362/2430/2430 2359/2427/2427
f 1995/2055/2055 2448/2516/2516 2450/2518/2518
f 2358/2426/2426 2449/2517/2517 2362/2430/2430
f 2359/2427/2427 2081/2149/2149 2620/2688/2688
f 2361/2429/2429 2359/2427/2427 2356/2424/2424
f 2618/2686/2686 3259/3327/3327 2619/2687/2687
f 2376/2444/2444 2378/2446/2446 2083/2151/2151
f 2361/2429/2429 2356/2424/2424 3217/3285/3285
f 1998/2058/2058 2357/2425/2425 2361/2429/2429
f 2367/2435/2435 2362/2430/2430 2357/2425/2425
f 2447/2515/2515 2448/2516/2516 2398/2466/2466
f 2615/2683/2683 2609/2677/2677 2610/2678/2678
f 2449/2517/2517 2364/2432/2432 2362/2430/2430
f 2117/2185/2185 2609/2677/2677 2363/2431/2431
f 2611/2679/2679 2366/2434/2434 2364/2432/2432
f 2359/2427/2427 2620/2688/2688 2360/2428/2428
f 2366/2434/2434 2081/2149/2149 2364/2432/2432
f 2612/2680/2680 2118/2186/2186 2617/2685/2685
f 2617/2685/2685 2616/2684/2684 2612/2680/2680
f 1996/2056/2056 2367/2435/2435 1997/2057/2057
f 2362/2430/2430 2367/2435/2435 2358/2426/2426
f 2372/2440/2440 2368/2436/2436 2371/2439/2439
f 2372/2440/2440 3325/3393/3393 2368/2436/2436
f 2370/2438/2438 36/2030/2030 37/2029/2029
f 2369/2437/2437 2374/2442/2442 2371/2439/2439
f 37/2029/2029 38/2028/2028 2391/2459/2459
f 2375/2443/2443 2376/2444/2444 2370/2438/2438
f 2372/2440/2440 2371/2439/2439 2083/2151/2151
f 2373/2441/2441 2371/2439/2439 2368/2436/2436
f 2374/2442/2442 2370/2438/2438 2376/2444/2444
f 2560/2628/2628 2573/2641/2641 2342/2410/2410
f 2373/2441/2441 2368/2436/2436 3324/3392/3392
f 35/2031/2031 2369/2437/2437 2373/2441/2441
f 2369/2437/2437 2370/2438/2438 2374/2442/2442
f 2383/2451/2451 2391/2459/2459 38/2028/2028
f 2379/2447/2447 2381/2449/2449 2377/2445/2445
f 2381/2449/2449 3534/3602/3602 3535/3603/3603
f 2633/2701/2701 2381/2449/2449 2375/2443/2443
f 2379/2447/2447 2378/2446/2446 2376/2444/2444
f 2578/2646/2646 2577/2645/2645 2580/2648/2648
f 2376/2444/2444 2375/2443/2443 2379/2447/2447
f 2382/2450/2450 3240/3308/3308 3244/3312/3312
f 2578/2646/2646 2562/2630/2630 2576/2644/2644
f 2375/2443/2443 2385/2453/2453 2633/2701/2701
f 2379/2447/2447 2377/2445/2445 3255/3323/3323
f 2393/2461/2461 2387/2455/2455 2384/2452/2452
f 2621/2689/2689 2624/2692/2692 2360/2428/2428
f 2375/2443/2443 2381/2449/2449 2379/2447/2447
f 2381/2449/2449 2380/2448/2448 3534/3602/3602
f 2621/2689/2689 2360/2428/2428 2620/2688/2688
f 2795/2863/2863 3421/3489/3489 3428/3496/3496
f 2384/2452/2452 2383/2451/2451 39/2027/2027
f 2084/2152/2152 2633/2701/2701 2385/2453/2453
f 40/2026/2026 2384/2452/2452 39/2027/2027
f 3883/3951/3951 2393/2461/2461 2002/2062/2062
f 2370/2438/2438 2392/2460/2460 2375/2443/2443
f 37/2029/2029 2391/2459/2459 2392/2460/2460
f 2002/2062/2062 2001/2061/2061 3223/3291/3291
f 2084/2152/2152 2387/2455/2455 2388/2456/2456
f 2383/2451/2451 2384/2452/2452 2387/2455/2455
f 2393/2461/2461 2388/2456/2456 2387/2455/2455
f 2388/2456/2456 2386/2454/2454 3232/3300/3300
f 2084/2152/2152 2388/2456/2456 2390/2458/2458
f 2386/2454/2454 2393/2461/2461 3883/3951/3951
f 3216/3284/3284 3218/3286/3286 2000/2060/2060
f 2388/2456/2456 2389/2457/2457 2390/2458/2458
f 3536/3604/3604 2390/2458/2458 2389/2457/2457
f 2383/2451/2451 2385/2453/2453 2391/2459/2459
f 2391/2459/2459 2385/2453/2453 2392/2460/2460
f 2375/2443/2443 2392/2460/2460 2385/2453/2453
f 37/2029/2029 2392/2460/2460 2370/2438/2438
f 2002/2062/2062 2393/2461/2461 2003/2063/2063
f 2388/2456/2456 2393/2461/2461 2386/2454/2454
f 2090/2158/2158 2394/2462/2462 56/2070/2070
f 2085/2153/2153 2394/2462/2462 2086/2154/2154
f 2399/2467/2467 2395/2463/2463 1992/2052/2052
f 2396/2464/2464 2092/2160/2160 2095/2163/2163
f 2397/2465/2465 2396/2464/2464 2095/2163/2163
f 1993/2053/2053 2396/2464/2464 2635/2703/2703
f 2444/2512/2512 2397/2465/2465 2095/2163/2163
f 2397/2465/2465 2108/2176/2176 2398/2466/2466
f 2445/2513/2513 2108/2176/2176 2103/2171/2171
f 1995/2055/2055 1994/2054/2054 2636/2704/2704
f 1991/2051/2051 2399/2467/2467 1992/2052/2052
f 2087/2155/2155 2092/2160/2160 2399/2467/2467
f 2092/2160/2160 2088/2156/2156 2400/2468/2468
f 2093/2161/2161 2400/2468/2468 2088/2156/2156
f 57/2069/2069 2401/2469/2469 2090/2158/2158
f 2097/2165/2165 2401/2469/2469 2099/2167/2167
f 2402/2470/2470 58/2068/2068 2403/2471/2471
f 2401/2469/2469 2402/2470/2470 2099/2167/2167
f 58/2068/2068 59/2067/2067 2403/2471/2471
f 2404/2472/2472 59/2067/2067 2131/2199/2199
f 2405/2473/2473 2404/2472/2472 2131/2199/2199
f 2101/2169/2169 2403/2471/2471 2404/2472/2472
f 2131/2199/2199 2407/2475/2475 2405/2473/2473
f 2407/2475/2475 2408/2476/2476 2405/2473/2473
f 2104/2172/2172 2406/2474/2474 2105/2173/2173
f 2101/2169/2169 2405/2473/2473 2406/2474/2474
f 2131/2199/2199 2015/2083/2083 2407/2475/2475
f 2408/2476/2476 2407/2475/2475 2015/2083/2083
f 2133/2201/2201 2408/2476/2476 2015/2083/2083
f 2408/2476/2476 2134/2202/2202 2409/2477/2477
f 2409/2477/2477 2134/2202/2202 2411/2479/2479
f 2637/2705/2705 2406/2474/2474 2405/2473/2473
f 3599/3667/3667 3308/3376/3376 3311/3379/3379
f 2111/2179/2179 2123/2191/2191 2638/2706/2706
f 2014/2082/2082 2415/2483/2483 2134/2202/2202
f 2413/2481/2481 2411/2479/2479 2410/2478/2478
f 2418/2486/2486 2412/2480/2480 2130/2198/2198
f 2410/2478/2478 2411/2479/2479 2412/2480/2480
f 2413/2481/2481 2410/2478/2478 2414/2482/2482
f 2122/2190/2190 2105/2173/2173 2637/2705/2705
f 2412/2480/2480 2418/2486/2486 2410/2478/2478
f 2119/2187/2187 2639/2707/2707 2116/2184/2184
f 2417/2485/2485 2014/2082/2082 2008/2076/2076
f 2130/2198/2198 2412/2480/2480 2415/2483/2483
f 2417/2485/2485 2420/2488/2488 2130/2198/2198
f 2426/2494/2494 2427/2495/2495 2432/2500/2500
f 2008/2076/2076 2007/2075/2075 2417/2485/2485
f 2420/2488/2488 2417/2485/2485 2007/2075/2075
f 2418/2486/2486 2130/2198/2198 2428/2496/2496
f 2418/2486/2486 2416/2484/2484 3599/3667/3667
f 2421/2489/2489 2006/2074/2074 2424/2492/2492
f 2427/2495/2495 2426/2494/2494 2005/2073/2073
f 2421/2489/2489 2007/2075/2075 2006/2074/2074
f 2428/2496/2496 2420/2488/2488 2423/2491/2491
f 2006/2074/2074 2426/2494/2494 2424/2492/2492
f 2420/2488/2488 2421/2489/2489 2423/2491/2491
f 2004/2072/2072 2430/2498/2498 2427/2495/2495
f 2422/2490/2490 2426/2494/2494 2432/2500/2500
f 2424/2492/2492 2423/2491/2491 2421/2489/2489
f 2419/2487/2487 2644/2712/2712 2425/2493/2493
f 2426/2494/2494 2006/2074/2074 2005/2073/2073
f 2424/2492/2492 2422/2490/2490 2644/2712/2712
f 2430/2498/2498 2431/2499/2499 2427/2495/2495
f 2434/2502/2502 2647/2715/2715 2439/2507/2507
f 2427/2495/2495 2005/2073/2073 2004/2072/2072
f 2422/2490/2490 2424/2492/2492 2426/2494/2494
f 2429/2497/2497 2430/2498/2498 1976/2010/2010
f 2645/2713/2713 1975/2009/2009 3882/3950/3950
f 2418/2486/2486 2428/2496/2496 2419/2487/2487
f 2130/2198/2198 2420/2488/2488 2428/2496/2496
f 2429/2497/2497 2435/2503/2503 2431/2499/2499
f 2432/2500/2500 2427/2495/2495 2431/2499/2499
f 1976/2010/2010 2430/2498/2498 2004/2072/2072
f 2431/2499/2499 2430/2498/2498 2429/2497/2497
f 2645/2713/2713 2429/2497/2497 1976/2010/2010
f 2425/2493/2493 2644/2712/2712 2434/2502/2502
f 2435/2503/2503 2436/2504/2504 2431/2499/2499
f 2422/2490/2490 2432/2500/2500 2434/2502/2502
f 2466/2534/2534 2467/2535/2535 2470/2538/2538
f 2425/2493/2493 2443/2511/2511 2419/2487/2487
f 2436/2504/2504 2432/2500/2500 2431/2499/2499
f 2434/2502/2502 2432/2500/2500 2436/2504/2504
f 2429/2497/2497 2645/2713/2713 2646/2714/2714
f 2433/2501/2501 3344/3412/3412 2435/2503/2503
f 2471/2539/2539 2475/2543/2543 2491/2559/2559
f 2619/2687/2687 2537/2605/2605 2618/2686/2686
f 2465/2533/2533 1975/2009/2009 1974/2008/2008
f 2467/2535/2535 2469/2537/2537 2465/2533/2533
f 2438/2506/2506 2439/2507/2507 2440/2508/2508
f 3307/3375/3375 3314/3382/3382 3317/3385/3385
f 2647/2715/2715 2434/2502/2502 2436/2504/2504
f 2442/2510/2510 2439/2507/2507 3313/3381/3381
f 3343/3411/3411 3344/3412/3412 2648/2716/2716
f 2473/2541/2541 2437/2505/2505 2469/2537/2537
f 3286/3354/3354 3272/3340/3340 3282/3350/3350
f 2641/2709/2709 2116/2184/2184 2639/2707/2707
f 3313/3381/3381 2439/2507/2507 2438/2506/2506
f 2442/2510/2510 2441/2509/2509 2443/2511/2511
f 3312/3380/3380 2443/2511/2511 2441/2509/2509
f 2416/2484/2484 2419/2487/2487 2443/2511/2511
f 2106/2174/2174 2444/2512/2512 2091/2159/2159
f 2397/2465/2465 2444/2512/2512 2108/2176/2176
f 2446/2514/2514 2117/2185/2185 2363/2431/2431
f 2398/2466/2466 2108/2176/2176 2447/2515/2515
f 2363/2431/2431 2449/2517/2517 2446/2514/2514
f 2449/2517/2517 2358/2426/2426 2450/2518/2518
f 2108/2176/2176 2445/2513/2513 2447/2515/2515
f 2448/2516/2516 2445/2513/2513 2446/2514/2514
f 2446/2514/2514 2449/2517/2517 2448/2516/2516
f 2636/2704/2704 2448/2516/2516 1995/2055/2055
f 2449/2517/2517 2363/2431/2431 2364/2432/2432
f 2358/2426/2426 1996/2056/2056 2450/2518/2518
f 1995/2055/2055 2450/2518/2518 1996/2056/2056
f 2448/2516/2516 2449/2517/2517 2450/2518/2518
f 2451/2519/2519 2118/2186/2186 2613/2681/2681
f 2119/2187/2187 2451/2519/2519 2109/2177/2177
f 2102/2170/2170 2452/2520/2520 2098/2166/2166
f 2111/2179/2179 2452/2520/2520 2123/2191/2191
f 2060/2128/2128 3353/3421/3421 2063/2131/2131
f 2466/2534/2534 2474/2542/2542 2469/2537/2537
f 2284/2352/2352 2454/2522/2522 127/2001/2001
f 2128/2196/2196 2460/2528/2528 2461/2529/2529
f 2457/2525/2525 2455/2523/2523 2054/2122/2122
f 2460/2528/2528 2455/2523/2523 2458/2526/2526
f 2284/2352/2352 2456/2524/2524 2128/2196/2196
f 2058/2126/2126 2455/2523/2523 2456/2524/2524
f 3356/3424/3424 2054/2122/2122 2063/2131/2131
f 2458/2526/2526 2457/2525/2525 2453/2521/2521
f 2453/2521/2521 3360/3428/3428 2458/2526/2526
f 2458/2526/2526 2126/2194/2194 2460/2528/2528
f 2488/2556/2556 2485/2553/2553 3357/3425/3425
f 2654/2722/2722 3364/3432/3432 2492/2560/2560
f 2461/2529/2529 2126/2194/2194 2127/2195/2195
f 2456/2524/2524 2460/2528/2528 2128/2196/2196
f 2125/2193/2193 2461/2529/2529 2127/2195/2195
f 2128/2196/2196 2461/2529/2529 2454/2522/2522
f 2463/2531/2531 2462/2530/2530 2012/2080/2080
f 2654/2722/2722 2462/2530/2530 2129/2197/2197
f 2010/2078/2078 2463/2531/2531 2012/2080/2080
f 2129/2197/2197 2463/2531/2531 2013/2081/2081
f 2016/2084/2084 2464/2532/2532 1973/2007/2007
f 2465/2533/2533 2464/2532/2532 2135/2203/2203
f 2467/2535/2535 2465/2533/2533 2135/2203/2203
f 2465/2533/2533 2469/2537/2537 3882/3950/3950
f 2538/2606/2606 2267/2335/2335 2264/2332/2332
f 2474/2542/2542 2475/2543/2543 2471/2539/2539
f 2135/2203/2203 3365/3433/3433 2470/2538/2538
f 2469/2537/2537 2467/2535/2535 2466/2534/2534
f 2016/2084/2084 2654/2722/2722 3365/3433/3433
f 2481/2549/2549 2487/2555/2555 2478/2546/2546
f 2474/2542/2542 2473/2541/2541 2469/2537/2537
f 2469/2537/2537 2437/2505/2505 3882/3950/3950
f 2135/2203/2203 2470/2538/2538 2467/2535/2535
f 2472/2540/2540 2470/2538/2538 2468/2536/2536
f 2466/2534/2534 2470/2538/2538 2472/2540/2540
f 3812/3880/3880 3636/3704/3704 3318/3386/3386
f 2655/2723/2723 2487/2555/2555 2483/2551/2551
f 2538/2606/2606 2541/2609/2609 2540/2608/2608
f 3348/3416/3416 2473/2541/2541 2471/2539/2539
f 3342/3410/3410 2473/2541/2541 2433/2501/2501
f 2475/2543/2543 2466/2534/2534 2472/2540/2540
f 2471/2539/2539 2473/2541/2541 2474/2542/2542
f 2477/2545/2545 2480/2548/2548 2476/2544/2544
f 2477/2545/2545 2491/2559/2559 2475/2543/2543
f 2490/2558/2558 3637/3705/3705 2653/2721/2721
f 2475/2543/2543 2472/2540/2540 2477/2545/2545
f 2481/2549/2549 2480/2548/2548 2477/2545/2545
f 2491/2559/2559 2477/2545/2545 2653/2721/2721
f 2481/2549/2549 2478/2546/2546 2480/2548/2548
f 2887/2955/2955 2249/2317/2317 2885/2953/2953
f 2489/2557/2557 2476/2544/2544 2484/2552/2552
f 2440/2508/2508 2647/2715/2715 3343/3411/3411
f 2481/2549/2549 2477/2545/2545 2472/2540/2540
f 3362/3430/3430 2484/2552/2552 2480/2548/2548
f 2468/2536/2536 2483/2551/2551 2472/2540/2540
f 2481/2549/2549 2472/2540/2540 2483/2551/2551
f 2487/2555/2555 2488/2556/2556 3363/3431/3431
f 2653/2721/2721 2489/2557/2557 2490/2558/2558
f 2468/2536/2536 2492/2560/2560 2483/2551/2551
f 3360/3428/3428 2651/2719/2719 3361/3429/3429
f 3362/3430/3430 2480/2548/2548 2478/2546/2546
f 3478/3546/3546 2489/2557/2557 2484/2552/2552
f 2487/2555/2555 2655/2723/2723 2485/2553/2553
f 2063/2131/2131 3353/3421/3421 3355/3423/3423
f 2897/2965/2965 2899/2967/2967 2902/2970/2970
f 2539/2607/2607 2543/2611/2611 2545/2613/2613
f 2483/2551/2551 2487/2555/2555 2481/2549/2549
f 2488/2556/2556 2487/2555/2555 2485/2553/2553
f 3638/3706/3706 3818/3886/3886 3730/3798/3798
f 3363/3431/3431 2652/2720/2720 3362/3430/3430
f 3478/3546/3546 2484/2552/2552 2482/2550/2550
f 2486/2554/2554 3703/3771/3771 2489/2557/2557
f 3703/3771/3771 3468/3536/3536 3726/3794/3794
f 3343/3411/3411 3345/3413/3413 2440/2508/2508
f 2653/2721/2721 2477/2545/2545 2476/2544/2544
f 2491/2559/2559 2479/2547/2547 3349/3417/3417
f 2492/2560/2560 2468/2536/2536 2654/2722/2722
f 3364/3432/3432 3361/3429/3429 2492/2560/2560
f 2668/2736/2736 2669/2737/2737 3368/3436/3436
f 2666/2734/2734 2667/2735/2735 2493/2561/2561
f 2677/2745/2745 2494/2562/2562 2676/2744/2744
f 2494/2562/2562 2677/2745/2745 2678/2746/2746
f 2496/2564/2564 2495/2563/2563 93/1976/1976
f 2500/2568/2568 2499/2567/2567 2495/2563/2563
f 2153/2221/2221 2496/2564/2564 93/1976/1976
f 2497/2565/2565 2496/2564/2564 2148/2216/2216
f 2152/2220/2220 2497/2565/2565 2148/2216/2216
f 2500/2568/2568 2497/2565/2565 2147/2215/2215
f 2501/2569/2569 3404/3472/3472 2500/2568/2568
f 2686/2754/2754 2173/2241/2241 2684/2752/2752
f 2495/2563/2563 2497/2565/2565 2500/2568/2568
f 2499/2567/2567 2498/2566/2566 2685/2753/2753
f 2500/2568/2568 2147/2215/2215 2690/2758/2758
f 2498/2566/2566 2499/2567/2567 2500/2568/2568
f 2691/2759/2759 2504/2572/2572 2506/2574/2574
f 2182/2250/2250 2687/2755/2755 2180/2248/2248
f 2673/2741/2741 98/1971/1971 2669/2737/2737
f 2156/2224/2224 2688/2756/2756 2155/2223/2223
f 2156/2224/2224 2503/2571/2571 2019/2087/2087
f 2504/2572/2572 2503/2571/2571 2158/2226/2226
f 2504/2572/2572 2158/2226/2226 2507/2575/2575
f 2501/2569/2569 2514/2582/2582 2180/2248/2248
f 2508/2576/2576 2507/2575/2575 2158/2226/2226
f 2157/2225/2225 2509/2577/2577 2508/2576/2576
f 2511/2579/2579 2504/2572/2572 2507/2575/2575
f 2512/2580/2580 2513/2581/2581 2514/2582/2582
f 2508/2576/2576 2158/2226/2226 2157/2225/2225
f 2698/2766/2766 2511/2579/2579 2505/2573/2573
f 2509/2577/2577 2157/2225/2225 2846/2914/2914
f 2507/2575/2575 2508/2576/2576 2692/2760/2760
f 2710/2778/2778 2711/2779/2779 2709/2777/2777
f 2692/2760/2760 2694/2762/2762 2505/2573/2573
f 2505/2573/2573 2694/2762/2762 2696/2764/2764
f 2513/2581/2581 3405/3473/3473 2707/2775/2775
f 2505/2573/2573 2511/2579/2579 2507/2575/2575
f 2511/2579/2579 2510/2578/2578 2512/2580/2580
f 2513/2581/2581 2512/2580/2580 2510/2578/2578
f 2514/2582/2582 2506/2574/2574 2512/2580/2580
f 2702/2770/2770 3405/3473/3473 2700/2768/2768
f 2513/2581/2581 2707/2775/2775 2849/2917/2917
f 2514/2582/2582 2513/2581/2581 2849/2917/2917
f 2690/2758/2758 2514/2582/2582 2501/2569/2569
f 2667/2735/2735 100/1969/1969 2493/2561/2561
f 2493/2561/2561 2656/2724/2724 2657/2725/2725
f 2517/2585/2585 2164/2232/2232 1955/1955/1955
f 2518/2586/2586 2516/2584/2584 2165/2233/2233
f 1954/1954/1954 2517/2585/2585 1955/1955/1955
f 2165/2233/2233 2516/2584/2584 2517/2585/2585
f 2165/2233/2233 2519/2587/2587 2521/2589/2589
f 2170/2238/2238 2518/2586/2586 2038/2106/2106
f 1953/1953/1953 2522/2590/2590 1954/1954/1954
f 2522/2590/2590 1953/1953/1953 2524/2592/2592
f 2851/2919/2919 3448/3516/3516 2520/2588/2588
f 2521/2589/2589 2523/2591/2591 2165/2233/2233
f 2519/2587/2587 1954/1954/1954 2522/2590/2590
f 2521/2589/2589 2520/2588/2588 2523/2591/2591
f 2524/2592/2592 1953/1953/1953 1952/1952/1952
f 2520/2588/2588 2521/2589/2589 2522/2590/2590
f 2853/2921/2921 2520/2588/2588 2852/2920/2920
f 3403/3471/3471 3402/3470/3470 2036/2104/2104
f 2525/2593/2593 2524/2592/2592 1952/1952/1952
f 2524/2592/2592 2525/2593/2593 2850/2918/2918
f 1951/1951/1951 1950/1950/1950 2859/2927/2927
f 2138/2206/2206 2166/2234/2234 2526/2594/2594
f 2034/2102/2102 2526/2594/2594 2166/2234/2234
f 2828/2896/2896 2830/2898/2898 3437/3505/3505
f 2277/2345/2345 2711/2779/2779 2715/2783/2783
f 2528/2596/2596 1959/1984/1984 2530/2598/2598
f 2529/2597/2597 2528/2596/2596 2189/2257/2257
f 2866/2934/2934 2529/2597/2597 2189/2257/2257
f 2866/2934/2934 2867/2935/2935 2529/2597/2597
f 1958/1983/1983 2530/2598/2598 1959/1984/1984
f 2171/2239/2239 2530/2598/2598 2196/2264/2264
f 88/1981/1981 2531/2599/2599 87/1982/1982
f 2531/2599/2599 2197/2265/2265 2174/2242/2242
f 2216/2284/2284 2532/2600/2600 2198/2266/2266
f 2224/2292/2292 2532/2600/2600 2218/2286/2286
f 2221/2289/2289 2533/2601/2601 2207/2275/2275
f 2213/2281/2281 2533/2601/2601 2222/2290/2290
f 2871/2939/2939 2869/2937/2937 2534/2602/2602
f 2291/2359/2359 1965/1990/1990 3884/3952/3952
f 2255/2323/2323 2535/2603/2603 2228/2296/2296
f 2535/2603/2603 2256/2324/2324 3462/3530/3530
f 2778/2846/2846 2276/2344/2344 2719/2787/2787
f 2795/2863/2863 3843/3911/3911 2793/2861/2861
f 2627/2695/2695 2628/2696/2696 3285/3353/3353
f 2366/2434/2434 2365/2433/2433 2631/2699/2699
f 2541/2609/2609 2543/2611/2611 2539/2607/2607
f 2267/2335/2335 2540/2608/2608 2878/2946/2946
f 2907/2975/2975 2548/2616/2616 2879/2947/2947
f 2538/2606/2606 2271/2339/2339 2541/2609/2609
f 2539/2607/2607 2545/2613/2613 2547/2615/2615
f 2238/2306/2306 2267/2335/2335 2878/2946/2946
f 3878/3946/3946 2543/2611/2611 2541/2609/2609
f 2541/2609/2609 2539/2607/2607 2907/2975/2975
f 2271/2339/2339 2269/2337/2337 3867/3935/3935
f 2537/2605/2605 3282/3350/3350 3270/3338/3338
f 3878/3946/3946 2541/2609/2609 2271/2339/2339
f 3854/3922/3922 2545/2613/2613 2543/2611/2611
f 3270/3338/3338 3287/3355/3355 3261/3329/3329
f 3471/3539/3539 2482/2550/2550 3470/3538/3538
f 3854/3922/3922 2543/2611/2611 2542/2610/2610
f 2544/2612/2612 3762/3830/3830 2547/2615/2615
f 3362/3430/3430 2482/2550/2550 2484/2552/2552
f 2548/2616/2616 2907/2975/2975 2547/2615/2615
f 2544/2612/2612 2547/2615/2615 2545/2613/2613
f 2547/2615/2615 2546/2614/2614 2548/2616/2616
f 2488/2556/2556 3639/3707/3707 3472/3540/3540
f 2540/2608/2608 2879/2947/2947 2878/2946/2946
f 2741/2809/2809 2714/2782/2782 2723/2791/2791
f 2819/2887/2887 3511/3579/3579 3092/3160/3160
f 2880/2948/2948 2885/2953/2953 2249/2317/2317
f 2898/2966/2966 2289/2357/2357 3475/3543/3543
f 2297/2365/2365 2551/2619/2619 1981/2016/2016
f 2335/2403/2403 2551/2619/2619 2296/2364/2364
f 2326/2394/2394 2327/2395/2395 2552/2620/2620
f 2347/2415/2415 2552/2620/2620 2327/2395/2395
f 2554/2622/2622 2553/2621/2621 24/2042/2042
f 2326/2394/2394 2553/2621/2621 2327/2395/2395
f 26/2040/2040 2565/2633/2633 25/2041/2041
f 2327/2395/2395 2554/2622/2622 2555/2623/2623
f 2556/2624/2624 2554/2622/2622 2908/2976/2976
f 2554/2622/2622 2556/2624/2624 2555/2623/2623
f 27/2039/2039 2569/2637/2637 2575/2643/2643
f 2564/2632/2632 2566/2634/2634 2559/2627/2627
f 2566/2634/2634 2561/2629/2629 2568/2636/2636
f 2576/2644/2644 2577/2645/2645 2578/2646/2646
f 2559/2627/2627 2555/2623/2623 2556/2624/2624
f 2560/2628/2628 2558/2626/2626 2557/2625/2625
f 2565/2633/2633 2561/2629/2629 2564/2632/2632
f 2556/2624/2624 2564/2632/2632 2559/2627/2627
f 2560/2628/2628 2557/2625/2625 2574/2642/2642
f 2563/2631/2631 2560/2628/2628 2342/2410/2410
f 3479/3547/3547 3733/3801/3801 3480/3548/3548
f 3480/3548/3548 28/2038/2038 29/2037/2037
f 2719/2787/2787 3408/3476/3476 2718/2786/2786
f 2917/2985/2985 2343/2411/2411 2323/2391/2391
f 2346/2414/2414 2563/2631/2631 2342/2410/2410
f 2558/2626/2626 2563/2631/2631 2347/2415/2415
f 2565/2633/2633 2564/2632/2632 2556/2624/2624
f 2566/2634/2634 2564/2632/2632 2561/2629/2629
f 2565/2633/2633 2556/2624/2624 2908/2976/2976
f 2565/2633/2633 26/2040/2040 2575/2643/2643
f 2569/2637/2637 2568/2636/2636 2561/2629/2629
f 3484/3552/3552 3734/3802/3802 3735/3803/3803
f 3481/3549/3549 2909/2977/2977 3480/3548/3548
f 2568/2636/2636 2571/2639/2639 2566/2634/2634
f 2561/2629/2629 2575/2643/2643 2569/2637/2637
f 2588/2656/2656 2571/2639/2639 2568/2636/2636
f 3733/3801/3801 27/2039/2039 28/2038/2038
f 2567/2635/2635 2568/2636/2636 2569/2637/2637
f 2570/2638/2638 2587/2655/2655 2582/2650/2650
f 2929/2997/2997 2936/3004/3004 2959/3027/3027
f 2588/2656/2656 2568/2636/2636 2567/2635/2635
f 2571/2639/2639 2570/2638/2638 2572/2640/2640
f 2562/2630/2630 2574/2642/2642 2576/2644/2644
f 2576/2644/2644 2574/2642/2642 2557/2625/2625
f 2583/2651/2651 2586/2654/2654 2971/3039/3039
f 2348/2416/2416 2342/2410/2410 2911/2979/2979
f 2576/2644/2644 2557/2625/2625 2572/2640/2640
f 2573/2641/2641 2574/2642/2642 2562/2630/2630
f 2565/2633/2633 2575/2643/2643 2561/2629/2629
f 27/2039/2039 2575/2643/2643 26/2040/2040
f 2570/2638/2638 2577/2645/2645 2572/2640/2640
f 2576/2644/2644 2572/2640/2640 2577/2645/2645
f 2580/2648/2648 2582/2650/2650 2937/3005/3005
f 2766/2834/2834 2750/2818/2818 2775/2843/2843
f 2582/2650/2650 2580/2648/2648 2577/2645/2645
f 2750/2818/2818 2752/2820/2820 2765/2833/2833
f 2787/2855/2855 2778/2846/2846 2783/2851/2851
f 2773/2841/2841 2719/2787/2787 2766/2834/2834
f 2582/2650/2650 2577/2645/2645 2570/2638/2638
f 2585/2653/2653 2583/2651/2651 2578/2646/2646
f 3408/3476/3476 2719/2787/2787 2276/2344/2344
f 2984/3052/3052 2989/3057/3057 2983/3051/3051
f 2587/2655/2655 2588/2656/2656 2584/2652/2652
f 2567/2635/2635 2569/2637/2637 3479/3547/3547
f 2585/2653/2653 2578/2646/2646 2580/2648/2648
f 2583/2651/2651 2581/2649/2649 2586/2654/2654
f 2942/3010/3010 2938/3006/3006 2939/3007/3007
f 2937/3005/3005 2582/2650/2650 2587/2655/2655
f 2927/2995/2995 2581/2649/2649 2930/2998/2998
f 2583/2651/2651 2585/2653/2653 2931/2999/2999
f 2918/2986/2986 2919/2987/2987 2920/2988/2988
f 2916/2984/2984 2912/2980/2980 2914/2982/2982
f 2588/2656/2656 2587/2655/2655 2570/2638/2638
f 2589/2657/2657 2587/2655/2655 2584/2652/2652
f 2571/2639/2639 2588/2656/2656 2570/2638/2638
f 2567/2635/2635 3738/3806/3806 2588/2656/2656
f 3324/3392/3392 3325/3393/3393 2632/2700/2700
f 3246/3314/3314 3535/3603/3603 3244/3312/3312
f 2972/3040/3040 2335/2403/2403 2332/2400/2400
f 3013/3081/3081 2590/2658/2658 2972/3040/3040
f 1983/2018/2018 1982/2017/2017 2591/2659/2659
f 2551/2619/2619 2591/2659/2659 1982/2017/2017
f 2330/2398/2398 2592/2660/2660 2324/2392/2392
f 2341/2409/2409 2592/2660/2660 2321/2389/2389
f 2974/3042/3042 2596/2664/2664 2329/2397/2397
f 2598/2666/2666 2599/2667/2667 2596/2664/2664
f 2336/2404/2404 2593/2661/2661 2594/2662/2662
f 2337/2405/2405 2594/2662/2662 2593/2661/2661
f 2717/2785/2785 2751/2819/2819 2752/2820/2820
f 2600/2668/2668 2337/2405/2405 2599/2667/2667
f 2329/2397/2397 2341/2409/2409 2974/3042/3042
f 2596/2664/2664 2595/2663/2663 2598/2666/2666
f 2912/2980/2980 2916/2984/2984 2348/2416/2416
f 2323/2391/2391 2916/2984/2984 2917/2985/2985
f 3001/3069/3069 2601/2669/2669 3496/3564/3564
f 3001/3069/3069 3006/3074/3074 2601/2669/2669
f 2596/2664/2664 2599/2667/2667 2593/2661/2661
f 2600/2668/2668 2599/2667/2667 2598/2666/2666
f 2600/2668/2668 2598/2666/2666 2601/2669/2669
f 2339/2407/2407 2337/2405/2405 2600/2668/2668
f 2595/2663/2663 3492/3560/3560 2598/2666/2666
f 3486/3554/3554 2595/2663/2663 2597/2665/2665
f 2353/2421/2421 2605/2673/2673 2606/2674/2674
f 2826/2894/2894 2832/2900/2900 2833/2901/2901
f 2354/2422/2422 2603/2671/2671 1989/2024/2024
f 2602/2670/2670 2603/2671/2671 2353/2421/2421
f 2982/3050/3050 3215/3283/3283 2607/2675/2675
f 2604/2672/2672 2981/3049/3049 2980/3048/3048
f 2606/2674/2674 2605/2673/2673 2080/2148/2148
f 2603/2671/2671 2605/2673/2673 2353/2421/2421
f 2981/3049/3049 2355/2423/2423 2984/3052/3052
f 2741/2809/2809 2549/2617/2617 2714/2782/2782
f 1985/2020/2020 3490/3558/3558 3491/3559/3559
f 2355/2423/2423 2981/3049/3049 2982/3050/3050
f 2360/2428/2428 2624/2692/2692 2629/2697/2697
f 3218/3286/3286 2608/2676/2676 3219/3287/3287
f 2610/2678/2678 2609/2677/2677 2117/2185/2185
f 2611/2679/2679 2609/2677/2677 2365/2433/2433
f 2114/2182/2182 2610/2678/2678 2117/2185/2185
f 2112/2180/2180 2613/2681/2681 2612/2680/2680
f 2366/2434/2434 2611/2679/2679 2365/2433/2433
f 2363/2431/2431 2611/2679/2679 2364/2432/2432
f 2618/2686/2686 2614/2682/2682 2617/2685/2685
f 2609/2677/2677 2615/2683/2683 2365/2433/2433
f 2115/2183/2183 2613/2681/2681 2112/2180/2180
f 2118/2186/2186 2612/2680/2680 2613/2681/2681
f 3323/3391/3391 2627/2695/2695 2621/2689/2689
f 2615/2683/2683 2616/2684/2684 2365/2433/2433
f 2610/2678/2678 2612/2680/2680 2615/2683/2683
f 2616/2684/2684 2615/2683/2683 2612/2680/2680
f 3260/3328/3328 2616/2684/2684 2614/2682/2682
f 2365/2433/2433 2616/2684/2684 2631/2699/2699
f 2618/2686/2686 2617/2685/2685 2118/2186/2186
f 2616/2684/2684 2617/2685/2685 2614/2682/2682
f 3259/3327/3327 2118/2186/2186 2120/2188/2188
f 2618/2686/2686 2537/2605/2605 3269/3337/3337
f 2116/2184/2184 2641/2709/2709 2643/2711/2711
f 3290/3358/3358 3292/3360/3360 3296/3364/3364
f 2081/2149/2149 2366/2434/2434 2620/2688/2688
f 2621/2689/2689 2620/2688/2688 2366/2434/2434
f 2366/2434/2434 2622/2690/2690 2621/2689/2689
f 2356/2424/2424 2360/2428/2428 2630/2698/2698
f 3265/3333/3333 3263/3331/3331 3260/3328/3328
f 2634/2702/2702 3221/3289/3289 3227/3295/3295
f 2631/2699/2699 3260/3328/3328 2622/2690/2690
f 2623/2691/2691 2624/2692/2692 2627/2695/2695
f 3323/3391/3391 2621/2689/2689 2622/2690/2690
f 3225/3293/3293 2629/2697/2697 2623/2691/2691
f 3540/3608/3608 3543/3611/3611 3274/3342/3342
f 3185/3253/3253 3193/3261/3261 3175/3243/3243
f 2626/2694/2694 3222/3290/3290 3219/3287/3287
f 2389/2457/2457 3232/3300/3300 3229/3297/3297
f 2621/2689/2689 2627/2695/2695 2624/2692/2692
f 2627/2695/2695 2625/2693/2693 3266/3334/3334
f 3323/3391/3391 3262/3330/3330 2625/2693/2693
f 2792/2860/2860 2783/2851/2851 2777/2845/2845
f 2623/2691/2691 2629/2697/2697 2624/2692/2692
f 2629/2697/2697 2626/2694/2694 2630/2698/2698
f 3219/3287/3287 2630/2698/2698 2626/2694/2694
f 3217/3285/3285 2630/2698/2698 2608/2676/2676
f 3260/3328/3328 2631/2699/2699 2616/2684/2684
f 2366/2434/2434 2631/2699/2699 2622/2690/2690
f 2943/3011/3011 3625/3693/3693 3612/3680/3680
f 33/2033/2033 3341/3409/3409 3339/3407/3407
f 2390/2458/2458 2633/2701/2701 2084/2152/2152
f 2381/2449/2449 2633/2701/2701 2380/2448/2448
f 3218/3286/3286 2001/2061/2061 2000/2060/2060
f 3228/3296/3296 3219/3287/3287 3222/3290/3290
f 1993/2053/2053 2635/2703/2703 1994/2054/2054
f 2397/2465/2465 2635/2703/2703 2396/2464/2464
f 2635/2703/2703 2636/2704/2704 1994/2054/2054
f 2448/2516/2516 2636/2704/2704 2398/2466/2466
f 2409/2477/2477 2413/2481/2481 2637/2705/2705
f 2122/2190/2190 2637/2705/2705 2413/2481/2481
f 2413/2481/2481 2638/2706/2706 2122/2190/2190
f 2639/2707/2707 2638/2706/2706 2414/2482/2482
f 2638/2706/2706 2639/2707/2707 2111/2179/2179
f 2414/2482/2482 3311/3379/3379 2641/2709/2709
f 3599/3667/3667 3311/3379/3379 2410/2478/2478
f 2642/2710/2710 3300/3368/3368 2643/2711/2711
f 2414/2482/2482 2641/2709/2709 2639/2707/2707
f 3303/3371/3371 2643/2711/2711 2640/2708/2708
f 3303/3371/3371 3305/3373/3373 3301/3369/3369
f 3310/3378/3378 3304/3372/3372 3316/3384/3384
f 2640/2708/2708 2643/2711/2711 2641/2709/2709
f 2642/2710/2710 3299/3367/3367 3300/3368/3368
f 2424/2492/2492 2644/2712/2712 2423/2491/2491
f 2434/2502/2502 2644/2712/2712 2422/2490/2490
f 1975/2009/2009 2645/2713/2713 1976/2010/2010
f 2646/2714/2714 2645/2713/2713 2437/2505/2505
f 2437/2505/2505 2473/2541/2541 3342/3410/3410
f 2429/2497/2497 2646/2714/2714 2435/2503/2503
f 3343/3411/3411 2647/2715/2715 2436/2504/2504
f 2439/2507/2507 2647/2715/2715 2440/2508/2508
f 2433/2501/2501 2473/2541/2541 3348/3416/3416
f 3635/3703/3703 3315/3383/3383 3345/3413/3413
f 3353/3421/3421 3354/3422/3422 2649/2717/2717
f 2649/2717/2717 3357/3425/3425 2651/2719/2719
f 2127/2195/2195 2650/2718/2718 2129/2197/2197
f 2458/2526/2526 2650/2718/2718 2126/2194/2194
f 3360/3428/3428 3355/3423/3423 2651/2719/2719
f 2651/2719/2719 2485/2553/2553 2655/2723/2723
f 3359/3427/3427 3849/3917/3917 2906/2974/2974
f 2905/2973/2973 2901/2969/2969 2904/2972/2972
f 2491/2559/2559 2653/2721/2721 2479/2547/2547
f 2489/2557/2557 2653/2721/2721 2476/2544/2544
f 3365/3433/3433 2654/2722/2722 2468/2536/2536
f 2462/2530/2530 2654/2722/2722 2016/2084/2084
f 2483/2551/2551 2492/2560/2560 2655/2723/2723
f 2655/2723/2723 2492/2560/2560 3361/3429/3429
f 2141/2209/2209 2656/2724/2724 101/1968/1968
f 2657/2725/2725 2656/2724/2724 2136/2204/2204
f 2660/2728/2728 2657/2725/2725 2140/2208/2208
f 2493/2561/2561 2657/2725/2725 2666/2734/2734
f 2664/2732/2732 2660/2728/2728 3645/3713/3713
f 2658/2726/2726 2660/2728/2728 2664/2732/2732
f 2666/2734/2734 2660/2728/2728 2662/2730/2730
f 2662/2730/2730 2663/2731/2731 3366/3434/3434
f 3644/3712/3712 3645/3713/3713 3646/3714/3714
f 2662/2730/2730 2660/2728/2728 2658/2726/2726
f 3370/3438/3438 3371/3439/3439 2146/2214/2214
f 3367/3435/3435 3397/3465/3465 3652/3720/3720
f 2658/2726/2726 3640/3708/3708 2662/2730/2730
f 2662/2730/2730 2659/2727/2727 2666/2734/2734
f 3367/3435/3435 3640/3708/3708 3397/3465/3465
f 3444/3512/3512 3445/3513/3513 2663/2731/2731
f 3645/3713/3713 2660/2728/2728 2140/2208/2208
f 2664/2732/2732 2661/2729/2729 3396/3464/3464
f 2146/2214/2214 3371/3439/3439 3372/3440/3440
f 2714/2782/2782 2708/2776/2776 2723/2791/2791
f 2666/2734/2734 2657/2725/2725 2660/2728/2728
f 2667/2735/2735 2666/2734/2734 2659/2727/2727
f 2668/2736/2736 2667/2735/2735 2659/2727/2727
f 99/1970/1970 100/1969/1969 2667/2735/2735
f 3366/3434/3434 2668/2736/2736 2659/2727/2727
f 2668/2736/2736 2515/2583/2583 2669/2737/2737
f 2669/2737/2737 2515/2583/2583 2671/2739/2739
f 3368/3436/3436 98/1971/1971 99/1970/1970
f 2672/2740/2740 2670/2738/2738 2671/2739/2739
f 2670/2738/2738 2672/2740/2740 2674/2742/2742
f 2672/2740/2740 2671/2739/2739 2515/2583/2583
f 2673/2741/2741 2671/2739/2739 2670/2738/2738
f 2515/2583/2583 3366/3434/3434 3447/3515/3515
f 2672/2740/2740 3446/3514/3514 2674/2742/2742
f 2502/2570/2570 2673/2741/2741 2670/2738/2738
f 98/1971/1971 2673/2741/2741 97/1972/1972
f 3369/3437/3437 2160/2228/2228 2161/2229/2229
f 2689/2757/2757 2155/2223/2223 2688/2756/2756
f 2675/2743/2743 2146/2214/2214 3879/3947/3947
f 2676/2744/2744 2675/2743/2743 2143/2211/2211
f 2677/2745/2745 2676/2744/2744 2034/2102/2102
f 2675/2743/2743 2676/2744/2744 2494/2562/2562
f 2168/2236/2236 2677/2745/2745 2034/2102/2102
f 2678/2746/2746 2677/2745/2745 2030/2098/2098
f 2036/2104/2104 2679/2747/2747 2030/2098/2098
f 2030/2098/2098 2679/2747/2747 2678/2746/2746
f 3451/3519/3519 3402/3470/3470 3403/3471/3471
f 3370/3438/3438 2146/2214/2214 2675/2743/2743
f 2679/2747/2747 3402/3470/3470 2683/2751/2751
f 2728/2796/2796 2730/2798/2798 2722/2790/2790
f 2838/2906/2906 2824/2892/2892 2834/2902/2902
f 2679/2747/2747 2683/2751/2751 2682/2750/2750
f 2036/2104/2104 3402/3470/3470 2679/2747/2747
f 2682/2750/2750 2680/2748/2748 3370/3438/3438
f 2763/2831/2831 2764/2832/2832 2755/2823/2823
f 2682/2750/2750 2683/2751/2751 3375/3443/3443
f 91/1978/1978 2684/2752/2752 90/1979/1979
f 2686/2754/2754 2684/2752/2752 2498/2566/2566
f 2499/2567/2567 2685/2753/2753 91/1978/1978
f 2498/2566/2566 2684/2752/2752 2685/2753/2753
f 2498/2566/2566 2500/2568/2568 3404/3472/3472
f 2173/2241/2241 2686/2754/2754 2176/2244/2244
f 2176/2244/2244 2686/2754/2754 2687/2755/2755
f 2686/2754/2754 2498/2566/2566 3404/3472/3472
f 2150/2218/2218 2502/2570/2570 2688/2756/2756
f 2689/2757/2757 2502/2570/2570 2670/2738/2738
f 2670/2738/2738 2674/2742/2742 2689/2757/2757
f 2689/2757/2757 2674/2742/2742 3369/3437/3437
f 2691/2759/2759 2690/2758/2758 2147/2215/2215
f 2514/2582/2582 2690/2758/2758 2506/2574/2574
f 2497/2565/2565 2691/2759/2759 2147/2215/2215
f 2504/2572/2572 2691/2759/2759 2152/2220/2220
f 2508/2576/2576 2509/2577/2577 2692/2760/2760
f 2694/2762/2762 2509/2577/2577 2693/2761/2761
f 2713/2781/2781 2712/2780/2780 2693/2761/2761
f 2273/2341/2341 2701/2769/2769 2703/2771/2771
f 2509/2577/2577 2694/2762/2762 2692/2760/2760
f 2703/2771/2771 2695/2763/2763 2705/2773/2773
f 2704/2772/2772 2697/2765/2765 2701/2769/2769
f 2694/2762/2762 2695/2763/2763 2696/2764/2764
f 2699/2767/2767 2696/2764/2764 2695/2763/2763
f 2511/2579/2579 2698/2766/2766 2510/2578/2578
f 2701/2769/2769 2697/2765/2765 2699/2767/2767
f 2702/2770/2770 2700/2768/2768 2697/2765/2765
f 2505/2573/2573 2696/2764/2764 2698/2766/2766
f 2698/2766/2766 2696/2764/2764 2699/2767/2767
f 2701/2769/2769 2699/2767/2767 2695/2763/2763
f 2699/2767/2767 2697/2765/2765 2700/2768/2768
f 2706/2774/2774 2702/2770/2770 2697/2765/2765
f 2510/2578/2578 2698/2766/2766 2700/2768/2768
f 2703/2771/2771 2701/2769/2769 2695/2763/2763
f 2701/2769/2769 2273/2341/2341 2704/2772/2772
f 2707/2775/2775 2702/2770/2770 2211/2279/2279
f 2510/2578/2578 3405/3473/3473 2513/2581/2581
f 2705/2773/2773 2695/2763/2763 2693/2761/2761
f 2279/2347/2347 2703/2771/2771 2277/2345/2345
f 2273/2341/2341 2275/2343/2343 3406/3474/3474
f 2704/2772/2772 3407/3475/3475 2706/2774/2774
f 2712/2780/2780 2710/2778/2778 2705/2773/2773
f 2703/2771/2771 2705/2773/2773 2709/2777/2777
f 2704/2772/2772 2706/2774/2774 2697/2765/2765
f 2211/2279/2279 2706/2774/2774 2237/2305/2305
f 2214/2282/2282 2707/2775/2775 2211/2279/2279
f 2707/2775/2775 2185/2253/2253 2849/2917/2917
f 2712/2780/2780 2713/2781/2781 2727/2795/2795
f 2721/2789/2789 3657/3725/3725 2727/2795/2795
f 2705/2773/2773 2693/2761/2761 2712/2780/2780
f 2709/2777/2777 2705/2773/2773 2710/2778/2778
f 2711/2779/2779 2710/2778/2778 2714/2782/2782
f 2709/2777/2777 2711/2779/2779 2277/2345/2345
f 2714/2782/2782 2710/2778/2778 2708/2776/2776
f 2277/2345/2345 2715/2783/2783 2280/2348/2348
f 2693/2761/2761 2509/2577/2577 2713/2781/2781
f 2708/2776/2776 2710/2778/2778 2712/2780/2780
f 2509/2577/2577 2720/2788/2788 2713/2781/2781
f 2720/2788/2788 2721/2789/2789 2713/2781/2781
f 2726/2794/2794 2723/2791/2791 2708/2776/2776
f 2716/2784/2784 2714/2782/2782 2549/2617/2617
f 2711/2779/2779 2716/2784/2784 2715/2783/2783
f 2716/2784/2784 2717/2785/2785 2718/2786/2786
f 2714/2782/2782 2716/2784/2784 2711/2779/2779
f 2716/2784/2784 2549/2617/2617 2751/2819/2819
f 2725/2793/2793 2739/2807/2807 2744/2812/2812
f 2717/2785/2785 2752/2820/2820 2766/2834/2834
f 2716/2784/2784 2718/2786/2786 2715/2783/2783
f 2718/2786/2786 2717/2785/2785 2719/2787/2787
f 2749/2817/2817 2746/2814/2814 2751/2819/2819
f 3109/3177/3177 3130/3198/3198 3121/3189/3189
f 2846/2914/2914 2720/2788/2788 2509/2577/2577
f 2721/2789/2789 2720/2788/2788 2162/2230/2230
f 2847/2915/2915 2848/2916/2916 3442/3510/3510
f 2728/2796/2796 2724/2792/2792 3656/3724/3724
f 2731/2799/2799 2735/2803/2803 2738/2806/2806
f 2736/2804/2804 2739/2807/2807 2743/2811/2811
f 2727/2795/2795 2724/2792/2792 2726/2794/2794
f 2722/2790/2790 2743/2811/2811 2723/2791/2791
f 3443/3511/3511 3444/3512/3512 3401/3469/3469
f 2726/2794/2794 2728/2796/2796 2723/2791/2791
f 2736/2804/2804 2722/2790/2790 2730/2798/2798
f 2725/2793/2793 2743/2811/2811 2739/2807/2807
f 2727/2795/2795 2726/2794/2794 2708/2776/2776
f 2728/2796/2796 2726/2794/2794 2724/2792/2792
f 2712/2780/2780 2727/2795/2795 2708/2776/2776
f 2713/2781/2781 2721/2789/2789 2727/2795/2795
f 3409/3477/3477 3656/3724/3724 3657/3725/3725
f 2723/2791/2791 2728/2796/2796 2722/2790/2790
f 2145/2213/2213 3879/3947/3947 3372/3440/3440
f 3656/3724/3724 2730/2798/2798 2728/2796/2796
f 2731/2799/2799 2732/2800/2800 2735/2803/2803
f 2736/2804/2804 2732/2800/2800 2737/2805/2805
f 2740/2808/2808 2734/2802/2802 2737/2805/2805
f 2747/2815/2815 2742/2810/2810 2744/2812/2812
f 2729/2797/2797 3653/3721/3721 2735/2803/2803
f 2732/2800/2800 2731/2799/2799 2737/2805/2805
f 3443/3511/3511 3409/3477/3477 3442/3510/3510
f 3378/3446/3446 3382/3450/3450 3390/3458/3458
f 3393/3461/3461 2740/2808/2808 3394/3462/3462
f 2746/2814/2814 2749/2817/2817 2744/2812/2812
f 2729/2797/2797 2735/2803/2803 2732/2800/2800
f 2738/2806/2806 2735/2803/2803 2733/2801/2801
f 2732/2800/2800 2736/2804/2804 2730/2798/2798
f 2736/2804/2804 2734/2802/2802 2739/2807/2807
f 2740/2808/2808 2737/2805/2805 2731/2799/2799
f 2736/2804/2804 2737/2805/2805 2734/2802/2802
f 2841/2909/2909 2839/2907/2907 2835/2903/2903
f 2839/2907/2907 2843/2911/2911 2827/2895/2895
f 2754/2822/2822 2748/2816/2816 2734/2802/2802
f 2768/2836/2836 2784/2852/2852 2789/2857/2857
f 2759/2827/2827 2755/2823/2823 2756/2824/2824
f 2763/2831/2831 2755/2823/2823 2759/2827/2827
f 2743/2811/2811 2741/2809/2809 2723/2791/2791
f 2741/2809/2809 2725/2793/2793 2749/2817/2817
f 2734/2802/2802 2748/2816/2816 2739/2807/2807
f 2776/2844/2844 2774/2842/2842 2790/2858/2858
f 2743/2811/2811 2725/2793/2793 2741/2809/2809
f 2736/2804/2804 2743/2811/2811 2722/2790/2790
f 2748/2816/2816 2747/2815/2815 2753/2821/2821
f 2744/2812/2812 2742/2810/2810 2746/2814/2814
f 2756/2824/2824 2758/2826/2826 2754/2822/2822
f 2758/2826/2826 2755/2823/2823 2767/2835/2835
f 2765/2833/2833 2752/2820/2820 2746/2814/2814
f 2716/2784/2784 2751/2819/2819 2717/2785/2785
f 2739/2807/2807 2753/2821/2821 2744/2812/2812
f 2762/2830/2830 2745/2813/2813 2758/2826/2826
f 2754/2822/2822 2734/2802/2802 2740/2808/2808
f 2747/2815/2815 2748/2816/2816 2745/2813/2813
f 2741/2809/2809 2749/2817/2817 2549/2617/2617
f 2744/2812/2812 2749/2817/2817 2725/2793/2793
f 2745/2813/2813 2771/2839/2839 2747/2815/2815
f 3632/3700/3700 2945/3013/3013 2941/3009/3009
f 2749/2817/2817 2751/2819/2819 2549/2617/2617
f 2752/2820/2820 2751/2819/2819 2746/2814/2814
f 2765/2833/2833 2746/2814/2814 2742/2810/2810
f 2752/2820/2820 2750/2818/2818 2766/2834/2834
f 2748/2816/2816 2753/2821/2821 2739/2807/2807
f 2747/2815/2815 2744/2812/2812 2753/2821/2821
f 2756/2824/2824 2754/2822/2822 2740/2808/2808
f 2745/2813/2813 2748/2816/2816 2754/2822/2822
f 3393/3461/3461 3395/3463/3463 3392/3460/3460
f 2767/2835/2835 2764/2832/2832 2760/2828/2828
f 2740/2808/2808 3393/3461/3461 2759/2827/2827
f 2758/2826/2826 2756/2824/2824 2755/2823/2823
f 2827/2895/2895 2835/2903/2903 2839/2907/2907
f 2815/2883/2883 2818/2886/2886 2821/2889/2889
f 2758/2826/2826 2767/2835/2835 2762/2830/2830
f 2754/2822/2822 2758/2826/2826 2745/2813/2813
f 2740/2808/2808 2759/2827/2827 2756/2824/2824
f 3436/3504/3504 2763/2831/2831 2759/2827/2827
f 2928/2996/2996 2921/2989/2989 3488/3556/3556
f 2802/2870/2870 2807/2875/2875 3434/3502/3502
f 2820/2888/2888 2822/2890/2890 2823/2891/2891
f 2828/2896/2896 2821/2889/2889 2829/2897/2897
f 2747/2815/2815 3410/3478/3478 2742/2810/2810
f 2745/2813/2813 2762/2830/2830 2771/2839/2839
f 3436/3504/3504 2759/2827/2827 2757/2825/2825
f 2763/2831/2831 2761/2829/2829 2764/2832/2832
f 2809/2877/2877 2764/2832/2832 2817/2885/2885
f 2803/2871/2871 2788/2856/2856 2799/2867/2867
f 3410/3478/3478 2768/2836/2836 2770/2838/2838
f 2762/2830/2830 2760/2828/2828 2772/2840/2840
f 2775/2843/2843 2773/2841/2841 2766/2834/2834
f 2717/2785/2785 2766/2834/2834 2719/2787/2787
f 2764/2832/2832 2767/2835/2835 2755/2823/2823
f 2760/2828/2828 2762/2830/2830 2767/2835/2835
f 2771/2839/2839 2772/2840/2840 2768/2836/2836
f 2742/2810/2810 2770/2838/2838 2765/2833/2833
f 2813/2881/2881 2780/2848/2848 2765/2833/2833
f 2792/2860/2860 2794/2862/2862 2786/2854/2854
f 2772/2840/2840 2784/2852/2852 2768/2836/2836
f 2765/2833/2833 2780/2848/2848 2750/2818/2818
f 2772/2840/2840 2771/2839/2839 2762/2830/2830
f 2771/2839/2839 2768/2836/2836 3410/3478/3478
f 2781/2849/2849 2784/2852/2852 2798/2866/2866
f 2750/2818/2818 2776/2844/2844 2775/2843/2843
f 2782/2850/2850 2779/2847/2847 3411/3479/3479
f 2719/2787/2787 2773/2841/2841 2778/2846/2846
f 2768/2836/2836 2789/2857/2857 2770/2838/2838
f 2816/2884/2884 2769/2837/2837 2776/2844/2844
f 2750/2818/2818 2780/2848/2848 2776/2844/2844
f 2769/2837/2837 2773/2841/2841 2775/2843/2843
f 2774/2842/2842 2812/2880/2880 2790/2858/2858
f 2769/2837/2837 2775/2843/2843 2776/2844/2844
f 2779/2847/2847 2782/2850/2850 2777/2845/2845
f 2783/2851/2851 2791/2859/2859 2281/2349/2349
f 2773/2841/2841 2779/2847/2847 2778/2846/2846
f 2779/2847/2847 2783/2851/2851 2778/2846/2846
f 3411/3479/3479 2773/2841/2841 2769/2837/2837
f 2783/2851/2851 2779/2847/2847 2777/2845/2845
f 2813/2881/2881 2765/2833/2833 2770/2838/2838
f 2776/2844/2844 2780/2848/2848 2774/2842/2842
f 2788/2856/2856 2798/2866/2866 2799/2867/2867
f 2808/2876/2876 3124/3192/3192 3132/3200/3200
f 2776/2844/2844 2790/2858/2858 2816/2884/2884
f 3176/3244/3244 3142/3210/3210 3178/3246/3246
f 2794/2862/2862 2792/2860/2860 2777/2845/2845
f 2783/2851/2851 2281/2349/2349 2787/2855/2855
f 2799/2867/2867 2798/2866/2866 2784/2852/2852
f 2784/2852/2852 2781/2849/2849 2789/2857/2857
f 2798/2866/2866 2802/2870/2870 2781/2849/2849
f 2929/2997/2997 2932/3000/3000 2936/3004/3004
f 2782/2850/2850 3412/3480/3480 2777/2845/2845
f 3428/3496/3496 3432/3500/3500 2795/2863/2863
f 2281/2349/2349 2276/2344/2344 2787/2855/2855
f 2778/2846/2846 2787/2855/2855 2276/2344/2344
f 2809/2877/2877 2805/2873/2873 2760/2828/2828
f 2919/2987/2987 2597/2665/2665 2917/2985/2985
f 2812/2880/2880 2789/2857/2857 2781/2849/2849
f 2813/2881/2881 2789/2857/2857 2812/2880/2880
f 2813/2881/2881 2812/2880/2880 2774/2842/2842
f 3889/3957/3957 2816/2884/2884 2785/2853/2853
f 2786/2854/2854 2793/2861/2861 2791/2859/2859
f 2793/2861/2861 2796/2864/2864 2791/2859/2859
f 2786/2854/2854 2791/2859/2859 2792/2860/2860
f 2783/2851/2851 2792/2860/2860 2791/2859/2859
f 2795/2863/2863 2793/2861/2861 2786/2854/2854
f 2796/2864/2864 2793/2861/2861 2536/2604/2604
f 3423/3491/3491 3416/3484/3484 2782/2850/2850
f 3205/3273/3273 3668/3736/3736 3666/3734/3734
f 3420/3488/3488 3421/3489/3489 2794/2862/2862
f 3183/3251/3251 3142/3210/3210 3176/3244/3244
f 2797/2865/2865 2796/2864/2864 2536/2604/2604
f 2796/2864/2864 2262/2330/2330 2281/2349/2349
f 2797/2865/2865 2536/2604/2604 3838/3906/3906
f 2262/2330/2330 2797/2865/2865 2245/2313/2313
f 2799/2867/2867 2784/2852/2852 2772/2840/2840
f 3433/3501/3501 2802/2870/2870 2798/2866/2866
f 2760/2828/2828 2805/2873/2873 2772/2840/2840
f 2805/2873/2873 2801/2869/2869 2803/2871/2871
f 2810/2878/2878 2788/2856/2856 2803/2871/2871
f 2948/3016/3016 2927/2995/2995 2930/2998/2998
f 2801/2869/2869 2805/2873/2873 2809/2877/2877
f 3433/3501/3501 2810/2878/2878 2811/2879/2879
f 3433/3501/3501 2798/2866/2866 2788/2856/2856
f 2807/2875/2875 2802/2870/2870 2800/2868/2868
f 2805/2873/2873 2803/2871/2871 2799/2867/2867
f 3513/3581/3581 2810/2878/2878 2803/2871/2871
f 2804/2872/2872 2807/2875/2875 2808/2876/2876
f 2785/2853/2853 2790/2858/2858 2812/2880/2880
f 2772/2840/2840 2805/2873/2873 2799/2867/2867
f 2760/2828/2828 2764/2832/2832 2809/2877/2877
f 2809/2877/2877 3435/3503/3503 2801/2869/2869
f 3160/3228/3228 2997/3065/3065 2998/3066/3066
f 2807/2875/2875 2800/2868/2868 3128/3196/3196
f 2807/2875/2875 2804/2872/2872 3434/3502/3502
f 3433/3501/3501 2811/2879/2879 2800/2868/2868
f 2936/3004/3004 2932/3000/3000 2934/3002/3002
f 2817/2885/2885 2764/2832/2832 2818/2886/2886
f 2818/2886/2886 2822/2890/2890 2821/2889/2889
f 3513/3581/3581 2803/2871/2871 2801/2869/2869
f 2810/2878/2878 2806/2874/2874 2811/2879/2879
f 2922/2990/2990 2921/2989/2989 3487/3555/3555
f 3516/3584/3584 3122/3190/3190 2811/2879/2879
f 2781/2849/2849 3434/3502/3502 2812/2880/2880
f 2804/2872/2872 3143/3211/3211 2812/2880/2880
f 2780/2848/2848 2813/2881/2881 2774/2842/2842
f 2770/2838/2838 2789/2857/2857 2813/2881/2881
f 2947/3015/3015 2953/3021/3021 2955/3023/3023
f 3179/3247/3247 3141/3209/3209 3178/3246/3246
f 3004/3072/3072 3011/3079/3079 3016/3084/3084
f 2819/2887/2887 3435/3503/3503 2817/2885/2885
f 2785/2853/2853 2816/2884/2884 2790/2858/2858
f 2816/2884/2884 2814/2882/2882 3423/3491/3491
f 2818/2886/2886 2764/2832/2832 2761/2829/2829
f 2815/2883/2883 3437/3505/3505 2817/2885/2885
f 2818/2886/2886 2761/2829/2829 2822/2890/2890
f 2815/2883/2883 2817/2885/2885 2818/2886/2886
f 2821/2889/2889 2828/2896/2896 2815/2883/2883
f 2830/2898/2898 3511/3579/3579 3437/3505/3505
f 2761/2829/2829 2823/2891/2891 2822/2890/2890
f 3454/3522/3522 3456/3524/3524 3457/3525/3525
f 2825/2893/2893 2834/2902/2902 2824/2892/2892
f 2821/2889/2889 2820/2888/2888 2825/2893/2893
f 2763/2831/2831 3436/3504/3504 2761/2829/2829
f 2821/2889/2889 2822/2890/2890 2820/2888/2888
f 3440/3508/3508 2837/2905/2905 2839/2907/2907
f 3374/3442/3442 3641/3709/3709 3373/3441/3441
f 1947/1947/1947 3739/3807/3807 3502/3570/3570
f 1944/1944/1944 3495/3563/3563 3027/3095/3095
f 2835/2903/2903 2834/2902/2902 2825/2893/2893
f 2828/2896/2896 2829/2897/2897 2826/2894/2894
f 2829/2897/2897 2832/2900/2900 2826/2894/2894
f 3028/3096/3096 3034/3102/3102 3035/3103/3103
f 2834/2902/2902 2835/2903/2903 2827/2895/2895
f 3439/3507/3507 2836/2904/2904 2838/2906/2906
f 2829/2897/2897 2821/2889/2889 2825/2893/2893
f 2828/2896/2896 2826/2894/2894 2830/2898/2898
f 2825/2893/2893 2824/2892/2892 2829/2897/2897
f 2824/2892/2892 3438/3506/3506 2832/2900/2900
f 3506/3574/3574 3510/3578/3578 2833/2901/2901
f 3512/3580/3580 3056/3124/3124 3054/3122/3122
f 3438/3506/3506 2838/2906/2906 2840/2908/2908
f 3033/3101/3101 3027/3095/3095 3031/3099/3099
f 2824/2892/2892 2832/2900/2900 2829/2897/2897
f 2833/2901/2901 2832/2900/2900 2831/2899/2899
f 3700/3768/3768 2865/2933/2933 3690/3758/3758
f 2986/3054/3054 3008/3076/3076 3010/3078/3078
f 2835/2903/2903 2825/2893/2893 2820/2888/2888
f 3439/3507/3507 2838/2906/2906 2834/2902/2902
f 2823/2891/2891 2841/2909/2909 2820/2888/2888
f 2823/2891/2891 3441/3509/3509 2841/2909/2909
f 3439/3507/3507 2843/2911/2911 2844/2912/2912
f 3701/3769/3769 3438/3506/3506 2840/2908/2908
f 3378/3446/3446 2661/2729/2729 3644/3712/3712
f 2683/2751/2751 3643/3711/3711 3375/3443/3443
f 3439/3507/3507 2834/2902/2902 2827/2895/2895
f 2838/2906/2906 2836/2904/2904 2840/2908/2908
f 2835/2903/2903 2820/2888/2888 2841/2909/2909
f 3819/3887/3887 2843/2911/2911 2839/2907/2907
f 2858/2926/2926 3680/3748/3748 3457/3525/3525
f 2863/2931/2931 2864/2932/2932 2860/2928/2928
f 2823/2891/2891 3436/3504/3504 3441/3509/3509
f 2839/2907/2907 2841/2909/2909 3440/3508/3508
f 3371/3439/3439 2680/2748/2748 3374/3442/3442
f 3450/3518/3518 3449/3517/3517 3451/3519/3519
f 3819/3887/3887 2839/2907/2907 2837/2905/2905
f 2843/2911/2911 2842/2910/2910 2844/2912/2912
f 3642/3710/3710 3649/3717/3717 3648/3716/3716
f 3683/3751/3751 3685/3753/3753 3457/3525/3525
f 2845/2913/2913 3392/3460/3460 3388/3456/3456
f 3390/3458/3458 3382/3450/3450 3391/3459/3459
f 2161/2229/2229 2846/2914/2914 2157/2225/2225
f 2720/2788/2788 2846/2914/2914 2162/2230/2230
f 2847/2915/2915 2160/2228/2228 3446/3514/3514
f 2162/2230/2230 2846/2914/2914 2847/2915/2915
f 2663/2731/2731 3640/3708/3708 3367/3435/3435
f 2721/2789/2789 2162/2230/2230 3442/3510/3510
f 2182/2250/2250 2849/2917/2917 2185/2253/2253
f 2514/2582/2582 2849/2917/2917 2180/2248/2248
f 2853/2921/2921 2850/2918/2918 2169/2237/2237
f 2850/2918/2918 2853/2921/2921 2852/2920/2920
f 2853/2921/2921 2854/2922/2922 2851/2919/2919
f 2681/2749/2749 3451/3519/3519 3449/3517/3517
f 2522/2590/2590 2852/2920/2920 2520/2588/2588
f 2524/2592/2592 2850/2918/2918 2852/2920/2920
f 2854/2922/2922 2853/2921/2921 2169/2237/2237
f 2853/2921/2921 2851/2919/2919 2520/2588/2588
f 2856/2924/2924 2861/2929/2929 2169/2237/2237
f 3679/3747/3747 3455/3523/3523 3458/3526/3526
f 2855/2923/2923 1952/1952/1952 1951/1951/1951
f 2527/2595/2595 2858/2926/2926 2861/2929/2929
f 2525/2593/2593 2856/2924/2924 2169/2237/2237
f 2857/2925/2925 2856/2924/2924 2855/2923/2923
f 2856/2924/2924 2857/2925/2925 2861/2929/2929
f 2855/2923/2923 2859/2927/2927 2857/2925/2925
f 2860/2928/2928 1950/1950/1950 1949/1949/1949
f 3681/3749/3749 3461/3529/3529 3684/3752/3752
f 2854/2922/2922 2169/2237/2237 3459/3527/3527
f 1951/1951/1951 2859/2927/2927 2855/2923/2923
f 2860/2928/2928 2859/2927/2927 1950/1950/1950
f 3686/3754/3754 2863/2931/2931 1949/1949/1949
f 2857/2925/2925 2860/2928/2928 2864/2932/2932
f 2527/2595/2595 2861/2929/2929 2857/2925/2925
f 2861/2929/2929 2858/2926/2926 3459/3527/3527
f 1946/1946/1946 1945/1945/1945 3033/3101/3101
f 2527/2595/2595 2864/2932/2932 2865/2933/2933
f 3686/3754/3754 1949/1949/1949 1948/1948/1948
f 2864/2932/2932 2863/2931/2931 2862/2930/2930
f 2865/2933/2933 2864/2932/2932 2862/2930/2930
f 2864/2932/2932 2527/2595/2595 2857/2925/2925
f 3460/3528/3528 3688/3756/3756 3686/3754/3754
f 2836/2904/2904 3698/3766/3766 2840/2908/2908
f 2189/2257/2257 2195/2263/2263 2866/2934/2934
f 2236/2304/2304 2866/2934/2934 2195/2263/2263
f 2868/2936/2936 2236/2304/2304 2233/2301/2301
f 2867/2935/2935 2868/2936/2936 2870/2938/2938
f 2869/2937/2937 2868/2936/2936 2233/2301/2301
f 2870/2938/2938 2868/2936/2936 2871/2939/2939
f 2233/2301/2301 3462/3530/3530 2869/2937/2937
f 2256/2324/2324 3463/3531/3531 3462/3530/3530
f 2872/2940/2940 2870/2938/2938 2534/2602/2602
f 1961/1986/1986 3465/3533/3533 1962/1987/1987
f 2869/2937/2937 2871/2939/2939 2868/2936/2936
f 2534/2602/2602 2870/2938/2938 2871/2939/2939
f 2874/2942/2942 2872/2940/2940 2875/2943/2943
f 1962/1987/1987 2872/2940/2940 1963/1988/1988
f 2875/2943/2943 2876/2944/2944 2873/2941/2941
f 3884/3952/3952 3885/3953/3953 2291/2359/2359
f 2875/2943/2943 2872/2940/2940 2534/2602/2602
f 2874/2942/2942 2873/2941/2941 3884/3952/3952
f 2875/2943/2943 2534/2602/2602 3467/3535/3535
f 2873/2941/2941 2874/2942/2942 2875/2943/2943
f 2869/2937/2937 3467/3535/3535 2534/2602/2602
f 3476/3544/3544 2876/2944/2944 3464/3532/3532
f 3714/3782/3782 2486/2554/2554 3846/3914/3914
f 3590/3658/3658 3592/3660/3660 3594/3662/3662
f 2540/2608/2608 2907/2975/2975 2879/2947/2947
f 2238/2306/2306 2878/2946/2946 2880/2948/2948
f 2879/2947/2947 2548/2616/2616 2884/2952/2952
f 2249/2317/2317 2255/2323/2323 2882/2950/2950
f 2878/2946/2946 2879/2947/2947 2880/2948/2948
f 2890/2958/2958 2886/2954/2954 2884/2952/2952
f 2884/2952/2952 2548/2616/2616 2889/2957/2957
f 2904/2972/2972 2901/2969/2969 3474/3542/3542
f 2240/2308/2308 2882/2950/2950 2255/2323/2323
f 2238/2306/2306 2880/2948/2948 2882/2950/2950
f 2885/2953/2953 2880/2948/2948 2886/2954/2954
f 2893/2961/2961 2883/2951/2951 2891/2959/2959
f 2889/2957/2957 2548/2616/2616 2546/2614/2614
f 2890/2958/2958 2884/2952/2952 2881/2949/2949
f 2886/2954/2954 2880/2948/2948 2879/2947/2947
f 2887/2955/2955 2885/2953/2953 2883/2951/2951
f 2884/2952/2952 2886/2954/2954 2879/2947/2947
f 2883/2951/2951 2885/2953/2953 2886/2954/2954
f 2890/2958/2958 2891/2959/2959 2883/2951/2951
f 2887/2955/2955 2894/2962/2962 2896/2964/2964
f 2888/2956/2956 2891/2959/2959 2892/2960/2960
f 2550/2618/2618 2894/2962/2962 2895/2963/2963
f 2899/2967/2967 2889/2957/2957 2546/2614/2614
f 2884/2952/2952 2889/2957/2957 2905/2973/2973
f 2891/2959/2959 2890/2958/2958 2881/2949/2949
f 2886/2954/2954 2890/2958/2958 2883/2951/2951
f 2892/2960/2960 2891/2959/2959 2881/2949/2949
f 2891/2959/2959 2888/2956/2956 2893/2961/2961
f 2901/2969/2969 2905/2973/2973 2899/2967/2967
f 3727/3795/3795 3477/3545/3545 3818/3886/3886
f 2894/2962/2962 2893/2961/2961 2888/2956/2956
f 2887/2955/2955 2883/2951/2951 2893/2961/2961
f 2895/2963/2963 2894/2962/2962 2888/2956/2956
f 2894/2962/2962 2550/2618/2618 2896/2964/2964
f 3731/3799/3799 2888/2956/2956 2892/2960/2960
f 2898/2966/2966 3728/3796/3796 3727/3795/3795
f 3476/3544/3544 3464/3532/3532 2550/2618/2618
f 2249/2317/2317 3469/3537/3537 2256/2324/2324
f 3762/3830/3830 2546/2614/2614 2547/2615/2615
f 3470/3538/3538 2482/2550/2550 2652/2720/2720
f 2550/2618/2618 2895/2963/2963 2898/2966/2966
f 2898/2966/2966 2895/2963/2963 3728/3796/3796
f 2902/2970/2970 2546/2614/2614 2900/2968/2968
f 2897/2965/2965 3473/3541/3541 2899/2967/2967
f 3725/3793/3793 3760/3828/3828 3597/3665/3665
f 2902/2970/2970 2900/2968/2968 2903/2971/2971
f 2897/2965/2965 3471/3539/3539 3470/3538/3538
f 2892/2960/2960 2881/2949/2949 2904/2972/2972
f 2546/2614/2614 2902/2970/2970 2899/2967/2967
f 2900/2968/2968 3761/3829/3829 3847/3915/3915
f 2903/2971/2971 3846/3914/3914 3478/3546/3546
f 2897/2965/2965 2902/2970/2970 2903/2971/2971
f 2905/2973/2973 2904/2972/2972 2881/2949/2949
f 3472/3540/3540 2906/2974/2974 3474/3542/3542
f 2884/2952/2952 2905/2973/2973 2881/2949/2949
f 2899/2967/2967 2905/2973/2973 2889/2957/2957
f 2649/2717/2717 3358/3426/3426 3357/3425/3425
f 2892/2960/2960 2904/2972/2972 2906/2974/2974
f 2541/2609/2609 2907/2975/2975 2540/2608/2608
f 2547/2615/2615 2907/2975/2975 2539/2607/2607
f 24/2042/2042 2908/2976/2976 2554/2622/2622
f 2565/2633/2633 2908/2976/2976 25/2041/2041
f 3481/3549/3549 29/2037/2037 30/2036/2036
f 3738/3806/3806 3485/3553/3553 2588/2656/2656
f 2559/2627/2627 2910/2978/2978 2557/2625/2625
f 2571/2639/2639 2910/2978/2978 2566/2634/2634
f 2342/2410/2410 2573/2641/2641 2911/2979/2979
f 2573/2641/2641 2971/3039/3039 2912/2980/2980
f 2912/2980/2980 2586/2654/2654 2914/2982/2982
f 2348/2416/2416 2911/2979/2979 2912/2980/2980
f 2581/2649/2649 3886/3954/3954 2586/2654/2654
f 2915/2983/2983 2913/2981/2981 2914/2982/2982
f 2914/2982/2982 2586/2654/2654 3886/3954/3954
f 2914/2982/2982 2913/2981/2981 2916/2984/2984
f 3488/3556/3556 2926/2994/2994 2928/2996/2996
f 2598/2666/2666 3492/3560/3560 3494/3562/3562
f 2917/2985/2985 2916/2984/2984 2913/2981/2981
f 2323/2391/2391 2348/2416/2416 2916/2984/2984
f 2919/2987/2987 2917/2985/2985 2913/2981/2981
f 2917/2985/2985 2597/2665/2665 2974/3042/3042
f 2918/2986/2986 2920/2988/2988 2922/2990/2990
f 2597/2665/2665 2918/2986/2986 3486/3554/3554
f 2920/2988/2988 2919/2987/2987 2913/2981/2981
f 2597/2665/2665 2919/2987/2987 2918/2986/2986
f 2913/2981/2981 2915/2983/2983 2920/2988/2988
f 2920/2988/2988 2923/2991/2991 2922/2990/2990
f 2923/2991/2991 2915/2983/2983 2926/2994/2994
f 3146/3214/3214 3147/3215/3215 2968/3036/3036
f 2923/2991/2991 2920/2988/2988 2915/2983/2983
f 3150/3218/3218 3487/3555/3555 2921/2989/2989
f 2915/2983/2983 2927/2995/2995 2926/2994/2994
f 2922/2990/2990 2923/2991/2991 3488/3556/3556
f 3060/3128/3128 3067/3135/3135 3057/3125/3125
f 3151/3219/3219 3493/3561/3561 2924/2992/2992
f 2931/2999/2999 2585/2653/2653 2932/3000/3000
f 2966/3034/3034 2967/3035/3035 2946/3014/3014
f 2915/2983/2983 3886/3954/3954 2927/2995/2995
f 2926/2994/2994 2925/2993/2993 2928/2996/2996
f 2931/2999/2999 2929/2997/2997 2930/2998/2998
f 2925/2993/2993 2926/2994/2994 2927/2995/2995
f 2966/3034/3034 2964/3032/3032 2969/3037/3037
f 3147/3215/3215 3887/3955/3955 2968/3036/3036
f 2579/2647/2647 2935/3003/3003 2934/3002/3002
f 2948/3016/3016 2925/2993/2993 2927/2995/2995
f 2931/2999/2999 2930/2998/2998 2581/2649/2649
f 2930/2998/2998 2929/2997/2997 2946/3014/3014
f 2583/2651/2651 2931/2999/2999 2581/2649/2649
f 2585/2653/2653 2579/2647/2647 2932/3000/3000
f 2934/3002/3002 2932/3000/3000 2579/2647/2647
f 2929/2997/2997 2931/2999/2999 2932/3000/3000
f 2939/3007/3007 2941/3009/3009 2935/3003/3003
f 3110/3178/3178 3094/3162/3162 3120/3188/3188
f 2937/3005/3005 2579/2647/2647 2580/2648/2648
f 2934/3002/3002 2933/3001/3001 2936/3004/3004
f 2939/3007/3007 2935/3003/3003 2589/2657/2657
f 2933/3001/3001 2934/3002/3002 2935/3003/3003
f 2945/3013/3013 2933/3001/3001 2941/3009/3009
f 2950/3018/3018 2947/3015/3015 2952/3020/3020
f 2589/2657/2657 2935/3003/3003 2937/3005/3005
f 2579/2647/2647 2937/3005/3005 2935/3003/3003
f 3809/3877/3877 2940/3008/3008 3810/3878/3878
f 3246/3314/3314 3248/3316/3316 3255/3323/3323
f 2589/2657/2657 3810/3878/3878 2942/3010/3010
f 2941/3009/3009 2939/3007/3007 2938/3006/3006
f 3483/3551/3551 2909/2977/2977 3481/3549/3549
f 3340/3408/3408 2632/2700/2700 3325/3393/3393
f 3625/3693/3693 3632/3700/3700 2938/3006/3006
f 2935/3003/3003 2941/3009/3009 2933/3001/3001
f 2589/2657/2657 2942/3010/3010 2939/3007/3007
f 2942/3010/3010 2940/3008/3008 3805/3873/3873
f 2944/3012/3012 2938/3006/3006 2942/3010/3010
f 2953/3021/3021 2947/3015/3015 2950/3018/3018
f 3336/3404/3404 3337/3405/3405 3335/3403/3403
f 3255/3323/3323 3248/3316/3316 2378/2446/2446
f 3609/3677/3677 3610/3678/3678 3608/3676/3676
f 2945/3013/3013 2952/3020/3020 2960/3028/3028
f 2952/3020/3020 2949/3017/3017 2960/3028/3028
f 2961/3029/3029 2946/3014/3014 2929/2997/2997
f 2961/3029/3029 2929/2997/2997 2959/3027/3027
f 2945/3013/3013 2943/3011/3011 2950/3018/3018
f 2930/2998/2998 2946/3014/3014 2948/3016/3016
f 2925/2993/2993 2948/3016/3016 2946/3014/3014
f 2947/3015/3015 2955/3023/3023 2957/3025/3025
f 2956/3024/3024 2965/3033/3033 2958/3026/3026
f 3612/3680/3680 3613/3681/3681 2943/3011/3011
f 2958/3026/3026 2947/3015/3015 2957/3025/3025
f 3821/3889/3889 3429/3497/3497 3430/3498/3498
f 3889/3957/3957 3144/3212/3212 3145/3213/3213
f 2949/3017/3017 2959/3027/3027 2960/3028/3028
f 2945/3013/3013 2950/3018/3018 2952/3020/3020
f 3613/3681/3681 2950/3018/3018 2943/3011/3011
f 2951/3019/3019 3750/3818/3818 2955/3023/3023
f 3185/3253/3253 3175/3243/3243 3177/3245/3245
f 2947/3015/3015 2958/3026/3026 2952/3020/3020
f 2951/3019/3019 2955/3023/3023 2953/3021/3021
f 2954/3022/3022 3167/3235/3235 2957/3025/3025
f 3106/3174/3174 3081/3149/3149 3105/3173/3173
f 3084/3152/3152 3075/3143/3143 3070/3138/3138
f 2954/3022/3022 2957/3025/3025 2955/3023/3023
f 2957/3025/3025 2956/3024/3024 2958/3026/3026
f 2961/3029/3029 2949/3017/3017 2964/3032/3032
f 2952/3020/3020 2958/3026/3026 2949/3017/3017
f 2959/3027/3027 2936/3004/3004 2960/3028/3028
f 2959/3027/3027 2949/3017/3017 2961/3029/3029
f 2936/3004/3004 2933/3001/3001 2960/3028/3028
f 2945/3013/3013 2960/3028/3028 2933/3001/3001
f 2965/3033/3033 2962/3030/3030 3489/3557/3557
f 2946/3014/3014 2961/3029/3029 2966/3034/3034
f 3489/3557/3557 2962/3030/3030 2964/3032/3032
f 2991/3059/3059 2994/3062/3062 2983/3051/3051
f 3125/3193/3193 2963/3031/3031 2970/3038/3038
f 2967/3035/3035 3887/3955/3955 2925/2993/2993
f 3489/3557/3557 2949/3017/3017 2958/3026/3026
f 2969/3037/3037 2964/3032/3032 2962/3030/3030
f 3108/3176/3176 3104/3172/3172 3107/3175/3175
f 3122/3190/3190 3516/3584/3584 3110/3178/3178
f 2964/3032/3032 2966/3034/3034 2961/3029/3029
f 2967/3035/3035 2966/3034/3034 2963/3031/3031
f 2963/3031/3031 2968/3036/3036 3887/3955/3955
f 2946/3014/3014 2967/3035/3035 2925/2993/2993
f 2963/3031/3031 2969/3037/3037 2970/3038/3038
f 2996/3064/3064 3008/3076/3076 3002/3070/3070
f 2969/3037/3037 2962/3030/3030 3112/3180/3180
f 2966/3034/3034 2969/3037/3037 2963/3031/3031
f 3086/3154/3154 3098/3166/3166 3081/3149/3149
f 3044/3112/3112 3046/3114/3114 3051/3119/3119
f 2583/2651/2651 2971/3039/3039 2562/2630/2630
f 2912/2980/2980 2971/3039/3039 2586/2654/2654
f 2332/2400/2400 2339/2407/2407 2972/3040/3040
f 3013/3081/3081 2972/3040/3040 2339/2407/2407
f 3001/3069/3069 2985/3053/3053 2988/3056/3056
f 3005/3073/3073 3012/3080/3080 2973/3041/3041
f 2917/2985/2985 2974/3042/3042 2343/2411/2411
f 2596/2664/2664 2974/3042/3042 2597/2665/2665
f 2994/3062/3062 2996/3064/3064 3002/3070/3070
f 3000/3068/3068 2981/3049/3049 2984/3052/3052
f 3024/3092/3092 2602/2670/2670 3023/3091/3091
f 2831/2899/2899 3438/3506/3506 3701/3769/3769
f 2602/2670/2670 2353/2421/2421 3023/3091/3091
f 2977/3045/3045 3026/3094/3094 3027/3095/3095
f 2603/2671/2671 2978/3046/3046 1990/2025/2025
f 2977/3045/3045 2978/3046/3046 2602/2670/2670
f 3215/3283/3283 1988/2023/2023 1987/2022/2022
f 2980/3048/3048 2979/3047/3047 2604/2672/2672
f 2604/2672/2672 2982/3050/3050 2981/3049/3049
f 2605/2673/2673 2980/3048/3048 2080/2148/2148
f 2987/3055/3055 2989/3057/3057 2984/3052/3052
f 2080/2148/2148 2980/3048/3048 2981/3049/3049
f 3215/3283/3283 2982/3050/3050 2604/2672/2672
f 2355/2423/2423 2982/3050/3050 2607/2675/2675
f 2989/3057/3057 2991/3059/3059 2983/3051/3051
f 3000/3068/3068 2080/2148/2148 2981/3049/3049
f 2987/3055/3055 2984/3052/3052 2355/2423/2423
f 3000/3068/3068 2984/3052/3052 3002/3070/3070
f 2985/3053/3053 2987/3055/3055 2988/3056/3056
f 2990/3058/3058 2989/3057/3057 2985/3053/3053
f 2995/3063/3063 2994/3062/3062 2991/3059/3059
f 2080/2148/2148 2986/3054/3054 3010/3078/3078
f 2988/3056/3056 2987/3055/3055 2355/2423/2423
f 2987/3055/3055 2985/3053/3053 2989/3057/3057
f 2988/3056/3056 3017/3085/3085 3012/3080/3080
f 3497/3565/3565 3005/3073/3073 3013/3081/3081
f 2990/3058/3058 2985/3053/3053 3496/3564/3564
f 2989/3057/3057 2990/3058/3058 2991/3059/3059
f 3494/3562/3562 2990/3058/3058 2601/2669/2669
f 2992/3060/3060 2995/3063/3063 3888/3956/3956
f 2990/3058/3058 3888/3956/3956 2995/3063/3063
f 3007/3075/3075 3018/3086/3086 3003/3071/3071
f 3151/3219/3219 2924/2992/2992 3150/3218/3218
f 2993/3061/3061 2995/3063/3063 2998/3066/3066
f 3159/3227/3227 2975/3043/3043 3151/3219/3219
f 3036/3104/3104 3026/3094/3094 3028/3096/3096
f 2991/3059/3059 2990/3058/3058 2995/3063/3063
f 2994/3062/3062 2993/3061/3061 2996/3064/3064
f 2998/3066/3066 2995/3063/3063 2992/3060/3060
f 2993/3061/3061 2994/3062/3062 2995/3063/3063
f 2996/3064/3064 2993/3061/3061 3007/3075/3075
f 3002/3070/3070 3008/3076/3076 2986/3054/3054
f 3099/3167/3167 3101/3169/3169 3093/3161/3161
f 3055/3123/3123 3061/3129/3129 3048/3116/3116
f 2992/3060/3060 3159/3227/3227 3160/3228/3228
f 2998/3066/3066 2997/3065/3065 3499/3567/3567
f 3148/3216/3216 2921/2989/2989 2928/2996/2996
f 3146/3214/3214 3126/3194/3194 3133/3201/3201
f 3002/3070/3070 2984/3052/3052 2983/3051/3051
f 2080/2148/2148 3000/3068/3068 2986/3054/3054
f 3005/3073/3073 3001/3069/3069 2988/3056/3056
f 2601/2669/2669 3006/3074/3074 2600/2668/2668
f 3000/3068/3068 3002/3070/3070 2986/3054/3054
f 2994/3062/3062 3002/3070/3070 2983/3051/3051
f 3014/3082/3082 3018/3086/3086 2993/3061/3061
f 3015/3083/3083 3045/3113/3113 3043/3111/3111
f 3008/3076/3076 2996/3064/3064 3009/3077/3077
f 3004/3072/3072 3009/3077/3077 3011/3079/3079
f 3012/3080/3080 3005/3073/3073 2988/3056/3056
f 3013/3081/3081 3005/3073/3073 2973/3041/3041
f 3497/3565/3565 3001/3069/3069 3005/3073/3073
f 2339/2407/2407 2600/2668/2668 3006/3074/3074
f 3014/3082/3082 2993/3061/3061 3499/3567/3567
f 3003/3071/3071 3011/3079/3079 3009/3077/3077
f 3009/3077/3077 2996/3064/3064 3007/3075/3075
f 3010/3078/3078 3008/3076/3076 3004/3072/3072
f 3003/3071/3071 3009/3077/3077 3007/3075/3075
f 3004/3072/3072 3008/3076/3076 3009/3077/3077
f 3500/3568/3568 3010/3078/3078 3004/3072/3072
f 2080/2148/2148 3010/3078/3078 2606/2674/2674
f 3022/3090/3090 3062/3130/3130 3003/3071/3071
f 3500/3568/3568 3016/3084/3084 2606/2674/2674
f 3017/3085/3085 2988/3056/3056 2355/2423/2423
f 1986/2021/2021 3498/3566/3566 2607/2675/2675
f 2590/2658/2658 3013/3081/3081 2973/3041/3041
f 3497/3565/3565 3013/3081/3081 2339/2407/2407
f 3059/3127/3127 3055/3123/3123 3019/3087/3087
f 3020/3088/3088 3021/3089/3089 3022/3090/3090
f 3018/3086/3086 3020/3088/3088 3003/3071/3071
f 3045/3113/3113 3050/3118/3118 3049/3117/3117
f 3040/3108/3108 3042/3110/3110 3062/3130/3130
f 3024/3092/3092 2977/3045/3045 2602/2670/2670
f 2355/2423/2423 2607/2675/2675 3017/3085/3085
f 3498/3566/3566 3017/3085/3085 2607/2675/2675
f 2993/3061/3061 3018/3086/3086 3007/3075/3075
f 3060/3128/3128 3020/3088/3088 3014/3082/3082
f 3065/3133/3133 3060/3128/3128 3014/3082/3082
f 3020/3088/3088 3022/3090/3090 3003/3071/3071
f 3014/3082/3082 3020/3088/3088 3018/3086/3086
f 3020/3088/3088 3019/3087/3087 3021/3089/3089
f 3051/3119/3119 3046/3114/3114 3052/3120/3120
f 2833/2901/2901 3740/3808/3808 3506/3574/3574
f 3021/3089/3089 3015/3083/3083 3022/3090/3090
f 3040/3108/3108 3062/3130/3130 3015/3083/3083
f 3016/3084/3084 3025/3093/3093 2606/2674/2674
f 3025/3093/3093 3024/3092/3092 3023/3091/3091
f 3023/3091/3091 2606/2674/2674 3025/3093/3093
f 3027/3095/3095 3026/3094/3094 2976/3044/3044
f 3025/3093/3093 3034/3102/3102 3028/3096/3096
f 3028/3096/3096 3026/3094/3094 3024/3092/3092
f 2977/3045/3045 3024/3092/3092 3026/3094/3094
f 3028/3096/3096 3024/3092/3092 3025/3093/3093
f 3027/3095/3095 2976/3044/3044 3031/3099/3099
f 1945/1945/1945 1944/1944/1944 3501/3569/3569
f 3034/3102/3102 3016/3084/3084 3030/3098/3098
f 3503/3571/3571 3036/3104/3104 3037/3105/3105
f 3029/3097/3097 3031/3099/3099 3032/3100/3100
f 2862/2930/2930 3686/3754/3754 3688/3756/3756
f 3042/3110/3110 3016/3084/3084 3011/3079/3079
f 3030/3098/3098 3039/3107/3107 3035/3103/3103
f 3032/3100/3100 3031/3099/3099 2976/3044/3044
f 3033/3101/3101 3031/3099/3099 3029/3097/3097
f 3036/3104/3104 2976/3044/3044 3026/3094/3094
f 3037/3105/3105 3696/3764/3764 3695/3763/3763
f 3033/3101/3101 3029/3097/3097 3739/3807/3807
f 3033/3101/3101 1945/1945/1945 3501/3569/3569
f 3016/3084/3084 3034/3102/3102 3025/3093/3093
f 3035/3103/3103 3034/3102/3102 3030/3098/3098
f 3040/3108/3108 3038/3106/3106 3039/3107/3107
f 3037/3105/3105 3695/3763/3763 3503/3571/3571
f 3028/3096/3096 3035/3103/3103 3036/3104/3104
f 3036/3104/3104 3035/3103/3103 3037/3105/3105
f 3039/3107/3107 3041/3109/3109 3505/3573/3573
f 3508/3576/3576 3053/3121/3121 3509/3577/3577
f 3038/3106/3106 3040/3108/3108 3043/3111/3111
f 3696/3764/3764 3505/3573/3573 3041/3109/3109
f 3040/3108/3108 3039/3107/3107 3030/3098/3098
f 3039/3107/3107 3038/3106/3106 3041/3109/3109
f 3042/3110/3110 3040/3108/3108 3030/3098/3098
f 3040/3108/3108 3015/3083/3083 3043/3111/3111
f 3053/3121/3121 3508/3576/3576 3049/3117/3117
f 3740/3808/3808 3053/3121/3121 3506/3574/3574
f 3016/3084/3084 3042/3110/3110 3030/3098/3098
f 3042/3110/3110 3011/3079/3079 3062/3130/3130
f 3015/3083/3083 3046/3114/3114 3045/3113/3113
f 3038/3106/3106 3043/3111/3111 3049/3117/3117
f 3052/3120/3120 3046/3114/3114 3021/3089/3089
f 3512/3580/3580 3511/3579/3579 3058/3126/3126
f 3046/3114/3114 3015/3083/3083 3021/3089/3089
f 3045/3113/3113 3044/3112/3112 3050/3118/3118
f 3021/3089/3089 3055/3123/3123 3052/3120/3120
f 3044/3112/3112 3045/3113/3113 3046/3114/3114
f 3050/3118/3118 3056/3124/3124 3047/3115/3115
f 3047/3115/3115 3053/3121/3121 3049/3117/3117
f 3061/3129/3129 3055/3123/3123 3059/3127/3127
f 3048/3116/3116 3077/3145/3145 3069/3137/3137
f 3045/3113/3113 3049/3117/3117 3043/3111/3111
f 3047/3115/3115 3506/3574/3574 3053/3121/3121
f 3044/3112/3112 3064/3132/3132 3056/3124/3124
f 3049/3117/3117 3050/3118/3118 3047/3115/3115
f 3069/3137/3137 3051/3119/3119 3048/3116/3116
f 3054/3122/3122 3056/3124/3124 3064/3132/3132
f 3055/3123/3123 3021/3089/3089 3019/3087/3087
f 3051/3119/3119 3052/3120/3120 3048/3116/3116
f 3740/3808/3808 2831/2899/2899 3507/3575/3575
f 3041/3109/3109 3038/3106/3106 3508/3576/3576
f 3064/3132/3132 3044/3112/3112 3051/3119/3119
f 3054/3122/3122 3074/3142/3142 3075/3143/3143
f 3059/3127/3127 3019/3087/3087 3060/3128/3128
f 3048/3116/3116 3052/3120/3120 3055/3123/3123
f 3044/3112/3112 3056/3124/3124 3050/3118/3118
f 3058/3126/3126 3056/3124/3124 3512/3580/3580
f 2997/3065/3065 3161/3229/3229 3162/3230/3230
f 3087/3155/3155 3072/3140/3140 3078/3146/3146
f 3510/3578/3578 2830/2898/2898 2826/2894/2894
f 3047/3115/3115 3056/3124/3124 3058/3126/3126
f 3019/3087/3087 3020/3088/3088 3060/3128/3128
f 3059/3127/3127 3057/3125/3125 3061/3129/3129
f 3014/3082/3082 3499/3567/3567 3065/3133/3133
f 3057/3125/3125 3059/3127/3127 3060/3128/3128
f 3067/3135/3135 3066/3134/3134 3076/3144/3144
f 3089/3157/3157 3091/3159/3159 3095/3163/3163
f 3003/3071/3071 3062/3130/3130 3011/3079/3079
f 3015/3083/3083 3062/3130/3130 3022/3090/3090
f 3061/3129/3129 3057/3125/3125 3071/3139/3139
f 3514/3582/3582 3083/3151/3151 3085/3153/3153
f 3073/3141/3141 3051/3119/3119 3069/3137/3137
f 3073/3141/3141 3079/3147/3147 3070/3138/3138
f 2997/3065/3065 3160/3228/3228 3161/3229/3229
f 3060/3128/3128 3065/3133/3133 3067/3135/3135
f 2968/3036/3036 3111/3179/3179 3146/3214/3214
f 3099/3167/3167 3093/3161/3161 3096/3164/3164
f 3162/3230/3230 3067/3135/3135 3065/3133/3133
f 3076/3144/3144 3071/3139/3139 3057/3125/3125
f 3113/3181/3181 3112/3180/3180 2962/3030/3030
f 3080/3148/3148 3071/3139/3139 3078/3146/3146
f 3077/3145/3145 3048/3116/3116 3061/3129/3129
f 3069/3137/3137 3063/3131/3131 3073/3141/3141
f 3054/3122/3122 3064/3132/3132 3074/3142/3142
f 3064/3132/3132 3051/3119/3119 3073/3141/3141
f 3076/3144/3144 3057/3125/3125 3067/3135/3135
f 3072/3140/3140 3063/3131/3131 3069/3137/3137
f 3068/3136/3136 3078/3146/3146 3071/3139/3139
f 3080/3148/3148 3078/3146/3146 3072/3140/3140
f 3079/3147/3147 3073/3141/3141 3063/3131/3131
f 3074/3142/3142 3073/3141/3141 3070/3138/3138
f 3073/3141/3141 3074/3142/3142 3064/3132/3132
f 3075/3143/3143 3074/3142/3142 3070/3138/3138
f 3083/3151/3151 3084/3152/3152 3070/3138/3138
f 2819/2887/2887 3437/3505/3505 3511/3579/3579
f 2968/3036/3036 3125/3193/3193 3111/3179/3179
f 3071/3139/3139 3076/3144/3144 3518/3586/3586
f 3080/3148/3148 3077/3145/3145 3061/3129/3129
f 3069/3137/3137 3077/3145/3145 3072/3140/3140
f 3086/3154/3154 3078/3146/3146 3068/3136/3136
f 3088/3156/3156 3087/3155/3155 3078/3146/3146
f 3072/3140/3140 3087/3155/3155 3089/3157/3157
f 3084/3152/3152 3083/3151/3151 2806/2874/2874
f 3077/3145/3145 3080/3148/3148 3072/3140/3140
f 3071/3139/3139 3080/3148/3148 3061/3129/3129
f 3086/3154/3154 3068/3136/3136 3096/3164/3164
f 3093/3161/3161 3102/3170/3170 3098/3166/3166
f 3088/3156/3156 3515/3583/3583 3082/3150/3150
f 3514/3582/3582 2811/2879/2879 2806/2874/2874
f 3070/3138/3138 3079/3147/3147 3083/3151/3151
f 3079/3147/3147 3095/3163/3163 3083/3151/3151
f 3513/3581/3581 2806/2874/2874 2810/2878/2878
f 2801/2869/2869 3435/3503/3503 3092/3160/3160
f 3095/3163/3163 3063/3131/3131 3089/3157/3157
f 3094/3162/3162 3091/3159/3159 3082/3150/3150
f 3518/3586/3586 3076/3144/3144 3517/3585/3585
f 3087/3155/3155 3088/3156/3156 3082/3150/3150
f 3088/3156/3156 3078/3146/3146 3086/3154/3154
f 3089/3157/3157 3087/3155/3155 3082/3150/3150
f 3081/3149/3149 3515/3583/3583 3086/3154/3154
f 3088/3156/3156 3086/3154/3154 3515/3583/3583
f 3091/3159/3159 3089/3157/3157 3082/3150/3150
f 3072/3140/3140 3089/3157/3157 3063/3131/3131
f 3105/3173/3173 3081/3149/3149 3098/3166/3166
f 3110/3178/3178 3091/3159/3159 3094/3162/3162
f 3094/3162/3162 3082/3150/3150 3090/3158/3158
f 3095/3163/3163 3091/3159/3159 3085/3153/3153
f 3075/3143/3143 3084/3152/3152 3092/3160/3160
f 3092/3160/3160 3084/3152/3152 3513/3581/3581
f 3115/3183/3183 3103/3171/3171 3112/3180/3180
f 3096/3164/3164 3098/3166/3166 3086/3154/3154
f 3118/3186/3186 3094/3162/3162 3090/3158/3158
f 3091/3159/3159 3110/3178/3178 3085/3153/3153
f 3083/3151/3151 3095/3163/3163 3085/3153/3153
f 3095/3163/3163 3079/3147/3147 3063/3131/3131
f 3518/3586/3586 3099/3167/3167 3096/3164/3164
f 3096/3164/3164 3093/3161/3161 3098/3166/3166
f 3517/3585/3585 3066/3134/3134 3126/3194/3194
f 3125/3193/3193 3101/3169/3169 3111/3179/3179
f 3103/3171/3171 3102/3170/3170 3093/3161/3161
f 3100/3168/3168 3117/3185/3185 3108/3176/3176
f 3518/3586/3586 3096/3164/3164 3068/3136/3136
f 3101/3169/3169 3099/3167/3167 3097/3165/3165
f 3519/3587/3587 3137/3205/3205 3138/3206/3206
f 3105/3173/3173 3102/3170/3170 3107/3175/3175
f 3101/3169/3169 3097/3165/3165 3111/3179/3179
f 3101/3169/3169 2970/3038/3038 3103/3171/3171
f 3093/3161/3161 3101/3169/3169 3103/3171/3171
f 3102/3170/3170 3100/3168/3168 3107/3175/3175
f 3112/3180/3180 3103/3171/3171 2970/3038/3038
f 3102/3170/3170 3103/3171/3171 3115/3183/3183
f 3115/3183/3183 3113/3181/3181 3117/3185/3185
f 3106/3174/3174 3090/3158/3158 3515/3583/3583
f 3102/3170/3170 3105/3173/3173 3098/3166/3166
f 3105/3173/3173 3104/3172/3172 3106/3174/3174
f 3119/3187/3187 3109/3177/3177 3118/3186/3186
f 3118/3186/3186 3090/3158/3158 3119/3187/3187
f 3108/3176/3176 3107/3175/3175 3100/3168/3168
f 3105/3173/3173 3107/3175/3175 3104/3172/3172
f 3139/3207/3207 3141/3209/3209 3131/3199/3199
f 3109/3177/3177 3119/3187/3187 3129/3197/3197
f 3106/3174/3174 3104/3172/3172 3127/3195/3195
f 2808/2876/2876 3121/3189/3189 3124/3192/3192
f 3094/3162/3162 3118/3186/3186 3120/3188/3188
f 3122/3190/3190 3120/3188/3188 3121/3189/3189
f 3097/3165/3165 3126/3194/3194 3111/3179/3179
f 3133/3201/3201 3149/3217/3217 3148/3216/3216
f 2969/3037/3037 3112/3180/3180 2970/3038/3038
f 2962/3030/3030 2965/3033/3033 3113/3181/3181
f 3113/3181/3181 2965/3033/3033 3116/3184/3184
f 3113/3181/3181 3116/3184/3184 3117/3185/3185
f 3165/3233/3233 3116/3184/3184 2956/3024/3024
f 3165/3233/3233 3167/3235/3235 3156/3224/3224
f 3115/3183/3183 3100/3168/3168 3102/3170/3170
f 3112/3180/3180 3113/3181/3181 3115/3183/3183
f 2956/3024/3024 3116/3184/3184 2965/3033/3033
f 3117/3185/3185 3116/3184/3184 3114/3182/3182
f 3108/3176/3176 3117/3185/3185 3114/3182/3182
f 3115/3183/3183 3117/3185/3185 3100/3168/3168
f 3119/3187/3187 3090/3158/3158 3106/3174/3174
f 3118/3186/3186 3109/3177/3177 3120/3188/3188
f 3134/3202/3202 3104/3172/3172 3108/3176/3176
f 3143/3211/3211 2785/2853/2853 2812/2880/2880
f 3109/3177/3177 3121/3189/3189 3120/3188/3188
f 3121/3189/3189 3128/3196/3196 3122/3190/3190
f 3130/3198/3198 3124/3192/3192 3121/3189/3189
f 3121/3189/3189 2808/2876/2876 3128/3196/3196
f 2811/2879/2879 3122/3190/3190 2800/2868/2868
f 3110/3178/3178 3120/3188/3188 3122/3190/3190
f 3127/3195/3195 3119/3187/3187 3106/3174/3174
f 3154/3222/3222 3123/3191/3191 3129/3197/3197
f 3139/3207/3207 3124/3192/3192 3123/3191/3191
f 3132/3200/3200 2804/2872/2872 2808/2876/2876
f 2963/3031/3031 3125/3193/3193 2968/3036/3036
f 3101/3169/3169 3125/3193/3193 2970/3038/3038
f 3517/3585/3585 3126/3194/3194 3097/3165/3165
f 3149/3217/3217 3157/3225/3225 3168/3236/3236
f 3136/3204/3204 3127/3195/3195 3134/3202/3202
f 3129/3197/3197 3123/3191/3191 3130/3198/3198
f 2807/2875/2875 3128/3196/3196 2808/2876/2876
f 2800/2868/2868 3122/3190/3190 3128/3196/3196
f 3127/3195/3195 3152/3220/3220 3119/3187/3187
f 3134/3202/3202 3127/3195/3195 3104/3172/3172
f 3129/3197/3197 3130/3198/3198 3109/3177/3177
f 3123/3191/3191 3124/3192/3192 3130/3198/3198
f 3129/3197/3197 3152/3220/3220 3154/3222/3222
f 3131/3199/3199 3145/3213/3213 3144/3212/3212
f 3139/3207/3207 3132/3200/3200 3124/3192/3192
f 3132/3200/3200 3144/3212/3212 3143/3211/3211
f 3157/3225/3225 3149/3217/3217 3133/3201/3201
f 3148/3216/3216 2928/2996/2996 3147/3215/3215
f 3134/3202/3202 3108/3176/3176 3137/3205/3205
f 3137/3205/3205 3136/3204/3204 3134/3202/3202
f 3108/3176/3176 3138/3206/3206 3137/3205/3205
f 3174/3242/3242 3173/3241/3241 3140/3208/3208
f 3123/3191/3191 3154/3222/3222 3155/3223/3223
f 3119/3187/3187 3152/3220/3220 3129/3197/3197
f 3138/3206/3206 3108/3176/3176 3114/3182/3182
f 3136/3204/3204 3137/3205/3205 3135/3203/3203
f 3165/3233/3233 3156/3224/3224 3164/3232/3232
f 3164/3232/3232 3138/3206/3206 3114/3182/3182
f 3123/3191/3191 3155/3223/3223 3141/3209/3209
f 3132/3200/3200 3139/3207/3207 3131/3199/3199
f 3171/3239/3239 3163/3231/3231 3172/3240/3240
f 3424/3492/3492 3413/3481/3481 3418/3486/3486
f 3123/3191/3191 3141/3209/3209 3139/3207/3207
f 3141/3209/3209 3140/3208/3208 3178/3246/3246
f 3519/3587/3587 3192/3260/3260 3135/3203/3203
f 3184/3252/3252 3424/3492/3492 3142/3210/3210
f 2804/2872/2872 3132/3200/3200 3143/3211/3211
f 3144/3212/3212 3132/3200/3200 3131/3199/3199
f 3179/3247/3247 3145/3213/3213 3131/3199/3199
f 2785/2853/2853 3143/3211/3211 3144/3212/3212
f 3183/3251/3251 3184/3252/3252 3142/3210/3210
f 3889/3957/3957 2814/2882/2882 2816/2884/2884
f 3126/3194/3194 3146/3214/3214 3111/3179/3179
f 3147/3215/3215 3146/3214/3214 3133/3201/3201
f 3147/3215/3215 3133/3201/3201 3148/3216/3216
f 3147/3215/3215 2928/2996/2996 3887/3955/3955
f 3157/3225/3225 3133/3201/3201 3126/3194/3194
f 2921/2989/2989 3148/3216/3216 3150/3218/3218
f 3159/3227/3227 3158/3226/3226 2999/3067/3067
f 3150/3218/3218 2924/2992/2992 3487/3555/3555
f 3148/3216/3216 3149/3217/3217 3150/3218/3218
f 3492/3560/3560 3493/3561/3561 2975/3043/3043
f 3149/3217/3217 3158/3226/3226 3150/3218/3218
f 2999/3067/3067 3158/3226/3226 3149/3217/3217
f 3127/3195/3195 3136/3204/3204 3152/3220/3220
f 3154/3222/3222 3152/3220/3220 3169/3237/3237
f 3135/3203/3203 3163/3231/3231 3136/3204/3204
f 3154/3222/3222 3169/3237/3237 3153/3221/3221
f 3169/3237/3237 3152/3220/3220 3136/3204/3204
f 3154/3222/3222 3153/3221/3221 3155/3223/3223
f 3174/3242/3242 3155/3223/3223 3153/3221/3221
f 3141/3209/3209 3155/3223/3223 3140/3208/3208
f 3520/3588/3588 3203/3271/3271 3194/3262/3262
f 3164/3232/3232 3166/3234/3234 3138/3206/3206
f 3126/3194/3194 3066/3134/3134 3157/3225/3225
f 3157/3225/3225 3066/3134/3134 3168/3236/3236
f 2999/3067/3067 3160/3228/3228 3159/3227/3227
f 3150/3218/3218 3158/3226/3226 3151/3219/3219
f 3159/3227/3227 2992/3060/3060 3888/3956/3956
f 3151/3219/3219 3158/3226/3226 3159/3227/3227
f 3160/3228/3228 2999/3067/3067 3161/3229/3229
f 2992/3060/3060 3160/3228/3228 2998/3066/3066
f 2999/3067/3067 3149/3217/3217 3168/3236/3236
f 2997/3065/3065 3162/3230/3230 3065/3133/3133
f 3168/3236/3236 3162/3230/3230 3161/3229/3229
f 3067/3135/3135 3162/3230/3230 3066/3134/3134
f 3137/3205/3205 3519/3587/3587 3135/3203/3203
f 3153/3221/3221 3163/3231/3231 3171/3239/3239
f 3165/3233/3233 3164/3232/3232 3114/3182/3182
f 3166/3234/3234 3164/3232/3232 3156/3224/3224
f 3116/3184/3184 3165/3233/3233 3114/3182/3182
f 3165/3233/3233 2956/3024/3024 3167/3235/3235
f 3524/3592/3592 3214/3282/3282 3213/3281/3281
f 3173/3241/3241 3174/3242/3242 3171/3239/3239
f 2957/3025/3025 3167/3235/3235 2956/3024/3024
f 3214/3282/3282 3167/3235/3235 2954/3022/3022
f 3162/3230/3230 3168/3236/3236 3066/3134/3134
f 2999/3067/3067 3168/3236/3236 3161/3229/3229
f 3136/3204/3204 3163/3231/3231 3169/3237/3237
f 3153/3221/3221 3169/3237/3237 3163/3231/3231
f 3191/3259/3259 3190/3258/3258 3188/3256/3256
f 3175/3243/3243 3207/3275/3275 3208/3276/3276
f 3172/3240/3240 3163/3231/3231 3135/3203/3203
f 3171/3239/3239 3170/3238/3238 3173/3241/3241
f 3190/3258/3258 3186/3254/3254 3188/3256/3256
f 3171/3239/3239 3172/3240/3240 3188/3256/3256
f 3177/3245/3245 3173/3241/3241 3170/3238/3238
f 3140/3208/3208 3173/3241/3241 3176/3244/3244
f 3155/3223/3223 3174/3242/3242 3140/3208/3208
f 3171/3239/3239 3174/3242/3242 3153/3221/3221
f 3181/3249/3249 3185/3253/3253 3186/3254/3254
f 3420/3488/3488 2794/2862/2862 3419/3487/3487
f 3177/3245/3245 3176/3244/3244 3173/3241/3241
f 3176/3244/3244 3177/3245/3245 3182/3250/3250
f 3186/3254/3254 3185/3253/3253 3177/3245/3245
f 3177/3245/3245 3175/3243/3243 3182/3250/3250
f 3178/3246/3246 3142/3210/3210 3179/3247/3247
f 3140/3208/3208 3176/3244/3244 3178/3246/3246
f 3145/3213/3213 3179/3247/3247 3142/3210/3210
f 3141/3209/3209 3179/3247/3247 3131/3199/3199
f 3193/3261/3261 3207/3275/3275 3175/3243/3243
f 3417/3485/3485 3412/3480/3480 3415/3483/3483
f 3200/3268/3268 3203/3271/3271 3520/3588/3588
f 3199/3267/3267 3195/3263/3263 3201/3269/3269
f 3208/3276/3276 3182/3250/3250 3175/3243/3243
f 3183/3251/3251 3182/3250/3250 3180/3248/3248
f 3182/3250/3250 3183/3251/3251 3176/3244/3244
f 3184/3252/3252 3183/3251/3251 3180/3248/3248
f 3211/3279/3279 3523/3591/3591 3210/3278/3278
f 3416/3484/3484 3418/3486/3486 3413/3481/3481
f 3186/3254/3254 3177/3245/3245 3170/3238/3238
f 3195/3263/3263 3193/3261/3261 3185/3253/3253
f 3188/3256/3256 3170/3238/3238 3171/3239/3239
f 3186/3254/3254 3170/3238/3238 3188/3256/3256
f 3195/3263/3263 3187/3255/3255 3193/3261/3261
f 3199/3267/3267 3202/3270/3270 3674/3742/3742
f 3191/3259/3259 3192/3260/3260 3189/3257/3257
f 3172/3240/3240 3191/3259/3259 3188/3256/3256
f 3214/3282/3282 3156/3224/3224 3167/3235/3235
f 3214/3282/3282 3749/3817/3817 3741/3809/3809
f 3203/3271/3271 3212/3280/3280 3194/3262/3262
f 3181/3249/3249 3186/3254/3254 3190/3258/3258
f 3192/3260/3260 3191/3259/3259 3172/3240/3240
f 3190/3258/3258 3191/3259/3259 3189/3257/3257
f 3135/3203/3203 3192/3260/3260 3172/3240/3240
f 3192/3260/3260 3166/3234/3234 3213/3281/3281
f 3195/3263/3263 3185/3253/3253 3181/3249/3249
f 3205/3273/3273 3673/3741/3741 3668/3736/3736
f 3248/3316/3316 3251/3319/3319 3253/3321/3321
f 3284/3352/3352 3275/3343/3343 3226/3294/3294
f 3181/3249/3249 3200/3268/3268 3198/3266/3266
f 3195/3263/3263 3181/3249/3249 3198/3266/3266
f 2382/2450/2450 3237/3305/3305 3240/3308/3308
f 3187/3255/3255 3195/3263/3263 3199/3267/3267
f 3201/3269/3269 3204/3272/3272 3783/3851/3851
f 3262/3330/3330 3263/3331/3331 3264/3332/3332
f 3200/3268/3268 3181/3249/3249 3190/3258/3258
f 3201/3269/3269 3198/3266/3266 3196/3264/3264
f 3201/3269/3269 3195/3263/3263 3198/3266/3266
f 3202/3270/3270 3199/3267/3267 3197/3265/3265
f 3200/3268/3268 3190/3258/3258 3203/3271/3271
f 3196/3264/3264 3198/3266/3266 3200/3268/3268
f 3204/3272/3272 3201/3269/3269 3196/3264/3264
f 3199/3267/3267 3201/3269/3269 3197/3265/3265
f 3776/3844/3844 3630/3698/3698 3778/3846/3846
f 3426/3494/3494 3421/3489/3489 3420/3488/3488
f 3190/3258/3258 3189/3257/3257 3203/3271/3271
f 3212/3280/3280 3203/3271/3271 3189/3257/3257
f 3196/3264/3264 3520/3588/3588 3522/3590/3590
f 3271/3339/3339 3278/3346/3346 3280/3348/3348
f 3427/3495/3495 3414/3482/3482 3660/3728/3728
f 3180/3248/3248 3208/3276/3276 3210/3278/3278
f 3212/3280/3280 3213/3281/3281 3206/3274/3274
f 2954/3022/3022 3749/3817/3817 3214/3282/3282
f 3673/3741/3741 3193/3261/3261 3187/3255/3255
f 3208/3276/3276 3207/3275/3275 3205/3273/3273
f 3820/3888/3888 3210/3278/3278 3208/3276/3276
f 3208/3276/3276 3180/3248/3248 3182/3250/3250
f 3663/3731/3731 3431/3499/3499 3662/3730/3730
f 3658/3726/3726 3523/3591/3591 3211/3279/3279
f 3820/3888/3888 3208/3276/3276 3205/3273/3273
f 3210/3278/3278 3209/3277/3277 3211/3279/3279
f 2794/2862/2862 3412/3480/3480 3419/3487/3487
f 3412/3480/3480 2794/2862/2862 2777/2845/2845
f 3213/3281/3281 3212/3280/3280 3189/3257/3257
f 3194/3262/3262 3212/3280/3280 3206/3274/3274
f 3192/3260/3260 3213/3281/3281 3189/3257/3257
f 3156/3224/3224 3524/3592/3592 3166/3234/3234
f 3750/3818/3818 3525/3593/3593 3749/3817/3817
f 3206/3274/3274 3213/3281/3281 3214/3282/3282
f 2979/3047/3047 3215/3283/3283 2604/2672/2672
f 1987/2022/2022 2607/2675/2675 3215/3283/3283
f 3217/3285/3285 3216/3284/3284 1999/2059/2059
f 3218/3286/3286 3216/3284/3284 2608/2676/2676
f 2361/2429/2429 3217/3285/3285 1999/2059/2059
f 3217/3285/3285 2356/2424/2424 2630/2698/2698
f 2608/2676/2676 2630/2698/2698 3219/3287/3287
f 3218/3286/3286 3221/3289/3289 3223/3291/3291
f 3222/3290/3290 3225/3293/3293 3890/3958/3958
f 3223/3291/3291 3221/3289/3289 2634/2702/2702
f 3285/3353/3353 3225/3293/3293 2623/2691/2691
f 3537/3605/3605 3229/3297/3297 3231/3299/3299
f 3218/3286/3286 3219/3287/3287 3221/3289/3289
f 3230/3298/3298 3222/3290/3290 3220/3288/3288
f 3225/3293/3293 3222/3290/3290 2626/2694/2694
f 3230/3298/3298 3228/3296/3296 3222/3290/3290
f 3223/3291/3291 2634/2702/2702 3883/3951/3951
f 3218/3286/3286 3223/3291/3291 2001/2061/2061
f 3537/3605/3605 3533/3601/3601 3239/3307/3307
f 3227/3295/3295 3229/3297/3297 2634/2702/2702
f 2629/2697/2697 3225/3293/3293 2626/2694/2694
f 3284/3352/3352 3285/3353/3353 2628/2696/2696
f 3273/3341/3341 3275/3343/3343 3284/3352/3352
f 3235/3303/3303 3237/3305/3305 3533/3601/3601
f 3228/3296/3296 3221/3289/3289 3219/3287/3287
f 3229/3297/3297 3227/3295/3295 3224/3292/3292
f 3224/3292/3292 3227/3295/3295 3228/3296/3296
f 3228/3296/3296 3227/3295/3295 3221/3289/3289
f 3231/3299/3299 3229/3297/3297 3224/3292/3292
f 2388/2456/2456 3232/3300/3300 2389/2457/2457
f 3233/3301/3301 3231/3299/3299 3224/3292/3292
f 3224/3292/3292 3228/3296/3296 3230/3298/3298
f 3230/3298/3298 3233/3301/3301 3224/3292/3292
f 3230/3298/3298 3220/3288/3288 3526/3594/3594
f 3883/3951/3951 3232/3300/3300 2386/2454/2454
f 2634/2702/2702 3229/3297/3297 3232/3300/3300
f 3235/3303/3303 3236/3304/3304 3234/3302/3302
f 3231/3299/3299 3233/3301/3301 3235/3303/3303
f 3235/3303/3303 3233/3301/3301 3526/3594/3594
f 3240/3308/3308 3241/3309/3309 3238/3306/3306
f 3235/3303/3303 3526/3594/3594 3236/3304/3304
f 3237/3305/3305 3235/3303/3303 3234/3302/3302
f 3527/3595/3595 3220/3288/3288 3890/3958/3958
f 2628/2696/2696 3267/3335/3335 3273/3341/3341
f 3243/3311/3311 3240/3308/3308 3237/3305/3305
f 3237/3305/3305 2382/2450/2450 3239/3307/3307
f 3522/3590/3590 3204/3272/3272 3196/3264/3264
f 3334/3402/3402 3330/3398/3398 3605/3673/3673
f 2382/2450/2450 3534/3602/3602 3239/3307/3307
f 2380/2448/2448 2390/2458/2458 3536/3604/3604
f 3243/3311/3311 3234/3302/3302 3241/3309/3309
f 3245/3313/3313 3244/3312/3312 3240/3308/3308
f 3236/3304/3304 3527/3595/3595 3528/3596/3596
f 3756/3824/3824 3757/3825/3825 3575/3643/3643
f 3242/3310/3310 3245/3313/3313 3249/3317/3317
f 3248/3316/3316 3253/3321/3321 3256/3324/3324
f 3234/3302/3302 3243/3311/3311 3237/3305/3305
f 3241/3309/3309 3240/3308/3308 3243/3311/3311
f 3245/3313/3313 3240/3308/3308 3238/3306/3306
f 3246/3314/3314 3244/3312/3312 3242/3310/3310
f 3633/3701/3701 3249/3317/3317 3245/3313/3313
f 3242/3310/3310 3244/3312/3312 3245/3313/3313
f 3246/3314/3314 3242/3310/3310 3248/3316/3316
f 3246/3314/3314 2377/2445/2445 3535/3603/3603
f 3570/3638/3638 3568/3636/3636 3573/3641/3641
f 3601/3669/3669 3603/3671/3671 3600/3668/3668
f 3251/3319/3319 3242/3310/3310 3249/3317/3317
f 3251/3319/3319 3248/3316/3316 3242/3310/3310
f 3633/3701/3701 3245/3313/3313 3238/3306/3306
f 3249/3317/3317 3247/3315/3315 3252/3320/3320
f 3252/3320/3320 3247/3315/3315 3767/3835/3835
f 2372/2440/2440 3258/3326/3326 3257/3325/3325
f 3252/3320/3320 3251/3319/3319 3249/3317/3317
f 3253/3321/3321 3251/3319/3319 3250/3318/3318
f 3252/3320/3320 3767/3835/3835 3766/3834/3834
f 3251/3319/3319 3252/3320/3320 3250/3318/3318
f 3327/3395/3395 3329/3397/3397 3332/3400/3400
f 3248/3316/3316 3256/3324/3324 2378/2446/2446
f 3574/3642/3642 3627/3695/3695 3757/3825/3825
f 3525/3593/3593 3742/3810/3810 3741/3809/3809
f 2379/2447/2447 3255/3323/3323 2378/2446/2446
f 3246/3314/3314 3255/3323/3323 2377/2445/2445
f 3257/3325/3325 3256/3324/3324 3253/3321/3321
f 2083/2151/2151 3258/3326/3326 2372/2440/2440
f 3600/3668/3668 3253/3321/3321 3250/3318/3318
f 3326/3394/3394 3329/3397/3397 3331/3399/3399
f 2378/2446/2446 3256/3324/3324 3258/3326/3326
f 3257/3325/3325 3258/3326/3326 3256/3324/3324
f 2118/2186/2186 3259/3327/3327 2618/2686/2686
f 3300/3368/3368 3259/3327/3327 2120/2188/2188
f 3265/3333/3333 3269/3337/3337 3270/3338/3338
f 2622/2690/2690 3260/3328/3328 3262/3330/3330
f 3270/3338/3338 3261/3329/3329 3265/3333/3333
f 3266/3334/3334 3267/3335/3335 2628/2696/2696
f 3260/3328/3328 2614/2682/2682 3265/3333/3333
f 3262/3330/3330 3260/3328/3328 3263/3331/3331
f 2627/2695/2695 3266/3334/3334 2628/2696/2696
f 3264/3332/3332 2625/2693/2693 3262/3330/3330
f 3261/3329/3329 3268/3336/3336 3263/3331/3331
f 3263/3331/3331 3268/3336/3336 3264/3332/3332
f 3269/3337/3337 3265/3333/3333 2614/2682/2682
f 3261/3329/3329 3263/3331/3331 3265/3333/3333
f 2625/2693/2693 3264/3332/3332 3266/3334/3334
f 3267/3335/3335 3266/3334/3334 3264/3332/3332
f 3268/3336/3336 3267/3335/3335 3264/3332/3332
f 3278/3346/3346 3271/3339/3339 3276/3344/3344
f 3288/3356/3356 3287/3355/3355 3270/3338/3338
f 3276/3344/3344 3271/3339/3339 3273/3341/3341
f 2618/2686/2686 3269/3337/3337 2614/2682/2682
f 3269/3337/3337 2537/2605/2605 3270/3338/3338
f 2537/2605/2605 3538/3606/3606 3282/3350/3350
f 3289/3357/3357 3268/3336/3336 3539/3607/3607
f 3540/3608/3608 3541/3609/3609 3268/3336/3336
f 3271/3339/3339 3281/3349/3349 3275/3343/3343
f 3294/3362/3362 3292/3360/3360 3272/3340/3340
f 3291/3359/3359 3283/3351/3351 3288/3356/3356
f 3267/3335/3335 3541/3609/3609 3276/3344/3344
f 3273/3341/3341 3271/3339/3339 3275/3343/3343
f 3539/3607/3607 3287/3355/3355 3289/3357/3357
f 3546/3614/3614 3558/3626/3626 3560/3628/3628
f 3271/3339/3339 3280/3348/3348 3281/3349/3349
f 3275/3343/3343 3281/3349/3349 3751/3819/3819
f 3267/3335/3335 3276/3344/3344 3273/3341/3341
f 3753/3821/3821 3278/3346/3346 3276/3344/3344
f 3291/3359/3359 3290/3358/3358 3576/3644/3644
f 3532/3600/3600 3241/3309/3309 3234/3302/3302
f 3753/3821/3821 3276/3344/3344 3274/3342/3342
f 3277/3345/3345 3563/3631/3631 3280/3348/3348
f 3561/3629/3629 3549/3617/3617 3546/3614/3614
f 3236/3304/3304 3528/3596/3596 3530/3598/3598
f 3277/3345/3345 3280/3348/3348 3278/3346/3346
f 3279/3347/3347 3752/3820/3820 3280/3348/3348
f 3528/3596/3596 3281/3349/3349 3752/3820/3820
f 3236/3304/3304 3526/3594/3594 3527/3595/3595
f 3538/3606/3606 2537/2605/2605 2619/2687/2687
f 3288/3356/3356 3282/3350/3350 3272/3340/3340
f 3292/3360/3360 3290/3358/3358 3291/3359/3359
f 3540/3608/3608 3544/3612/3612 3543/3611/3611
f 3285/3353/3353 3284/3352/3352 3226/3294/3294
f 3273/3341/3341 3284/3352/3352 2628/2696/2696
f 3285/3353/3353 3226/3294/3294 3890/3958/3958
f 3285/3353/3353 2623/2691/2691 2627/2695/2695
f 3298/3366/3366 3286/3354/3354 3299/3367/3367
f 3302/3370/3370 3304/3372/3372 3298/3366/3366
f 3288/3356/3356 3270/3338/3338 3282/3350/3350
f 3287/3355/3355 3283/3351/3351 3289/3357/3357
f 3292/3360/3360 3291/3359/3359 3288/3356/3356
f 3287/3355/3355 3288/3356/3356 3283/3351/3351
f 3306/3374/3374 3283/3351/3351 3291/3359/3359
f 3541/3609/3609 3540/3608/3608 3274/3342/3342
f 3582/3650/3650 3581/3649/3649 3584/3652/3652
f 3588/3656/3656 3553/3621/3621 3587/3655/3655
f 3292/3360/3360 3288/3356/3356 3272/3340/3340
f 3576/3644/3644 3306/3374/3374 3291/3359/3359
f 3295/3363/3363 3294/3362/3362 3272/3340/3340
f 3294/3362/3362 3296/3364/3364 3292/3360/3360
f 3293/3361/3361 3294/3362/3362 3295/3363/3363
f 3304/3372/3372 3310/3378/3378 3293/3361/3361
f 3295/3363/3363 3272/3340/3340 3286/3354/3354
f 3294/3362/3362 3293/3361/3361 3296/3364/3364
f 3286/3354/3354 3298/3366/3366 3295/3363/3363
f 2642/2710/2710 3302/3370/3370 3298/3366/3366
f 3321/3389/3389 3322/3390/3390 3310/3378/3378
f 3582/3650/3650 3584/3652/3652 3578/3646/3646
f 3578/3646/3646 3579/3647/3647 3577/3645/3645
f 3549/3617/3617 3274/3342/3342 3543/3611/3611
f 3286/3354/3354 3538/3606/3606 3299/3367/3367
f 3301/3369/3369 3302/3370/3370 3303/3371/3371
f 3299/3367/3367 2619/2687/2687 3300/3368/3368
f 2642/2710/2710 3298/3366/3366 3299/3367/3367
f 3259/3327/3327 3300/3368/3368 2619/2687/2687
f 2116/2184/2184 3300/3368/3368 2120/2188/2188
f 3301/3369/3369 3305/3373/3373 3309/3377/3377
f 3304/3372/3372 3295/3363/3363 3298/3366/3366
f 3303/3371/3371 3302/3370/3370 2642/2710/2710
f 3302/3370/3370 3301/3369/3369 3304/3372/3372
f 2643/2711/2711 3303/3371/3371 2642/2710/2710
f 3303/3371/3371 2640/2708/2708 3305/3373/3373
f 3314/3382/3382 3316/3384/3384 3309/3377/3377
f 3293/3361/3361 3295/3363/3363 3304/3372/3372
f 3308/3376/3376 3305/3373/3373 2640/2708/2708
f 3305/3373/3373 2441/2509/2509 3309/3377/3377
f 3547/3615/3615 3542/3610/3610 3545/3613/3613
f 3545/3613/3613 3544/3612/3612 3289/3357/3357
f 2438/2506/2506 3347/3415/3415 3317/3385/3385
f 3310/3378/3378 3307/3375/3375 3321/3389/3389
f 3308/3376/3376 2640/2708/2708 3311/3379/3379
f 2416/2484/2484 2443/2511/2511 3312/3380/3380
f 2441/2509/2509 3313/3381/3381 3309/3377/3377
f 3313/3381/3381 3314/3382/3382 3309/3377/3377
f 3316/3384/3384 3304/3372/3372 3301/3369/3369
f 3307/3375/3375 3317/3385/3385 3319/3387/3387
f 2641/2709/2709 3311/3379/3379 2640/2708/2708
f 2410/2478/2478 3311/3379/3379 2414/2482/2482
f 3305/3373/3373 3312/3380/3380 2441/2509/2509
f 2416/2484/2484 3312/3380/3380 3308/3376/3376
f 2442/2510/2510 3313/3381/3381 2441/2509/2509
f 3314/3382/3382 3313/3381/3381 2438/2506/2506
f 3347/3415/3415 2440/2508/2508 3345/3413/3413
f 3314/3382/3382 3307/3375/3375 3316/3384/3384
f 2648/2716/2716 3344/3412/3412 3348/3416/3416
f 3317/3385/3385 3812/3880/3880 3319/3387/3387
f 3310/3378/3378 3316/3384/3384 3307/3375/3375
f 3309/3377/3377 3316/3384/3384 3301/3369/3369
f 2438/2506/2506 3317/3385/3385 3314/3382/3382
f 3636/3704/3704 3315/3383/3383 3635/3703/3703
f 3848/3916/3916 3579/3647/3647 3758/3826/3826
f 3320/3388/3388 3321/3389/3389 3319/3387/3387
f 3812/3880/3880 3317/3385/3385 3315/3383/3383
f 3318/3386/3386 3716/3784/3784 3319/3387/3387
f 3709/3777/3777 3706/3774/3774 2877/2945/2945
f 3310/3378/3378 3322/3390/3390 3293/3361/3361
f 3319/3387/3387 3321/3389/3389 3307/3375/3375
f 3322/3390/3390 3321/3389/3389 3320/3388/3388
f 3723/3791/3791 3320/3388/3388 3717/3785/3785
f 3296/3364/3364 3293/3361/3361 3322/3390/3390
f 3262/3330/3330 3323/3391/3391 2622/2690/2690
f 2627/2695/2695 3323/3391/3391 2625/2693/2693
f 2373/2441/2441 3324/3392/3392 34/2032/2032
f 3325/3393/3393 3324/3392/3392 2368/2436/2436
f 3257/3325/3325 3326/3394/3394 2372/2440/2440
f 2372/2440/2440 3326/3394/3394 3325/3393/3393
f 3602/3670/3670 3253/3321/3321 3600/3668/3668
f 3257/3325/3325 3329/3397/3397 3326/3394/3394
f 3333/3401/3401 3335/3403/3403 3808/3876/3876
f 3337/3405/3405 3328/3396/3396 3335/3403/3403
f 3331/3399/3399 3335/3403/3403 3328/3396/3396
f 3341/3409/3409 2632/2700/2700 3340/3408/3408
f 3257/3325/3325 3602/3670/3670 3332/3400/3400
f 3331/3399/3399 3329/3397/3397 3327/3395/3395
f 3250/3318/3318 3601/3669/3669 3600/3668/3668
f 3334/3402/3402 3806/3874/3874 3332/3400/3400
f 3335/3403/3403 3331/3399/3399 3808/3876/3876
f 3326/3394/3394 3331/3399/3399 3328/3396/3396
f 3257/3325/3325 3332/3400/3400 3329/3397/3397
f 3334/3402/3402 3332/3400/3400 3330/3398/3398
f 3334/3402/3402 3804/3872/3872 3806/3874/3874
f 3482/3550/3550 3485/3553/3553 3483/3551/3551
f 3330/3398/3398 3603/3671/3671 3605/3673/3673
f 3804/3872/3872 3334/3402/3402 3771/3839/3839
f 3808/3876/3876 3331/3399/3399 3327/3395/3395
f 3335/3403/3403 3333/3401/3401 3336/3404/3404
f 3482/3550/3550 3850/3918/3918 3737/3805/3805
f 3338/3406/3406 31/2035/2035 32/2034/2034
f 3336/3404/3404 3338/3406/3406 3337/3405/3405
f 3338/3406/3406 32/2034/2034 3339/3407/3407
f 31/2035/2035 3338/3406/3406 3336/3404/3404
f 3339/3407/3407 32/2034/2034 33/2033/2033
f 3341/3409/3409 33/2033/2033 2632/2700/2700
f 3337/3405/3405 3338/3406/3406 3339/3407/3407
f 3326/3394/3394 3340/3408/3408 3325/3393/3393
f 3328/3396/3396 3337/3405/3405 3341/3409/3409
f 3328/3396/3396 3341/3409/3409 3340/3408/3408
f 3337/3405/3405 3339/3407/3407 3341/3409/3409
f 2435/2503/2503 3342/3410/3410 2433/2501/2501
f 2437/2505/2505 3342/3410/3410 2646/2714/2714
f 3344/3412/3412 3343/3411/3411 2436/2504/2504
f 3345/3413/3413 3343/3411/3411 2648/2716/2716
f 2435/2503/2503 3344/3412/3412 2436/2504/2504
f 3344/3412/3412 2433/2501/2501 3348/3416/3416
f 2648/2716/2716 3352/3420/3420 3635/3703/3703
f 3347/3415/3415 3345/3413/3413 3315/3383/3383
f 3351/3419/3419 3350/3418/3418 3637/3705/3705
f 3350/3418/3418 3351/3419/3419 3813/3881/3881
f 3317/3385/3385 3347/3415/3415 3315/3383/3383
f 2438/2506/2506 2440/2508/2508 3347/3415/3415
f 3349/3417/3417 3348/3416/3416 2471/2539/2539
f 3352/3420/3420 3346/3414/3414 3635/3703/3703
f 2491/2559/2559 3349/3417/3417 2471/2539/2539
f 3350/3418/3418 3349/3417/3417 2479/2547/2547
f 2479/2547/2547 2653/2721/2721 3637/3705/3705
f 3350/3418/3418 3346/3414/3414 3352/3420/3420
f 3351/3419/3419 3637/3705/3705 3726/3794/3794
f 3706/3774/3774 3636/3704/3704 3708/3776/3776
f 2648/2716/2716 3348/3416/3416 3352/3420/3420
f 3352/3420/3420 3348/3416/3416 3349/3417/3417
f 3354/3422/3422 3353/3421/3421 2060/2128/2128
f 3355/3423/3423 3353/3421/3421 2649/2717/2717
f 3815/3883/3883 3638/3706/3706 3814/3882/3882
f 2488/2556/2556 3357/3425/3425 3639/3707/3707
f 2651/2719/2719 3355/3423/3423 2649/2717/2717
f 2453/2521/2521 2457/2525/2525 3356/3424/3424
f 2054/2122/2122 3356/3424/3424 2457/2525/2525
f 2063/2131/2131 3355/3423/3423 3356/3424/3424
f 2651/2719/2719 3357/3425/3425 2485/2553/2553
f 3358/3426/3426 2649/2717/2717 3354/3422/3422
f 3359/3427/3427 3358/3426/3426 3354/3422/3422
f 3357/3425/3425 3358/3426/3426 3639/3707/3707
f 3814/3882/3882 3354/3422/3422 2060/2128/2128
f 2906/2974/2974 3472/3540/3540 3359/3427/3427
f 2458/2526/2526 3360/3428/3428 2459/2527/2527
f 3355/3423/3423 3360/3428/3428 2453/2521/2521
f 3360/3428/3428 3361/3429/3429 2459/2527/2527
f 2655/2723/2723 3361/3429/3429 2651/2719/2719
f 3363/3431/3431 3362/3430/3430 2478/2546/2546
f 2482/2550/2550 3362/3430/3430 2652/2720/2720
f 2487/2555/2555 3363/3431/3431 2478/2546/2546
f 2488/2556/2556 2652/2720/2720 3363/3431/3431
f 2650/2718/2718 3364/3432/3432 2129/2197/2197
f 3364/3432/3432 2459/2527/2527 3361/3429/3429
f 2470/2538/2538 3365/3433/3433 2468/2536/2536
f 2016/2084/2084 3365/3433/3433 2135/2203/2203
f 2668/2736/2736 3366/3434/3434 2515/2583/2583
f 2662/2730/2730 3366/3434/3434 2659/2727/2727
f 3400/3468/3468 3401/3469/3469 3652/3720/3720
f 2663/2731/2731 3367/3435/3435 3444/3512/3512
f 2668/2736/2736 3368/3436/3436 2667/2735/2735
f 98/1971/1971 3368/3436/3436 2669/2737/2737
f 2689/2757/2757 3369/3437/3437 2155/2223/2223
f 2160/2228/2228 3369/3437/3437 2674/2742/2742
f 3370/3438/3438 2494/2562/2562 2678/2746/2746
f 3371/3439/3439 3370/3438/3438 2680/2748/2748
f 3375/3443/3443 3374/3442/3442 2680/2748/2748
f 3372/3440/3440 3371/3439/3439 3379/3447/3447
f 3379/3447/3447 3374/3442/3442 3376/3444/3444
f 2145/2213/2213 3372/3440/3440 3378/3446/3446
f 3651/3719/3719 3648/3716/3716 3649/3717/3717
f 3385/3453/3453 3386/3454/3454 3387/3455/3455
f 2680/2748/2748 2682/2750/2750 3375/3443/3443
f 3374/3442/3442 3373/3441/3441 3376/3444/3444
f 3643/3711/3711 2683/2751/2751 2681/2749/2749
f 3374/3442/3442 3375/3443/3443 3641/3709/3709
f 3373/3441/3441 3641/3709/3709 3642/3710/3710
f 3378/3446/3446 3380/3448/3448 3382/3450/3450
f 2681/2749/2749 3449/3517/3517 3453/3521/3521
f 3642/3710/3710 3641/3709/3709 3377/3445/3445
f 3380/3448/3448 3372/3440/3440 3379/3447/3447
f 3380/3448/3448 3376/3444/3444 3383/3451/3451
f 3374/3442/3442 3379/3447/3447 3371/3439/3439
f 3380/3448/3448 3379/3447/3447 3376/3444/3444
f 3383/3451/3451 3382/3450/3450 3380/3448/3448
f 3372/3440/3440 3380/3448/3448 3378/3446/3446
f 3383/3451/3451 3385/3453/3453 3381/3449/3449
f 3381/3449/3449 3385/3453/3453 3387/3455/3455
f 3381/3449/3449 3389/3457/3457 3391/3459/3459
f 3378/3446/3446 3390/3458/3458 2661/2729/2729
f 3376/3444/3444 3647/3715/3715 3385/3453/3453
f 3381/3449/3449 3382/3450/3450 3383/3451/3451
f 3373/3441/3441 3647/3715/3715 3376/3444/3444
f 3386/3454/3454 3650/3718/3718 3440/3508/3508
f 3376/3444/3444 3385/3453/3453 3383/3451/3451
f 3386/3454/3454 3385/3453/3453 3384/3452/3452
f 3650/3718/3718 3386/3454/3454 3384/3452/3452
f 3388/3456/3456 3387/3455/3455 3386/3454/3454
f 3388/3456/3456 3386/3454/3454 2845/2913/2913
f 3389/3457/3457 3387/3455/3455 3388/3456/3456
f 2845/2913/2913 3441/3509/3509 3392/3460/3460
f 3389/3457/3457 3388/3456/3456 2738/2806/2806
f 2665/2733/2733 3396/3464/3464 3398/3466/3466
f 3381/3449/3449 3387/3455/3455 3389/3457/3457
f 3382/3450/3450 3381/3449/3449 3391/3459/3459
f 3396/3464/3464 3390/3458/3458 3398/3466/3466
f 2738/2806/2806 3399/3467/3467 3389/3457/3457
f 3391/3459/3459 3399/3467/3467 3398/3466/3466
f 2757/2825/2825 3393/3461/3461 3392/3460/3460
f 3388/3456/3456 3392/3460/3460 3395/3463/3463
f 2759/2827/2827 3393/3461/3461 2757/2825/2825
f 2740/2808/2808 2731/2799/2799 3394/3462/3462
f 2731/2799/2799 2738/2806/2806 3394/3462/3462
f 3395/3463/3463 2738/2806/2806 3388/3456/3456
f 3393/3461/3461 3394/3462/3462 3395/3463/3463
f 2738/2806/2806 3395/3463/3463 3394/3462/3462
f 3396/3464/3464 2665/2733/2733 3397/3465/3465
f 2661/2729/2729 3390/3458/3458 3396/3464/3464
f 3397/3465/3465 2665/2733/2733 3652/3720/3720
f 2658/2726/2726 2664/2732/2732 3397/3465/3465
f 3391/3459/3459 3389/3457/3457 3399/3467/3467
f 3400/3468/3468 3398/3466/3466 3399/3467/3467
f 2738/2806/2806 2733/2801/2801 3399/3467/3467
f 3400/3468/3468 3399/3467/3467 2733/2801/2801
f 3400/3468/3468 2733/2801/2801 3401/3469/3469
f 2665/2733/2733 3398/3466/3466 3400/3468/3468
f 2733/2801/2801 3653/3721/3721 3401/3469/3469
f 2729/2797/2797 3656/3724/3724 3409/3477/3477
f 2036/2104/2104 3654/3722/3722 3403/3471/3471
f 2681/2749/2749 2683/2751/2751 3402/3470/3470
f 3655/3723/3723 2038/2106/2106 2518/2586/2586
f 2523/2591/2591 2520/2588/2588 3448/3516/3516
f 2501/2569/2569 2687/2755/2755 3404/3472/3472
f 2686/2754/2754 3404/3472/3472 2687/2755/2755
f 2700/2768/2768 3405/3473/3473 2510/2578/2578
f 2707/2775/2775 3405/3473/3473 2702/2770/2770
f 3407/3475/3475 3406/3474/3474 2254/2322/2322
f 2273/2341/2341 3406/3474/3474 2704/2772/2772
f 2258/2326/2326 3407/3475/3475 2254/2322/2322
f 2706/2774/2774 3407/3475/3475 2237/2305/2305
f 2278/2346/2346 3408/3476/3476 2276/2344/2344
f 2718/2786/2786 3408/3476/3476 2280/2348/2348
f 3409/3477/3477 2721/2789/2789 3442/3510/3510
f 3653/3721/3721 3409/3477/3477 3401/3469/3469
f 3410/3478/3478 2747/2815/2815 2771/2839/2839
f 2770/2838/2838 2742/2810/2810 3410/3478/3478
f 2773/2841/2841 3411/3479/3479 2779/2847/2847
f 2769/2837/2837 2782/2850/2850 3411/3479/3479
f 3415/3483/3483 3412/3480/3480 2782/2850/2850
f 3417/3485/3485 3414/3482/3482 3419/3487/3487
f 3413/3481/3481 3415/3483/3483 3416/3484/3484
f 3658/3726/3726 3184/3252/3252 3523/3591/3591
f 3211/3279/3279 3209/3277/3277 3659/3727/3727
f 3421/3489/3489 2786/2854/2854 2794/2862/2862
f 3416/3484/3484 3415/3483/3483 2782/2850/2850
f 3417/3485/3485 3415/3483/3483 3413/3481/3481
f 3423/3491/3491 2782/2850/2850 2769/2837/2837
f 3418/3486/3486 3416/3484/3484 2814/2882/2882
f 3658/3726/3726 3417/3485/3485 3413/3481/3481
f 3417/3485/3485 3211/3279/3279 3659/3727/3727
f 3889/3957/3957 3418/3486/3486 2814/2882/2882
f 3424/3492/3492 3418/3486/3486 3145/3213/3213
f 3417/3485/3485 3419/3487/3487 3412/3480/3480
f 3420/3488/3488 3419/3487/3487 3414/3482/3482
f 3414/3482/3482 3659/3727/3727 3660/3728/3728
f 3661/3729/3729 3209/3277/3277 3820/3888/3888
f 3427/3495/3495 3425/3493/3493 3426/3494/3494
f 2795/2863/2863 2786/2854/2854 3421/3489/3489
f 3792/3860/3860 3797/3865/3865 3873/3941/3941
f 3428/3496/3496 3421/3489/3489 3426/3494/3494
f 2816/2884/2884 3423/3491/3491 2769/2837/2837
f 2814/2882/2882 3416/3484/3484 3423/3491/3491
f 3142/3210/3210 3424/3492/3492 3145/3213/3213
f 3424/3492/3492 3184/3252/3252 3658/3726/3726
f 3829/3897/3897 3834/3902/3902 3835/3903/3903
f 3842/3910/3910 3829/3897/3897 3678/3746/3746
f 3427/3495/3495 3426/3494/3494 3420/3488/3488
f 3428/3496/3496 3426/3494/3494 3425/3493/3493
f 3414/3482/3482 3427/3495/3495 3420/3488/3488
f 3427/3495/3495 3422/3490/3490 3662/3730/3730
f 3428/3496/3496 3425/3493/3493 3430/3498/3498
f 3430/3498/3498 3432/3500/3500 3428/3496/3496
f 3662/3730/3730 3425/3493/3493 3427/3495/3495
f 3431/3499/3499 3821/3889/3889 3430/3498/3498
f 3430/3498/3498 3425/3493/3493 3662/3730/3730
f 3430/3498/3498 3429/3497/3497 3432/3500/3500
f 3422/3490/3490 3660/3728/3728 3661/3729/3729
f 3546/3614/3614 3551/3619/3619 3552/3620/3620
f 3429/3497/3497 3823/3891/3891 3826/3894/3894
f 2248/2316/2316 3838/3906/3906 3837/3905/3905
f 2802/2870/2870 3433/3501/3501 2800/2868/2868
f 2810/2878/2878 3433/3501/3501 2788/2856/2856
f 3434/3502/3502 2781/2849/2849 2802/2870/2870
f 2804/2872/2872 2812/2880/2880 3434/3502/3502
f 2817/2885/2885 3435/3503/3503 2809/2877/2877
f 3092/3160/3160 3435/3503/3503 2819/2887/2887
f 3441/3509/3509 3436/3504/3504 2757/2825/2825
f 2761/2829/2829 3436/3504/3504 2823/2891/2891
f 2817/2885/2885 3437/3505/3505 2819/2887/2887
f 2828/2896/2896 3437/3505/3505 2815/2883/2883
f 2832/2900/2900 3438/3506/3506 2831/2899/2899
f 2838/2906/2906 3438/3506/3506 2824/2892/2892
f 2843/2911/2911 3439/3507/3507 2827/2895/2895
f 3439/3507/3507 2844/2912/2912 3844/3912/3912
f 2841/2909/2909 2845/2913/2913 3440/3508/3508
f 3386/3454/3454 3440/3508/3508 2845/2913/2913
f 3392/3460/3460 3441/3509/3509 2757/2825/2825
f 2841/2909/2909 3441/3509/3509 2845/2913/2913
f 2847/2915/2915 3442/3510/3510 2162/2230/2230
f 3442/3510/3510 2848/2916/2916 3443/3511/3511
f 3444/3512/3512 3443/3511/3511 2848/2916/2916
f 3401/3469/3469 3409/3477/3477 3443/3511/3511
f 3444/3512/3512 2848/2916/2916 3445/3513/3513
f 3401/3469/3469 3444/3512/3512 3367/3435/3435
f 3446/3514/3514 3445/3513/3513 2848/2916/2916
f 3447/3515/3515 3445/3513/3513 3446/3514/3514
f 2847/2915/2915 3446/3514/3514 2848/2916/2916
f 3446/3514/3514 2160/2228/2228 2674/2742/2742
f 2515/2583/2583 3447/3515/3515 2672/2740/2740
f 2663/2731/2731 3445/3513/3513 3447/3515/3515
f 3448/3516/3516 2851/2919/2919 3449/3517/3517
f 3655/3723/3723 3450/3518/3518 3403/3471/3471
f 2854/2922/2922 3452/3520/3520 2851/2919/2919
f 3449/3517/3517 2851/2919/2919 3452/3520/3520
f 2523/2591/2591 3448/3516/3516 3450/3518/3518
f 3449/3517/3517 3450/3518/3518 3448/3516/3516
f 3402/3470/3470 3451/3519/3519 2681/2749/2749
f 3403/3471/3471 3450/3518/3518 3451/3519/3519
f 3452/3520/3520 2854/2922/2922 3456/3524/3524
f 3453/3521/3521 3377/3445/3445 3643/3711/3711
f 3449/3517/3517 3452/3520/3520 3453/3521/3521
f 3456/3524/3524 3458/3526/3526 3452/3520/3520
f 2854/2922/2922 3457/3525/3525 3456/3524/3524
f 2842/2910/2910 3679/3747/3747 2844/2912/2912
f 3377/3445/3445 3453/3521/3521 3455/3523/3523
f 3453/3521/3521 3452/3520/3520 3458/3526/3526
f 2854/2922/2922 3459/3527/3527 3457/3525/3525
f 3456/3524/3524 3454/3522/3522 3458/3526/3526
f 3680/3748/3748 2858/2926/2926 2527/2595/2595
f 3679/3747/3747 3685/3753/3753 2844/2912/2912
f 3679/3747/3747 3458/3526/3526 3454/3522/3522
f 3455/3523/3523 3453/3521/3521 3458/3526/3526
f 2861/2929/2929 3459/3527/3527 2169/2237/2237
f 3457/3525/3525 3459/3527/3527 2858/2926/2926
f 3504/3572/3572 3845/3913/3913 3692/3760/3760
f 3680/3748/3748 3683/3751/3751 3457/3525/3525
f 3688/3756/3756 2865/2933/2933 2862/2930/2930
f 2535/2603/2603 3462/3530/3530 2233/2301/2301
f 2256/2324/2324 3469/3537/3537 3463/3531/3531
f 3464/3532/3532 3463/3531/3531 2896/2964/2964
f 2869/2937/2937 3462/3530/3530 3463/3531/3531
f 2550/2618/2618 3464/3532/3532 2896/2964/2964
f 3464/3532/3532 2876/2944/2944 3467/3535/3535
f 3466/3534/3534 1961/1986/1986 2529/2597/2597
f 2872/2940/2940 3465/3533/3533 2870/2938/2938
f 2870/2938/2938 3466/3534/3534 2867/2935/2935
f 1961/1986/1986 3466/3534/3534 3465/3533/3533
f 3467/3535/3535 2869/2937/2937 3463/3531/3531
f 2875/2943/2943 3467/3535/3535 2876/2944/2944
f 3478/3546/3546 3846/3914/3914 2486/2554/2554
f 3468/3536/3536 2877/2945/2945 3705/3773/3773
f 2887/2955/2955 3469/3537/3537 2249/2317/2317
f 3463/3531/3531 3469/3537/3537 2896/2964/2964
f 3472/3540/3540 3470/3538/3538 2652/2720/2720
f 2899/2967/2967 3473/3541/3541 2901/2969/2969
f 2897/2965/2965 2903/2971/2971 3471/3539/3539
f 3471/3539/3539 2903/2971/2971 3478/3546/3546
f 3472/3540/3540 2652/2720/2720 2488/2556/2556
f 2906/2974/2974 2904/2972/2972 3474/3542/3542
f 2897/2965/2965 3470/3538/3538 3473/3541/3541
f 3474/3542/3542 3470/3538/3538 3472/3540/3540
f 2901/2969/2969 3473/3541/3541 3474/3542/3542
f 3474/3542/3542 3473/3541/3541 3470/3538/3538
f 3885/3953/3953 3475/3543/3543 2289/2357/2357
f 2873/2941/2941 2876/2944/2944 3475/3543/3543
f 2550/2618/2618 2898/2966/2966 3476/3544/3544
f 3475/3543/3543 3476/3544/3544 2898/2966/2966
f 3477/3545/3545 3728/3796/3796 3729/3797/3797
f 3814/3882/3882 3638/3706/3706 3816/3884/3884
f 2489/2557/2557 3478/3546/3546 2486/2554/2554
f 3471/3539/3539 3478/3546/3546 2482/2550/2550
f 2569/2637/2637 27/2039/2039 3733/3801/3801
f 3738/3806/3806 3479/3547/3547 2909/2977/2977
f 3481/3549/3549 3480/3548/3548 29/2037/2037
f 3479/3547/3547 3480/3548/3548 2909/2977/2977
f 3735/3803/3803 3734/3802/3802 30/2036/2036
f 3850/3918/3918 3736/3804/3804 3737/3805/3805
f 3734/3802/3802 3483/3551/3551 3481/3549/3549
f 3482/3550/3550 3737/3805/3805 3809/3877/3877
f 3481/3549/3549 30/2036/2036 3734/3802/3802
f 3809/3877/3877 3811/3879/3879 3482/3550/3550
f 3333/3401/3401 3736/3804/3804 3336/3404/3404
f 3483/3551/3551 3484/3552/3552 3850/3918/3918
f 3485/3553/3553 2584/2652/2652 2588/2656/2656
f 3483/3551/3551 3485/3553/3553 3738/3806/3806
f 3487/3555/3555 2918/2986/2986 2922/2990/2990
f 2595/2663/2663 3486/3554/3554 2924/2992/2992
f 2924/2992/2992 3486/3554/3554 3487/3555/3555
f 2918/2986/2986 3487/3555/3555 3486/3554/3554
f 2922/2990/2990 3488/3556/3556 2921/2989/2989
f 2926/2994/2994 3488/3556/3556 2923/2991/2991
f 2949/3017/3017 3489/3557/3557 2964/3032/3032
f 2958/3026/3026 2965/3033/3033 3489/3557/3557
f 2590/2658/2658 3490/3558/3558 1984/2019/2019
f 3491/3559/3559 3490/3558/3558 2973/3041/3041
f 2973/3041/3041 3012/3080/3080 3491/3559/3559
f 3491/3559/3559 3012/3080/3080 3498/3566/3566
f 3493/3561/3561 3492/3560/3560 2595/2663/2663
f 3494/3562/3562 3492/3560/3560 2975/3043/3043
f 2924/2992/2992 3493/3561/3561 2595/2663/2663
f 2975/3043/3043 3493/3561/3561 3151/3219/3219
f 3494/3562/3562 2975/3043/3043 3888/3956/3956
f 2598/2666/2666 3494/3562/3562 2601/2669/2669
f 2978/3046/3046 3495/3563/3563 1943/1943/1943
f 3027/3095/3095 3495/3563/3563 2977/3045/3045
f 3001/3069/3069 3496/3564/3564 2985/3053/3053
f 2601/2669/2669 2990/3058/3058 3496/3564/3564
f 2339/2407/2407 3006/3074/3074 3497/3565/3565
f 3001/3069/3069 3497/3565/3565 3006/3074/3074
f 3498/3566/3566 1986/2021/2021 1985/2020/2020
f 3017/3085/3085 3498/3566/3566 3012/3080/3080
f 2998/3066/3066 3499/3567/3567 2993/3061/3061
f 3065/3133/3133 3499/3567/3567 2997/3065/3065
f 3010/3078/3078 3500/3568/3568 2606/2674/2674
f 3004/3072/3072 3016/3084/3084 3500/3568/3568
f 1944/1944/1944 3027/3095/3095 3501/3569/3569
f 3033/3101/3101 3501/3569/3569 3027/3095/3095
f 3502/3570/3570 3691/3759/3759 3689/3757/3757
f 3687/3755/3755 3502/3570/3570 3460/3528/3528
f 3032/3100/3100 2976/3044/3044 3503/3571/3571
f 3036/3104/3104 3503/3571/3571 2976/3044/3044
f 2840/2908/2908 3698/3766/3766 3699/3767/3767
f 3692/3760/3760 3694/3762/3762 3695/3763/3763
f 3037/3105/3105 3035/3103/3103 3505/3573/3573
f 3039/3107/3107 3505/3573/3573 3035/3103/3103
f 3047/3115/3115 3058/3126/3126 3506/3574/3574
f 3510/3578/3578 3506/3574/3574 3058/3126/3126
f 3701/3769/3769 2840/2908/2908 3699/3767/3767
f 3504/3572/3572 3692/3760/3760 3697/3765/3765
f 3049/3117/3117 3508/3576/3576 3038/3106/3106
f 3053/3121/3121 3740/3808/3808 3509/3577/3577
f 3697/3765/3765 3507/3575/3575 3504/3572/3572
f 3041/3109/3109 3508/3576/3576 3509/3577/3577
f 2833/2901/2901 3510/3578/3578 2826/2894/2894
f 3058/3126/3126 2830/2898/2898 3510/3578/3578
f 3058/3126/3126 3511/3579/3579 2830/2898/2898
f 3092/3160/3160 3511/3579/3579 3075/3143/3143
f 3054/3122/3122 3075/3143/3143 3512/3580/3580
f 3511/3579/3579 3512/3580/3580 3075/3143/3143
f 3092/3160/3160 3513/3581/3581 2801/2869/2869
f 2806/2874/2874 3513/3581/3581 3084/3152/3152
f 3083/3151/3151 3514/3582/3582 2806/2874/2874
f 3516/3584/3584 3514/3582/3582 3085/3153/3153
f 3106/3174/3174 3515/3583/3583 3081/3149/3149
f 3082/3150/3150 3515/3583/3583 3090/3158/3158
f 3514/3582/3582 3516/3584/3584 2811/2879/2879
f 3110/3178/3178 3516/3584/3584 3085/3153/3153
f 3518/3586/3586 3517/3585/3585 3097/3165/3165
f 3066/3134/3134 3517/3585/3585 3076/3144/3144
f 3099/3167/3167 3518/3586/3586 3097/3165/3165
f 3518/3586/3586 3068/3136/3136 3071/3139/3139
f 3138/3206/3206 3166/3234/3234 3519/3587/3587
f 3192/3260/3260 3519/3587/3587 3166/3234/3234
f 3744/3812/3812 3522/3590/3590 3194/3262/3262
f 3196/3264/3264 3200/3268/3268 3520/3588/3588
f 3206/3274/3274 3214/3282/3282 3741/3809/3809
f 3617/3685/3685 3611/3679/3679 3614/3682/3682
f 3194/3262/3262 3522/3590/3590 3520/3588/3588
f 3204/3272/3272 3522/3590/3590 3521/3589/3589
f 3184/3252/3252 3180/3248/3248 3523/3591/3591
f 3210/3278/3278 3523/3591/3591 3180/3248/3248
f 3214/3282/3282 3524/3592/3592 3156/3224/3224
f 3213/3281/3281 3166/3234/3234 3524/3592/3592
f 3604/3672/3672 3609/3677/3677 3608/3676/3676
f 3618/3686/3686 3604/3672/3672 3607/3675/3675
f 3230/3298/3298 3526/3594/3594 3233/3301/3301
f 3527/3595/3595 3526/3594/3594 3220/3288/3288
f 3751/3819/3819 3226/3294/3294 3275/3343/3343
f 3527/3595/3595 3751/3819/3819 3528/3596/3596
f 3281/3349/3349 3280/3348/3348 3752/3820/3820
f 3528/3596/3596 3529/3597/3597 3530/3598/3598
f 3563/3631/3631 3279/3347/3347 3280/3348/3348
f 3532/3600/3600 3234/3302/3302 3530/3598/3598
f 3530/3598/3598 3529/3597/3597 3531/3599/3599
f 3234/3302/3302 3236/3304/3304 3530/3598/3598
f 3279/3347/3347 3565/3633/3633 3567/3635/3635
f 3567/3635/3635 3571/3639/3639 3574/3642/3642
f 3530/3598/3598 3531/3599/3599 3532/3600/3600
f 3241/3309/3309 3532/3600/3600 3531/3599/3599
f 3235/3303/3303 3533/3601/3601 3231/3299/3299
f 3237/3305/3305 3239/3307/3307 3533/3601/3601
f 3534/3602/3602 2382/2450/2450 3535/3603/3603
f 3536/3604/3604 3534/3602/3602 2380/2448/2448
f 3535/3603/3603 2382/2450/2450 3244/3312/3312
f 2381/2449/2449 3535/3603/3603 2377/2445/2445
f 3537/3605/3605 3536/3604/3604 2389/2457/2457
f 3536/3604/3604 3239/3307/3307 3534/3602/3602
f 3229/3297/3297 3537/3605/3605 2389/2457/2457
f 3533/3601/3601 3537/3605/3605 3231/3299/3299
f 3299/3367/3367 3538/3606/3606 2619/2687/2687
f 3282/3350/3350 3538/3606/3606 3286/3354/3354
f 3268/3336/3336 3261/3329/3329 3539/3607/3607
f 3287/3355/3355 3539/3607/3607 3261/3329/3329
f 3268/3336/3336 3289/3357/3357 3540/3608/3608
f 3545/3613/3613 3542/3610/3610 3544/3612/3612
f 3276/3344/3344 3541/3609/3609 3274/3342/3342
f 3268/3336/3336 3541/3609/3609 3267/3335/3335
f 3550/3618/3618 3551/3619/3619 3546/3614/3614
f 3549/3617/3617 3543/3611/3611 3550/3618/3618
f 3544/3612/3612 3540/3608/3608 3289/3357/3357
f 3543/3611/3611 3542/3610/3610 3550/3618/3618
f 3289/3357/3357 3283/3351/3351 3545/3613/3613
f 3542/3610/3610 3543/3611/3611 3544/3612/3612
f 3283/3351/3351 3306/3374/3374 3545/3613/3613
f 3545/3613/3613 3306/3374/3374 3547/3615/3615
f 3547/3615/3615 3548/3616/3616 3551/3619/3619
f 3561/3629/3629 3562/3630/3630 3277/3345/3345
f 3306/3374/3374 3297/3365/3365 3547/3615/3615
f 3547/3615/3615 3297/3365/3365 3754/3822/3822
f 3556/3624/3624 3587/3655/3655 3555/3623/3623
f 3554/3622/3622 3558/3626/3626 3557/3625/3625
f 3546/3614/3614 3560/3628/3628 3561/3629/3629
f 3753/3821/3821 3277/3345/3345 3278/3346/3346
f 3551/3619/3619 3550/3618/3618 3542/3610/3610
f 3549/3617/3617 3550/3618/3618 3546/3614/3614
f 3547/3615/3615 3551/3619/3619 3542/3610/3610
f 3551/3619/3619 3548/3616/3616 3552/3620/3620
f 3552/3620/3620 3548/3616/3616 3555/3623/3623
f 3789/3857/3857 3790/3858/3858 3788/3856/3856
f 3548/3616/3616 3556/3624/3624 3555/3623/3623
f 3431/3499/3499 3669/3737/3737 3670/3738/3738
f 3546/3614/3614 3552/3620/3620 3558/3626/3626
f 3552/3620/3620 3555/3623/3623 3557/3625/3625
f 3556/3624/3624 3548/3616/3616 3754/3822/3822
f 3555/3623/3623 3553/3621/3621 3557/3625/3625
f 3578/3646/3646 3297/3365/3365 3576/3644/3644
f 3556/3624/3624 3584/3652/3652 3585/3653/3653
f 3792/3860/3860 3795/3863/3863 3797/3865/3865
f 3669/3737/3737 3665/3733/3733 3671/3739/3739
f 3557/3625/3625 3558/3626/3626 3552/3620/3620
f 3853/3921/3921 3755/3823/3823 3852/3920/3920
f 3776/3844/3844 3778/3846/3846 3780/3848/3848
f 3567/3635/3635 3529/3597/3597 3752/3820/3820
f 3853/3921/3921 3558/3626/3626 3554/3622/3622
f 3560/3628/3628 3559/3627/3627 3561/3629/3629
f 3562/3630/3630 3561/3629/3629 3559/3627/3627
f 3549/3617/3617 3561/3629/3629 3277/3345/3345
f 3773/3841/3841 3521/3589/3589 3622/3690/3690
f 3563/3631/3631 3565/3633/3633 3279/3347/3347
f 3277/3345/3345 3562/3630/3630 3563/3631/3631
f 3566/3634/3634 3565/3633/3633 3563/3631/3631
f 3564/3632/3632 3565/3633/3633 3566/3634/3634
f 3617/3685/3685 3620/3688/3688 3611/3679/3679
f 3566/3634/3634 3563/3631/3631 3562/3630/3630
f 3565/3633/3633 3564/3632/3632 3567/3635/3635
f 3559/3627/3627 3572/3640/3640 3562/3630/3630
f 3785/3853/3853 3570/3638/3638 3572/3640/3640
f 3571/3639/3639 3567/3635/3635 3564/3632/3632
f 3531/3599/3599 3529/3597/3597 3567/3635/3635
f 3564/3632/3632 3566/3634/3634 3570/3638/3638
f 3566/3634/3634 3572/3640/3640 3570/3638/3638
f 3774/3842/3842 3773/3841/3841 3619/3687/3687
f 3756/3824/3824 3238/3306/3306 3241/3309/3309
f 3566/3634/3634 3562/3630/3630 3572/3640/3640
f 3573/3641/3641 3571/3639/3639 3564/3632/3632
f 3573/3641/3641 3564/3632/3632 3570/3638/3638
f 3574/3642/3642 3571/3639/3639 3569/3637/3637
f 3559/3627/3627 3560/3628/3628 3853/3921/3921
f 3559/3627/3627 3852/3920/3920 3572/3640/3640
f 3624/3692/3692 3629/3697/3697 3803/3871/3871
f 3569/3637/3637 3571/3639/3639 3573/3641/3641
f 3627/3695/3695 3574/3642/3642 3569/3637/3637
f 3567/3635/3635 3574/3642/3642 3531/3599/3599
f 3622/3690/3690 3620/3688/3688 3619/3687/3687
f 3575/3643/3643 3626/3694/3694 3633/3701/3701
f 3579/3647/3647 3578/3646/3646 3576/3644/3644
f 3297/3365/3365 3306/3374/3374 3576/3644/3644
f 3723/3791/3791 3322/3390/3390 3320/3388/3388
f 3581/3649/3649 3582/3650/3650 3583/3651/3651
f 3579/3647/3647 3576/3644/3644 3290/3358/3358
f 3578/3646/3646 3577/3645/3645 3582/3650/3650
f 3296/3364/3364 3758/3826/3826 3290/3358/3358
f 3848/3916/3916 3758/3826/3826 3580/3648/3648
f 3706/3774/3774 3709/3777/3777 3711/3779/3779
f 3706/3774/3774 3711/3779/3779 3318/3386/3386
f 3718/3786/3786 3719/3787/3787 3848/3916/3916
f 3581/3649/3649 3589/3657/3657 3585/3653/3653
f 3583/3651/3651 3582/3650/3650 3577/3645/3645
f 3581/3649/3649 3585/3653/3653 3584/3652/3652
f 3707/3775/3775 3710/3778/3778 3593/3661/3661
f 3590/3658/3658 3594/3662/3662 3586/3654/3654
f 3754/3822/3822 3584/3652/3652 3556/3624/3624
f 3578/3646/3646 3584/3652/3652 3297/3365/3365
f 3590/3658/3658 3589/3657/3657 3581/3649/3649
f 3555/3623/3623 3587/3655/3655 3553/3621/3621
f 3598/3666/3666 3857/3925/3925 3594/3662/3662
f 3588/3656/3656 3587/3655/3655 3585/3653/3653
f 3556/3624/3624 3585/3653/3653 3587/3655/3655
f 3585/3653/3653 3589/3657/3657 3588/3656/3656
f 3856/3924/3924 3857/3925/3925 3868/3936/3936
f 3431/3499/3499 3663/3731/3731 3669/3737/3737
f 3590/3658/3658 3581/3649/3649 3583/3651/3651
f 3588/3656/3656 3589/3657/3657 3586/3654/3654
f 3590/3658/3658 3583/3651/3651 3592/3660/3660
f 3586/3654/3654 3589/3657/3657 3590/3658/3658
f 3592/3660/3660 3720/3788/3788 3591/3659/3659
f 3854/3922/3922 3763/3831/3831 3759/3827/3827
f 3583/3651/3651 3719/3787/3787 3720/3788/3788
f 3592/3660/3660 3591/3659/3659 3594/3662/3662
f 3719/3787/3787 3718/3786/3786 3593/3661/3661
f 3722/3790/3790 3721/3789/3789 3593/3661/3661
f 3591/3659/3659 3596/3664/3664 3594/3662/3662
f 3596/3664/3664 3598/3666/3666 3594/3662/3662
f 3596/3664/3664 3597/3665/3665 3595/3663/3663
f 3598/3666/3666 3595/3663/3663 3855/3923/3923
f 3597/3665/3665 3596/3664/3664 3591/3659/3659
f 3598/3666/3666 3596/3664/3664 3595/3663/3663
f 3721/3789/3789 3591/3659/3659 3720/3788/3788
f 3597/3665/3665 3760/3828/3828 3759/3827/3827
f 3763/3831/3831 3764/3832/3832 3855/3923/3923
f 3677/3745/3745 3825/3893/3893 3830/3898/3898
f 2418/2486/2486 3599/3667/3667 2410/2478/2478
f 3308/3376/3376 3599/3667/3667 2416/2484/2484
f 3601/3669/3669 3250/3318/3318 3766/3834/3834
f 3602/3670/3670 3600/3668/3668 3330/3398/3398
f 3606/3674/3674 3607/3675/3675 3604/3672/3672
f 3330/3398/3398 3600/3668/3668 3603/3671/3671
f 3332/3400/3400 3602/3670/3670 3330/3398/3398
f 3253/3321/3321 3602/3670/3670 3257/3325/3325
f 3606/3674/3674 3603/3671/3671 3601/3669/3669
f 3610/3678/3678 3771/3839/3839 3605/3673/3673
f 3601/3669/3669 3607/3675/3675 3606/3674/3674
f 2951/3019/3019 3609/3677/3677 3769/3837/3837
f 3608/3676/3676 3603/3671/3671 3606/3674/3674
f 3608/3676/3676 3605/3673/3673 3603/3671/3671
f 3607/3675/3675 3601/3669/3669 3254/3322/3322
f 3606/3674/3674 3604/3672/3672 3608/3676/3676
f 3614/3682/3682 3607/3675/3675 3254/3322/3322
f 3614/3682/3682 3618/3686/3686 3607/3675/3675
f 3604/3672/3672 3769/3837/3837 3609/3677/3677
f 3610/3678/3678 3605/3673/3673 3608/3676/3676
f 3613/3681/3681 2951/3019/3019 2953/3021/3021
f 3772/3840/3840 3612/3680/3680 3625/3693/3693
f 3612/3680/3680 3610/3678/3678 3609/3677/3677
f 3771/3839/3839 2944/3012/3012 3804/3872/3872
f 3768/3836/3836 3617/3685/3685 3254/3322/3322
f 3622/3690/3690 3746/3814/3814 3620/3688/3688
f 3613/3681/3681 3609/3677/3677 2951/3019/3019
f 2943/3011/3011 2945/3013/3013 3632/3700/3700
f 3613/3681/3681 2953/3021/3021 2950/3018/3018
f 3609/3677/3677 3613/3681/3681 3612/3680/3680
f 3767/3835/3835 3768/3836/3836 3254/3322/3322
f 3618/3686/3686 3614/3682/3682 3748/3816/3816
f 3623/3691/3691 3615/3683/3683 3626/3694/3694
f 3615/3683/3683 3623/3691/3691 3621/3689/3689
f 3746/3814/3814 3611/3679/3679 3620/3688/3688
f 3616/3684/3684 3742/3810/3810 3770/3838/3838
f 3254/3322/3322 3617/3685/3685 3614/3682/3682
f 3621/3689/3689 3620/3688/3688 3617/3685/3685
f 3748/3816/3816 3614/3682/3682 3611/3679/3679
f 3618/3686/3686 3616/3684/3684 3861/3929/3929
f 3621/3689/3689 3619/3687/3687 3620/3688/3688
f 3619/3687/3687 3621/3689/3689 3631/3699/3699
f 3621/3689/3689 3617/3685/3685 3615/3683/3683
f 3619/3687/3687 3773/3841/3841 3622/3690/3690
f 3626/3694/3694 3615/3683/3683 3768/3836/3836
f 3621/3689/3689 3623/3691/3691 3631/3699/3699
f 3744/3812/3812 3521/3589/3589 3522/3590/3590
f 3206/3274/3274 3741/3809/3809 3743/3811/3811
f 3575/3643/3643 3627/3695/3695 3623/3691/3691
f 3628/3696/3696 3623/3691/3691 3627/3695/3695
f 3628/3696/3696 3569/3637/3637 3629/3697/3697
f 3624/3692/3692 3628/3696/3696 3629/3697/3697
f 2938/3006/3006 2944/3012/3012 3625/3693/3693
f 2944/3012/3012 3771/3839/3839 3772/3840/3840
f 3633/3701/3701 3626/3694/3694 3247/3315/3315
f 3575/3643/3643 3623/3691/3691 3626/3694/3694
f 3627/3695/3695 3575/3643/3643 3757/3825/3825
f 3628/3696/3696 3627/3695/3695 3569/3637/3637
f 3629/3697/3697 3569/3637/3637 3573/3641/3641
f 3628/3696/3696 3624/3692/3692 3631/3699/3699
f 3568/3636/3636 3803/3871/3871 3573/3641/3641
f 3629/3697/3697 3573/3641/3641 3803/3871/3871
f 3852/3920/3920 3781/3849/3849 3572/3640/3640
f 3521/3589/3589 3773/3841/3841 3775/3843/3843
f 3628/3696/3696 3631/3699/3699 3623/3691/3691
f 3619/3687/3687 3631/3699/3699 3624/3692/3692
f 2938/3006/3006 3632/3700/3700 2941/3009/3009
f 2943/3011/3011 3632/3700/3700 3625/3693/3693
f 3249/3317/3317 3633/3701/3701 3247/3315/3315
f 3633/3701/3701 3238/3306/3306 3756/3824/3824
f 3805/3873/3873 3634/3702/3702 3804/3872/3872
f 3809/3877/3877 3737/3805/3805 3807/3875/3875
f 3635/3703/3703 3345/3413/3413 2648/2716/2716
f 3636/3704/3704 3635/3703/3703 3346/3414/3414
f 3346/3414/3414 3813/3881/3881 3636/3704/3704
f 3351/3419/3419 3726/3794/3794 3705/3773/3773
f 2479/2547/2547 3637/3705/3705 3350/3418/3418
f 3726/3794/3794 3637/3705/3705 2490/2558/2558
f 3727/3795/3795 3818/3886/3886 2292/2360/2360
f 3477/3545/3545 3729/3797/3797 3730/3798/3798
f 3358/3426/3426 3359/3427/3427 3639/3707/3707
f 3472/3540/3540 3639/3707/3707 3359/3427/3427
f 2662/2730/2730 3640/3708/3708 2663/2731/2731
f 3397/3465/3465 3640/3708/3708 2658/2726/2726
f 3643/3711/3711 3641/3709/3709 3375/3443/3443
f 3642/3710/3710 3377/3445/3445 3455/3523/3523
f 3649/3717/3717 3455/3523/3523 2842/2910/2910
f 3373/3441/3441 3648/3716/3716 3647/3715/3715
f 3453/3521/3521 3643/3711/3711 2681/2749/2749
f 3643/3711/3711 3377/3445/3445 3641/3709/3709
f 3645/3713/3713 3644/3712/3712 2661/2729/2729
f 2145/2213/2213 3378/3446/3446 3644/3712/3712
f 2664/2732/2732 3645/3713/3713 2661/2729/2729
f 3645/3713/3713 2140/2208/2208 3646/3714/3714
f 2140/2208/2208 2017/2085/2085 3646/3714/3714
f 3879/3947/3947 2017/2085/2085 2144/2212/2212
f 3648/3716/3716 3373/3441/3441 3642/3710/3710
f 3385/3453/3453 3647/3715/3715 3384/3452/3452
f 3455/3523/3523 3649/3717/3717 3642/3710/3710
f 3384/3452/3452 3647/3715/3715 3648/3716/3716
f 3819/3887/3887 2842/2910/2910 2843/2911/2911
f 2837/2905/2905 3650/3718/3718 3651/3719/3719
f 3384/3452/3452 3648/3716/3716 3651/3719/3719
f 3440/3508/3508 3650/3718/3718 2837/2905/2905
f 3651/3719/3719 3649/3717/3717 3819/3887/3887
f 3384/3452/3452 3651/3719/3719 3650/3718/3718
f 3400/3468/3468 3652/3720/3720 2665/2733/2733
f 3401/3469/3469 3367/3435/3435 3652/3720/3720
f 2735/2803/2803 3653/3721/3721 2733/2801/2801
f 3409/3477/3477 3653/3721/3721 2729/2797/2797
f 2037/2105/2105 3654/3722/3722 2036/2104/2104
f 3655/3723/3723 3654/3722/3722 2038/2106/2106
f 3450/3518/3518 3655/3723/3723 2523/2591/2591
f 3655/3723/3723 3403/3471/3471 3654/3722/3722
f 3656/3724/3724 2729/2797/2797 2730/2798/2798
f 3657/3725/3725 3656/3724/3724 2724/2792/2792
f 2727/2795/2795 3657/3725/3725 2724/2792/2792
f 2721/2789/2789 3409/3477/3477 3657/3725/3725
f 3417/3485/3485 3658/3726/3726 3211/3279/3279
f 3424/3492/3492 3658/3726/3726 3413/3481/3481
f 3660/3728/3728 3659/3727/3727 3209/3277/3277
f 3417/3485/3485 3659/3727/3727 3414/3482/3482
f 3661/3729/3729 3660/3728/3728 3209/3277/3277
f 3660/3728/3728 3422/3490/3490 3427/3495/3495
f 3675/3743/3743 3666/3734/3734 3668/3736/3736
f 3422/3490/3490 3661/3729/3729 3663/3731/3731
f 3663/3731/3731 3662/3730/3730 3422/3490/3490
f 3430/3498/3498 3662/3730/3730 3431/3499/3499
f 3661/3729/3729 3666/3734/3734 3665/3733/3733
f 3663/3731/3731 3661/3729/3729 3665/3733/3733
f 3793/3861/3861 3664/3732/3732 3841/3909/3909
f 3799/3867/3867 3859/3927/3927 3802/3870/3870
f 3661/3729/3729 3820/3888/3888 3666/3734/3734
f 3665/3733/3733 3664/3732/3732 3671/3739/3739
f 3673/3741/3741 3205/3273/3273 3207/3275/3275
f 3665/3733/3733 3666/3734/3734 3840/3908/3908
f 3872/3940/3940 3671/3739/3739 3672/3740/3740
f 3588/3656/3656 3586/3654/3654 3856/3924/3924
f 3674/3742/3742 3668/3736/3736 3673/3741/3741
f 3668/3736/3736 3674/3742/3742 3675/3743/3743
f 3665/3733/3733 3669/3737/3737 3663/3731/3731
f 3670/3738/3738 3669/3737/3737 3667/3735/3735
f 3863/3931/3931 3873/3941/3941 3802/3870/3870
f 3823/3891/3891 3429/3497/3497 3821/3889/3889
f 3672/3740/3740 3671/3739/3739 3664/3732/3732
f 3669/3737/3737 3671/3739/3739 3667/3735/3735
f 3840/3908/3908 3841/3909/3909 3664/3732/3732
f 3792/3860/3860 3672/3740/3740 3793/3861/3861
f 3193/3261/3261 3673/3741/3741 3207/3275/3275
f 3674/3742/3742 3673/3741/3741 3187/3255/3255
f 3199/3267/3267 3674/3742/3742 3187/3255/3255
f 3675/3743/3743 3674/3742/3742 3202/3270/3270
f 3841/3909/3909 3202/3270/3270 3676/3744/3744
f 3675/3743/3743 3841/3909/3909 3840/3908/3908
f 3784/3852/3852 3197/3265/3265 3783/3851/3851
f 3789/3857/3857 3791/3859/3859 3782/3850/3850
f 3824/3892/3892 3821/3889/3889 3670/3738/3738
f 3830/3898/3898 3831/3899/3899 3833/3901/3901
f 2795/2863/2863 3432/3500/3500 3842/3910/3910
f 3826/3894/3894 3829/3897/3897 3432/3500/3500
f 3455/3523/3523 3679/3747/3747 2842/2910/2910
f 3685/3753/3753 3679/3747/3747 3454/3522/3522
f 3681/3749/3749 3680/3748/3748 2527/2595/2595
f 3684/3752/3752 3682/3750/3750 3683/3751/3751
f 2527/2595/2595 2865/2933/2933 3681/3749/3749
f 3681/3749/3749 2865/2933/2933 3700/3768/3768
f 3698/3766/3766 3682/3750/3750 3461/3529/3529
f 3844/3912/3912 2836/2904/2904 3439/3507/3507
f 3684/3752/3752 3683/3751/3751 3680/3748/3748
f 3685/3753/3753 3683/3751/3751 3682/3750/3750
f 3681/3749/3749 3684/3752/3752 3680/3748/3748
f 3682/3750/3750 3684/3752/3752 3461/3529/3529
f 3685/3753/3753 3682/3750/3750 3844/3912/3912
f 3454/3522/3522 3457/3525/3525 3685/3753/3753
f 2863/2931/2931 3686/3754/3754 2862/2930/2930
f 3687/3755/3755 3686/3754/3754 1948/1948/1948
f 3502/3570/3570 3687/3755/3755 1947/1947/1947
f 3686/3754/3754 3687/3755/3755 3460/3528/3528
f 3689/3757/3757 3460/3528/3528 3502/3570/3570
f 3693/3761/3761 3688/3756/3756 3689/3757/3757
f 3739/3807/3807 3691/3759/3759 3502/3570/3570
f 3845/3913/3913 3693/3761/3761 3692/3760/3760
f 3702/3770/3770 3507/3575/3575 3701/3769/3769
f 3688/3756/3756 3693/3761/3761 2865/2933/2933
f 3029/3097/3097 3032/3100/3100 3691/3759/3759
f 3694/3762/3762 3032/3100/3100 3695/3763/3763
f 3689/3757/3757 3691/3759/3759 3692/3760/3760
f 3032/3100/3100 3694/3762/3762 3691/3759/3759
f 3692/3760/3760 3693/3761/3761 3689/3757/3757
f 2865/2933/2933 3693/3761/3761 3690/3758/3758
f 3032/3100/3100 3503/3571/3571 3695/3763/3763
f 3692/3760/3760 3691/3759/3759 3694/3762/3762
f 3505/3573/3573 3696/3764/3764 3037/3105/3105
f 3695/3763/3763 3697/3765/3765 3692/3760/3760
f 3041/3109/3109 3509/3577/3577 3696/3764/3764
f 3509/3577/3577 3507/3575/3575 3697/3765/3765
f 3695/3763/3763 3696/3764/3764 3697/3765/3765
f 3509/3577/3577 3697/3765/3765 3696/3764/3764
f 3682/3750/3750 3698/3766/3766 2836/2904/2904
f 3699/3767/3767 3698/3766/3766 3461/3529/3529
f 3461/3529/3529 3700/3768/3768 3699/3767/3767
f 3690/3758/3758 3845/3913/3913 3702/3770/3770
f 3700/3768/3768 3461/3529/3529 3681/3749/3749
f 3702/3770/3770 3700/3768/3768 3690/3758/3758
f 3702/3770/3770 3701/3769/3769 3699/3767/3767
f 3507/3575/3575 2831/2899/2899 3701/3769/3769
f 3702/3770/3770 3699/3767/3767 3700/3768/3768
f 3507/3575/3575 3702/3770/3770 3504/3572/3572
f 2489/2557/2557 3703/3771/3771 2490/2558/2558
f 3714/3782/3782 3703/3771/3771 2486/2554/2554
f 3761/3829/3829 3762/3830/3830 3760/3828/3828
f 3714/3782/3782 3712/3780/3780 2877/2945/2945
f 3706/3774/3774 3705/3773/3773 2877/2945/2945
f 3351/3419/3419 3705/3773/3773 3708/3776/3776
f 3710/3778/3778 3707/3775/3775 3709/3777/3777
f 3636/3704/3704 3706/3774/3774 3318/3386/3386
f 3718/3786/3786 3848/3916/3916 3713/3781/3781
f 3711/3779/3779 3717/3785/3785 3716/3784/3784
f 3708/3776/3776 3636/3704/3704 3813/3881/3881
f 3705/3773/3773 3706/3774/3774 3708/3776/3776
f 3710/3778/3778 3709/3777/3777 2877/2945/2945
f 3711/3779/3779 3709/3777/3777 3707/3775/3775
f 2877/2945/2945 3712/3780/3780 3710/3778/3778
f 3724/3792/3792 3712/3780/3780 3704/3772/3772
f 3713/3781/3781 3711/3779/3779 3707/3775/3775
f 3319/3387/3387 3716/3784/3784 3320/3388/3388
f 3714/3782/3782 2877/2945/2945 3468/3536/3536
f 3724/3792/3792 3704/3772/3772 3715/3783/3783
f 3718/3786/3786 3713/3781/3781 3707/3775/3775
f 3716/3784/3784 3717/3785/3785 3320/3388/3388
f 3714/3782/3782 3468/3536/3536 3703/3771/3771
f 3704/3772/3772 3712/3780/3780 3714/3782/3782
f 3704/3772/3772 3847/3915/3915 3761/3829/3829
f 3722/3790/3790 3725/3793/3793 3721/3789/3789
f 3318/3386/3386 3711/3779/3779 3716/3784/3784
f 3717/3785/3785 3711/3779/3779 3713/3781/3781
f 3713/3781/3781 3580/3648/3648 3717/3785/3785
f 3723/3791/3791 3717/3785/3785 3580/3648/3648
f 3707/3775/3775 3593/3661/3661 3718/3786/3786
f 3719/3787/3787 3593/3661/3661 3720/3788/3788
f 3583/3651/3651 3577/3645/3645 3719/3787/3787
f 3848/3916/3916 3719/3787/3787 3577/3645/3645
f 3720/3788/3788 3593/3661/3661 3721/3789/3789
f 3583/3651/3651 3720/3788/3788 3592/3660/3660
f 3593/3661/3661 3710/3778/3778 3722/3790/3790
f 3591/3659/3659 3721/3789/3789 3725/3793/3793
f 3724/3792/3792 3710/3778/3778 3712/3780/3780
f 3722/3790/3790 3724/3792/3792 3725/3793/3793
f 3758/3826/3826 3723/3791/3791 3580/3648/3648
f 3322/3390/3390 3723/3791/3791 3296/3364/3364
f 3725/3793/3793 3724/3792/3792 3715/3783/3783
f 3710/3778/3778 3724/3792/3792 3722/3790/3790
f 3760/3828/3828 3725/3793/3793 3715/3783/3783
f 3725/3793/3793 3597/3665/3665 3591/3659/3659
f 3703/3771/3771 3726/3794/3794 2490/2558/2558
f 3705/3773/3773 3726/3794/3794 3468/3536/3536
f 2292/2360/2360 2289/2357/2357 3727/3795/3795
f 2898/2966/2966 3727/3795/3795 2289/2357/2357
f 3729/3797/3797 3728/3796/3796 2895/2963/2963
f 3727/3795/3795 3728/3796/3796 3477/3545/3545
f 3731/3799/3799 2895/2963/2963 2888/2956/2956
f 3732/3800/3800 3730/3798/3798 3729/3797/3797
f 3731/3799/3799 3732/3800/3800 3729/3797/3797
f 3816/3884/3884 3359/3427/3427 3354/3422/3422
f 3731/3799/3799 2892/2960/2960 3732/3800/3800
f 2895/2963/2963 3731/3799/3799 3729/3797/3797
f 2892/2960/2960 2906/2974/2974 3732/3800/3800
f 3849/3917/3917 3732/3800/3800 2906/2974/2974
f 3480/3548/3548 3733/3801/3801 28/2038/2038
f 2569/2637/2637 3733/3801/3801 3479/3547/3547
f 3735/3803/3803 30/2036/2036 31/2035/2035
f 3483/3551/3551 3734/3802/3802 3484/3552/3552
f 31/2035/2035 3336/3404/3404 3735/3803/3803
f 3736/3804/3804 3735/3803/3803 3336/3404/3404
f 3736/3804/3804 3333/3401/3401 3737/3805/3805
f 3735/3803/3803 3736/3804/3804 3484/3552/3552
f 3333/3401/3401 3851/3919/3919 3737/3805/3805
f 3634/3702/3702 3805/3873/3873 3807/3875/3875
f 3479/3547/3547 3738/3806/3806 2567/2635/2635
f 3483/3551/3551 3738/3806/3806 2909/2977/2977
f 3739/3807/3807 1947/1947/1947 1946/1946/1946
f 3033/3101/3101 3739/3807/3807 1946/1946/1946
f 3691/3759/3759 3739/3807/3807 3029/3097/3097
f 2831/2899/2899 3740/3808/3808 2833/2901/2901
f 3509/3577/3577 3740/3808/3808 3507/3575/3575
f 3769/3837/3837 3770/3838/3838 3525/3593/3593
f 3206/3274/3274 3743/3811/3811 3194/3262/3262
f 3746/3814/3814 3747/3815/3815 3748/3816/3816
f 3745/3813/3813 3744/3812/3812 3743/3811/3811
f 3745/3813/3813 3741/3809/3809 3742/3810/3810
f 3741/3809/3809 3745/3813/3813 3743/3811/3811
f 3521/3589/3589 3744/3812/3812 3622/3690/3690
f 3194/3262/3262 3743/3811/3811 3744/3812/3812
f 3742/3810/3810 3616/3684/3684 3747/3815/3815
f 3622/3690/3690 3744/3812/3812 3745/3813/3813
f 3622/3690/3690 3745/3813/3813 3746/3814/3814
f 3745/3813/3813 3742/3810/3810 3747/3815/3815
f 3616/3684/3684 3618/3686/3686 3748/3816/3816
f 3745/3813/3813 3747/3815/3815 3746/3814/3814
f 3746/3814/3814 3748/3816/3816 3611/3679/3679
f 3616/3684/3684 3748/3816/3816 3747/3815/3815
f 3750/3818/3818 3749/3817/3817 2954/3022/3022
f 3741/3809/3809 3749/3817/3817 3525/3593/3593
f 2955/3023/3023 3750/3818/3818 2954/3022/3022
f 3750/3818/3818 2951/3019/3019 3769/3837/3837
f 3528/3596/3596 3751/3819/3819 3281/3349/3349
f 3226/3294/3294 3751/3819/3819 3527/3595/3595
f 3567/3635/3635 3752/3820/3820 3279/3347/3347
f 3528/3596/3596 3752/3820/3820 3529/3597/3597
f 3274/3342/3342 3549/3617/3617 3753/3821/3821
f 3277/3345/3345 3753/3821/3821 3549/3617/3617
f 3547/3615/3615 3754/3822/3822 3548/3616/3616
f 3584/3652/3652 3754/3822/3822 3297/3365/3365
f 3787/3855/3855 3789/3857/3857 3782/3850/3850
f 3197/3265/3265 3784/3852/3852 3202/3270/3270
f 3757/3825/3825 3241/3309/3309 3531/3599/3599
f 3633/3701/3701 3756/3824/3824 3575/3643/3643
f 3241/3309/3309 3757/3825/3825 3756/3824/3824
f 3531/3599/3599 3574/3642/3642 3757/3825/3825
f 3290/3358/3358 3758/3826/3826 3579/3647/3647
f 3723/3791/3791 3758/3826/3826 3296/3364/3364
f 2544/2612/2612 2545/2613/2613 3854/3922/3922
f 3595/3663/3663 3597/3665/3665 3759/3827/3827
f 3761/3829/3829 3760/3828/3828 3715/3783/3783
f 2544/2612/2612 3759/3827/3827 3760/3828/3828
f 3704/3772/3772 3761/3829/3829 3715/3783/3783
f 3762/3830/3830 3761/3829/3829 2900/2968/2968
f 2546/2614/2614 3762/3830/3830 2900/2968/2968
f 3760/3828/3828 3762/3830/3830 2544/2612/2612
f 3763/3831/3831 2542/2610/2610 3764/3832/3832
f 3595/3663/3663 3759/3827/3827 3763/3831/3831
f 3764/3832/3832 3866/3934/3934 3832/3900/3900
f 3877/3945/3945 3825/3893/3893 3822/3890/3890
f 3857/3925/3925 3869/3937/3937 3858/3926/3926
f 3872/3940/3940 3863/3931/3931 3875/3943/3943
f 3252/3320/3320 3766/3834/3834 3250/3318/3318
f 3254/3322/3322 3601/3669/3669 3766/3834/3834
f 3768/3836/3836 3767/3835/3835 3247/3315/3315
f 3254/3322/3322 3766/3834/3834 3767/3835/3835
f 3626/3694/3694 3768/3836/3836 3247/3315/3315
f 3768/3836/3836 3615/3683/3683 3617/3685/3685
f 3861/3929/3929 3769/3837/3837 3604/3672/3672
f 3750/3818/3818 3769/3837/3837 3525/3593/3593
f 3525/3593/3593 3770/3838/3838 3742/3810/3810
f 3861/3929/3929 3770/3838/3838 3769/3837/3837
f 3605/3673/3673 3771/3839/3839 3334/3402/3402
f 3610/3678/3678 3612/3680/3680 3772/3840/3840
f 2944/3012/3012 3772/3840/3840 3625/3693/3693
f 3610/3678/3678 3772/3840/3840 3771/3839/3839
f 3774/3842/3842 3619/3687/3687 3624/3692/3692
f 3775/3843/3843 3204/3272/3272 3521/3589/3589
f 3624/3692/3692 3630/3698/3698 3774/3842/3842
f 3774/3842/3842 3776/3844/3844 3775/3843/3843
f 3773/3841/3841 3774/3842/3842 3775/3843/3843
f 3776/3844/3844 3774/3842/3842 3630/3698/3698
f 3779/3847/3847 3778/3846/3846 3630/3698/3698
f 3204/3272/3272 3775/3843/3843 3776/3844/3844
f 3676/3744/3744 3202/3270/3270 3862/3930/3930
f 3780/3848/3848 3204/3272/3272 3776/3844/3844
f 3630/3698/3698 3803/3871/3871 3779/3847/3847
f 3778/3846/3846 3777/3845/3845 3780/3848/3848
f 3568/3636/3636 3570/3638/3638 3785/3853/3853
f 3777/3845/3845 3778/3846/3846 3779/3847/3847
f 3777/3845/3845 3786/3854/3854 3780/3848/3848
f 3783/3851/3851 3780/3848/3848 3784/3852/3852
f 3777/3845/3845 3779/3847/3847 3781/3849/3849
f 3779/3847/3847 3568/3636/3636 3785/3853/3853
f 3786/3854/3854 3777/3845/3845 3787/3855/3855
f 3782/3850/3850 3786/3854/3854 3787/3855/3855
f 3201/3269/3269 3783/3851/3851 3197/3265/3265
f 3204/3272/3272 3780/3848/3848 3783/3851/3851
f 3786/3854/3854 3784/3852/3852 3780/3848/3848
f 3784/3852/3852 3782/3850/3850 3862/3930/3930
f 3572/3640/3640 3781/3849/3849 3785/3853/3853
f 3779/3847/3847 3785/3853/3853 3781/3849/3849
f 3787/3855/3855 3777/3845/3845 3781/3849/3849
f 3784/3852/3852 3786/3854/3854 3782/3850/3850
f 3755/3823/3823 3790/3858/3858 3781/3849/3849
f 3798/3866/3866 3790/3858/3858 3755/3823/3823
f 3796/3864/3864 3557/3625/3625 3794/3862/3862
f 3792/3860/3860 3793/3861/3861 3791/3859/3859
f 3790/3858/3858 3789/3857/3857 3787/3855/3855
f 3791/3859/3859 3789/3857/3857 3788/3856/3856
f 3781/3849/3849 3790/3858/3858 3787/3855/3855
f 3554/3622/3622 3796/3864/3864 3798/3866/3866
f 3791/3859/3859 3788/3856/3856 3792/3860/3860
f 3791/3859/3859 3676/3744/3744 3862/3930/3930
f 3796/3864/3864 3794/3862/3862 3795/3863/3863
f 3792/3860/3860 3788/3856/3856 3795/3863/3863
f 3664/3732/3732 3793/3861/3861 3672/3740/3740
f 3676/3744/3744 3791/3859/3859 3793/3861/3861
f 3799/3867/3867 3801/3869/3869 3553/3621/3621
f 3800/3868/3868 3797/3865/3865 3794/3862/3862
f 3796/3864/3864 3795/3863/3863 3788/3856/3856
f 3797/3865/3865 3795/3863/3863 3794/3862/3862
f 3798/3866/3866 3788/3856/3856 3790/3858/3858
f 3796/3864/3864 3554/3622/3622 3557/3625/3625
f 3800/3868/3868 3794/3862/3862 3801/3869/3869
f 3802/3870/3870 3797/3865/3865 3800/3868/3868
f 3798/3866/3866 3755/3823/3823 3853/3921/3921
f 3788/3856/3856 3798/3866/3866 3796/3864/3864
f 3588/3656/3656 3860/3928/3928 3553/3621/3621
f 3856/3924/3924 3859/3927/3927 3860/3928/3928
f 3801/3869/3869 3794/3862/3862 3557/3625/3625
f 3802/3870/3870 3800/3868/3868 3799/3867/3867
f 3553/3621/3621 3801/3869/3869 3557/3625/3625
f 3799/3867/3867 3800/3868/3868 3801/3869/3869
f 3876/3944/3944 3824/3892/3892 3827/3895/3895
f 3863/3931/3931 3874/3942/3942 3875/3943/3943
f 3779/3847/3847 3803/3871/3871 3568/3636/3636
f 3624/3692/3692 3803/3871/3871 3630/3698/3698
f 3805/3873/3873 3804/3872/3872 2944/3012/3012
f 3806/3874/3874 3804/3872/3872 3634/3702/3702
f 2942/3010/3010 3805/3873/3873 2944/3012/3012
f 3807/3875/3875 3805/3873/3873 2940/3008/3008
f 3634/3702/3702 3851/3919/3919 3808/3876/3876
f 3332/3400/3400 3806/3874/3874 3327/3395/3395
f 3807/3875/3875 2940/3008/3008 3809/3877/3877
f 3807/3875/3875 3737/3805/3805 3851/3919/3919
f 3327/3395/3395 3806/3874/3874 3808/3876/3876
f 3634/3702/3702 3808/3876/3876 3806/3874/3874
f 2940/3008/3008 2942/3010/3010 3810/3878/3878
f 3485/3553/3553 3811/3879/3879 2584/2652/2652
f 2589/2657/2657 2584/2652/2652 3810/3878/3878
f 3811/3879/3879 3810/3878/3878 2584/2652/2652
f 3482/3550/3550 3811/3879/3879 3485/3553/3553
f 3810/3878/3878 3811/3879/3879 3809/3877/3877
f 3319/3387/3387 3812/3880/3880 3318/3386/3386
f 3315/3383/3383 3636/3704/3704 3812/3880/3880
f 3350/3418/3418 3813/3881/3881 3346/3414/3414
f 3708/3776/3776 3813/3881/3881 3351/3419/3419
f 3815/3883/3883 3814/3882/3882 2060/2128/2128
f 3816/3884/3884 3638/3706/3706 3730/3798/3798
f 2062/2130/2130 3815/3883/3883 2060/2128/2128
f 3817/3885/3885 3815/3883/3883 2055/2123/2123
f 3816/3884/3884 3730/3798/3798 3849/3917/3917
f 3354/3422/3422 3814/3882/3882 3816/3884/3884
f 2293/2361/2361 3817/3885/3885 2055/2123/2123
f 3817/3885/3885 2292/2360/2360 3818/3886/3886
f 3730/3798/3798 3818/3886/3886 3477/3545/3545
f 3817/3885/3885 3818/3886/3886 3638/3706/3706
f 3651/3719/3719 3819/3887/3887 2837/2905/2905
f 2842/2910/2910 3819/3887/3887 3649/3717/3717
f 3210/3278/3278 3820/3888/3888 3209/3277/3277
f 3666/3734/3734 3820/3888/3888 3205/3273/3273
f 3431/3499/3499 3670/3738/3738 3821/3889/3889
f 3824/3892/3892 3823/3891/3891 3821/3889/3889
f 3670/3738/3738 3827/3895/3895 3824/3892/3892
f 3868/3936/3936 3858/3926/3926 3765/3833/3833
f 3822/3890/3890 3825/3893/3893 3823/3891/3891
f 3823/3891/3891 3825/3893/3893 3826/3894/3894
f 3875/3943/3943 3667/3735/3735 3872/3940/3940
f 3822/3890/3890 3823/3891/3891 3824/3892/3892
f 3830/3898/3898 3825/3893/3893 3877/3945/3945
f 3826/3894/3894 3825/3893/3893 3677/3745/3745
f 3829/3897/3897 3826/3894/3894 3677/3745/3745
f 3432/3500/3500 3429/3497/3497 3826/3894/3894
f 3864/3932/3932 3827/3895/3895 3874/3942/3942
f 3864/3932/3932 3865/3933/3933 3827/3895/3895
f 3876/3944/3944 3865/3933/3933 3877/3945/3945
f 3831/3899/3899 3828/3896/3896 3832/3900/3900
f 3677/3745/3745 3833/3901/3901 3834/3902/3902
f 3829/3897/3897 3835/3903/3903 3836/3904/3904
f 3828/3896/3896 3831/3899/3899 3830/3898/3898
f 2269/2337/2337 3833/3901/3901 3831/3899/3899
f 3870/3938/3938 3828/3896/3896 3871/3939/3939
f 2269/2337/2337 2270/2338/2338 3833/3901/3901
f 3764/3832/3832 2542/2610/2610 3866/3934/3934
f 2269/2337/2337 3831/3899/3899 3832/3900/3900
f 3834/3902/3902 3833/3901/3901 2257/2325/2325
f 3830/3898/3898 3833/3901/3901 3677/3745/3745
f 3835/3903/3903 3834/3902/3902 2257/2325/2325
f 3677/3745/3745 3834/3902/3902 3829/3897/3897
f 2260/2328/2328 3835/3903/3903 2257/2325/2325
f 3835/3903/3903 2263/2331/2331 3836/3904/3904
f 2263/2331/2331 2239/2307/2307 3839/3907/3907
f 3829/3897/3897 3836/3904/3904 3678/3746/3746
f 3678/3746/3746 3836/3904/3904 3837/3905/3905
f 3839/3907/3907 3837/3905/3905 3836/3904/3904
f 2797/2865/2865 3838/3906/3906 2248/2316/2316
f 3838/3906/3906 2536/2604/2604 3843/3911/3911
f 2263/2331/2331 3839/3907/3907 3836/3904/3904
f 2248/2316/2316 3839/3907/3907 2239/2307/2307
f 3665/3733/3733 3840/3908/3908 3664/3732/3732
f 3666/3734/3734 3675/3743/3743 3840/3908/3908
f 3202/3270/3270 3841/3909/3909 3675/3743/3743
f 3793/3861/3861 3841/3909/3909 3676/3744/3744
f 3829/3897/3897 3842/3910/3910 3432/3500/3500
f 3843/3911/3911 3842/3910/3910 3678/3746/3746
f 3838/3906/3906 3843/3911/3911 3678/3746/3746
f 3843/3911/3911 2536/2604/2604 2793/2861/2861
f 3685/3753/3753 3844/3912/3912 2844/2912/2912
f 3682/3750/3750 2836/2904/2904 3844/3912/3912
f 3702/3770/3770 3845/3913/3913 3504/3572/3572
f 3693/3761/3761 3845/3913/3913 3690/3758/3758
f 3847/3915/3915 2903/2971/2971 2900/2968/2968
f 3714/3782/3782 3846/3914/3914 3704/3772/3772
f 3704/3772/3772 3846/3914/3914 3847/3915/3915
f 2903/2971/2971 3847/3915/3915 3846/3914/3914
f 3579/3647/3647 3848/3916/3916 3577/3645/3645
f 3848/3916/3916 3580/3648/3648 3713/3781/3781
f 3816/3884/3884 3849/3917/3917 3359/3427/3427
f 3732/3800/3800 3849/3917/3917 3730/3798/3798
f 3483/3551/3551 3850/3918/3918 3482/3550/3550
f 3736/3804/3804 3850/3918/3918 3484/3552/3552
f 3808/3876/3876 3851/3919/3919 3333/3401/3401
f 3807/3875/3875 3851/3919/3919 3634/3702/3702
f 3853/3921/3921 3852/3920/3920 3559/3627/3627
f 3781/3849/3849 3852/3920/3920 3755/3823/3823
f 3558/3626/3626 3853/3921/3921 3560/3628/3628
f 3798/3866/3866 3853/3921/3921 3554/3622/3622
f 3763/3831/3831 3854/3922/3922 2542/2610/2610
f 2544/2612/2612 3854/3922/3922 3759/3827/3827
f 3763/3831/3831 3855/3923/3923 3595/3663/3663
f 3869/3937/3937 3855/3923/3923 3764/3832/3832
f 3857/3925/3925 3856/3924/3924 3586/3654/3654
f 3859/3927/3927 3856/3924/3924 3765/3833/3833
f 3594/3662/3662 3857/3925/3925 3586/3654/3654
f 3598/3666/3666 3869/3937/3937 3857/3925/3925
f 3869/3937/3937 3764/3832/3832 3870/3938/3938
f 3858/3926/3926 3870/3938/3938 3871/3939/3939
f 3859/3927/3927 3765/3833/3833 3864/3932/3932
f 3860/3928/3928 3859/3927/3927 3799/3867/3867
f 3553/3621/3621 3860/3928/3928 3799/3867/3867
f 3856/3924/3924 3860/3928/3928 3588/3656/3656
f 3618/3686/3686 3861/3929/3929 3604/3672/3672
f 3770/3838/3838 3861/3929/3929 3616/3684/3684
f 3784/3852/3852 3862/3930/3930 3202/3270/3270
f 3791/3859/3859 3862/3930/3930 3782/3850/3850
f 3863/3931/3931 3872/3940/3940 3873/3941/3941
f 3874/3942/3942 3863/3931/3931 3802/3870/3870
f 3859/3927/3927 3864/3932/3932 3802/3870/3870
f 3864/3932/3932 3765/3833/3833 3865/3933/3933
f 3871/3939/3939 3765/3833/3833 3858/3926/3926
f 3830/3898/3898 3877/3945/3945 3828/3896/3896
f 3878/3946/3946 2542/2610/2610 2543/2611/2611
f 3866/3934/3934 3878/3946/3946 3867/3935/3935
f 2269/2337/2337 3832/3900/3900 3867/3935/3935
f 3866/3934/3934 3867/3935/3935 3832/3900/3900
f 3856/3924/3924 3868/3936/3936 3765/3833/3833
f 3857/3925/3925 3858/3926/3926 3868/3936/3936
f 3855/3923/3923 3869/3937/3937 3598/3666/3666
f 3870/3938/3938 3764/3832/3832 3832/3900/3900
f 3828/3896/3896 3870/3938/3938 3832/3900/3900
f 3858/3926/3926 3869/3937/3937 3870/3938/3938
f 3877/3945/3945 3871/3939/3939 3828/3896/3896
f 3765/3833/3833 3871/3939/3939 3865/3933/3933
f 3671/3739/3739 3872/3940/3940 3667/3735/3735
f 3873/3941/3941 3872/3940/3940 3672/3740/3740
f 3792/3860/3860 3873/3941/3941 3672/3740/3740
f 3802/3870/3870 3873/3941/3941 3797/3865/3865
f 3864/3932/3932 3874/3942/3942 3802/3870/3870
f 3875/3943/3943 3874/3942/3942 3827/3895/3895
f 3827/3895/3895 3670/3738/3738 3875/3943/3943
f 3667/3735/3735 3875/3943/3943 3670/3738/3738
f 3824/3892/3892 3876/3944/3944 3822/3890/3890
f 3827/3895/3895 3865/3933/3933 3876/3944/3944
f 3876/3944/3944 3877/3945/3945 3822/3890/3890
f 3871/3939/3939 3877/3945/3945 3865/3933/3933
f 3867/3935/3935 3878/3946/3946 2271/2339/2339
f 2542/2610/2610 3878/3946/3946 3866/3934/3934
f 3646/3714/3714 3879/3947/3947 2145/2213/2213
f 2675/2743/2743 3879/3947/3947 2144/2212/2212
f 2346/2414/2414 3880/3948/3948 2298/2366/2366
f 2308/2376/2376 2309/2377/2377 3881/3949/3949
f 2303/2371/2371 3881/3949/3949 2307/2375/2375
f 2308/2376/2376 3881/3949/3949 3880/3948/3948
f 2645/2713/2713 3882/3950/3950 2437/2505/2505
f 1975/2009/2009 2465/2533/2533 3882/3950/3950
f 3223/3291/3291 3883/3951/3951 2002/2062/2062
f 3232/3300/3300 3883/3951/3951 2634/2702/2702
f 2874/2942/2942 3884/3952/3952 1964/1989/1989
f 3885/3953/3953 3884/3952/3952 2873/2941/2941
f 3475/3543/3543 3885/3953/3953 2873/2941/2941
f 3885/3953/3953 2289/2357/2357 2290/2358/2358
f 2927/2995/2995 3886/3954/3954 2581/2649/2649
f 2914/2982/2982 3886/3954/3954 2915/2983/2983
f 2925/2993/2993 3887/3955/3955 2928/2996/2996
f 2963/3031/3031 3887/3955/3955 2967/3035/3035
f 3494/3562/3562 3888/3956/3956 2990/3058/3058
f 3159/3227/3227 3888/3956/3956 2975/3043/3043
f 3144/3212/3212 3889/3957/3957 2785/2853/2853
f 3418/3486/3486 3889/3957/3957 3145/3213/3213
f 3222/3290/3290 3890/3958/3958 3220/3288/3288
f 3285/3353/3353 3890/3958/3958 3225/3293/3293
usemtl 绿_front
f 3898/3987/3987 3918/4023/4023 3917/3986/3986
f 4160/4265/4265 4057/4162/4162 4056/4161/4161
f 3918/4023/4023 3898/3987/3987 3897/3988/3988
f 3934/4039/4039 3931/4036/4036 3933/4038/4038
f 3892/3961/3961 3945/4050/4050 3940/4045/4045
f 3918/4023/4023 3952/4057/4057 3946/4051/4051
f 4028/4133/4133 3954/4059/4059 3893/3992/3992
f 3929/4034/4034 3928/4033/4033 3927/4032/4032
f 3918/4023/4023 3949/4054/4054 3952/4057/4057
f 3933/4038/4038 3932/4037/4037 3934/4039/4039
f 87/3959/3959 3937/4042/4042 123/4022/4022
f 4112/4217/4217 3950/4055/4055 3896/3989/3989
f 3947/4052/4052 3915/3984/3984 3916/3985/3985
f 3929/4034/4034 3965/4070/4070 3969/4074/4074
f 3960/4065/4065 1960/3998/3998 3962/4067/4067
f 3924/4029/4029 3926/4031/4031 3925/4030/4030
f 3894/3991/3991 3893/3992/3992 3954/4059/4059
f 3909/3978/3978 3958/4063/4063 4131/4236/4236
f 87/3995/3995 3923/4028/4028 3891/3994/3994
f 3911/3980/3980 4017/4122/4122 4016/4121/4121
f 3911/3980/3980 4016/4121/4121 3910/3979/3979
f 3947/4052/4052 3919/4024/4024 3948/4053/4053
f 3910/3979/3979 3958/4063/4063 3909/3978/3978
f 4023/4128/4128 3958/4063/4063 4016/4121/4121
f 3916/3985/3985 3917/3986/3986 3946/4051/4051
f 3948/4053/4053 4102/4207/4207 3947/4052/4052
f 3946/4051/4051 3919/4024/4024 3947/4052/4052
f 3913/3982/3982 4015/4120/4120 3912/3981/3981
f 4035/4140/4140 4033/4138/4138 4037/4142/4142
f 3907/3976/3976 3908/3977/3977 4024/4129/4129
f 87/3995/3995 1958/3996/3996 3923/4028/4028
f 3939/4044/4044 3943/4048/4048 122/4021/4021
f 3926/4031/4031 3891/3994/3994 3923/4028/4028
f 3923/4028/4028 3925/4030/4030 3926/4031/4031
f 4051/4156/4156 3895/3964/3964 3896/3965/3965
f 3928/4033/4033 3924/4029/4029 3925/4030/4030
f 3965/4070/4070 3927/4032/4032 3963/4068/4068
f 3929/4034/4034 3970/4075/4075 4026/4131/4131
f 4060/4165/4165 4056/4161/4161 3941/4046/4046
f 1959/3997/3997 3928/4033/4033 3925/4030/4030
f 3925/4030/4030 3923/4028/4028 1958/3996/3996
f 4027/4132/4132 3892/3993/3993 3926/4031/4031
f 3962/4067/4067 1960/3998/3998 1961/3999/3999
f 4092/4197/4197 3981/4086/4086 3900/3969/3969
f 3942/4047/4047 3943/4048/4048 3939/4044/4044
f 3975/4080/4080 3968/4073/4073 3964/4069/4069
f 3986/4091/4091 3940/4045/4045 3945/4050/4050
f 4010/4115/4115 4007/4112/4112 4011/4116/4116
f 3993/4098/4098 3955/4060/4060 3996/4101/4101
f 3938/4043/4043 123/4022/4022 3937/4042/4042
f 3941/4046/4046 3943/4048/4048 3942/4047/4047
f 1967/4005/4005 4008/4113/4113 1966/4004/4004
f 3942/4047/4047 3986/4091/4091 3944/4049/4049
f 4008/4113/4113 1967/4005/4005 4113/4218/4218
f 3993/4098/4098 1965/4003/4003 1966/4004/4004
f 3945/4050/4050 3987/4092/4092 3986/4091/4091
f 1961/3999/3999 3964/4069/4069 3962/4067/4067
f 4057/4162/4162 120/4019/4019 121/4020/4020
f 4113/4218/4218 4116/4221/4221 3995/4100/4100
f 4061/4166/4166 3941/4046/4046 3944/4049/4049
f 4009/4114/4114 3995/4100/4100 4005/4110/4110
f 3950/4055/4055 3920/4025/4025 3949/4054/4054
f 4145/4250/4250 3902/3971/3971 3976/4081/4081
f 4008/4113/4113 3993/4098/4098 1966/4004/4004
f 3931/4036/4036 3980/4085/4085 3933/4038/4038
f 1959/3997/3997 1960/3998/3998 3960/4065/4065
f 3953/4058/4058 3952/4057/4057 3920/4025/4025
f 3900/3969/3969 3980/4085/4085 3899/3968/3968
f 3904/3973/3973 3905/3974/3974 4049/4154/4154
f 3946/4051/4051 3917/3986/3986 3918/4023/4023
f 4147/4252/4252 3903/3972/3972 3904/3973/3973
f 3896/3989/3989 3949/4054/4054 3897/3988/3988
f 3949/4054/4054 3896/3989/3989 3950/4055/4055
f 4157/4262/4262 4158/4263/4263 4049/4154/4154
f 4147/4252/4252 4031/4136/4136 3976/4081/4081
f 3892/3993/3993 4027/4132/4132 4028/4133/4133
f 3898/3967/3967 3931/4036/4036 3897/3966/3966
f 3896/3965/3965 3897/3966/3966 3934/4039/4039
f 3897/3966/3966 3931/4036/4036 3934/4039/4039
f 3980/4085/4085 3900/3969/3969 3981/4086/4086
f 3936/4041/4041 3939/4044/4044 3938/4043/4043
f 4051/4156/4156 3979/4084/4084 4052/4157/4157
f 4050/4155/4155 4346/4451/4451 3979/4084/4084
f 3892/3993/3993 3891/3994/3994 3926/4031/4031
f 3986/4091/4091 3936/4041/4041 3940/4045/4045
f 3928/4033/4033 3960/4065/4065 3927/4032/4032
f 3896/3965/3965 3934/4039/4039 4050/4155/4155
f 4071/4176/4176 3983/4088/4088 3894/3963/3963
f 3938/4043/4043 3940/4045/4045 3936/4041/4041
f 3899/3968/3968 3931/4036/4036 3898/3967/3967
f 121/4020/4020 122/4021/4021 3943/4048/4048
f 3891/3960/3960 3940/4045/4045 3938/4043/4043
f 3950/4055/4055 3951/4056/4056 3920/4025/4025
f 4264/4369/4369 4124/4229/4229 4265/4370/4370
f 122/4021/4021 123/4022/4022 3938/4043/4043
f 4034/4139/4139 4038/4143/4143 4343/4448/4448
f 4046/4151/4151 4043/4148/4148 4041/4146/4146
f 3892/3961/3961 3940/4045/4045 3891/3960/3960
f 3893/3962/3962 3988/4093/4093 3892/3961/3961
f 1969/4007/4007 4117/4222/4222 4115/4220/4220
f 3946/4051/4051 3952/4057/4057 3919/4024/4024
f 4005/4110/4110 4003/4108/4108 3955/4060/4060
f 4123/4228/4228 4117/4222/4222 1970/4008/4008
f 3947/4052/4052 3916/3985/3985 3946/4051/4051
f 4100/4205/4205 3914/3983/3983 3915/3984/3984
f 4131/4236/4236 3958/4063/4063 4132/4237/4237
f 3938/4043/4043 3939/4044/4044 122/4021/4021
f 3891/3960/3960 3937/4042/4042 87/3959/3959
f 119/4018/4018 4037/4142/4142 118/4017/4017
f 3942/4047/4047 3939/4044/4044 3936/4041/4041
f 1959/3997/3997 3925/4030/4030 1958/3996/3996
f 3943/4048/4048 3941/4046/4046 4056/4161/4161
f 4038/4143/4143 4035/4140/4140 3977/4082/4082
f 3928/4033/4033 4026/4131/4131 3924/4029/4029
f 3942/4047/4047 3944/4049/4049 3941/4046/4046
f 118/4017/4017 4033/4138/4138 117/4016/4016
f 3933/4038/4038 4054/4159/4159 3932/4037/4037
f 4146/4251/4251 4145/4250/4250 3976/4081/4081
f 3902/3971/3971 3903/3972/3972 3976/4081/4081
f 3938/4043/4043 3937/4042/4042 3891/3960/3960
f 3915/3984/3984 4102/4207/4207 4100/4205/4205
f 3989/4094/4094 4101/4206/4206 4100/4205/4205
f 4274/4379/4379 3907/3976/3976 4024/4129/4129
f 3918/4023/4023 3897/3988/3988 3949/4054/4054
f 3987/4092/4092 3935/4040/4040 3944/4049/4049
f 3920/4025/4025 3951/4056/4056 3953/4058/4058
f 4111/4216/4216 3951/4056/4056 4110/4215/4215
f 4107/4212/4212 4106/4211/4211 4105/4210/4210
f 3954/4059/4059 4105/4210/4210 3894/3991/3991
f 3953/4058/4058 3919/4024/4024 3952/4057/4057
f 3949/4054/4054 3920/4025/4025 3952/4057/4057
f 3919/4024/4024 3953/4058/4058 3948/4053/4053
f 3990/4095/4095 3948/4053/4053 3953/4058/4058
f 3894/3991/3991 3992/4097/4097 3895/3990/3990
f 3970/4075/4075 4029/4134/4134 3972/4077/4077
f 1965/4003/4003 3993/4098/4098 3994/4099/4099
f 4004/4109/4109 4000/4105/4105 4003/4108/4108
f 3955/4060/4060 3998/4103/4103 3996/4101/4101
f 3990/4095/4095 3951/4056/4056 3991/4096/4096
f 4020/4125/4125 3957/4062/4062 4019/4124/4124
f 4017/4122/4122 4021/4126/4126 4019/4124/4124
f 3908/3977/3977 4131/4236/4236 4144/4249/4249
f 3958/4063/4063 4023/4128/4128 4132/4237/4237
f 3944/4049/4049 4062/4167/4167 4061/4166/4166
f 4249/4354/4354 4262/4367/4367 4256/4361/4361
f 3928/4033/4033 1959/3997/3997 3960/4065/4065
f 3963/4068/4068 3960/4065/4065 3962/4067/4067
f 3963/4068/4068 4025/4130/4130 3965/4070/4070
f 3975/4080/4080 3964/4069/4069 1962/4000/4000
f 3963/4068/4068 3927/4032/4032 3960/4065/4065
f 3962/4067/4067 3964/4069/4069 3961/4066/4066
f 3965/4070/4070 3929/4034/4034 3927/4032/4032
f 3961/4066/4066 3963/4068/4068 3962/4067/4067
f 3961/4066/4066 3964/4069/4069 3968/4073/4073
f 1962/4000/4000 3964/4069/4069 1961/3999/3999
f 3969/4074/4074 3967/4072/4072 3970/4075/4075
f 3961/4066/4066 4025/4130/4130 3963/4068/4068
f 3965/4070/4070 3971/4076/4076 3969/4074/4074
f 4019/4124/4124 4021/4126/4126 4018/4123/4123
f 3991/4096/4096 4111/4216/4216 4195/4300/4300
f 3968/4073/4073 3966/4071/4071 3974/4079/4079
f 3961/4066/4066 3974/4079/4079 4025/4130/4130
f 4012/4117/4117 3966/4071/4071 3975/4080/4080
f 3970/4075/4075 3929/4034/4034 3969/4074/4074
f 3971/4076/4076 3967/4072/4072 3969/4074/4074
f 4026/4131/4131 3970/4075/4075 3972/4077/4077
f 3970/4075/4075 4109/4214/4214 3921/4026/4026
f 3921/4026/4026 4109/4214/4214 4107/4212/4212
f 3974/4079/4079 3961/4066/4066 3968/4073/4073
f 3972/4077/4077 4027/4132/4132 4026/4131/4131
f 3972/4077/4077 4029/4134/4134 4028/4133/4133
f 4013/4118/4118 3994/4099/4099 3996/4101/4101
f 1962/4000/4000 4010/4115/4115 3973/4078/4078
f 4187/4292/4292 4108/4213/4213 4300/4405/4405
f 4319/4424/4424 4192/4297/4297 4189/4294/4294
f 3966/4071/4071 3968/4073/4073 3975/4080/4080
f 1962/4000/4000 3973/4078/4078 3975/4080/4080
f 4145/4250/4250 4030/4135/4135 3901/3970/3970
f 4148/4253/4253 4150/4255/4255 4149/4254/4254
f 117/4016/4016 4033/4138/4138 4034/4139/4139
f 4157/4262/4262 3905/3974/3974 3906/3975/3975
f 4075/4180/4180 4073/4178/4178 4090/4195/4195
f 3977/4082/4082 4044/4149/4149 4040/4145/4145
f 3895/3964/3964 4071/4176/4176 3894/3963/3963
f 4067/4172/4172 4065/4170/4170 4089/4194/4194
f 3931/4036/4036 3899/3968/3968 3980/4085/4085
f 3981/4086/4086 3933/4038/4038 3980/4085/4085
f 3982/4087/4087 3933/4038/4038 3981/4086/4086
f 4091/4196/4196 3982/4087/4087 4092/4197/4197
f 4347/4452/4452 4346/4451/4451 4055/4160/4160
f 3979/4084/4084 4070/4175/4175 4052/4157/4157
f 3983/4088/4088 3988/4093/4093 3893/3962/3962
f 4070/4175/4175 4066/4171/4171 4071/4176/4176
f 3984/4089/4089 4059/4164/4164 4160/4265/4265
f 4058/4163/4163 4060/4165/4165 4061/4166/4166
f 4036/4141/4141 4151/4256/4256 4152/4257/4257
f 4087/4192/4192 4055/4160/4160 4054/4159/4159
f 3942/4047/4047 3936/4041/4041 3986/4091/4091
f 3987/4092/4092 3944/4049/4049 3986/4091/4091
f 3935/4040/4040 3987/4092/4092 3983/4088/4088
f 3983/4088/4088 3987/4092/4092 3945/4050/4050
f 3892/3961/3961 3988/4093/4093 3945/4050/4050
f 3983/4088/4088 3945/4050/4050 3988/4093/4093
f 3913/3982/3982 4166/4271/4271 4167/4272/4272
f 4104/4209/4209 4216/4321/4321 4193/4298/4298
f 3990/4095/4095 4216/4321/4321 3948/4053/4053
f 3951/4056/4056 3990/4095/4095 3953/4058/4058
f 4216/4321/4321 4104/4209/4209 4217/4322/4322
f 4176/4281/4281 4187/4292/4292 4184/4289/4289
f 4112/4217/4217 4110/4215/4215 3950/4055/4055
f 4103/4208/4208 4106/4211/4211 4107/4212/4212
f 3994/4099/4099 1964/4002/4002 1965/4003/4003
f 4005/4110/4110 3955/4060/4060 4009/4114/4114
f 4007/4112/4112 1963/4001/4001 1964/4002/4002
f 4011/4116/4116 4012/4117/4117 3973/4078/4078
f 4003/4108/4108 3998/4103/4103 3955/4060/4060
f 1968/4006/4006 4113/4218/4218 1967/4005/4005
f 3993/4098/4098 3996/4101/4101 3994/4099/4099
f 4007/4112/4112 1964/4002/4002 3994/4099/4099
f 3997/4102/4102 3998/4103/4103 4000/4105/4105
f 4013/4118/4118 3996/4101/4101 3998/4103/4103
f 4014/4119/4119 3997/4102/4102 4000/4105/4105
f 4038/4143/4143 4040/4145/4145 4343/4448/4448
f 4270/4375/4375 3966/4071/4071 4001/4106/4106
f 3977/4082/4082 4155/4260/4260 4044/4149/4149
f 4001/4106/4106 4014/4119/4119 4000/4105/4105
f 4000/4105/4105 4004/4109/4109 3999/4104/4104
f 3966/4071/4071 4270/4375/4375 4271/4376/4376
f 4000/4105/4105 4332/4437/4437 4001/4106/4106
f 4004/4109/4109 4002/4107/4107 4006/4111/4111
f 4041/4146/4146 4047/4152/4152 4046/4151/4151
f 4000/4105/4105 3998/4103/4103 4003/4108/4108
f 4003/4108/4108 4005/4110/4110 4002/4107/4107
f 4006/4111/4111 3999/4104/4104 4004/4109/4109
f 4003/4108/4108 4002/4107/4107 4004/4109/4109
f 4241/4346/4346 4237/4342/4342 4223/4328/4328
f 1969/4007/4007 4115/4220/4220 1968/4006/4006
f 4332/4437/4437 4273/4378/4378 4270/4375/4375
f 4179/4284/4284 4176/4281/4281 4184/4289/4289
f 4010/4115/4115 1963/4001/4001 4007/4112/4112
f 4013/4118/4118 4011/4116/4116 4007/4112/4112
f 4009/4114/4114 3955/4060/4060 3993/4098/4098
f 4008/4113/4113 4113/4218/4218 3995/4100/4100
f 3995/4100/4100 4009/4114/4114 4008/4113/4113
f 3993/4098/4098 4008/4113/4113 4009/4114/4114
f 1962/4000/4000 1963/4001/4001 4010/4115/4115
f 4011/4116/4116 3973/4078/4078 4010/4115/4115
f 3975/4080/4080 3973/4078/4078 4012/4117/4117
f 4013/4118/4118 3997/4102/4102 4011/4116/4116
f 3966/4071/4071 4012/4117/4117 4001/4106/4106
f 4014/4119/4119 4001/4106/4106 4012/4117/4117
f 4013/4118/4118 3998/4103/4103 3997/4102/4102
f 3994/4099/4099 4013/4118/4118 4007/4112/4112
f 3997/4102/4102 4014/4119/4119 4011/4116/4116
f 4012/4117/4117 4011/4116/4116 4014/4119/4119
f 3911/3980/3980 4129/4234/4234 4017/4122/4122
f 3989/4094/4094 4170/4275/4275 4101/4206/4206
f 3958/4063/4063 3910/3979/3979 4016/4121/4121
f 4017/4122/4122 3957/4062/4062 4016/4121/4121
f 4017/4122/4122 4019/4124/4124 3957/4062/4062
f 3912/3981/3981 4015/4120/4120 4129/4234/4234
f 4020/4125/4125 4019/4124/4124 4018/4123/4123
f 4181/4286/4286 4191/4296/4296 4188/4293/4293
f 3957/4062/4062 4020/4125/4125 4023/4128/4128
f 4018/4123/4123 4021/4126/4126 4177/4282/4282
f 4349/4454/4454 3922/4027/4027 4202/4307/4307
f 4196/4301/4301 4185/4290/4290 4198/4303/4303
f 3956/4061/4061 4021/4126/4126 4015/4120/4120
f 4021/4126/4126 4129/4234/4234 4015/4120/4120
f 4022/4127/4127 4144/4249/4249 4131/4236/4236
f 4022/4127/4127 4132/4237/4237 4133/4238/4238
f 4020/4125/4125 3922/4027/4027 4023/4128/4128
f 4016/4121/4121 3957/4062/4062 4023/4128/4128
f 4274/4379/4379 4143/4248/4248 3906/3975/3975
f 3959/4064/4064 4134/4239/4239 4133/4238/4238
f 3965/4070/4070 4025/4130/4130 3971/4076/4076
f 4025/4130/4130 4329/4434/4434 3971/4076/4076
f 3928/4033/4033 3929/4034/4034 4026/4131/4131
f 4027/4132/4132 3924/4029/4029 4026/4131/4131
f 3926/4031/4031 3924/4029/4029 4027/4132/4132
f 4028/4133/4133 3893/3992/3992 3892/3993/3993
f 4029/4134/4134 3954/4059/4059 4028/4133/4133
f 4027/4132/4132 3972/4077/4077 4028/4133/4133
f 3954/4059/4059 4029/4134/4134 3921/4026/4026
f 3970/4075/4075 3921/4026/4026 4029/4134/4134
f 4092/4197/4197 3982/4087/4087 3981/4086/4086
f 4085/4190/4190 4083/4188/4188 4091/4196/4196
f 3930/4035/4035 3976/4081/4081 4148/4253/4253
f 4031/4136/4136 4049/4154/4154 4150/4255/4255
f 4032/4137/4137 4036/4141/4141 4035/4140/4140
f 4151/4256/4256 4161/4266/4266 4059/4164/4164
f 4034/4139/4139 116/4015/4015 117/4016/4016
f 4033/4138/4138 4035/4140/4140 4038/4143/4143
f 4344/4449/4449 4342/4447/4447 4156/4261/4261
f 114/4013/4013 115/4014/4014 4269/4374/4374
f 4036/4141/4141 3977/4082/4082 4035/4140/4140
f 4037/4142/4142 4032/4137/4137 4035/4140/4140
f 4038/4143/4143 3977/4082/4082 4040/4145/4145
f 4078/4183/4183 4080/4185/4185 4081/4186/4186
f 4037/4142/4142 4161/4266/4266 4032/4137/4137
f 118/4017/4017 4037/4142/4142 4033/4138/4138
f 4033/4138/4138 4038/4143/4143 4034/4139/4139
f 4344/4449/4449 4343/4448/4448 4342/4447/4447
f 4125/4230/4230 132/4009/4009 111/4010/4010
f 4097/4202/4202 4095/4200/4200 4082/4187/4187
f 4039/4144/4144 4040/4145/4145 4043/4148/4148
f 4040/4145/4145 4044/4149/4149 4338/4443/4443
f 4342/4447/4447 4326/4431/4431 4156/4261/4261
f 4339/4444/4444 4097/4202/4202 4286/4391/4391
f 4082/4187/4187 4095/4200/4200 4079/4184/4184
f 4072/4177/4177 4080/4185/4185 4076/4181/4181
f 4341/4446/4446 4043/4148/4148 4046/4151/4151
f 4041/4146/4146 4338/4443/4443 4298/4403/4403
f 4338/4443/4443 4043/4148/4148 4040/4145/4145
f 4044/4149/4149 4155/4260/4260 4042/4147/4147
f 4121/4226/4226 4118/4223/4223 4120/4225/4225
f 4239/4344/4344 4127/4232/4232 4249/4354/4354
f 4341/4446/4446 4039/4144/4144 4043/4148/4148
f 4047/4152/4152 4045/4150/4150 4046/4151/4151
f 4120/4225/4225 4118/4223/4223 4117/4222/4222
f 4142/4247/4247 4141/4246/4246 4207/4312/4312
f 4279/4384/4384 3978/4083/4083 4158/4263/4263
f 4275/4380/4380 4274/4379/4379 4024/4129/4129
f 4049/4154/4154 4147/4252/4252 3904/3973/3973
f 4158/4263/4263 3978/4083/4083 4049/4154/4154
f 3934/4039/4039 3932/4037/4037 4050/4155/4155
f 4051/4156/4156 3896/3965/3965 4050/4155/4155
f 4052/4157/4157 3895/3964/3964 4051/4156/4156
f 4050/4155/4155 3979/4084/4084 4051/4156/4156
f 4066/4171/4171 3983/4088/4088 4071/4176/4176
f 3935/4040/4040 4066/4171/4171 4065/4170/4170
f 4063/4168/4168 4062/4167/4167 3935/4040/4040
f 4055/4160/4160 4346/4451/4451 4054/4159/4159
f 3932/4037/4037 4346/4451/4451 4050/4155/4155
f 3982/4087/4087 4054/4159/4159 3933/4038/4038
f 4067/4172/4172 4063/4168/4168 4065/4170/4170
f 4083/4188/4188 4075/4180/4180 4087/4192/4192
f 3893/3962/3962 3894/3963/3963 3983/4088/4088
f 4057/4162/4162 3943/4048/4048 4056/4161/4161
f 4060/4165/4165 4154/4259/4259 4056/4161/4161
f 121/4020/4020 3943/4048/4048 4057/4162/4162
f 4057/4162/4162 4059/4164/4164 120/4019/4019
f 4094/4199/4199 4086/4191/4191 4284/4389/4389
f 4153/4258/4258 4099/4204/4204 4155/4260/4260
f 120/4019/4019 4059/4164/4164 119/4018/4018
f 4161/4266/4266 119/4018/4018 4059/4164/4164
f 4154/4259/4259 3984/4089/4089 4056/4161/4161
f 4058/4163/4163 4061/4166/4166 4162/4267/4267
f 4061/4166/4166 4062/4167/4167 3985/4090/4090
f 3941/4046/4046 4061/4166/4166 4060/4165/4165
f 4063/4168/4168 3985/4090/4090 4062/4167/4167
f 3935/4040/4040 4062/4167/4167 3944/4049/4049
f 3985/4090/4090 4063/4168/4168 4068/4173/4173
f 4066/4171/4171 4053/4158/4158 4065/4170/4170
f 4068/4173/4173 4069/4174/4174 3985/4090/4090
f 4068/4173/4173 4064/4169/4169 4069/4174/4174
f 3935/4040/4040 4065/4170/4170 4063/4168/4168
f 4063/4168/4168 4067/4172/4172 4068/4173/4173
f 4070/4175/4175 4053/4158/4158 4066/4171/4171
f 3935/4040/4040 3983/4088/4088 4066/4171/4171
f 4073/4178/4178 4064/4169/4169 4067/4172/4172
f 4075/4180/4180 4084/4189/4189 4055/4160/4160
f 4069/4174/4174 4162/4267/4267 3985/4090/4090
f 4067/4172/4172 4064/4169/4169 4068/4173/4173
f 4094/4199/4199 4093/4198/4198 4086/4191/4191
f 4082/4187/4187 4079/4184/4184 4077/4182/4182
f 4070/4175/4175 4347/4452/4452 4053/4158/4158
f 4071/4176/4176 4052/4157/4157 4070/4175/4175
f 3895/3964/3964 4052/4157/4157 4071/4176/4176
f 4073/4178/4178 4072/4177/4177 4076/4181/4181
f 3982/4087/4087 4083/4188/4188 4087/4192/4192
f 4077/4182/4182 4073/4178/4178 4076/4181/4181
f 4075/4180/4180 4072/4177/4177 4073/4178/4178
f 4074/4179/4179 4077/4182/4182 4076/4181/4181
f 4077/4182/4182 4074/4179/4179 4082/4187/4187
f 4075/4180/4180 4083/4188/4188 4072/4177/4177
f 4347/4452/4452 4055/4160/4160 4084/4189/4189
f 4077/4182/4182 4064/4169/4169 4073/4178/4178
f 4074/4179/4179 4080/4185/4185 4078/4183/4183
f 4069/4174/4174 4064/4169/4169 4079/4184/4184
f 4077/4182/4182 4079/4184/4184 4064/4169/4169
f 4082/4187/4187 4074/4179/4179 4285/4390/4390
f 4350/4455/4455 3930/4035/4035 4148/4253/4253
f 4093/4198/4198 4079/4184/4184 4095/4200/4200
f 4093/4198/4198 4069/4174/4174 4079/4184/4184
f 4074/4179/4179 4076/4181/4181 4080/4185/4185
f 4078/4183/4183 4081/4186/4186 4350/4455/4455
f 4146/4251/4251 3976/4081/4081 3930/4035/4035
f 4080/4185/4185 4088/4193/4193 4081/4186/4186
f 4299/4404/4404 4297/4402/4402 4099/4204/4204
f 4098/4203/4203 4095/4200/4200 4097/4202/4202
f 4072/4177/4177 4083/4188/4188 4088/4193/4193
f 4085/4190/4190 3930/4035/4035 4081/4186/4186
f 4089/4194/4194 4065/4170/4170 4053/4158/4158
f 4084/4189/4189 4090/4195/4195 4089/4194/4194
f 4091/4196/4196 4030/4135/4135 4085/4190/4190
f 4088/4193/4193 4083/4188/4188 4085/4190/4190
f 4093/4198/4198 4163/4268/4268 4069/4174/4174
f 4297/4402/4402 4165/4270/4270 4298/4403/4403
f 4054/4159/4159 3982/4087/4087 4087/4192/4192
f 4075/4180/4180 4055/4160/4160 4087/4192/4192
f 4080/4185/4185 4072/4177/4177 4088/4193/4193
f 4085/4190/4190 4081/4186/4186 4088/4193/4193
f 4090/4195/4195 4067/4172/4172 4089/4194/4194
f 4053/4158/4158 4084/4189/4189 4089/4194/4194
f 4073/4178/4178 4067/4172/4172 4090/4195/4195
f 4084/4189/4189 4075/4180/4180 4090/4195/4195
f 4091/4196/4196 4092/4197/4197 4030/4135/4135
f 4083/4188/4188 3982/4087/4087 4091/4196/4196
f 4030/4135/4135 4092/4197/4197 3901/3970/3970
f 3900/3969/3969 3901/3970/3970 4092/4197/4197
f 4069/4174/4174 4163/4268/4268 4162/4267/4267
f 4093/4198/4198 4095/4200/4200 4086/4191/4191
f 4154/4259/4259 4060/4165/4165 4058/4163/4163
f 3984/4089/4089 4152/4257/4257 4151/4256/4256
f 4098/4203/4203 4299/4404/4404 4099/4204/4204
f 4098/4203/4203 4086/4191/4191 4095/4200/4200
f 4207/4312/4312 4141/4246/4246 4135/4240/4240
f 4139/4244/4244 4136/4241/4241 4135/4240/4240
f 4139/4244/4244 4135/4240/4240 4141/4246/4246
f 4282/4387/4387 4336/4441/4441 4294/4399/4399
f 4099/4204/4204 4086/4191/4191 4098/4203/4203
f 4098/4203/4203 4340/4445/4445 4096/4201/4201
f 4152/4257/4257 4284/4389/4389 4153/4258/4258
f 4155/4260/4260 4099/4204/4204 4297/4402/4402
f 4101/4206/4206 3914/3983/3983 4100/4205/4205
f 4102/4207/4207 3989/4094/4094 4100/4205/4205
f 4166/4271/4271 3914/3983/3983 4101/4206/4206
f 4167/4272/4272 4168/4273/4273 4015/4120/4120
f 4102/4207/4207 4217/4322/4322 3989/4094/4094
f 3915/3984/3984 3947/4052/4052 4102/4207/4207
f 3967/4072/4072 4300/4405/4405 4108/4213/4213
f 4108/4213/4213 4107/4212/4212 4109/4214/4214
f 4170/4275/4275 4168/4273/4273 4101/4206/4206
f 4171/4276/4276 4170/4275/4275 3989/4094/4094
f 4105/4210/4210 3992/4097/4097 3894/3991/3991
f 4105/4210/4210 4106/4211/4211 3992/4097/4097
f 3921/4026/4026 4105/4210/4210 3954/4059/4059
f 4110/4215/4215 3992/4097/4097 4106/4211/4211
f 4111/4216/4216 4110/4215/4215 4106/4211/4211
f 4107/4212/4212 4108/4213/4213 4103/4208/4208
f 4105/4210/4210 3921/4026/4026 4107/4212/4212
f 4180/4285/4285 4193/4298/4298 3991/4096/4096
f 4171/4276/4276 4104/4209/4209 4172/4277/4277
f 4108/4213/4213 4109/4214/4214 3967/4072/4072
f 3970/4075/4075 3967/4072/4072 4109/4214/4214
f 4112/4217/4217 3992/4097/4097 4110/4215/4215
f 3950/4055/4055 4110/4215/4215 3951/4056/4056
f 3991/4096/4096 3951/4056/4056 4111/4216/4216
f 4103/4208/4208 4111/4216/4216 4106/4211/4211
f 3992/4097/4097 4112/4217/4217 3895/3990/3990
f 4112/4217/4217 3896/3989/3989 3895/3990/3990
f 4218/4323/4323 3995/4100/4100 4116/4221/4221
f 1968/4006/4006 4115/4220/4220 4113/4218/4218
f 4121/4226/4226 4226/4331/4331 4122/4227/4227
f 1969/4007/4007 1970/4008/4008 4117/4222/4222
f 4116/4221/4221 4113/4218/4218 4115/4220/4220
f 4114/4219/4219 4115/4220/4220 4118/4223/4223
f 4218/4323/4323 4005/4110/4110 3995/4100/4100
f 4115/4220/4220 4114/4219/4219 4116/4221/4221
f 4118/4223/4223 4115/4220/4220 4117/4222/4222
f 4117/4222/4222 4123/4228/4228 4120/4225/4225
f 4121/4226/4226 4114/4219/4219 4118/4223/4223
f 4268/4373/4373 4265/4370/4370 4328/4433/4433
f 4114/4219/4219 4121/4226/4226 4122/4227/4227
f 4208/4313/4313 4214/4319/4319 4210/4315/4315
f 4127/4232/4232 4126/4231/4231 4124/4229/4229
f 4123/4228/4228 132/4009/4009 4125/4230/4230
f 4122/4227/4227 4218/4323/4323 4114/4219/4219
f 4121/4226/4226 4348/4453/4453 4119/4224/4224
f 4002/4107/4107 4005/4110/4110 4219/4324/4324
f 4122/4227/4227 4219/4324/4324 4005/4110/4110
f 4126/4231/4231 4123/4228/4228 4125/4230/4230
f 132/4009/4009 4123/4228/4228 1970/4008/4008
f 4348/4453/4453 4120/4225/4225 4126/4231/4231
f 4262/4367/4367 4259/4364/4364 4256/4361/4361
f 4126/4231/4231 4120/4225/4225 4123/4228/4228
f 4125/4230/4230 4328/4433/4433 4124/4229/4229
f 4120/4225/4225 4348/4453/4453 4121/4226/4226
f 4124/4229/4229 4126/4231/4231 4125/4230/4230
f 4226/4331/4331 4119/4224/4224 4224/4329/4329
f 4228/4333/4333 4127/4232/4232 4239/4344/4344
f 4271/4376/4376 4329/4434/4434 3974/4079/4079
f 4174/4279/4279 4172/4277/4277 4178/4283/4283
f 3911/3980/3980 3912/3981/3981 4129/4234/4234
f 4021/4126/4126 4017/4122/4122 4129/4234/4234
f 4136/4241/4241 4349/4454/4454 4138/4243/4243
f 4136/4241/4241 4138/4243/4243 4135/4240/4240
f 3908/3977/3977 3909/3978/3978 4131/4236/4236
f 4132/4237/4237 4022/4127/4127 4131/4236/4236
f 4022/4127/4127 4133/4238/4238 4134/4239/4239
f 4023/4128/4128 3922/4027/4027 4132/4237/4237
f 4133/4238/4238 4136/4241/4241 3959/4064/4064
f 4132/4237/4237 4349/4454/4454 4133/4238/4238
f 4144/4249/4249 4022/4127/4127 4134/4239/4239
f 3959/4064/4064 4024/4129/4129 4134/4239/4239
f 4143/4248/4248 4275/4380/4380 4276/4381/4381
f 4159/4264/4264 4281/4386/4386 4333/4438/4438
f 3959/4064/4064 4139/4244/4244 4283/4388/4388
f 4135/4240/4240 4304/4409/4409 4207/4312/4312
f 4337/4442/4442 4288/4393/4393 4078/4183/4183
f 4165/4270/4270 4254/4359/4359 4351/4456/4456
f 4138/4243/4243 4202/4307/4307 4130/4235/4235
f 4349/4454/4454 4132/4237/4237 3922/4027/4027
f 3959/4064/4064 4136/4241/4241 4139/4244/4244
f 4137/4242/4242 4141/4246/4246 4352/4457/4457
f 4252/4357/4357 4251/4356/4356 4248/4353/4353
f 4222/4327/4327 4219/4324/4324 4122/4227/4227
f 4137/4242/4242 4139/4244/4244 4141/4246/4246
f 4141/4246/4246 4213/4318/4318 4140/4245/4245
f 4142/4247/4247 4210/4315/4315 4212/4317/4317
f 4301/4406/4406 4189/4294/4294 4192/4297/4297
f 4157/4262/4262 3906/3975/3975 4143/4248/4248
f 4277/4382/4382 4276/4381/4381 4278/4383/4383
f 3908/3977/3977 4144/4249/4249 4024/4129/4129
f 4134/4239/4239 4024/4129/4129 4144/4249/4249
f 3901/3970/3970 3902/3971/3971 4145/4250/4250
f 4146/4251/4251 4030/4135/4135 4145/4250/4250
f 4030/4135/4135 4146/4251/4251 4085/4190/4190
f 3930/4035/4035 4085/4190/4190 4146/4251/4251
f 3976/4081/4081 3903/3972/3972 4147/4252/4252
f 4049/4154/4154 4031/4136/4136 4147/4252/4252
f 4350/4455/4455 4148/4253/4253 4149/4254/4254
f 4031/4136/4136 4148/4253/4253 3976/4081/4081
f 4288/4393/4393 4285/4390/4390 4074/4179/4179
f 4148/4253/4253 4031/4136/4136 4150/4255/4255
f 4149/4254/4254 4150/4255/4255 3978/4083/4083
f 4049/4154/4154 3978/4083/4083 4150/4255/4255
f 4059/4164/4164 3984/4089/4089 4151/4256/4256
f 4032/4137/4137 4151/4256/4256 4036/4141/4141
f 4153/4258/4258 4036/4141/4141 4152/4257/4257
f 4163/4268/4268 4094/4199/4199 4154/4259/4259
f 4155/4260/4260 4036/4141/4141 4153/4258/4258
f 4284/4389/4389 4086/4191/4191 4099/4204/4204
f 3984/4089/4089 4154/4259/4259 4152/4257/4257
f 4094/4199/4199 4152/4257/4257 4154/4259/4259
f 4155/4260/4260 3977/4082/4082 4036/4141/4141
f 4155/4260/4260 4297/4402/4402 4042/4147/4147
f 113/4012/4012 4267/4372/4372 4327/4432/4432
f 4326/4431/4431 4259/4364/4364 4156/4261/4261
f 4049/4154/4154 3905/3974/3974 4157/4262/4262
f 4157/4262/4262 4277/4382/4382 4048/4153/4153
f 4158/4263/4263 4278/4383/4383 4279/4384/4384
f 4157/4262/4262 4048/4153/4153 4158/4263/4263
f 3978/4083/4083 4295/4400/4400 4149/4254/4254
f 4275/4380/4380 4283/4388/4388 4276/4381/4381
f 4056/4161/4161 3984/4089/4089 4160/4265/4265
f 4057/4162/4162 4160/4265/4265 4059/4164/4164
f 4037/4142/4142 119/4018/4018 4161/4266/4266
f 4151/4256/4256 4032/4137/4137 4161/4266/4266
f 4061/4166/4166 3985/4090/4090 4162/4267/4267
f 4163/4268/4268 4058/4163/4163 4162/4267/4267
f 4154/4259/4259 4058/4163/4163 4163/4268/4268
f 4093/4198/4198 4094/4199/4199 4163/4268/4268
f 4286/4391/4391 4164/4269/4269 4287/4392/4392
f 4333/4438/4438 4280/4385/4385 4279/4384/4384
f 4254/4359/4359 4047/4152/4152 4351/4456/4456
f 4325/4430/4430 4246/4351/4351 4251/4356/4356
f 3914/3983/3983 4166/4271/4271 3913/3982/3982
f 4167/4272/4272 4015/4120/4120 3913/3982/3982
f 4168/4273/4273 3956/4061/4061 4015/4120/4120
f 4101/4206/4206 4167/4272/4272 4166/4271/4271
f 3956/4061/4061 4170/4275/4275 4169/4274/4274
f 4101/4206/4206 4168/4273/4273 4167/4272/4272
f 4177/4282/4282 3956/4061/4061 4175/4280/4280
f 4172/4277/4277 4104/4209/4209 4193/4298/4298
f 3956/4061/4061 4168/4273/4273 4170/4275/4275
f 4170/4275/4275 4171/4276/4276 4169/4274/4274
f 4172/4277/4277 4169/4274/4274 4171/4276/4276
f 3989/4094/4094 4104/4209/4209 4171/4276/4276
f 4172/4277/4277 4174/4279/4279 4169/4274/4274
f 4180/4285/4285 4178/4283/4283 4193/4298/4298
f 4174/4279/4279 4175/4280/4280 4169/4274/4274
f 4181/4286/4286 4188/4293/4293 4183/4288/4288
f 4175/4280/4280 3956/4061/4061 4169/4274/4274
f 4179/4284/4284 4174/4279/4279 4178/4283/4283
f 3956/4061/4061 4177/4282/4282 4021/4126/4126
f 4173/4278/4278 4175/4280/4280 4174/4279/4279
f 4176/4281/4281 4179/4284/4284 4178/4283/4283
f 4195/4300/4300 4103/4208/4208 4194/4299/4299
f 4200/4305/4305 4201/4306/4306 4018/4123/4123
f 4175/4280/4280 4196/4301/4301 4177/4282/4282
f 4179/4284/4284 4173/4278/4278 4174/4279/4279
f 4178/4283/4283 4180/4285/4285 4176/4281/4281
f 4183/4288/4288 4173/4278/4278 4179/4284/4284
f 4184/4289/4289 4186/4291/4291 4183/4288/4288
f 4194/4299/4299 4176/4281/4281 4180/4285/4285
f 4195/4300/4300 4194/4299/4299 4180/4285/4285
f 4196/4301/4301 4175/4280/4280 4173/4278/4278
f 4331/4436/4436 4182/4287/4287 4330/4435/4435
f 4182/4287/4287 4189/4294/4294 4186/4291/4291
f 4345/4450/4450 4272/4377/4377 4271/4376/4376
f 4302/4407/4407 4183/4288/4288 4188/4293/4293
f 4186/4291/4291 4181/4286/4286 4183/4288/4288
f 4183/4288/4288 4179/4284/4284 4184/4289/4289
f 4187/4292/4292 4182/4287/4287 4184/4289/4289
f 4200/4305/4305 4196/4301/4301 4198/4303/4303
f 4199/4304/4304 4204/4309/4309 4203/4308/4308
f 4181/4286/4286 4186/4291/4291 4301/4406/4406
f 4184/4289/4289 4182/4287/4287 4186/4291/4291
f 4345/4450/4450 4331/4436/4436 4330/4435/4435
f 4187/4292/4292 4194/4299/4299 4108/4213/4213
f 4302/4407/4407 4173/4278/4278 4183/4288/4288
f 4185/4290/4290 4191/4296/4296 4303/4408/4408
f 4191/4296/4296 4301/4406/4406 4192/4297/4297
f 4332/4437/4437 3999/4104/4104 4273/4378/4378
f 4185/4290/4290 4199/4304/4304 4198/4303/4303
f 4303/4408/4408 4190/4295/4295 4206/4311/4311
f 4185/4290/4290 4188/4293/4293 4191/4296/4296
f 4191/4296/4296 4192/4297/4297 4190/4295/4295
f 4231/4336/4336 4229/4334/4334 4223/4328/4328
f 4006/4111/4111 4318/4423/4423 4321/4426/4426
f 4193/4298/4298 4216/4321/4321 3991/4096/4096
f 4178/4283/4283 4172/4277/4277 4193/4298/4298
f 4187/4292/4292 4176/4281/4281 4194/4299/4299
f 4103/4208/4208 4108/4213/4213 4194/4299/4299
f 4111/4216/4216 4103/4208/4208 4195/4300/4300
f 3991/4096/4096 4195/4300/4300 4180/4285/4285
f 4200/4305/4305 4018/4123/4123 4177/4282/4282
f 4185/4290/4290 4302/4407/4407 4188/4293/4293
f 4201/4306/4306 4203/4308/4308 4202/4307/4307
f 4203/4308/4308 4201/4306/4306 4197/4302/4302
f 4200/4305/4305 4177/4282/4282 4196/4301/4301
f 4199/4304/4304 4197/4302/4302 4198/4303/4303
f 4204/4309/4309 4205/4310/4310 4130/4235/4235
f 4191/4296/4296 4190/4295/4295 4303/4408/4408
f 4201/4306/4306 4020/4125/4125 4018/4123/4123
f 4198/4303/4303 4197/4302/4302 4200/4305/4305
f 4202/4307/4307 4020/4125/4125 4201/4306/4306
f 4197/4302/4302 4201/4306/4306 4200/4305/4305
f 4202/4307/4307 3922/4027/4027 4020/4125/4125
f 4202/4307/4307 4203/4308/4308 4130/4235/4235
f 4204/4309/4309 4130/4235/4235 4203/4308/4308
f 4197/4302/4302 4199/4304/4304 4203/4308/4308
f 4210/4315/4315 4205/4310/4310 4209/4314/4314
f 4199/4304/4304 4206/4311/4311 4204/4309/4309
f 4130/4235/4235 4304/4409/4409 4138/4243/4243
f 4206/4311/4311 4209/4314/4314 4204/4309/4309
f 4209/4314/4314 4205/4310/4310 4204/4309/4309
f 4314/4419/4419 4214/4319/4319 4208/4313/4313
f 4142/4247/4247 4207/4312/4312 4205/4310/4310
f 4205/4310/4310 4304/4409/4409 4130/4235/4235
f 4208/4313/4313 4210/4315/4315 4209/4314/4314
f 4314/4419/4419 4323/4428/4428 4232/4337/4337
f 4210/4315/4315 4142/4247/4247 4205/4310/4310
f 4209/4314/4314 4323/4428/4428 4208/4313/4313
f 4142/4247/4247 4212/4317/4317 4213/4318/4318
f 4212/4317/4317 4210/4315/4315 4214/4319/4319
f 4305/4410/4410 4212/4317/4317 4211/4316/4316
f 4348/4453/4453 4127/4232/4232 4228/4333/4333
f 4142/4247/4247 4213/4318/4318 4141/4246/4246
f 4212/4317/4317 4214/4319/4319 4211/4316/4316
f 4305/4410/4410 4215/4320/4320 4140/4245/4245
f 4212/4317/4317 4305/4410/4410 4213/4318/4318
f 4324/4429/4429 4242/4347/4347 4250/4355/4355
f 4235/4340/4340 4233/4338/4338 4231/4336/4336
f 4137/4242/4242 4282/4387/4387 4281/4386/4386
f 4257/4362/4362 4312/4417/4417 4311/4416/4416
f 3990/4095/4095 3991/4096/4096 4216/4321/4321
f 4217/4322/4322 3948/4053/4053 4216/4321/4321
f 4102/4207/4207 3948/4053/4053 4217/4322/4322
f 3989/4094/4094 4217/4322/4322 4104/4209/4209
f 4116/4221/4221 4114/4219/4219 4218/4323/4323
f 4005/4110/4110 4218/4323/4323 4122/4227/4227
f 4006/4111/4111 4002/4107/4107 4220/4325/4325
f 4219/4324/4324 4220/4325/4325 4002/4107/4107
f 4225/4330/4330 4222/4327/4327 4221/4326/4326
f 4222/4327/4327 4226/4331/4331 4224/4329/4329
f 4220/4325/4325 4225/4330/4330 4229/4334/4334
f 4236/4341/4341 4237/4342/4342 4244/4349/4349
f 4225/4330/4330 4220/4325/4325 4219/4324/4324
f 4222/4327/4327 4224/4329/4329 4221/4326/4326
f 4273/4378/4378 4321/4426/4426 4316/4421/4421
f 4235/4340/4340 4223/4328/4328 4237/4342/4342
f 4238/4343/4343 4221/4326/4326 4224/4329/4329
f 4119/4224/4224 4228/4333/4333 4224/4329/4329
f 4219/4324/4324 4222/4327/4327 4225/4330/4330
f 4229/4334/4334 4006/4111/4111 4220/4325/4325
f 4121/4226/4226 4119/4224/4224 4226/4331/4331
f 4222/4327/4327 4122/4227/4227 4226/4331/4331
f 4235/4340/4340 4237/4342/4342 4236/4341/4341
f 4227/4332/4332 4239/4344/4344 4247/4352/4352
f 4238/4343/4343 4224/4329/4329 4228/4333/4333
f 4228/4333/4333 4239/4344/4344 4238/4343/4343
f 4006/4111/4111 4231/4336/4336 4318/4423/4423
f 4223/4328/4328 4229/4334/4334 4225/4330/4330
f 4315/4420/4420 4322/4427/4427 4190/4295/4295
f 4322/4427/4427 4206/4311/4311 4190/4295/4295
f 4006/4111/4111 4229/4334/4334 4231/4336/4336
f 4233/4338/4338 4230/4335/4335 4231/4336/4336
f 4234/4339/4339 4233/4338/4338 4232/4337/4337
f 4235/4340/4340 4231/4336/4336 4223/4328/4328
f 4234/4339/4339 4230/4335/4335 4233/4338/4338
f 4233/4338/4338 4235/4340/4340 4232/4337/4337
f 4234/4339/4339 4315/4420/4420 4230/4335/4335
f 4322/4427/4427 4234/4339/4339 4323/4428/4428
f 4236/4341/4341 4314/4419/4419 4232/4337/4337
f 4235/4340/4340 4236/4341/4341 4232/4337/4337
f 4308/4413/4413 4214/4319/4319 4245/4350/4350
f 4241/4346/4346 4225/4330/4330 4221/4326/4326
f 4308/4413/4413 4211/4316/4316 4214/4319/4319
f 4238/4343/4343 4242/4347/4347 4221/4326/4326
f 4221/4326/4326 4242/4347/4347 4241/4346/4346
f 4238/4343/4343 4239/4344/4344 4227/4332/4332
f 4250/4355/4355 4227/4332/4332 4248/4353/4353
f 4247/4352/4352 4239/4344/4344 4249/4354/4354
f 4305/4410/4410 4211/4316/4316 4306/4411/4411
f 4238/4343/4343 4227/4332/4332 4242/4347/4347
f 4223/4328/4328 4225/4330/4330 4241/4346/4346
f 4241/4346/4346 4242/4347/4347 4237/4342/4342
f 4324/4429/4429 4244/4349/4349 4237/4342/4342
f 4324/4429/4429 4250/4355/4355 4246/4351/4351
f 4256/4361/4361 4045/4150/4150 4258/4363/4363
f 4249/4354/4354 4256/4361/4361 4243/4348/4348
f 4245/4350/4350 4214/4319/4319 4236/4341/4341
f 4244/4349/4349 4246/4351/4351 4240/4345/4345
f 4240/4345/4345 4245/4350/4350 4244/4349/4349
f 4236/4341/4341 4244/4349/4349 4245/4350/4350
f 4308/4413/4413 4245/4350/4350 4240/4345/4345
f 4248/4353/4353 4247/4352/4352 4243/4348/4348
f 4248/4353/4353 4227/4332/4332 4247/4352/4352
f 4249/4354/4354 4243/4348/4348 4247/4352/4352
f 4248/4353/4353 4251/4356/4356 4250/4355/4355
f 4243/4348/4348 4252/4357/4357 4248/4353/4353
f 4243/4348/4348 4256/4361/4361 4258/4363/4363
f 4249/4354/4354 4264/4369/4369 4262/4367/4367
f 4242/4347/4347 4227/4332/4332 4250/4355/4355
f 4251/4356/4356 4246/4351/4351 4250/4355/4355
f 4325/4430/4430 4240/4345/4345 4246/4351/4351
f 4252/4357/4357 4258/4363/4363 4047/4152/4152
f 4255/4360/4360 4253/4358/4358 4251/4356/4356
f 4047/4152/4152 4254/4359/4359 4252/4357/4357
f 4261/4366/4366 4254/4359/4359 4165/4270/4270
f 4254/4359/4359 4261/4366/4366 4260/4365/4365
f 4251/4356/4356 4252/4357/4357 4255/4360/4360
f 4255/4360/4360 4254/4359/4359 4260/4365/4365
f 4253/4358/4358 4260/4365/4365 4310/4415/4415
f 4254/4359/4359 4255/4360/4360 4252/4357/4357
f 4259/4364/4364 4326/4431/4431 4045/4150/4150
f 4045/4150/4150 4256/4361/4361 4259/4364/4364
f 4311/4416/4416 4307/4412/4412 4310/4415/4415
f 4334/4439/4439 4335/4440/4440 4215/4320/4320
f 4252/4357/4357 4243/4348/4348 4258/4363/4363
f 4045/4150/4150 4047/4152/4152 4258/4363/4363
f 4267/4372/4372 4266/4371/4371 4263/4368/4368
f 4266/4371/4371 4259/4364/4364 4262/4367/4367
f 4253/4358/4358 4255/4360/4360 4260/4365/4365
f 4260/4365/4365 4261/4366/4366 4257/4362/4362
f 4313/4418/4418 4312/4417/4417 4257/4362/4362
f 4299/4404/4404 4096/4201/4201 4261/4366/4366
f 4267/4372/4372 4156/4261/4261 4259/4364/4364
f 4249/4354/4354 4127/4232/4232 4264/4369/4369
f 113/4012/4012 4327/4432/4432 112/4011/4011
f 4268/4373/4373 4263/4368/4368 4265/4370/4370
f 4265/4370/4370 4262/4367/4367 4264/4369/4369
f 4124/4229/4229 4264/4369/4369 4127/4232/4232
f 4266/4371/4371 4262/4367/4367 4265/4370/4370
f 4263/4368/4368 4268/4373/4373 4327/4432/4432
f 4267/4372/4372 4259/4364/4364 4266/4371/4371
f 4265/4370/4370 4263/4368/4368 4266/4371/4371
f 4156/4261/4261 4267/4372/4372 4269/4374/4374
f 4267/4372/4372 113/4012/4012 4269/4374/4374
f 111/4010/4010 112/4011/4011 4328/4433/4433
f 4268/4373/4373 4328/4433/4433 112/4011/4011
f 4269/4374/4374 4344/4449/4449 4156/4261/4261
f 113/4012/4012 114/4013/4013 4269/4374/4374
f 4271/4376/4376 3974/4079/4079 3966/4071/4071
f 4270/4375/4375 4273/4378/4378 4128/4233/4233
f 4272/4377/4377 4329/4434/4434 4271/4376/4376
f 4128/4233/4233 4271/4376/4376 4270/4375/4375
f 4300/4405/4405 3967/4072/4072 3971/4076/4076
f 4182/4287/4287 4187/4292/4292 4330/4435/4435
f 4320/4425/4425 4189/4294/4294 4128/4233/4233
f 4317/4422/4422 4315/4420/4420 4319/4424/4424
f 3906/3975/3975 3907/3976/3976 4274/4379/4379
f 4275/4380/4380 4143/4248/4248 4274/4379/4379
f 4143/4248/4248 4276/4381/4381 4277/4382/4382
f 3959/4064/4064 4275/4380/4380 4024/4129/4129
f 4159/4264/4264 4276/4381/4381 4281/4386/4386
f 4276/4381/4381 4283/4388/4388 4281/4386/4386
f 4157/4262/4262 4143/4248/4248 4277/4382/4382
f 4278/4383/4383 4048/4153/4153 4277/4382/4382
f 4158/4263/4263 4048/4153/4153 4278/4383/4383
f 4276/4381/4381 4159/4264/4264 4278/4383/4383
f 4280/4385/4385 3978/4083/4083 4279/4384/4384
f 4159/4264/4264 4279/4384/4384 4278/4383/4383
f 4337/4442/4442 4295/4400/4400 4289/4394/4394
f 4294/4399/4399 4290/4395/4395 4296/4401/4401
f 4281/4386/4386 4282/4387/4387 4333/4438/4438
f 4283/4388/4388 4137/4242/4242 4281/4386/4386
f 4290/4395/4395 4164/4269/4269 4289/4394/4394
f 4336/4441/4441 4282/4387/4387 4352/4457/4457
f 4139/4244/4244 4137/4242/4242 4283/4388/4388
f 4275/4380/4380 3959/4064/4064 4283/4388/4388
f 4152/4257/4257 4094/4199/4199 4284/4389/4389
f 4099/4204/4204 4153/4258/4258 4284/4389/4389
f 4286/4391/4391 4097/4202/4202 4082/4187/4187
f 4288/4393/4393 4164/4269/4269 4285/4390/4390
f 4164/4269/4269 4286/4391/4391 4285/4390/4390
f 4082/4187/4187 4285/4390/4390 4286/4391/4391
f 4311/4416/4416 4312/4417/4417 4293/4398/4398
f 4287/4392/4392 4290/4395/4395 4292/4397/4397
f 4288/4393/4393 4289/4394/4394 4164/4269/4269
f 4078/4183/4183 4288/4393/4393 4074/4179/4179
f 4290/4395/4395 4287/4392/4392 4164/4269/4269
f 4295/4400/4400 4280/4385/4385 4289/4394/4394
f 4293/4398/4398 4292/4397/4397 4291/4396/4396
f 4296/4401/4401 4289/4394/4394 4280/4385/4385
f 4291/4396/4396 4335/4440/4440 4334/4439/4439
f 4292/4397/4397 4294/4399/4399 4291/4396/4396
f 4293/4398/4398 4287/4392/4392 4292/4397/4397
f 4291/4396/4396 4294/4399/4399 4336/4441/4441
f 4312/4417/4417 4339/4444/4444 4287/4392/4392
f 4307/4412/4412 4215/4320/4320 4306/4411/4411
f 4282/4387/4387 4296/4401/4401 4333/4438/4438
f 4290/4395/4395 4294/4399/4399 4292/4397/4397
f 3978/4083/4083 4280/4385/4385 4295/4400/4400
f 4350/4455/4455 4149/4254/4254 4337/4442/4442
f 4290/4395/4395 4289/4394/4394 4296/4401/4401
f 4282/4387/4387 4294/4399/4399 4296/4401/4401
f 4298/4403/4403 4042/4147/4147 4297/4402/4402
f 4299/4404/4404 4165/4270/4270 4297/4402/4402
f 4042/4147/4147 4338/4443/4443 4044/4149/4149
f 4298/4403/4403 4351/4456/4456 4041/4146/4146
f 4261/4366/4366 4165/4270/4270 4299/4404/4404
f 4299/4404/4404 4098/4203/4203 4096/4201/4201
f 4330/4435/4435 4187/4292/4292 4300/4405/4405
f 4300/4405/4405 4329/4434/4434 4272/4377/4377
f 4186/4291/4291 4189/4294/4294 4301/4406/4406
f 4191/4296/4296 4181/4286/4286 4301/4406/4406
f 4173/4278/4278 4302/4407/4407 4196/4301/4301
f 4185/4290/4290 4196/4301/4301 4302/4407/4407
f 4185/4290/4290 4303/4408/4408 4199/4304/4304
f 4206/4311/4311 4199/4304/4304 4303/4408/4408
f 4135/4240/4240 4138/4243/4243 4304/4409/4409
f 4205/4310/4310 4207/4312/4312 4304/4409/4409
f 4140/4245/4245 4213/4318/4318 4305/4410/4410
f 4306/4411/4411 4215/4320/4320 4305/4410/4410
f 4334/4439/4439 4215/4320/4320 4307/4412/4412
f 4309/4414/4414 4308/4413/4413 4240/4345/4345
f 4293/4398/4398 4307/4412/4412 4311/4416/4416
f 4257/4362/4362 4310/4415/4415 4260/4365/4365
f 4211/4316/4316 4308/4413/4413 4306/4411/4411
f 4309/4414/4414 4306/4411/4411 4308/4413/4413
f 4307/4412/4412 4306/4411/4411 4309/4414/4414
f 4309/4414/4414 4325/4430/4430 4253/4358/4358
f 4253/4358/4358 4310/4415/4415 4309/4414/4414
f 4307/4412/4412 4309/4414/4414 4310/4415/4415
f 4287/4392/4392 4293/4398/4398 4312/4417/4417
f 4310/4415/4415 4257/4362/4362 4311/4416/4416
f 4340/4445/4445 4339/4444/4444 4312/4417/4417
f 4313/4418/4418 4261/4366/4366 4096/4201/4201
f 4257/4362/4362 4261/4366/4366 4313/4418/4418
f 4340/4445/4445 4312/4417/4417 4313/4418/4418
f 4236/4341/4341 4214/4319/4319 4314/4419/4419
f 4323/4428/4428 4234/4339/4339 4232/4337/4337
f 4317/4422/4422 4230/4335/4335 4315/4420/4420
f 4190/4295/4295 4192/4297/4297 4315/4420/4420
f 4317/4422/4422 4316/4421/4421 4318/4423/4423
f 4320/4425/4425 4319/4424/4424 4189/4294/4294
f 4318/4423/4423 4230/4335/4335 4317/4422/4422
f 4319/4424/4424 4316/4421/4421 4317/4422/4422
f 4231/4336/4336 4230/4335/4335 4318/4423/4423
f 4006/4111/4111 4321/4426/4426 3999/4104/4104
f 4319/4424/4424 4320/4425/4425 4316/4421/4421
f 4315/4420/4420 4192/4297/4297 4319/4424/4424
f 4316/4421/4421 4320/4425/4425 4273/4378/4378
f 4128/4233/4233 4273/4378/4378 4320/4425/4425
f 4273/4378/4378 3999/4104/4104 4321/4426/4426
f 4316/4421/4421 4321/4426/4426 4318/4423/4423
f 4323/4428/4428 4206/4311/4311 4322/4427/4427
f 4315/4420/4420 4234/4339/4339 4322/4427/4427
f 4209/4314/4314 4206/4311/4311 4323/4428/4428
f 4314/4419/4419 4208/4313/4313 4323/4428/4428
f 4237/4342/4342 4242/4347/4347 4324/4429/4429
f 4244/4349/4349 4324/4429/4429 4246/4351/4351
f 4309/4414/4414 4240/4345/4345 4325/4430/4430
f 4251/4356/4356 4253/4358/4358 4325/4430/4430
f 4341/4446/4446 4046/4151/4151 4045/4150/4150
f 4326/4431/4431 4342/4447/4447 4341/4446/4446
f 4268/4373/4373 112/4011/4011 4327/4432/4432
f 4267/4372/4372 4263/4368/4368 4327/4432/4432
f 4125/4230/4230 111/4010/4010 4328/4433/4433
f 4265/4370/4370 4124/4229/4229 4328/4433/4433
f 4025/4130/4130 3974/4079/4079 4329/4434/4434
f 4300/4405/4405 3971/4076/4076 4329/4434/4434
f 4182/4287/4287 4331/4436/4436 4189/4294/4294
f 4300/4405/4405 4272/4377/4377 4330/4435/4435
f 4189/4294/4294 4331/4436/4436 4128/4233/4233
f 4128/4233/4233 4345/4450/4450 4271/4376/4376
f 4000/4105/4105 3999/4104/4104 4332/4437/4437
f 4270/4375/4375 4001/4106/4106 4332/4437/4437
f 4279/4384/4384 4159/4264/4264 4333/4438/4438
f 4296/4401/4401 4280/4385/4385 4333/4438/4438
f 4291/4396/4396 4334/4439/4439 4293/4398/4398
f 4307/4412/4412 4293/4398/4398 4334/4439/4439
f 4215/4320/4320 4335/4440/4440 4140/4245/4245
f 4352/4457/4457 4335/4440/4440 4336/4441/4441
f 4291/4396/4396 4336/4441/4441 4335/4440/4440
f 4335/4440/4440 4352/4457/4457 4140/4245/4245
f 4289/4394/4394 4288/4393/4393 4337/4442/4442
f 4149/4254/4254 4295/4400/4400 4337/4442/4442
f 4041/4146/4146 4043/4148/4148 4338/4443/4443
f 4042/4147/4147 4298/4403/4403 4338/4443/4443
f 4286/4391/4391 4287/4392/4392 4339/4444/4444
f 4340/4445/4445 4097/4202/4202 4339/4444/4444
f 4098/4203/4203 4097/4202/4202 4340/4445/4445
f 4313/4418/4418 4096/4201/4201 4340/4445/4445
f 4341/4446/4446 4342/4447/4447 4039/4144/4144
f 4045/4150/4150 4326/4431/4431 4341/4446/4446
f 4039/4144/4144 4343/4448/4448 4040/4145/4145
f 4039/4144/4144 4342/4447/4447 4343/4448/4448
f 4034/4139/4139 4343/4448/4448 116/4015/4015
f 4344/4449/4449 115/4014/4014 116/4015/4015
f 116/4015/4015 4343/4448/4448 4344/4449/4449
f 4269/4374/4374 115/4014/4014 4344/4449/4449
f 4330/4435/4435 4272/4377/4377 4345/4450/4450
f 4128/4233/4233 4331/4436/4436 4345/4450/4450
f 3932/4037/4037 4054/4159/4159 4346/4451/4451
f 4347/4452/4452 3979/4084/4084 4346/4451/4451
f 4070/4175/4175 3979/4084/4084 4347/4452/4452
f 4347/4452/4452 4084/4189/4189 4053/4158/4158
f 4228/4333/4333 4119/4224/4224 4348/4453/4453
f 4126/4231/4231 4127/4232/4232 4348/4453/4453
f 4136/4241/4241 4133/4238/4238 4349/4454/4454
f 4202/4307/4307 4138/4243/4243 4349/4454/4454
f 4081/4186/4186 3930/4035/4035 4350/4455/4455
f 4337/4442/4442 4078/4183/4183 4350/4455/4455
f 4298/4403/4403 4165/4270/4270 4351/4456/4456
f 4047/4152/4152 4041/4146/4146 4351/4456/4456
f 4141/4246/4246 4140/4245/4245 4352/4457/4457
f 4282/4387/4387 4137/4242/4242 4352/4457/4457
usemtl 绿_front
f 4360/4486/4486 4379/4485/4485 4380/4522/4522
f 4622/4764/4764 4518/4660/4660 4519/4661/4661
f 4380/4522/4522 4359/4487/4487 4360/4486/4486
f 4396/4538/4538 4395/4537/4537 4393/4535/4535
f 4354/4460/4460 4402/4544/4544 4407/4549/4549
f 4380/4522/4522 4408/4550/4550 4414/4556/4556
f 4490/4632/4632 4355/4491/4491 4416/4558/4558
f 4391/4533/4533 4389/4531/4531 4390/4532/4532
f 4380/4522/4522 4414/4556/4556 4411/4553/4553
f 4395/4537/4537 4396/4538/4538 4394/4536/4536
f 40/4458/4458 41/4521/4521 4399/4541/4541
f 4574/4716/4716 4358/4488/4488 4412/4554/4554
f 4409/4551/4551 4378/4484/4484 4377/4483/4483
f 4391/4533/4533 4431/4573/4573 4427/4569/4569
f 4422/4564/4564 4424/4566/4566 2001/4497/4497
f 4386/4528/4528 4387/4529/4529 4388/4530/4530
f 4356/4490/4490 4416/4558/4558 4355/4491/4491
f 4371/4477/4477 4593/4735/4735 4420/4562/4562
f 40/4494/4494 4353/4493/4493 4385/4527/4527
f 4373/4479/4479 4478/4620/4620 4479/4621/4621
f 4373/4479/4479 4372/4478/4478 4478/4620/4620
f 4409/4551/4551 4410/4552/4552 4381/4523/4523
f 4372/4478/4478 4371/4477/4477 4420/4562/4562
f 4485/4627/4627 4478/4620/4620 4420/4562/4562
f 4378/4484/4484 4408/4550/4550 4379/4485/4485
f 4410/4552/4552 4409/4551/4551 4564/4706/4706
f 4408/4550/4550 4409/4551/4551 4381/4523/4523
f 4375/4481/4481 4374/4480/4480 4477/4619/4619
f 4497/4639/4639 4499/4641/4641 4495/4637/4637
f 4369/4475/4475 4486/4628/4628 4370/4476/4476
f 40/4494/4494 4385/4527/4527 2003/4495/4495
f 4401/4543/4543 42/4520/4520 4405/4547/4547
f 4388/4530/4530 4385/4527/4527 4353/4493/4493
f 4385/4527/4527 4388/4530/4530 4387/4529/4529
f 4513/4655/4655 4358/4464/4464 4357/4463/4463
f 4390/4532/4532 4387/4529/4529 4386/4528/4528
f 4427/4569/4569 4425/4567/4567 4389/4531/4531
f 4391/4533/4533 4488/4630/4630 4432/4574/4574
f 4522/4664/4664 4403/4545/4545 4518/4660/4660
f 2002/4496/4496 4387/4529/4529 4390/4532/4532
f 4387/4529/4529 2003/4495/4495 4385/4527/4527
f 4489/4631/4631 4388/4530/4530 4354/4492/4492
f 4424/4566/4566 2000/4498/4498 2001/4497/4497
f 4554/4696/4696 4362/4468/4468 4443/4585/4585
f 4404/4546/4546 4401/4543/4543 4405/4547/4547
f 4437/4579/4579 4426/4568/4568 4430/4572/4572
f 4448/4590/4590 4407/4549/4549 4402/4544/4544
f 4472/4614/4614 4473/4615/4615 4469/4611/4611
f 4455/4597/4597 4458/4600/4600 4417/4559/4559
f 4400/4542/4542 4399/4541/4541 41/4521/4521
f 4403/4545/4545 4404/4546/4546 4405/4547/4547
f 1994/4504/4504 1995/4503/4503 4470/4612/4612
f 4404/4546/4546 4406/4548/4548 4448/4590/4590
f 4470/4612/4612 4575/4717/4717 1994/4504/4504
f 4455/4597/4597 1995/4503/4503 1996/4502/4502
f 4407/4549/4549 4448/4590/4590 4449/4591/4591
f 2000/4498/4498 4424/4566/4566 4426/4568/4568
f 4519/4661/4661 43/4519/4519 44/4518/4518
f 4575/4717/4717 4457/4599/4599 4578/4720/4720
f 4523/4665/4665 4406/4548/4548 4403/4545/4545
f 4471/4613/4613 4467/4609/4609 4457/4599/4599
f 4412/4554/4554 4411/4553/4553 4382/4524/4524
f 4607/4749/4749 4438/4580/4580 4364/4470/4470
f 4470/4612/4612 1995/4503/4503 4455/4597/4597
f 4393/4535/4535 4395/4537/4537 4442/4584/4584
f 2002/4496/4496 4422/4564/4564 2001/4497/4497
f 4415/4557/4557 4382/4524/4524 4414/4556/4556
f 4362/4468/4468 4361/4467/4467 4442/4584/4584
f 4366/4472/4472 4511/4653/4653 4367/4473/4473
f 4408/4550/4550 4380/4522/4522 4379/4485/4485
f 4609/4751/4751 4366/4472/4472 4365/4471/4471
f 4358/4488/4488 4359/4487/4487 4411/4553/4553
f 4411/4553/4553 4412/4554/4554 4358/4488/4488
f 4619/4761/4761 4511/4653/4653 4620/4762/4762
f 4609/4751/4751 4438/4580/4580 4493/4635/4635
f 4354/4492/4492 4490/4632/4632 4489/4631/4631
f 4360/4466/4466 4359/4465/4465 4393/4535/4535
f 4358/4464/4464 4396/4538/4538 4359/4465/4465
f 4359/4465/4465 4396/4538/4538 4393/4535/4535
f 4442/4584/4584 4443/4585/4585 4362/4468/4468
f 4398/4540/4540 4400/4542/4542 4401/4543/4543
f 4513/4655/4655 4514/4656/4656 4441/4583/4583
f 4512/4654/4654 4441/4583/4583 4810/4952/4952
f 4354/4492/4492 4388/4530/4530 4353/4493/4493
f 4448/4590/4590 4402/4544/4544 4398/4540/4540
f 4390/4532/4532 4389/4531/4531 4422/4564/4564
f 4358/4464/4464 4512/4654/4654 4396/4538/4538
f 4533/4675/4675 4356/4462/4462 4445/4587/4587
f 4400/4542/4542 4398/4540/4540 4402/4544/4544
f 4361/4467/4467 4360/4466/4466 4393/4535/4535
f 43/4519/4519 4405/4547/4547 42/4520/4520
f 4353/4459/4459 4400/4542/4542 4402/4544/4544
f 4412/4554/4554 4382/4524/4524 4413/4555/4555
f 4719/4861/4861 4586/4728/4728 4589/4731/4731
f 42/4520/4520 4400/4542/4542 41/4521/4521
f 4496/4638/4638 4742/4884/4884 4500/4642/4642
f 4508/4650/4650 4503/4645/4645 4505/4647/4647
f 4354/4460/4460 4353/4459/4459 4402/4544/4544
f 4355/4461/4461 4354/4460/4460 4450/4592/4592
f 1992/4506/4506 4577/4719/4719 4579/4721/4721
f 4408/4550/4550 4381/4523/4523 4414/4556/4556
f 4467/4609/4609 4417/4559/4559 4465/4607/4607
f 4585/4727/4727 1991/4507/4507 4579/4721/4721
f 4409/4551/4551 4408/4550/4550 4378/4484/4484
f 4562/4704/4704 4377/4483/4483 4376/4482/4482
f 4593/4735/4735 4594/4736/4736 4420/4562/4562
f 4400/4542/4542 42/4520/4520 4401/4543/4543
f 4353/4459/4459 40/4458/4458 4399/4541/4541
f 45/4517/4517 46/4516/4516 4499/4641/4641
f 4404/4546/4546 4398/4540/4540 4401/4543/4543
f 2002/4496/4496 2003/4495/4495 4387/4529/4529
f 4405/4547/4547 4518/4660/4660 4403/4545/4545
f 4500/4642/4642 4439/4581/4581 4497/4639/4639
f 4390/4532/4532 4386/4528/4528 4488/4630/4630
f 4404/4546/4546 4403/4545/4545 4406/4548/4548
f 46/4516/4516 47/4515/4515 4495/4637/4637
f 4395/4537/4537 4394/4536/4536 4516/4658/4658
f 4608/4750/4750 4438/4580/4580 4607/4749/4749
f 4364/4470/4470 4438/4580/4580 4365/4471/4471
f 4400/4542/4542 4353/4459/4459 4399/4541/4541
f 4377/4483/4483 4562/4704/4704 4564/4706/4706
f 4451/4593/4593 4562/4704/4704 4563/4705/4705
f 4727/4869/4869 4486/4628/4628 4369/4475/4475
f 4380/4522/4522 4411/4553/4553 4359/4487/4487
f 4449/4591/4591 4406/4548/4548 4397/4539/4539
f 4382/4524/4524 4415/4557/4557 4413/4555/4555
f 4573/4715/4715 4572/4714/4714 4413/4555/4555
f 4569/4711/4711 4567/4709/4709 4568/4710/4710
f 4416/4558/4558 4356/4490/4490 4567/4709/4709
f 4415/4557/4557 4414/4556/4556 4381/4523/4523
f 4411/4553/4553 4414/4556/4556 4382/4524/4524
f 4381/4523/4523 4410/4552/4552 4415/4557/4557
f 4452/4594/4594 4415/4557/4557 4410/4552/4552
f 4356/4490/4490 4357/4489/4489 4454/4596/4596
f 4432/4574/4574 4434/4576/4576 4491/4633/4633
f 1996/4502/4502 4456/4598/4598 4455/4597/4597
f 4466/4608/4608 4465/4607/4607 4462/4604/4604
f 4417/4559/4559 4458/4600/4600 4460/4602/4602
f 4452/4594/4594 4453/4595/4595 4413/4555/4555
f 4482/4624/4624 4481/4623/4623 4419/4561/4561
f 4479/4621/4621 4481/4623/4623 4483/4625/4625
f 4370/4476/4476 4606/4748/4748 4593/4735/4735
f 4420/4562/4562 4594/4736/4736 4485/4627/4627
f 4406/4548/4548 4523/4665/4665 4524/4666/4666
f 4722/4864/4864 4720/4862/4862 4721/4863/4863
f 4390/4532/4532 4422/4564/4564 2002/4496/4496
f 4425/4567/4567 4424/4566/4566 4422/4564/4564
f 4425/4567/4567 4427/4569/4569 4487/4629/4629
f 4437/4579/4579 1999/4499/4499 4426/4568/4568
f 4425/4567/4567 4422/4564/4564 4389/4531/4531
f 4424/4566/4566 4423/4565/4565 4426/4568/4568
f 4427/4569/4569 4389/4531/4531 4391/4533/4533
f 4423/4565/4565 4424/4566/4566 4425/4567/4567
f 4423/4565/4565 4430/4572/4572 4426/4568/4568
f 1999/4499/4499 2000/4498/4498 4426/4568/4568
f 4431/4573/4573 4432/4574/4574 4429/4571/4571
f 4423/4565/4565 4425/4567/4567 4487/4629/4629
f 4427/4569/4569 4431/4573/4573 4433/4575/4575
f 4481/4623/4623 4480/4622/4622 4483/4625/4625
f 4453/4595/4595 4657/4799/4799 4573/4715/4715
f 4430/4572/4572 4436/4578/4578 4428/4570/4570
f 4423/4565/4565 4487/4629/4629 4436/4578/4578
f 4474/4616/4616 4437/4579/4579 4428/4570/4570
f 4432/4574/4574 4431/4573/4573 4391/4533/4533
f 4433/4575/4575 4431/4573/4573 4429/4571/4571
f 4488/4630/4630 4434/4576/4576 4432/4574/4574
f 4432/4574/4574 4383/4525/4525 4571/4713/4713
f 4383/4525/4525 4569/4711/4711 4571/4713/4713
f 4436/4578/4578 4430/4572/4572 4423/4565/4565
f 4434/4576/4576 4488/4630/4630 4489/4631/4631
f 4434/4576/4576 4490/4632/4632 4491/4633/4633
f 4475/4617/4617 4458/4600/4600 4456/4598/4598
f 1999/4499/4499 4435/4577/4577 4472/4614/4614
f 4649/4791/4791 4761/4903/4903 4570/4712/4712
f 4786/4928/4928 4654/4796/4796 4775/4917/4917
f 4428/4570/4570 4437/4579/4579 4430/4572/4572
f 1999/4499/4499 4437/4579/4579 4435/4577/4577
f 4607/4749/4749 4363/4469/4469 4492/4634/4634
f 4610/4752/4752 4611/4753/4753 4612/4754/4754
f 47/4515/4515 4496/4638/4638 4495/4637/4637
f 4619/4761/4761 4368/4474/4474 4367/4473/4473
f 4537/4679/4679 4552/4694/4694 4535/4677/4677
f 4439/4581/4581 4502/4644/4644 4506/4648/4648
f 4357/4463/4463 4356/4462/4462 4533/4675/4675
f 4529/4671/4671 4551/4693/4693 4527/4669/4669
f 4393/4535/4535 4442/4584/4584 4361/4467/4467
f 4443/4585/4585 4442/4584/4584 4395/4537/4537
f 4444/4586/4586 4443/4585/4585 4395/4537/4537
f 4553/4695/4695 4554/4696/4696 4444/4586/4586
f 4811/4953/4953 4517/4659/4659 4810/4952/4952
f 4441/4583/4583 4514/4656/4656 4532/4674/4674
f 4445/4587/4587 4355/4461/4461 4450/4592/4592
f 4532/4674/4674 4533/4675/4675 4528/4670/4670
f 4446/4588/4588 4622/4764/4764 4521/4663/4663
f 4520/4662/4662 4523/4665/4665 4522/4664/4664
f 4498/4640/4640 4614/4756/4756 4613/4755/4755
f 4549/4691/4691 4516/4658/4658 4517/4659/4659
f 4404/4546/4546 4448/4590/4590 4398/4540/4540
f 4449/4591/4591 4448/4590/4590 4406/4548/4548
f 4397/4539/4539 4445/4587/4587 4449/4591/4591
f 4445/4587/4587 4407/4549/4549 4449/4591/4591
f 4354/4460/4460 4407/4549/4549 4450/4592/4592
f 4445/4587/4587 4450/4592/4592 4407/4549/4549
f 4375/4481/4481 4629/4771/4771 4628/4770/4770
f 4566/4708/4708 4655/4797/4797 4678/4820/4820
f 4452/4594/4594 4410/4552/4552 4678/4820/4820
f 4413/4555/4555 4415/4557/4557 4452/4594/4594
f 4678/4820/4820 4679/4821/4821 4566/4708/4708
f 4638/4780/4780 4646/4788/4788 4649/4791/4791
f 4574/4716/4716 4412/4554/4554 4572/4714/4714
f 4565/4707/4707 4569/4711/4711 4568/4710/4710
f 4456/4598/4598 1996/4502/4502 1997/4501/4501
f 4467/4609/4609 4471/4613/4613 4417/4559/4559
f 4469/4611/4611 1997/4501/4501 1998/4500/4500
f 4473/4615/4615 4435/4577/4577 4474/4616/4616
f 4465/4607/4607 4417/4559/4559 4460/4602/4602
f 1993/4505/4505 1994/4504/4504 4575/4717/4717
f 4455/4597/4597 4456/4598/4598 4458/4600/4600
f 4469/4611/4611 4456/4598/4598 1997/4501/4501
f 4459/4601/4601 4462/4604/4604 4460/4602/4602
f 4475/4617/4617 4460/4602/4602 4458/4600/4600
f 4476/4618/4618 4462/4604/4604 4459/4601/4601
f 4500/4642/4642 4742/4884/4884 4502/4644/4644
f 4723/4865/4865 4463/4605/4605 4428/4570/4570
f 4439/4581/4581 4506/4648/4648 4617/4759/4759
f 4463/4605/4605 4462/4604/4604 4476/4618/4618
f 4462/4604/4604 4461/4603/4603 4466/4608/4608
f 4428/4570/4570 4724/4866/4866 4723/4865/4865
f 4462/4604/4604 4463/4605/4605 4784/4926/4926
f 4466/4608/4608 4468/4610/4610 4464/4606/4606
f 4503/4645/4645 4508/4650/4650 4509/4651/4651
f 4462/4604/4604 4465/4607/4607 4460/4602/4602
f 4465/4607/4607 4464/4606/4606 4467/4609/4609
f 4468/4610/4610 4466/4608/4608 4461/4603/4603
f 4465/4607/4607 4466/4608/4608 4464/4606/4606
f 4702/4844/4844 4687/4829/4829 4685/4827/4827
f 1992/4506/4506 1993/4505/4505 4577/4719/4719
f 4784/4926/4926 4723/4865/4865 4726/4868/4868
f 4641/4783/4783 4646/4788/4788 4638/4780/4780
f 4472/4614/4614 4469/4611/4611 1998/4500/4500
f 4475/4617/4617 4469/4611/4611 4473/4615/4615
f 4471/4613/4613 4455/4597/4597 4417/4559/4559
f 4470/4612/4612 4457/4599/4599 4575/4717/4717
f 4457/4599/4599 4470/4612/4612 4471/4613/4613
f 4455/4597/4597 4471/4613/4613 4470/4612/4612
f 1999/4499/4499 4472/4614/4614 1998/4500/4500
f 4473/4615/4615 4472/4614/4614 4435/4577/4577
f 4437/4579/4579 4474/4616/4616 4435/4577/4577
f 4475/4617/4617 4473/4615/4615 4459/4601/4601
f 4428/4570/4570 4463/4605/4605 4474/4616/4616
f 4476/4618/4618 4474/4616/4616 4463/4605/4605
f 4475/4617/4617 4459/4601/4601 4460/4602/4602
f 4456/4598/4598 4469/4611/4611 4475/4617/4617
f 4459/4601/4601 4473/4615/4615 4476/4618/4618
f 4474/4616/4616 4476/4618/4618 4473/4615/4615
f 4373/4479/4479 4479/4621/4621 4591/4733/4733
f 4451/4593/4593 4563/4705/4705 4632/4774/4774
f 4420/4562/4562 4478/4620/4620 4372/4478/4478
f 4479/4621/4621 4478/4620/4620 4419/4561/4561
f 4479/4621/4621 4419/4561/4561 4481/4623/4623
f 4374/4480/4480 4591/4733/4733 4477/4619/4619
f 4482/4624/4624 4480/4622/4622 4481/4623/4623
f 4643/4785/4785 4650/4792/4792 4653/4795/4795
f 4419/4561/4561 4485/4627/4627 4482/4624/4624
f 4480/4622/4622 4639/4781/4781 4483/4625/4625
f 4813/4955/4955 4664/4806/4806 4384/4526/4526
f 4658/4800/4800 4660/4802/4802 4647/4789/4789
f 4418/4560/4560 4477/4619/4619 4483/4625/4625
f 4483/4625/4625 4477/4619/4619 4591/4733/4733
f 4484/4626/4626 4593/4735/4735 4606/4748/4748
f 4484/4626/4626 4595/4737/4737 4594/4736/4736
f 4482/4624/4624 4485/4627/4627 4384/4526/4526
f 4478/4620/4620 4485/4627/4627 4419/4561/4561
f 4727/4869/4869 4368/4474/4474 4605/4747/4747
f 4421/4563/4563 4595/4737/4737 4596/4738/4738
f 4427/4569/4569 4433/4575/4575 4487/4629/4629
f 4487/4629/4629 4433/4575/4575 4781/4923/4923
f 4390/4532/4532 4488/4630/4630 4391/4533/4533
f 4489/4631/4631 4488/4630/4630 4386/4528/4528
f 4388/4530/4530 4489/4631/4631 4386/4528/4528
f 4490/4632/4632 4354/4492/4492 4355/4491/4491
f 4491/4633/4633 4490/4632/4632 4416/4558/4558
f 4489/4631/4631 4490/4632/4632 4434/4576/4576
f 4416/4558/4558 4383/4525/4525 4491/4633/4633
f 4432/4574/4574 4491/4633/4633 4383/4525/4525
f 4554/4696/4696 4443/4585/4585 4444/4586/4586
f 4547/4689/4689 4553/4695/4695 4545/4687/4687
f 4392/4534/4534 4610/4752/4752 4438/4580/4580
f 4493/4635/4635 4612/4754/4754 4511/4653/4653
f 4494/4636/4636 4497/4639/4639 4498/4640/4640
f 4613/4755/4755 4521/4663/4663 4623/4765/4765
f 4496/4638/4638 47/4515/4515 48/4514/4514
f 4495/4637/4637 4500/4642/4642 4497/4639/4639
f 49/4513/4513 4739/4881/4881 48/4514/4514
f 49/4513/4513 50/4512/4512 4738/4880/4880
f 4498/4640/4640 4497/4639/4639 4439/4581/4581
f 4499/4641/4641 4497/4639/4639 4494/4636/4636
f 4500/4642/4642 4502/4644/4644 4439/4581/4581
f 4540/4682/4682 4543/4685/4685 4542/4684/4684
f 4499/4641/4641 4494/4636/4636 4623/4765/4765
f 46/4516/4516 4495/4637/4637 4499/4641/4641
f 4495/4637/4637 4496/4638/4638 4500/4642/4642
f 49/4513/4513 4738/4880/4880 4739/4881/4881
f 4587/4729/4729 53/4509/4509 54/4508/4508
f 4559/4701/4701 4544/4686/4686 4557/4699/4699
f 4501/4643/4643 4505/4647/4647 4502/4644/4644
f 4502/4644/4644 4792/4934/4934 4506/4648/4648
f 4742/4884/4884 4739/4881/4881 4740/4882/4882
f 4559/4701/4701 4745/4887/4887 4744/4886/4886
f 4544/4686/4686 4541/4683/4683 4557/4699/4699
f 4534/4676/4676 4538/4680/4680 4542/4684/4684
f 4741/4883/4883 4508/4650/4650 4505/4647/4647
f 4503/4645/4645 4756/4898/4898 4792/4934/4934
f 4792/4934/4934 4502/4644/4644 4505/4647/4647
f 4506/4648/4648 4504/4646/4646 4617/4759/4759
f 4583/4725/4725 4582/4724/4724 4580/4722/4722
f 4709/4851/4851 4719/4861/4861 4698/4840/4840
f 4741/4883/4883 4505/4647/4647 4501/4643/4643
f 4509/4651/4651 4508/4650/4650 4507/4649/4649
f 4582/4724/4724 4579/4721/4721 4580/4722/4722
f 4604/4746/4746 4669/4811/4811 4603/4745/4745
f 4732/4874/4874 4620/4762/4762 4440/4582/4582
f 4728/4870/4870 4486/4628/4628 4727/4869/4869
f 4511/4653/4653 4366/4472/4472 4609/4751/4751
f 4620/4762/4762 4511/4653/4653 4440/4582/4582
f 4396/4538/4538 4512/4654/4654 4394/4536/4536
f 4513/4655/4655 4512/4654/4654 4358/4464/4464
f 4514/4656/4656 4513/4655/4655 4357/4463/4463
f 4512/4654/4654 4513/4655/4655 4441/4583/4583
f 4528/4670/4670 4533/4675/4675 4445/4587/4587
f 4397/4539/4539 4527/4669/4669 4528/4670/4670
f 4525/4667/4667 4397/4539/4539 4524/4666/4666
f 4517/4659/4659 4516/4658/4658 4810/4952/4952
f 4394/4536/4536 4512/4654/4654 4810/4952/4952
f 4444/4586/4586 4395/4537/4537 4516/4658/4658
f 4529/4671/4671 4527/4669/4669 4525/4667/4667
f 4545/4687/4687 4549/4691/4691 4537/4679/4679
f 4355/4461/4461 4445/4587/4587 4356/4462/4462
f 4519/4661/4661 4518/4660/4660 4405/4547/4547
f 4522/4664/4664 4518/4660/4660 4616/4758/4758
f 43/4519/4519 4519/4661/4661 4405/4547/4547
f 4519/4661/4661 44/4518/4518 4521/4663/4663
f 4556/4698/4698 4737/4879/4879 4548/4690/4690
f 4615/4757/4757 4617/4759/4759 4561/4703/4703
f 44/4518/4518 45/4517/4517 4521/4663/4663
f 4623/4765/4765 4521/4663/4663 45/4517/4517
f 4616/4758/4758 4518/4660/4660 4446/4588/4588
f 4520/4662/4662 4624/4766/4766 4523/4665/4665
f 4523/4665/4665 4447/4589/4589 4524/4666/4666
f 4403/4545/4545 4522/4664/4664 4523/4665/4665
f 4525/4667/4667 4524/4666/4666 4447/4589/4589
f 4397/4539/4539 4406/4548/4548 4524/4666/4666
f 4447/4589/4589 4530/4672/4672 4525/4667/4667
f 4528/4670/4670 4527/4669/4669 4515/4657/4657
f 4530/4672/4672 4447/4589/4589 4531/4673/4673
f 4530/4672/4672 4531/4673/4673 4526/4668/4668
f 4397/4539/4539 4525/4667/4667 4527/4669/4669
f 4525/4667/4667 4530/4672/4672 4529/4671/4671
f 4532/4674/4674 4528/4670/4670 4515/4657/4657
f 4397/4539/4539 4528/4670/4670 4445/4587/4587
f 4535/4677/4677 4529/4671/4671 4526/4668/4668
f 4537/4679/4679 4517/4659/4659 4546/4688/4688
f 4531/4673/4673 4447/4589/4589 4624/4766/4766
f 4529/4671/4671 4530/4672/4672 4526/4668/4668
f 4556/4698/4698 4548/4690/4690 4555/4697/4697
f 4544/4686/4686 4539/4681/4681 4541/4683/4683
f 4532/4674/4674 4515/4657/4657 4811/4953/4953
f 4533/4675/4675 4532/4674/4674 4514/4656/4656
f 4357/4463/4463 4533/4675/4675 4514/4656/4656
f 4535/4677/4677 4538/4680/4680 4534/4676/4676
f 4444/4586/4586 4549/4691/4691 4545/4687/4687
f 4539/4681/4681 4538/4680/4680 4535/4677/4677
f 4537/4679/4679 4535/4677/4677 4534/4676/4676
f 4536/4678/4678 4538/4680/4680 4539/4681/4681
f 4539/4681/4681 4544/4686/4686 4536/4678/4678
f 4537/4679/4679 4534/4676/4676 4545/4687/4687
f 4811/4953/4953 4546/4688/4688 4517/4659/4659
f 4539/4681/4681 4535/4677/4677 4526/4668/4668
f 4536/4678/4678 4540/4682/4682 4542/4684/4684
f 4531/4673/4673 4541/4683/4683 4526/4668/4668
f 4539/4681/4681 4526/4668/4668 4541/4683/4683
f 4544/4686/4686 4743/4885/4885 4536/4678/4678
f 4814/4956/4956 4610/4752/4752 4392/4534/4534
f 4555/4697/4697 4557/4699/4699 4541/4683/4683
f 4555/4697/4697 4541/4683/4683 4531/4673/4673
f 4536/4678/4678 4542/4684/4684 4538/4680/4680
f 4540/4682/4682 4814/4956/4956 4543/4685/4685
f 4608/4750/4750 4392/4534/4534 4438/4580/4580
f 4542/4684/4684 4543/4685/4685 4550/4692/4692
f 4757/4899/4899 4561/4703/4703 4755/4897/4897
f 4560/4702/4702 4559/4701/4701 4557/4699/4699
f 4534/4676/4676 4550/4692/4692 4545/4687/4687
f 4547/4689/4689 4543/4685/4685 4392/4534/4534
f 4551/4693/4693 4515/4657/4657 4527/4669/4669
f 4546/4688/4688 4551/4693/4693 4552/4694/4694
f 4553/4695/4695 4547/4689/4689 4492/4634/4634
f 4550/4692/4692 4547/4689/4689 4545/4687/4687
f 4555/4697/4697 4531/4673/4673 4625/4767/4767
f 4755/4897/4897 4756/4898/4898 4627/4769/4769
f 4516/4658/4658 4549/4691/4691 4444/4586/4586
f 4537/4679/4679 4549/4691/4691 4517/4659/4659
f 4542/4684/4684 4550/4692/4692 4534/4676/4676
f 4547/4689/4689 4550/4692/4692 4543/4685/4685
f 4552/4694/4694 4551/4693/4693 4529/4671/4671
f 4515/4657/4657 4551/4693/4693 4546/4688/4688
f 4535/4677/4677 4552/4694/4694 4529/4671/4671
f 4546/4688/4688 4552/4694/4694 4537/4679/4679
f 4553/4695/4695 4492/4634/4634 4554/4696/4696
f 4545/4687/4687 4553/4695/4695 4444/4586/4586
f 4492/4634/4634 4363/4469/4469 4554/4696/4696
f 4362/4468/4468 4554/4696/4696 4363/4469/4469
f 4531/4673/4673 4624/4766/4766 4625/4767/4767
f 4555/4697/4697 4548/4690/4690 4557/4699/4699
f 4616/4758/4758 4520/4662/4662 4522/4664/4664
f 4446/4588/4588 4613/4755/4755 4614/4756/4756
f 4560/4702/4702 4561/4703/4703 4757/4899/4899
f 4560/4702/4702 4557/4699/4699 4548/4690/4690
f 4669/4811/4811 4597/4739/4739 4603/4745/4745
f 4601/4743/4743 4597/4739/4739 4598/4740/4740
f 4601/4743/4743 4603/4745/4745 4597/4739/4739
f 4735/4877/4877 4752/4894/4894 4790/4932/4932
f 4561/4703/4703 4560/4702/4702 4548/4690/4690
f 4560/4702/4702 4558/4700/4700 4796/4938/4938
f 4614/4756/4756 4615/4757/4757 4737/4879/4879
f 4617/4759/4759 4755/4897/4897 4561/4703/4703
f 4563/4705/4705 4562/4704/4704 4376/4482/4482
f 4564/4706/4706 4562/4704/4704 4451/4593/4593
f 4628/4770/4770 4563/4705/4705 4376/4482/4482
f 4629/4771/4771 4477/4619/4619 4630/4772/4772
f 4564/4706/4706 4451/4593/4593 4679/4821/4821
f 4377/4483/4483 4564/4706/4706 4409/4551/4551
f 4429/4571/4571 4570/4712/4712 4761/4903/4903
f 4570/4712/4712 4571/4713/4713 4569/4711/4711
f 4632/4774/4774 4563/4705/4705 4630/4772/4772
f 4633/4775/4775 4451/4593/4593 4632/4774/4774
f 4567/4709/4709 4356/4490/4490 4454/4596/4596
f 4567/4709/4709 4454/4596/4596 4568/4710/4710
f 4383/4525/4525 4416/4558/4558 4567/4709/4709
f 4572/4714/4714 4568/4710/4710 4454/4596/4596
f 4573/4715/4715 4568/4710/4710 4572/4714/4714
f 4569/4711/4711 4565/4707/4707 4570/4712/4712
f 4567/4709/4709 4569/4711/4711 4383/4525/4525
f 4642/4784/4784 4453/4595/4595 4655/4797/4797
f 4633/4775/4775 4634/4776/4776 4566/4708/4708
f 4570/4712/4712 4429/4571/4571 4571/4713/4713
f 4432/4574/4574 4571/4713/4713 4429/4571/4571
f 4574/4716/4716 4572/4714/4714 4454/4596/4596
f 4412/4554/4554 4413/4555/4555 4572/4714/4714
f 4453/4595/4595 4573/4715/4715 4413/4555/4555
f 4565/4707/4707 4568/4710/4710 4573/4715/4715
f 4454/4596/4596 4357/4489/4489 4574/4716/4716
f 4574/4716/4716 4357/4489/4489 4358/4488/4488
f 4680/4822/4822 4578/4720/4720 4457/4599/4599
f 1993/4505/4505 4575/4717/4717 4577/4719/4719
f 4583/4725/4725 4584/4726/4726 4688/4830/4830
f 1992/4506/4506 4579/4721/4721 1991/4507/4507
f 4578/4720/4720 4577/4719/4719 4575/4717/4717
f 4576/4718/4718 4580/4722/4722 4577/4719/4719
f 4680/4822/4822 4457/4599/4599 4467/4609/4609
f 4577/4719/4719 4578/4720/4720 4576/4718/4718
f 4580/4722/4722 4579/4721/4721 4577/4719/4719
f 4579/4721/4721 4582/4724/4724 4585/4727/4727
f 4583/4725/4725 4580/4722/4722 4576/4718/4718
f 4721/4863/4863 53/4509/4509 4587/4729/4729
f 4576/4718/4718 4584/4726/4726 4583/4725/4725
f 4670/4812/4812 4672/4814/4814 4676/4818/4818
f 4589/4731/4731 4586/4728/4728 4588/4730/4730
f 4585/4727/4727 4587/4729/4729 54/4508/4508
f 4584/4726/4726 4576/4718/4718 4680/4822/4822
f 4583/4725/4725 4581/4723/4723 4812/4954/4954
f 4464/4606/4606 4681/4823/4823 4467/4609/4609
f 4584/4726/4726 4467/4609/4609 4681/4823/4823
f 4588/4730/4730 4587/4729/4729 4585/4727/4727
f 54/4508/4508 1991/4507/4507 4585/4727/4727
f 4812/4954/4954 4588/4730/4730 4582/4724/4724
f 4717/4859/4859 4709/4851/4851 4713/4855/4855
f 4588/4730/4730 4585/4727/4727 4582/4724/4724
f 4587/4729/4729 4586/4728/4728 4721/4863/4863
f 4582/4724/4724 4583/4725/4725 4812/4954/4954
f 4586/4728/4728 4587/4729/4729 4588/4730/4730
f 4688/4830/4830 4686/4828/4828 4581/4723/4723
f 4690/4832/4832 4698/4840/4840 4589/4731/4731
f 4724/4866/4866 4436/4578/4578 4781/4923/4923
f 4636/4778/4778 4640/4782/4782 4634/4776/4776
f 4373/4479/4479 4591/4733/4733 4374/4480/4480
f 4483/4625/4625 4591/4733/4733 4479/4621/4621
f 4598/4740/4740 4600/4742/4742 4813/4955/4955
f 4598/4740/4740 4597/4739/4739 4600/4742/4742
f 4370/4476/4476 4593/4735/4735 4371/4477/4477
f 4594/4736/4736 4593/4735/4735 4484/4626/4626
f 4484/4626/4626 4596/4738/4738 4595/4737/4737
f 4485/4627/4627 4594/4736/4736 4384/4526/4526
f 4595/4737/4737 4421/4563/4563 4598/4740/4740
f 4594/4736/4736 4595/4737/4737 4813/4955/4955
f 4606/4748/4748 4596/4738/4738 4484/4626/4626
f 4421/4563/4563 4596/4738/4738 4486/4628/4628
f 4605/4747/4747 4729/4871/4871 4728/4870/4870
f 4621/4763/4763 4787/4929/4929 4734/4876/4876
f 4421/4563/4563 4736/4878/4878 4601/4743/4743
f 4597/4739/4739 4669/4811/4811 4765/4907/4907
f 4791/4933/4933 4540/4682/4682 4746/4888/4888
f 4757/4899/4899 4758/4900/4900 4558/4700/4700
f 4600/4742/4742 4592/4734/4734 4664/4806/4806
f 4813/4955/4955 4384/4526/4526 4594/4736/4736
f 4421/4563/4563 4601/4743/4743 4598/4740/4740
f 4599/4741/4741 4815/4957/4957 4603/4745/4745
f 4711/4853/4853 4710/4852/4852 4509/4651/4651
f 4684/4826/4826 4584/4726/4726 4681/4823/4823
f 4599/4741/4741 4603/4745/4745 4601/4743/4743
f 4603/4745/4745 4602/4744/4744 4675/4817/4817
f 4604/4746/4746 4674/4816/4816 4672/4814/4814
f 4762/4904/4904 4654/4796/4796 4651/4793/4793
f 4619/4761/4761 4605/4747/4747 4368/4474/4474
f 4730/4872/4872 4731/4873/4873 4729/4871/4871
f 4370/4476/4476 4486/4628/4628 4606/4748/4748
f 4596/4738/4738 4606/4748/4748 4486/4628/4628
f 4363/4469/4469 4607/4749/4749 4364/4470/4470
f 4608/4750/4750 4607/4749/4749 4492/4634/4634
f 4492/4634/4634 4547/4689/4689 4608/4750/4750
f 4392/4534/4534 4608/4750/4750 4547/4689/4689
f 4438/4580/4580 4609/4751/4751 4365/4471/4471
f 4511/4653/4653 4609/4751/4751 4493/4635/4635
f 4814/4956/4956 4611/4753/4753 4610/4752/4752
f 4493/4635/4635 4438/4580/4580 4610/4752/4752
f 4746/4888/4888 4536/4678/4678 4743/4885/4885
f 4610/4752/4752 4612/4754/4754 4493/4635/4635
f 4611/4753/4753 4440/4582/4582 4612/4754/4754
f 4511/4653/4653 4612/4754/4754 4440/4582/4582
f 4521/4663/4663 4613/4755/4755 4446/4588/4588
f 4494/4636/4636 4498/4640/4640 4613/4755/4755
f 4615/4757/4757 4614/4756/4756 4498/4640/4640
f 4625/4767/4767 4616/4758/4758 4556/4698/4698
f 4617/4759/4759 4615/4757/4757 4498/4640/4640
f 4737/4879/4879 4561/4703/4703 4548/4690/4690
f 4446/4588/4588 4614/4756/4756 4616/4758/4758
f 4556/4698/4698 4616/4758/4758 4614/4756/4756
f 4617/4759/4759 4498/4640/4640 4439/4581/4581
f 4617/4759/4759 4504/4646/4646 4755/4897/4897
f 4779/4921/4921 50/4512/4512 51/4511/4511
f 4618/4760/4760 4741/4883/4883 4740/4882/4882
f 4511/4653/4653 4619/4761/4761 4367/4473/4473
f 4619/4761/4761 4510/4652/4652 4730/4872/4872
f 4620/4762/4762 4732/4874/4874 4731/4873/4873
f 4619/4761/4761 4620/4762/4762 4510/4652/4652
f 4440/4582/4582 4611/4753/4753 4753/4895/4895
f 4728/4870/4870 4729/4871/4871 4736/4878/4878
f 4518/4660/4660 4622/4764/4764 4446/4588/4588
f 4519/4661/4661 4521/4663/4663 4622/4764/4764
f 4499/4641/4641 4623/4765/4765 45/4517/4517
f 4613/4755/4755 4623/4765/4765 4494/4636/4636
f 4523/4665/4665 4624/4766/4766 4447/4589/4589
f 4625/4767/4767 4624/4766/4766 4520/4662/4662
f 4616/4758/4758 4625/4767/4767 4520/4662/4662
f 4555/4697/4697 4625/4767/4767 4556/4698/4698
f 4744/4886/4886 4745/4887/4887 4626/4768/4768
f 4787/4929/4929 4732/4874/4874 4733/4875/4875
f 4793/4935/4935 4509/4651/4651 4794/4936/4936
f 4770/4912/4912 4800/4942/4942 4803/4945/4945
f 4376/4482/4482 4375/4481/4481 4628/4770/4770
f 4629/4771/4771 4375/4481/4481 4477/4619/4619
f 4630/4772/4772 4477/4619/4619 4418/4560/4560
f 4563/4705/4705 4628/4770/4770 4629/4771/4771
f 4418/4560/4560 4631/4773/4773 4632/4774/4774
f 4563/4705/4705 4629/4771/4771 4630/4772/4772
f 4639/4781/4781 4637/4779/4779 4418/4560/4560
f 4634/4776/4776 4655/4797/4797 4566/4708/4708
f 4418/4560/4560 4632/4774/4774 4630/4772/4772
f 4632/4774/4774 4631/4773/4773 4633/4775/4775
f 4634/4776/4776 4633/4775/4775 4631/4773/4773
f 4451/4593/4593 4633/4775/4775 4566/4708/4708
f 4634/4776/4776 4631/4773/4773 4636/4778/4778
f 4642/4784/4784 4655/4797/4797 4640/4782/4782
f 4636/4778/4778 4631/4773/4773 4637/4779/4779
f 4643/4785/4785 4645/4787/4787 4650/4792/4792
f 4637/4779/4779 4631/4773/4773 4418/4560/4560
f 4641/4783/4783 4640/4782/4782 4636/4778/4778
f 4418/4560/4560 4483/4625/4625 4639/4781/4781
f 4635/4777/4777 4636/4778/4778 4637/4779/4779
f 4638/4780/4780 4640/4782/4782 4641/4783/4783
f 4657/4799/4799 4656/4798/4798 4565/4707/4707
f 4662/4804/4804 4480/4622/4622 4663/4805/4805
f 4637/4779/4779 4639/4781/4781 4658/4800/4800
f 4641/4783/4783 4636/4778/4778 4635/4777/4777
f 4640/4782/4782 4638/4780/4780 4642/4784/4784
f 4645/4787/4787 4641/4783/4783 4635/4777/4777
f 4646/4788/4788 4645/4787/4787 4648/4790/4790
f 4656/4798/4798 4642/4784/4784 4638/4780/4780
f 4657/4799/4799 4642/4784/4784 4656/4798/4798
f 4658/4800/4800 4635/4777/4777 4637/4779/4779
f 4783/4925/4925 4782/4924/4924 4644/4786/4786
f 4644/4786/4786 4648/4790/4790 4651/4793/4793
f 4805/4947/4947 4724/4866/4866 4725/4867/4867
f 4763/4905/4905 4650/4792/4792 4645/4787/4787
f 4648/4790/4790 4645/4787/4787 4643/4785/4785
f 4645/4787/4787 4646/4788/4788 4641/4783/4783
f 4649/4791/4791 4646/4788/4788 4644/4786/4786
f 4662/4804/4804 4660/4802/4802 4658/4800/4800
f 4661/4803/4803 4665/4807/4807 4666/4808/4808
f 4643/4785/4785 4762/4904/4904 4648/4790/4790
f 4646/4788/4788 4648/4790/4790 4644/4786/4786
f 4805/4947/4947 4782/4924/4924 4783/4925/4925
f 4649/4791/4791 4570/4712/4712 4656/4798/4798
f 4763/4905/4905 4645/4787/4787 4635/4777/4777
f 4647/4789/4789 4764/4906/4906 4653/4795/4795
f 4653/4795/4795 4654/4796/4796 4762/4904/4904
f 4784/4926/4926 4726/4868/4868 4461/4603/4603
f 4647/4789/4789 4660/4802/4802 4661/4803/4803
f 4764/4906/4906 4668/4810/4810 4652/4794/4794
f 4647/4789/4789 4653/4795/4795 4650/4792/4792
f 4653/4795/4795 4652/4794/4794 4654/4796/4796
f 4693/4835/4835 4685/4827/4827 4691/4833/4833
f 4777/4919/4919 4726/4868/4868 4773/4915/4915
f 4655/4797/4797 4453/4595/4595 4678/4820/4820
f 4640/4782/4782 4655/4797/4797 4634/4776/4776
f 4649/4791/4791 4656/4798/4798 4638/4780/4780
f 4565/4707/4707 4656/4798/4798 4570/4712/4712
f 4573/4715/4715 4657/4799/4799 4565/4707/4707
f 4453/4595/4595 4642/4784/4784 4657/4799/4799
f 4662/4804/4804 4639/4781/4781 4480/4622/4622
f 4647/4789/4789 4650/4792/4792 4763/4905/4905
f 4663/4805/4805 4664/4806/4806 4665/4807/4807
f 4665/4807/4807 4659/4801/4801 4663/4805/4805
f 4662/4804/4804 4658/4800/4800 4639/4781/4781
f 4661/4803/4803 4660/4802/4802 4659/4801/4801
f 4666/4808/4808 4592/4734/4734 4667/4809/4809
f 4653/4795/4795 4764/4906/4906 4652/4794/4794
f 4663/4805/4805 4480/4622/4622 4482/4624/4624
f 4660/4802/4802 4662/4804/4804 4659/4801/4801
f 4664/4806/4806 4663/4805/4805 4482/4624/4624
f 4659/4801/4801 4662/4804/4804 4663/4805/4805
f 4664/4806/4806 4482/4624/4624 4384/4526/4526
f 4664/4806/4806 4592/4734/4734 4665/4807/4807
f 4666/4808/4808 4665/4807/4807 4592/4734/4734
f 4659/4801/4801 4665/4807/4807 4661/4803/4803
f 4672/4814/4814 4671/4813/4813 4667/4809/4809
f 4661/4803/4803 4666/4808/4808 4668/4810/4810
f 4592/4734/4734 4600/4742/4742 4765/4907/4907
f 4668/4810/4810 4666/4808/4808 4671/4813/4813
f 4671/4813/4813 4666/4808/4808 4667/4809/4809
f 4774/4916/4916 4676/4818/4818 4694/4836/4836
f 4604/4746/4746 4667/4809/4809 4669/4811/4811
f 4667/4809/4809 4592/4734/4734 4765/4907/4907
f 4670/4812/4812 4671/4813/4813 4672/4814/4814
f 4804/4946/4946 4774/4916/4916 4772/4914/4914
f 4672/4814/4814 4667/4809/4809 4604/4746/4746
f 4668/4810/4810 4671/4813/4813 4670/4812/4812
f 4604/4746/4746 4675/4817/4817 4674/4816/4816
f 4674/4816/4816 4676/4818/4818 4672/4814/4814
f 4766/4908/4908 4673/4815/4815 4674/4816/4816
f 4812/4954/4954 4690/4832/4832 4589/4731/4731
f 4604/4746/4746 4603/4745/4745 4675/4817/4817
f 4674/4816/4816 4673/4815/4815 4676/4818/4818
f 4766/4908/4908 4602/4744/4744 4677/4819/4819
f 4674/4816/4816 4675/4817/4817 4766/4908/4908
f 4703/4845/4845 4689/4831/4831 4697/4839/4839
f 4693/4835/4835 4695/4837/4837 4685/4827/4827
f 4599/4741/4741 4734/4876/4876 4735/4877/4877
f 4788/4930/4930 4677/4819/4819 4789/4931/4931
f 4452/4594/4594 4678/4820/4820 4453/4595/4595
f 4679/4821/4821 4678/4820/4820 4410/4552/4552
f 4564/4706/4706 4679/4821/4821 4410/4552/4552
f 4451/4593/4593 4566/4708/4708 4679/4821/4821
f 4578/4720/4720 4680/4822/4822 4576/4718/4718
f 4467/4609/4609 4584/4726/4726 4680/4822/4822
f 4468/4610/4610 4682/4824/4824 4464/4606/4606
f 4681/4823/4823 4464/4606/4606 4682/4824/4824
f 4687/4829/4829 4683/4825/4825 4684/4826/4826
f 4684/4826/4826 4686/4828/4828 4688/4830/4830
f 4682/4824/4824 4691/4833/4833 4687/4829/4829
f 4778/4920/4920 4794/4936/4936 4710/4852/4852
f 4687/4829/4829 4681/4823/4823 4682/4824/4824
f 4684/4826/4826 4683/4825/4825 4686/4828/4828
f 4776/4918/4918 4468/4610/4610 4777/4919/4919
f 4694/4836/4836 4712/4854/4854 4695/4837/4837
f 4697/4839/4839 4686/4828/4828 4683/4825/4825
f 4581/4723/4723 4686/4828/4828 4690/4832/4832
f 4681/4823/4823 4687/4829/4829 4684/4826/4826
f 4691/4833/4833 4682/4824/4824 4468/4610/4610
f 4583/4725/4725 4688/4830/4830 4581/4723/4723
f 4684/4826/4826 4688/4830/4830 4584/4726/4726
f 4702/4844/4844 4712/4854/4854 4807/4949/4949
f 4689/4831/4831 4707/4849/4849 4698/4840/4840
f 4697/4839/4839 4690/4832/4832 4686/4828/4828
f 4690/4832/4832 4697/4839/4839 4698/4840/4840
f 4468/4610/4610 4776/4918/4918 4693/4835/4835
f 4685/4827/4827 4687/4829/4829 4691/4833/4833
f 4654/4796/4796 4652/4794/4794 4771/4913/4913
f 4772/4914/4914 4694/4836/4836 4692/4834/4834
f 4468/4610/4610 4693/4835/4835 4691/4833/4833
f 4695/4837/4837 4692/4834/4834 4694/4836/4836
f 4771/4913/4913 4772/4914/4914 4692/4834/4834
f 4712/4854/4854 4694/4836/4836 4696/4838/4838
f 4692/4834/4834 4695/4837/4837 4693/4835/4835
f 4694/4836/4836 4676/4818/4818 4799/4941/4941
f 4798/4940/4940 4676/4818/4818 4673/4815/4815
f 4701/4843/4843 4697/4839/4839 4683/4825/4825
f 4702/4844/4844 4701/4843/4843 4683/4825/4825
f 4697/4839/4839 4689/4831/4831 4698/4840/4840
f 4703/4845/4845 4705/4847/4847 4689/4831/4831
f 4707/4849/4849 4709/4851/4851 4698/4840/4840
f 4798/4940/4940 4673/4815/4815 4803/4945/4945
f 4701/4843/4843 4703/4845/4845 4697/4839/4839
f 4711/4853/4853 4700/4842/4842 4710/4852/4852
f 4700/4842/4842 4713/4855/4855 4709/4851/4851
f 4683/4825/4825 4687/4829/4829 4702/4844/4844
f 4701/4843/4843 4699/4841/4841 4703/4845/4845
f 4712/4854/4854 4702/4844/4844 4685/4827/4827
f 4699/4841/4841 4701/4843/4843 4702/4844/4844
f 4704/4846/4846 4703/4845/4845 4699/4841/4841
f 4703/4845/4845 4704/4846/4846 4705/4847/4847
f 4801/4943/4943 4699/4841/4841 4807/4949/4949
f 4767/4909/4909 4673/4815/4815 4766/4908/4908
f 4704/4846/4846 4706/4848/4848 4778/4920/4920
f 4689/4831/4831 4708/4850/4850 4707/4849/4849
f 4767/4909/4909 4677/4819/4819 4768/4910/4910
f 4710/4852/4852 4794/4936/4936 4509/4651/4651
f 4708/4850/4850 4689/4831/4831 4705/4847/4847
f 4709/4851/4851 4707/4849/4849 4700/4842/4842
f 4708/4850/4850 4778/4920/4920 4710/4852/4852
f 4700/4842/4842 4707/4849/4849 4708/4850/4850
f 4700/4842/4842 4711/4853/4853 4713/4855/4855
f 4717/4859/4859 4719/4861/4861 4709/4851/4851
f 4700/4842/4842 4708/4850/4850 4710/4852/4852
f 4708/4850/4850 4705/4847/4847 4778/4920/4920
f 4509/4651/4651 4507/4649/4649 4711/4853/4853
f 4711/4853/4853 4507/4649/4649 4713/4855/4855
f 4695/4837/4837 4712/4854/4854 4685/4827/4827
f 4712/4854/4854 4696/4838/4838 4807/4949/4949
f 4507/4649/4649 4714/4856/4856 4713/4855/4855
f 4718/4860/4860 4720/4862/4862 4715/4857/4857
f 4714/4856/4856 4507/4649/4649 4741/4883/4883
f 4738/4880/4880 4716/4858/4858 4618/4760/4760
f 4714/4856/4856 4718/4860/4860 4713/4855/4855
f 4714/4856/4856 4618/4760/4760 4716/4858/4858
f 4780/4922/4922 51/4511/4511 52/4510/4510
f 4718/4860/4860 4715/4857/4857 4717/4859/4859
f 4718/4860/4860 4717/4859/4859 4713/4855/4855
f 4719/4861/4861 4717/4859/4859 4715/4857/4857
f 4714/4856/4856 4716/4858/4858 4718/4860/4860
f 4720/4862/4862 4718/4860/4860 4716/4858/4858
f 4719/4861/4861 4715/4857/4857 4722/4864/4864
f 4719/4861/4861 4589/4731/4731 4698/4840/4840
f 4716/4858/4858 4779/4921/4921 4780/4922/4922
f 4721/4863/4863 52/4510/4510 53/4509/4509
f 4722/4864/4864 4721/4863/4863 4586/4728/4728
f 4780/4922/4922 4721/4863/4863 4720/4862/4862
f 4719/4861/4861 4722/4864/4864 4586/4728/4728
f 4720/4862/4862 4722/4864/4864 4715/4857/4857
f 4724/4866/4866 4428/4570/4570 4436/4578/4578
f 4723/4865/4865 4590/4732/4732 4726/4868/4868
f 4725/4867/4867 4724/4866/4866 4781/4923/4923
f 4590/4732/4732 4723/4865/4865 4724/4866/4866
f 4761/4903/4903 4433/4575/4575 4429/4571/4571
f 4644/4786/4786 4782/4924/4924 4649/4791/4791
f 4785/4927/4927 4590/4732/4732 4651/4793/4793
f 4775/4917/4917 4654/4796/4796 4771/4913/4913
f 4368/4474/4474 4727/4869/4869 4369/4475/4475
f 4728/4870/4870 4727/4869/4869 4605/4747/4747
f 4605/4747/4747 4730/4872/4872 4729/4871/4871
f 4421/4563/4563 4486/4628/4628 4728/4870/4870
f 4621/4763/4763 4734/4876/4876 4729/4871/4871
f 4729/4871/4871 4734/4876/4876 4736/4878/4878
f 4619/4761/4761 4730/4872/4872 4605/4747/4747
f 4731/4873/4873 4730/4872/4872 4510/4652/4652
f 4620/4762/4762 4731/4873/4873 4510/4652/4652
f 4729/4871/4871 4731/4873/4873 4621/4763/4763
f 4733/4875/4875 4732/4874/4874 4440/4582/4582
f 4621/4763/4763 4731/4873/4873 4732/4874/4874
f 4791/4933/4933 4747/4889/4889 4753/4895/4895
f 4752/4894/4894 4754/4896/4896 4748/4890/4890
f 4734/4876/4876 4787/4929/4929 4735/4877/4877
f 4736/4878/4878 4734/4876/4876 4599/4741/4741
f 4748/4890/4890 4747/4889/4889 4626/4768/4768
f 4790/4932/4932 4815/4957/4957 4735/4877/4877
f 4601/4743/4743 4736/4878/4878 4599/4741/4741
f 4728/4870/4870 4736/4878/4878 4421/4563/4563
f 4614/4756/4756 4737/4879/4879 4556/4698/4698
f 4561/4703/4703 4737/4879/4879 4615/4757/4757
f 4738/4880/4880 50/4512/4512 4779/4921/4921
f 4739/4881/4881 4738/4880/4880 4618/4760/4760
f 4740/4882/4882 4739/4881/4881 4618/4760/4760
f 4739/4881/4881 4496/4638/4638 48/4514/4514
f 4618/4760/4760 4714/4856/4856 4741/4883/4883
f 4742/4884/4884 4740/4882/4882 4501/4643/4643
f 4508/4650/4650 4741/4883/4883 4507/4649/4649
f 4501/4643/4643 4740/4882/4882 4741/4883/4883
f 4742/4884/4884 4501/4643/4643 4502/4644/4644
f 4496/4638/4638 4739/4881/4881 4742/4884/4884
f 4744/4886/4886 4544/4686/4686 4559/4701/4701
f 4746/4888/4888 4743/4885/4885 4626/4768/4768
f 4626/4768/4768 4743/4885/4885 4744/4886/4886
f 4544/4686/4686 4744/4886/4886 4743/4885/4885
f 4560/4702/4702 4796/4938/4938 4559/4701/4701
f 4745/4887/4887 4750/4892/4892 4748/4890/4890
f 4746/4888/4888 4626/4768/4768 4747/4889/4889
f 4540/4682/4682 4536/4678/4678 4746/4888/4888
f 4748/4890/4890 4626/4768/4768 4745/4887/4887
f 4753/4895/4895 4747/4889/4889 4733/4875/4875
f 4751/4893/4893 4749/4891/4891 4750/4892/4892
f 4754/4896/4896 4733/4875/4875 4747/4889/4889
f 4749/4891/4891 4788/4930/4930 4789/4931/4931
f 4750/4892/4892 4749/4891/4891 4752/4894/4894
f 4751/4893/4893 4750/4892/4892 4745/4887/4887
f 4749/4891/4891 4790/4932/4932 4752/4894/4894
f 4559/4701/4701 4796/4938/4938 4795/4937/4937
f 4795/4937/4937 4751/4893/4893 4745/4887/4887
f 4735/4877/4877 4787/4929/4929 4754/4896/4896
f 4748/4890/4890 4750/4892/4892 4752/4894/4894
f 4440/4582/4582 4753/4895/4895 4733/4875/4875
f 4814/4956/4956 4791/4933/4933 4611/4753/4753
f 4748/4890/4890 4754/4896/4896 4747/4889/4889
f 4735/4877/4877 4754/4896/4896 4752/4894/4894
f 4756/4898/4898 4755/4897/4897 4504/4646/4646
f 4757/4899/4899 4755/4897/4897 4627/4769/4769
f 4504/4646/4646 4506/4648/4648 4792/4934/4934
f 4756/4898/4898 4503/4645/4645 4793/4935/4935
f 4758/4900/4900 4757/4899/4899 4627/4769/4769
f 4757/4899/4899 4558/4700/4700 4560/4702/4702
f 4627/4769/4769 4759/4901/4901 4758/4900/4900
f 4797/4939/4939 4759/4901/4901 4808/4950/4950
f 4759/4901/4901 4627/4769/4769 4793/4935/4935
f 4704/4846/4846 4801/4943/4943 4800/4942/4942
f 4558/4700/4700 4758/4900/4900 4760/4902/4902
f 4797/4939/4939 4758/4900/4900 4759/4901/4901
f 4782/4924/4924 4761/4903/4903 4649/4791/4791
f 4761/4903/4903 4725/4867/4867 4781/4923/4923
f 4648/4790/4790 4762/4904/4904 4651/4793/4793
f 4653/4795/4795 4762/4904/4904 4643/4785/4785
f 4635/4777/4777 4658/4800/4800 4763/4905/4905
f 4647/4789/4789 4763/4905/4905 4658/4800/4800
f 4647/4789/4789 4661/4803/4803 4764/4906/4906
f 4668/4810/4810 4764/4906/4906 4661/4803/4803
f 4597/4739/4739 4765/4907/4907 4600/4742/4742
f 4667/4809/4809 4765/4907/4907 4669/4811/4811
f 4602/4744/4744 4766/4908/4908 4675/4817/4817
f 4767/4909/4909 4766/4908/4908 4677/4819/4819
f 4677/4819/4819 4788/4930/4930 4768/4910/4910
f 4768/4910/4910 4770/4912/4912 4767/4909/4909
f 4809/4951/4951 4751/4893/4893 4795/4937/4937
f 4758/4900/4900 4797/4939/4939 4760/4902/4902
f 4801/4943/4943 4769/4911/4911 4800/4942/4942
f 4696/4838/4838 4694/4836/4836 4799/4941/4941
f 4797/4939/4939 4806/4948/4948 4809/4951/4951
f 4800/4942/4942 4802/4944/4944 4704/4846/4846
f 4804/4946/4946 4652/4794/4794 4668/4810/4810
f 4775/4917/4917 4771/4913/4913 4692/4834/4834
f 4804/4946/4946 4771/4913/4913 4652/4794/4794
f 4774/4916/4916 4668/4810/4810 4670/4812/4812
f 4775/4917/4917 4776/4918/4918 4773/4915/4915
f 4726/4868/4868 4590/4732/4732 4785/4927/4927
f 4676/4818/4818 4774/4916/4916 4670/4812/4812
f 4694/4836/4836 4772/4914/4914 4774/4916/4916
f 4776/4918/4918 4775/4917/4917 4692/4834/4834
f 4775/4917/4917 4773/4915/4915 4786/4928/4928
f 4693/4835/4835 4776/4918/4918 4692/4834/4834
f 4468/4610/4610 4461/4603/4603 4777/4919/4919
f 4726/4868/4868 4777/4919/4919 4461/4603/4603
f 4773/4915/4915 4776/4918/4918 4777/4919/4919
f 4704/4846/4846 4778/4920/4920 4705/4847/4847
f 4794/4936/4936 4778/4920/4920 4706/4848/4848
f 4780/4922/4922 4779/4921/4921 51/4511/4511
f 4738/4880/4880 4779/4921/4921 4716/4858/4858
f 4721/4863/4863 4780/4922/4922 52/4510/4510
f 4716/4858/4858 4780/4922/4922 4720/4862/4862
f 4487/4629/4629 4781/4923/4923 4436/4578/4578
f 4761/4903/4903 4781/4923/4923 4433/4575/4575
f 4644/4786/4786 4651/4793/4793 4783/4925/4925
f 4761/4903/4903 4782/4924/4924 4725/4867/4867
f 4651/4793/4793 4590/4732/4732 4783/4925/4925
f 4590/4732/4732 4724/4866/4866 4805/4947/4947
f 4462/4604/4604 4784/4926/4926 4461/4603/4603
f 4723/4865/4865 4784/4926/4926 4463/4605/4605
f 4786/4928/4928 4651/4793/4793 4654/4796/4796
f 4773/4915/4915 4726/4868/4868 4785/4927/4927
f 4773/4915/4915 4785/4927/4927 4786/4928/4928
f 4651/4793/4793 4786/4928/4928 4785/4927/4927
f 4732/4874/4874 4787/4929/4929 4621/4763/4763
f 4754/4896/4896 4787/4929/4929 4733/4875/4875
f 4749/4891/4891 4751/4893/4893 4788/4930/4930
f 4768/4910/4910 4788/4930/4930 4751/4893/4893
f 4677/4819/4819 4602/4744/4744 4789/4931/4931
f 4815/4957/4957 4790/4932/4932 4789/4931/4931
f 4749/4891/4891 4789/4931/4931 4790/4932/4932
f 4789/4931/4931 4602/4744/4744 4815/4957/4957
f 4747/4889/4889 4791/4933/4933 4746/4888/4888
f 4611/4753/4753 4791/4933/4933 4753/4895/4895
f 4503/4645/4645 4792/4934/4934 4505/4647/4647
f 4504/4646/4646 4792/4934/4934 4756/4898/4898
f 4756/4898/4898 4793/4935/4935 4627/4769/4769
f 4509/4651/4651 4793/4935/4935 4503/4645/4645
f 4808/4950/4950 4794/4936/4936 4706/4848/4848
f 4793/4935/4935 4794/4936/4936 4759/4901/4901
f 4559/4701/4701 4795/4937/4937 4745/4887/4887
f 4809/4951/4951 4795/4937/4937 4760/4902/4902
f 4558/4700/4700 4760/4902/4902 4796/4938/4938
f 4795/4937/4937 4796/4938/4938 4760/4902/4902
f 4808/4950/4950 4706/4848/4848 4802/4944/4944
f 4768/4910/4910 4806/4948/4948 4770/4912/4912
f 4803/4945/4945 4673/4815/4815 4767/4909/4909
f 4769/4911/4911 4801/4943/4943 4799/4941/4941
f 4676/4818/4818 4798/4940/4940 4799/4941/4941
f 4769/4911/4911 4799/4941/4941 4798/4940/4940
f 4803/4945/4945 4800/4942/4942 4769/4911/4911
f 4802/4944/4944 4800/4942/4942 4770/4912/4912
f 4699/4841/4841 4801/4943/4943 4704/4846/4846
f 4799/4941/4941 4801/4943/4943 4696/4838/4838
f 4802/4944/4944 4770/4912/4912 4806/4948/4948
f 4704/4846/4846 4802/4944/4944 4706/4848/4848
f 4798/4940/4940 4803/4945/4945 4769/4911/4911
f 4767/4909/4909 4770/4912/4912 4803/4945/4945
f 4774/4916/4916 4804/4946/4946 4668/4810/4810
f 4771/4913/4913 4804/4946/4946 4772/4914/4914
f 4782/4924/4924 4805/4947/4947 4725/4867/4867
f 4590/4732/4732 4805/4947/4947 4783/4925/4925
f 4768/4910/4910 4751/4893/4893 4809/4951/4951
f 4806/4948/4948 4797/4939/4939 4808/4950/4950
f 4807/4949/4949 4699/4841/4841 4702/4844/4844
f 4696/4838/4838 4801/4943/4943 4807/4949/4949
f 4808/4950/4950 4759/4901/4901 4794/4936/4936
f 4806/4948/4948 4808/4950/4950 4802/4944/4944
f 4797/4939/4939 4809/4951/4951 4760/4902/4902
f 4768/4910/4910 4809/4951/4951 4806/4948/4948
f 4394/4536/4536 4810/4952/4952 4516/4658/4658
f 4811/4953/4953 4810/4952/4952 4441/4583/4583
f 4532/4674/4674 4811/4953/4953 4441/4583/4583
f 4811/4953/4953 4515/4657/4657 4546/4688/4688
f 4690/4832/4832 4812/4954/4954 4581/4723/4723
f 4588/4730/4730 4812/4954/4954 4589/4731/4731
f 4598/4740/4740 4813/4955/4955 4595/4737/4737
f 4664/4806/4806 4813/4955/4955 4600/4742/4742
f 4543/4685/4685 4814/4956/4956 4392/4534/4534
f 4791/4933/4933 4814/4956/4956 4540/4682/4682
f 4603/4745/4745 4815/4957/4957 4602/4744/4744
f 4735/4877/4877 4815/4957/4957 4599/4741/4741
usemtl 绿_front
f 4859/5034/5034 4860/5035/5035 4817/4960/4960
f 2006/5007/5007 4865/5040/5040 4866/5041/5041
f 4844/5019/5019 4857/5032/5032 4828/4971/4971
f 4816/4959/4959 1972/4958/4958 4859/5034/5034
f 1973/5013/5013 1974/5012/5012 4860/5035/5035
f 135/4991/4991 4851/5026/5026 4853/5028/5028
f 2004/5009/5009 4863/5038/5038 4861/5036/5036
f 4854/5029/5029 4856/5031/5031 4837/4980/4980
f 1975/5011/5011 1976/5010/5010 4862/5037/5037
f 2005/5008/5008 4863/5038/5038 2004/5009/5009
f 4860/5035/5035 1974/5012/5012 4864/5039/5039
f 1975/5011/5011 4864/5039/5039 1974/5012/5012
f 4866/5041/5041 4822/4965/4965 4821/4964/4964
f 4845/5020/5020 4857/5032/5032 67/4998/4998
f 4856/5031/5031 4841/5016/5016 4837/4980/4980
f 2008/5005/5005 4867/5042/5042 2007/5006/5006
f 4839/5014/5014 4858/5033/5033 2009/5004/5004
f 4825/4968/4968 4824/4967/4967 4839/5014/5014
f 63/5002/5002 64/5001/5001 4842/5017/5017
f 1972/4983/4983 4840/5015/5015 1971/4984/4984
f 4816/4982/4982 4838/4981/4981 4840/5015/5015
f 63/5002/5002 4825/4968/4968 4839/5014/5014
f 4838/4981/4981 4837/4980/4980 4841/5016/5016
f 2005/5008/5008 2006/5007/5007 4866/5041/5041
f 4866/5041/5041 4821/4964/4964 4863/5038/5038
f 63/5002/5002 4839/5014/5014 62/5003/5003
f 4860/5035/5035 4818/4961/4961 4817/4960/4960
f 4817/4960/4960 4816/4959/4959 4859/5034/5034
f 4862/5037/5037 4818/4961/4961 4864/5039/5039
f 4823/4966/4966 4858/5033/5033 4824/4967/4967
f 4852/5027/5027 4851/5026/5026 136/4990/4990
f 4861/5036/5036 1976/5010/5010 2004/5009/5009
f 4849/5024/5024 4831/4974/4974 4830/4973/4973
f 4865/5040/5040 4822/4965/4965 4866/5041/5041
f 4863/5038/5038 4821/4964/4964 4820/4963/4963
f 70/4995/4995 4847/5022/5022 4849/5024/5024
f 69/4996/4996 4846/5021/5021 68/4997/4997
f 138/4988/4988 139/4987/4987 4854/5029/5029
f 65/5000/5000 66/4999/4999 4844/5019/5019
f 4858/5033/5033 4839/5014/5014 4824/4967/4967
f 4844/5019/5019 4828/4971/4971 4827/4970/4970
f 4842/5017/5017 4843/5018/5018 4826/4969/4969
f 4861/5036/5036 4862/5037/5037 1976/5010/5010
f 4858/5033/5033 4823/4966/4966 4867/5042/5042
f 4863/5038/5038 2005/5008/5008 4866/5041/5041
f 63/5002/5002 4842/5017/5017 4825/4968/4968
f 62/5003/5003 4839/5014/5014 2009/5004/5004
f 4818/4961/4961 4862/5037/5037 4819/4962/4962
f 4854/5029/5029 139/4987/4987 4856/5031/5031
f 4822/4965/4965 4865/5040/5040 4823/4966/4966
f 4843/5018/5018 65/5000/5000 4844/5019/5019
f 4862/5037/5037 4861/5036/5036 4819/4962/4962
f 4843/5018/5018 4842/5017/5017 64/5001/5001
f 4820/4963/4963 4819/4962/4962 4861/5036/5036
f 4845/5020/5020 68/4997/4997 4846/5021/5021
f 4825/4968/4968 4842/5017/5017 4826/4969/4969
f 4826/4969/4969 4843/5018/5018 4827/4970/4970
f 65/5000/5000 4843/5018/5018 64/5001/5001
f 71/4994/4994 4847/5022/5022 70/4995/4995
f 4849/5024/5024 69/4996/4996 70/4995/4995
f 4850/5025/5025 4848/5023/5023 133/4993/4993
f 4844/5019/5019 66/4999/4999 4857/5032/5032
f 67/4998/4998 68/4997/4997 4845/5020/5020
f 4850/5025/5025 134/4992/4992 4853/5028/5028
f 4843/5018/5018 4844/5019/5019 4827/4970/4970
f 69/4996/4996 4849/5024/5024 4846/5021/5021
f 135/4991/4991 136/4990/4990 4851/5026/5026
f 4831/4974/4974 4848/5023/5023 4832/4975/4975
f 4848/5023/5023 4850/5025/5025 4832/4975/4975
f 137/4989/4989 4855/5030/5030 4852/5027/5027
f 4841/5016/5016 124/4985/4985 4840/5015/5015
f 4849/5024/5024 4830/4973/4973 4846/5021/5021
f 124/4985/4985 1971/4984/4984 4840/5015/5015
f 1972/4958/4958 1973/5013/5013 4859/5034/5034
f 4841/5016/5016 4856/5031/5031 140/4986/4986
f 4840/5015/5015 1972/4983/4983 4816/4982/4982
f 4853/5028/5028 4833/4976/4976 4850/5025/5025
f 4828/4971/4971 4845/5020/5020 4829/4972/4972
f 4829/4972/4972 4846/5021/5021 4830/4973/4973
f 135/4991/4991 4853/5028/5028 134/4992/4992
f 4835/4978/4978 4855/5030/5030 4836/4979/4979
f 4845/5020/5020 4828/4971/4971 4857/5032/5032
f 4846/5021/5021 4829/4972/4972 4845/5020/5020
f 4853/5028/5028 4834/4977/4977 4833/4976/4976
f 4862/5037/5037 4864/5039/5039 1975/5011/5011
f 133/4993/4993 134/4992/4992 4850/5025/5025
f 133/4993/4993 4848/5023/5023 71/4994/4994
f 4851/5026/5026 4834/4977/4977 4853/5028/5028
f 4847/5022/5022 4848/5023/5023 4831/4974/4974
f 4833/4976/4976 4832/4975/4975 4850/5025/5025
f 4847/5022/5022 4831/4974/4974 4849/5024/5024
f 2009/5004/5004 4858/5033/5033 2008/5005/5005
f 4855/5030/5030 4854/5029/5029 4836/4979/4979
f 4848/5023/5023 4847/5022/5022 71/4994/4994
f 139/4987/4987 140/4986/4986 4856/5031/5031
f 4854/5029/5029 4837/4980/4980 4836/4979/4979
f 137/4989/4989 4852/5027/5027 136/4990/4990
f 4855/5030/5030 4835/4978/4978 4852/5027/5027
f 4860/5035/5035 4859/5034/5034 1973/5013/5013
f 124/4985/4985 4841/5016/5016 140/4986/4986
f 4834/4977/4977 4852/5027/5027 4835/4978/4978
f 137/4989/4989 138/4988/4988 4855/5030/5030
f 4841/5016/5016 4840/5015/5015 4838/4981/4981
f 4851/5026/5026 4852/5027/5027 4834/4977/4977
f 4854/5029/5029 4855/5030/5030 138/4988/4988
f 4860/5035/5035 4864/5039/5039 4818/4961/4961
f 2006/5007/5007 2007/5006/5006 4865/5040/5040
f 67/4998/4998 4857/5032/5032 66/4999/4999
f 4865/5040/5040 2007/5006/5006 4867/5042/5042
f 4861/5036/5036 4863/5038/5038 4820/4963/4963
f 4858/5033/5033 4867/5042/5042 2008/5005/5005
f 4865/5040/5040 4867/5042/5042 4823/4966/4966
# 9615 faces
# End of File
