#usda 1.0
(
    customLayerData = {
        string assetName = "paper_grocery_bag"
        string generator = "assets/objects/_utils/convert_bag_mesh.py"
        string license = "CC BY 4.0"
        string objaverseUid = "d6814ce433f64d0da49f4a8b1ca3bb00"
    }
    defaultPrim = "Bag"
    metersPerUnit = 1
    upAxis = "Z"
)

def Xform "Bag" (
    kind = "component"
)
{
    def Mesh "Cloth" (
        prepend apiSchemas = ["PhysicsMassAPI", "MaterialBindingAPI"]
    )
    {
        uniform bool doubleSided = 1
        float3[] extent = [(-0.16051687, -0.13, 0), (0.16051687, 0.13, 0.032063596)]
        int[] faceVertexCounts = [3, 3, 3, 3, 3, 3, 3, 3, 3, 3, 3, 3, 3, 3, 3, 3, 3, 3, 3, 3, 3, 3, 3, 3, 3, 3, 3, 3, 3, 3, 3, 3, 3, 3, 3, 3, 3, 3, 3, 3, 3, 3, 3, 3, 3, 3, 3, 3, 3, 3, 3, 3, 3, 3, 3, 3, 3, 3, 3, 3, 3, 3, 3, 3, 3, 3, 3, 3, 3, 3, 3, 3, 3, 3, 3, 3, 3, 3, 3, 3, 3, 3, 3, 3, 3, 3, 3, 3, 3, 3, 3, 3, 3, 3, 3, 3, 3, 3, 3, 3, 3, 3, 3, 3, 3, 3, 3, 3, 3, 3, 3, 3, 3, 3, 3, 3, 3, 3, 3, 3, 3, 3, 3, 3, 3, 3, 3, 3, 3, 3, 3, 3, 3, 3, 3, 3, 3, 3, 3, 3, 3, 3, 3, 3, 3, 3, 3, 3, 3, 3, 3, 3, 3, 3, 3, 3, 3, 3, 3, 3, 3, 3, 3, 3, 3, 3, 3, 3, 3, 3, 3, 3, 3, 3, 3, 3, 3, 3, 3, 3, 3, 3, 3, 3, 3, 3, 3, 3, 3, 3, 3, 3, 3, 3, 3, 3, 3, 3, 3, 3, 3, 3, 3, 3, 3, 3, 3, 3, 3, 3, 3, 3, 3, 3, 3, 3, 3, 3, 3, 3, 3, 3, 3, 3, 3, 3, 3, 3, 3, 3, 3, 3, 3, 3, 3, 3, 3, 3, 3, 3, 3, 3, 3, 3, 3, 3, 3, 3, 3, 3, 3, 3, 3, 3, 3, 3, 3, 3, 3, 3, 3, 3, 3, 3, 3, 3, 3, 3, 3, 3, 3, 3, 3, 3, 3, 3, 3, 3, 3, 3, 3, 3, 3, 3, 3, 3, 3, 3, 3, 3, 3, 3, 3, 3, 3, 3, 3, 3, 3, 3, 3, 3, 3, 3, 3, 3, 3, 3, 3, 3, 3, 3, 3, 3, 3, 3, 3, 3, 3, 3, 3, 3, 3, 3, 3, 3, 3, 3, 3, 3, 3, 3, 3, 3, 3, 3, 3, 3, 3, 3, 3, 3, 3, 3, 3, 3, 3, 3, 3, 3, 3, 3, 3, 3, 3, 3, 3, 3, 3, 3, 3, 3, 3, 3, 3, 3, 3, 3, 3, 3, 3, 3, 3, 3, 3, 3, 3, 3, 3, 3, 3, 3, 3, 3, 3, 3, 3, 3, 3, 3, 3, 3, 3, 3, 3, 3, 3, 3, 3, 3, 3, 3, 3, 3, 3, 3, 3, 3, 3, 3, 3, 3, 3, 3, 3, 3, 3, 3, 3, 3, 3, 3, 3, 3, 3, 3, 3, 3, 3, 3, 3, 3, 3, 3, 3, 3, 3, 3, 3, 3, 3, 3, 3, 3, 3, 3, 3, 3, 3, 3, 3, 3, 3, 3, 3, 3, 3, 3, 3, 3, 3, 3, 3, 3, 3, 3, 3, 3, 3, 3, 3, 3, 3, 3, 3, 3, 3, 3, 3, 3, 3, 3, 3, 3, 3, 3, 3, 3, 3, 3, 3, 3, 3, 3, 3, 3, 3, 3, 3, 3, 3, 3, 3, 3, 3, 3, 3, 3, 3, 3, 3, 3, 3, 3, 3, 3, 3, 3, 3, 3, 3, 3, 3, 3, 3, 3, 3, 3, 3, 3, 3, 3, 3, 3, 3, 3, 3, 3, 3, 3, 3, 3, 3, 3, 3, 3, 3, 3, 3, 3, 3, 3, 3, 3, 3, 3, 3, 3, 3, 3, 3, 3, 3, 3, 3, 3, 3, 3, 3, 3, 3, 3, 3, 3, 3, 3, 3, 3, 3, 3, 3, 3, 3, 3, 3, 3, 3, 3, 3, 3, 3, 3, 3, 3, 3, 3, 3, 3, 3, 3, 3, 3, 3, 3, 3, 3, 3, 3, 3, 3, 3, 3, 3, 3, 3, 3, 3, 3, 3, 3, 3, 3, 3, 3, 3, 3, 3, 3, 3, 3, 3, 3, 3, 3, 3, 3, 3, 3, 3, 3, 3, 3, 3, 3, 3, 3, 3, 3, 3, 3, 3, 3, 3, 3, 3, 3, 3, 3, 3, 3, 3, 3, 3, 3, 3, 3, 3, 3, 3, 3, 3, 3, 3, 3, 3, 3, 3, 3, 3, 3, 3, 3, 3, 3, 3, 3, 3, 3, 3, 3, 3, 3, 3, 3, 3, 3, 3, 3, 3, 3, 3, 3, 3, 3, 3, 3, 3, 3, 3, 3, 3, 3, 3, 3, 3, 3, 3, 3, 3, 3, 3, 3, 3, 3, 3, 3, 3, 3, 3, 3, 3, 3, 3, 3, 3, 3, 3, 3, 3, 3, 3, 3, 3, 3, 3, 3, 3, 3, 3, 3, 3, 3, 3, 3, 3, 3, 3, 3, 3, 3, 3, 3, 3, 3, 3, 3, 3, 3, 3, 3, 3, 3, 3, 3, 3, 3, 3, 3, 3, 3, 3, 3, 3, 3, 3, 3, 3, 3, 3, 3, 3, 3, 3, 3, 3, 3, 3, 3, 3, 3, 3, 3, 3, 3, 3, 3, 3, 3, 3, 3, 3, 3, 3, 3, 3, 3, 3, 3, 3, 3, 3, 3, 3, 3, 3, 3, 3, 3, 3, 3, 3, 3, 3, 3, 3, 3, 3, 3, 3, 3, 3, 3, 3, 3, 3, 3, 3, 3, 3, 3, 3, 3, 3, 3, 3, 3, 3, 3, 3, 3, 3, 3, 3, 3, 3, 3, 3, 3, 3, 3, 3, 3, 3, 3, 3, 3, 3, 3, 3, 3, 3, 3, 3, 3, 3, 3, 3, 3, 3, 3, 3, 3, 3, 3, 3, 3, 3, 3, 3, 3, 3, 3, 3, 3, 3, 3, 3, 3, 3, 3, 3, 3, 3, 3, 3, 3, 3, 3, 3, 3, 3, 3, 3, 3, 3, 3, 3, 3, 3, 3, 3, 3, 3, 3, 3, 3, 3, 3, 3, 3, 3, 3, 3, 3, 3, 3, 3, 3, 3, 3, 3, 3, 3, 3, 3, 3, 3, 3, 3, 3, 3, 3, 3, 3, 3, 3, 3, 3, 3, 3, 3, 3, 3, 3, 3, 3, 3, 3, 3, 3, 3, 3, 3, 3, 3, 3, 3, 3, 3, 3, 3, 3, 3, 3, 3, 3, 3, 3, 3, 3, 3, 3, 3, 3, 3, 3, 3, 3, 3, 3, 3, 3, 3, 3, 3, 3, 3, 3, 3, 3, 3, 3, 3, 3, 3, 3, 3, 3, 3, 3, 3, 3, 3, 3, 3, 3, 3, 3, 3, 3, 3, 3, 3, 3, 3, 3, 3, 3, 3, 3, 3, 3, 3, 3, 3, 3, 3, 3, 3, 3, 3, 3, 3, 3, 3, 3, 3, 3, 3, 3, 3, 3, 3, 3, 3, 3, 3, 3, 3, 3, 3, 3, 3, 3, 3, 3, 3, 3, 3, 3, 3, 3, 3, 3, 3, 3, 3, 3, 3, 3, 3, 3, 3, 3, 3, 3, 3, 3, 3, 3, 3, 3, 3, 3, 3, 3, 3, 3, 3, 3, 3, 3, 3, 3, 3, 3, 3, 3, 3, 3, 3, 3, 3, 3, 3, 3, 3, 3, 3, 3, 3, 3, 3, 3, 3, 3, 3, 3, 3, 3, 3, 3, 3, 3, 3, 3, 3, 3, 3, 3, 3, 3, 3, 3, 3, 3, 3, 3, 3, 3, 3, 3, 3, 3, 3, 3, 3, 3, 3, 3, 3, 3, 3, 3, 3, 3, 3, 3, 3, 3, 3, 3, 3, 3, 3, 3, 3, 3, 3, 3, 3, 3, 3, 3, 3, 3, 3, 3, 3, 3, 3, 3, 3, 3, 3, 3, 3, 3, 3, 3, 3, 3, 3, 3, 3, 3, 3, 3, 3, 3, 3, 3, 3, 3, 3, 3, 3, 3, 3, 3, 3, 3, 3, 3, 3, 3, 3, 3, 3, 3, 3, 3, 3, 3, 3, 3, 3, 3, 3, 3, 3, 3, 3, 3, 3, 3, 3, 3, 3, 3, 3, 3, 3, 3, 3, 3, 3, 3, 3, 3, 3, 3, 3, 3, 3, 3, 3, 3, 3, 3, 3, 3, 3, 3, 3, 3, 3, 3, 3, 3, 3, 3, 3, 3, 3, 3, 3, 3, 3, 3, 3, 3, 3, 3, 3, 3, 3, 3, 3, 3, 3, 3, 3, 3, 3, 3, 3, 3, 3, 3, 3, 3, 3, 3, 3, 3, 3, 3, 3, 3, 3, 3, 3, 3, 3, 3, 3, 3, 3, 3, 3, 3, 3, 3, 3, 3, 3, 3, 3, 3, 3, 3, 3, 3, 3, 3, 3, 3, 3, 3, 3, 3, 3, 3, 3, 3, 3, 3, 3, 3, 3, 3, 3, 3, 3, 3, 3, 3, 3, 3, 3, 3, 3, 3, 3, 3, 3, 3, 3, 3, 3, 3, 3, 3, 3, 3, 3, 3, 3, 3, 3, 3, 3, 3, 3, 3, 3, 3, 3, 3, 3, 3, 3, 3, 3, 3, 3, 3, 3, 3, 3, 3, 3, 3, 3, 3, 3, 3, 3, 3, 3, 3, 3, 3, 3, 3, 3, 3, 3, 3, 3, 3, 3, 3, 3, 3, 3, 3, 3, 3, 3, 3, 3, 3, 3, 3, 3, 3, 3, 3, 3, 3, 3, 3, 3, 3, 3, 3, 3, 3, 3, 3, 3, 3, 3, 3, 3, 3, 3, 3, 3, 3, 3, 3, 3, 3, 3, 3, 3, 3, 3, 3, 3, 3, 3, 3, 3, 3, 3, 3, 3, 3, 3, 3, 3, 3, 3, 3, 3, 3, 3, 3, 3, 3, 3, 3, 3, 3, 3, 3, 3, 3, 3, 3, 3, 3, 3, 3, 3, 3, 3, 3, 3, 3, 3, 3, 3, 3, 3, 3, 3, 3, 3, 3, 3, 3, 3, 3, 3, 3, 3, 3, 3, 3, 3, 3, 3, 3, 3, 3, 3, 3, 3, 3, 3, 3, 3, 3, 3, 3, 3, 3, 3, 3, 3, 3, 3, 3, 3, 3, 3, 3, 3, 3, 3, 3, 3, 3, 3, 3, 3, 3, 3, 3, 3, 3, 3, 3, 3, 3, 3, 3, 3, 3, 3, 3, 3, 3, 3, 3, 3, 3, 3, 3, 3, 3, 3, 3, 3, 3, 3, 3, 3, 3, 3, 3, 3, 3, 3, 3, 3, 3, 3, 3, 3, 3, 3, 3, 3, 3, 3, 3, 3, 3, 3, 3, 3, 3, 3, 3, 3, 3, 3, 3, 3, 3, 3, 3, 3, 3, 3, 3, 3, 3, 3, 3, 3, 3, 3, 3, 3, 3, 3, 3, 3, 3, 3, 3, 3, 3, 3, 3, 3, 3, 3, 3, 3, 3, 3, 3, 3, 3, 3, 3, 3, 3, 3, 3, 3, 3, 3, 3, 3, 3, 3, 3, 3, 3, 3, 3, 3, 3, 3, 3, 3, 3, 3, 3, 3, 3, 3, 3, 3, 3, 3, 3, 3, 3, 3, 3, 3, 3, 3, 3, 3, 3, 3, 3, 3, 3, 3, 3, 3, 3, 3, 3, 3, 3, 3, 3, 3, 3, 3, 3, 3, 3, 3, 3, 3, 3, 3, 3, 3, 3, 3, 3, 3, 3, 3, 3, 3, 3, 3, 3, 3, 3, 3, 3, 3, 3, 3, 3, 3, 3, 3, 3, 3, 3, 3, 3, 3, 3, 3, 3, 3, 3, 3, 3, 3, 3, 3, 3, 3, 3, 3, 3, 3, 3, 3, 3, 3, 3, 3, 3, 3, 3, 3, 3, 3, 3, 3, 3, 3, 3, 3, 3, 3, 3, 3, 3, 3, 3, 3, 3, 3, 3, 3, 3, 3, 3, 3, 3, 3, 3, 3, 3, 3, 3, 3, 3, 3, 3, 3, 3, 3, 3, 3, 3, 3, 3, 3, 3, 3, 3, 3, 3, 3, 3, 3, 3, 3, 3, 3, 3, 3, 3, 3, 3, 3, 3, 3, 3, 3, 3, 3, 3, 3, 3, 3, 3, 3, 3, 3, 3, 3, 3, 3, 3, 3, 3, 3, 3, 3, 3, 3, 3, 3, 3, 3, 3, 3, 3, 3, 3, 3, 3, 3, 3, 3, 3, 3, 3, 3, 3, 3, 3, 3, 3, 3, 3, 3, 3, 3, 3, 3, 3, 3, 3, 3, 3, 3, 3, 3, 3, 3, 3, 3, 3, 3, 3, 3, 3, 3, 3, 3, 3, 3, 3, 3, 3, 3, 3, 3, 3, 3, 3, 3, 3, 3, 3, 3, 3, 3, 3, 3, 3, 3, 3, 3, 3, 3, 3, 3, 3, 3, 3, 3, 3, 3, 3, 3, 3, 3, 3, 3, 3, 3, 3, 3, 3, 3, 3, 3, 3, 3, 3, 3, 3, 3, 3, 3, 3, 3, 3, 3, 3, 3, 3, 3, 3, 3, 3, 3, 3, 3, 3, 3, 3, 3, 3, 3, 3, 3, 3, 3, 3, 3, 3, 3, 3, 3, 3, 3, 3, 3, 3, 3, 3, 3, 3, 3, 3, 3, 3, 3, 3, 3, 3, 3, 3, 3, 3, 3, 3, 3, 3, 3, 3, 3, 3, 3, 3, 3, 3, 3, 3, 3, 3, 3, 3, 3, 3, 3, 3, 3, 3, 3, 3, 3, 3, 3, 3, 3, 3, 3, 3, 3, 3, 3, 3, 3, 3, 3, 3, 3, 3, 3, 3, 3, 3, 3, 3, 3, 3, 3, 3, 3, 3, 3, 3, 3, 3, 3, 3, 3, 3, 3, 3, 3, 3, 3, 3, 3, 3, 3, 3, 3, 3, 3, 3, 3, 3, 3, 3, 3, 3, 3, 3, 3, 3, 3, 3, 3, 3, 3, 3, 3, 3, 3, 3, 3, 3, 3, 3, 3, 3, 3, 3, 3, 3, 3, 3, 3, 3, 3, 3, 3, 3, 3, 3, 3, 3, 3, 3, 3, 3, 3, 3, 3, 3, 3, 3, 3, 3, 3, 3, 3, 3, 3, 3, 3, 3, 3, 3, 3, 3, 3, 3, 3, 3, 3, 3, 3, 3, 3, 3, 3, 3, 3, 3, 3, 3, 3, 3, 3, 3, 3, 3, 3, 3, 3, 3, 3, 3, 3, 3, 3, 3, 3, 3, 3, 3, 3, 3, 3, 3, 3, 3, 3, 3, 3, 3, 3, 3, 3, 3, 3, 3, 3, 3, 3, 3, 3, 3, 3, 3, 3, 3, 3, 3, 3, 3, 3, 3, 3, 3, 3, 3, 3, 3, 3, 3, 3, 3, 3, 3, 3, 3, 3, 3, 3, 3, 3, 3, 3, 3, 3, 3, 3, 3, 3, 3, 3, 3, 3, 3, 3, 3, 3, 3, 3, 3, 3, 3, 3, 3, 3, 3, 3, 3, 3, 3, 3, 3, 3, 3, 3, 3, 3, 3, 3, 3, 3, 3, 3, 3, 3, 3, 3, 3, 3, 3, 3, 3, 3, 3, 3, 3, 3, 3, 3, 3, 3, 3, 3, 3, 3, 3, 3, 3, 3, 3, 3, 3, 3, 3, 3, 3, 3, 3, 3, 3, 3, 3, 3, 3, 3, 3, 3, 3, 3, 3, 3, 3, 3, 3, 3, 3, 3, 3, 3, 3, 3, 3, 3, 3, 3, 3, 3, 3, 3, 3, 3, 3, 3, 3, 3, 3, 3, 3, 3, 3, 3, 3, 3, 3, 3, 3, 3, 3, 3, 3, 3, 3, 3, 3, 3, 3, 3, 3, 3, 3, 3, 3, 3, 3, 3, 3, 3, 3, 3, 3, 3, 3, 3, 3, 3, 3, 3, 3, 3, 3, 3, 3, 3, 3, 3, 3, 3, 3, 3, 3, 3, 3, 3, 3, 3, 3, 3, 3, 3, 3, 3, 3, 3, 3, 3, 3, 3, 3, 3, 3, 3, 3, 3, 3, 3, 3, 3, 3, 3, 3, 3, 3, 3, 3, 3, 3, 3, 3, 3, 3, 3, 3, 3, 3, 3, 3, 3, 3, 3, 3, 3, 3, 3, 3, 3, 3, 3, 3, 3, 3, 3, 3, 3, 3, 3, 3, 3, 3, 3, 3, 3, 3, 3, 3, 3, 3, 3, 3, 3, 3, 3, 3, 3, 3, 3, 3, 3, 3, 3, 3, 3, 3, 3, 3, 3, 3, 3, 3, 3, 3, 3, 3, 3, 3, 3, 3, 3, 3, 3, 3, 3, 3, 3, 3, 3, 3, 3, 3, 3, 3, 3, 3, 3, 3, 3, 3, 3, 3, 3, 3, 3, 3, 3, 3, 3, 3, 3, 3, 3, 3, 3, 3, 3, 3, 3, 3, 3, 3, 3, 3, 3, 3, 3, 3, 3, 3, 3, 3, 3, 3, 3, 3, 3, 3, 3, 3, 3, 3, 3, 3, 3, 3, 3, 3, 3, 3, 3, 3, 3, 3, 3, 3, 3, 3, 3, 3, 3, 3, 3, 3, 3, 3, 3, 3, 3, 3, 3, 3, 3, 3, 3, 3, 3, 3, 3, 3, 3, 3, 3, 3, 3, 3, 3, 3, 3, 3, 3, 3, 3, 3, 3, 3, 3, 3, 3, 3, 3, 3, 3, 3, 3, 3, 3, 3, 3, 3, 3, 3, 3, 3, 3, 3, 3, 3, 3, 3, 3, 3, 3, 3, 3, 3]
        int[] faceVertexIndices = [26, 558, 1323, 38, 1017, 1, 23, 15, 36, 35, 212, 36, 1042, 966, 291, 905, 198, 121, 905, 529, 223, 907, 139, 203, 333, 45, 141, 37, 968, 143, 61, 300, 145, 161, 488, 308, 1017, 182, 1, 624, 19, 625, 38, 268, 1017, 39, 96, 203, 1, 49, 38, 37, 134, 968, 106, 53, 61, 808, 350, 629, 356, 357, 115, 358, 1042, 359, 29, 8, 221, 1045, 369, 126, 370, 1046, 371, 1, 88, 142, 33, 16, 232, 238, 2, 250, 224, 244, 61, 143, 245, 247, 248, 151, 147, 97, 249, 150, 40, 1332, 249, 39, 250, 194, 74, 251, 242, 905, 248, 198, 383, 636, 1348, 394, 161, 448, 238, 593, 398, 831, 403, 641, 413, 647, 187, 134, 475, 49, 316, 103, 281, 180, 643, 644, 96, 40, 97, 40, 96, 39, 199, 29, 221, 558, 42, 1364, 426, 1363, 50, 210, 566, 339, 67, 106, 232, 33, 232, 106, 558, 222, 530, 198, 43, 121, 60, 121, 43, 133, 662, 663, 212, 53, 135, 31, 572, 528, 139, 72, 73, 73, 203, 139, 141, 45, 377, 143, 142, 74, 210, 146, 566, 147, 77, 149, 150, 77, 151, 150, 151, 573, 39, 203, 73, 74, 142, 88, 380, 929, 29, 905, 223, 248, 1291, 668, 790, 487, 670, 669, 489, 72, 396, 308, 160, 44, 491, 671, 672, 947, 176, 675, 675, 176, 676, 181, 792, 678, 182, 1325, 88, 88, 1, 182, 652, 685, 684, 46, 96, 1323, 194, 40, 39, 223, 573, 151, 573, 26, 150, 530, 197, 292, 199, 60, 43, 529, 1365, 573, 100, 202, 200, 24, 250, 2, 280, 204, 396, 204, 101, 44, 1363, 319, 450, 533, 59, 534, 102, 208, 207, 381, 251, 267, 210, 134, 37, 536, 210, 297, 67, 135, 53, 53, 106, 67, 910, 16, 33, 36, 212, 23, 33, 106, 379, 454, 279, 654, 464, 695, 696, 556, 8, 553, 117, 1365, 467, 58, 291, 555, 118, 467, 360, 220, 360, 556, 35, 224, 212, 61, 53, 224, 212, 224, 53, 120, 293, 327, 199, 221, 60, 8, 29, 903, 107, 123, 108, 561, 16, 562, 1043, 537, 367, 127, 372, 471, 64, 1324, 560, 128, 471, 373, 229, 373, 561, 706, 743, 707, 130, 298, 338, 225, 805, 710, 133, 711, 712, 1346, 122, 1326, 135, 15, 212, 570, 316, 537, 531, 718, 27, 27, 718, 570, 134, 536, 475, 535, 719, 31, 31, 377, 572, 572, 71, 138, 138, 378, 98, 250, 73, 238, 71, 280, 378, 240, 239, 137, 237, 202, 241, 202, 237, 531, 101, 140, 449, 37, 143, 247, 142, 49, 1, 242, 143, 74, 379, 145, 476, 224, 35, 244, 61, 244, 300, 144, 300, 247, 37, 247, 146, 146, 247, 300, 143, 242, 245, 242, 0, 246, 566, 146, 244, 146, 300, 244, 566, 244, 35, 380, 149, 477, 248, 223, 151, 147, 151, 77, 148, 77, 249, 26, 97, 150, 97, 40, 249, 150, 249, 77, 40, 194, 1332, 73, 250, 39, 250, 1222, 194, 88, 251, 74, 251, 0, 242, 0, 251, 381, 147, 76, 248, 198, 248, 43, 76, 199, 43, 907, 239, 240, 575, 933, 721, 478, 724, 723, 480, 1278, 1223, 731, 487, 732, 27, 591, 531, 159, 488, 395, 944, 395, 592, 72, 489, 593, 66, 591, 688, 83, 394, 164, 398, 255, 580, 804, 9, 999, 600, 47, 748, 912, 104, 105, 606, 86, 1327, 718, 417, 570, 136, 38, 49, 268, 38, 136, 569, 237, 337, 103, 175, 450, 889, 628, 749, 89, 750, 887, 751, 752, 421, 176, 270, 754, 172, 755, 756, 18, 908, 757, 181, 758, 759, 89, 760, 761, 91, 677, 763, 251, 88, 92, 911, 381, 20, 183, 514, 427, 336, 428, 281, 611, 771, 770, 91, 451, 1201, 202, 531, 200, 46, 203, 96, 283, 601, 282, 705, 527, 687, 972, 973, 1163, 1079, 1178, 974, 116, 290, 656, 788, 299, 662, 300, 144, 145, 159, 308, 488, 308, 159, 160, 880, 164, 738, 977, 978, 1168, 756, 315, 532, 505, 676, 885, 179, 511, 792, 183, 319, 514, 319, 183, 184, 186, 793, 794, 979, 1171, 980, 800, 54, 811, 222, 573, 197, 791, 332, 309, 80, 939, 447, 448, 45, 333, 281, 103, 336, 912, 452, 104, 909, 1259, 708, 196, 785, 107, 981, 982, 983, 984, 985, 986, 988, 989, 990, 353, 354, 116, 355, 969, 552, 98, 328, 219, 197, 1365, 117, 527, 1140, 687, 811, 54, 810, 704, 364, 705, 366, 367, 228, 368, 1231, 1294, 210, 372, 127, 802, 205, 233, 710, 374, 711, 714, 375, 1341, 716, 376, 717, 26, 573, 222, 137, 378, 240, 71, 140, 101, 144, 245, 246, 380, 29, 199, 1048, 70, 715, 301, 152, 717, 153, 821, 1223, 385, 637, 822, 200, 879, 100, 394, 333, 100, 159, 395, 261, 160, 396, 204, 66, 827, 591, 490, 640, 162, 261, 828, 593, 494, 992, 993, 995, 834, 996, 803, 206, 1329, 264, 414, 912, 414, 264, 413, 59, 837, 534, 569, 50, 718, 281, 1017, 418, 208, 337, 241, 316, 175, 103, 839, 1367, 751, 762, 424, 784, 207, 602, 102, 183, 427, 1353, 184, 428, 336, 436, 647, 843, 511, 278, 763, 651, 449, 45, 48, 749, 628, 1363, 450, 50, 102, 337, 208, 337, 102, 426, 104, 452, 763, 453, 516, 93, 566, 35, 339, 36, 1004, 35, 211, 340, 970, 1254, 1005, 56, 463, 854, 655, 465, 1007, 1008, 1284, 856, 857, 42, 530, 966, 117, 467, 118, 1042, 291, 58, 530, 42, 558, 42, 328, 137, 950, 9, 338, 859, 33, 379, 699, 1228, 860, 704, 123, 703, 454, 654, 294, 1285, 863, 864, 52, 536, 967, 127, 471, 128, 1046, 967, 1324, 633, 472, 335, 714, 131, 712, 866, 299, 715, 866, 132, 867, 713, 474, 867, 316, 418, 211, 340, 211, 418, 42, 137, 239, 138, 528, 572, 528, 138, 98, 378, 137, 328, 71, 101, 280, 571, 333, 141, 476, 144, 928, 76, 147, 149, 477, 149, 148, 477, 148, 69, 152, 301, 906, 154, 620, 871, 482, 667, 872, 81, 1334, 873, 874, 1229, 668, 875, 156, 621, 876, 82, 877, 790, 1263, 670, 789, 1319, 1262, 83, 488, 161, 159, 489, 160, 396, 160, 489, 161, 308, 651, 162, 879, 827, 84, 78, 330, 869, 627, 1009, 492, 84, 330, 68, 883, 673, 497, 1011, 1012, 885, 172, 205, 755, 177, 754, 888, 889, 749, 759, 510, 762, 318, 890, 891, 761, 513, 891, 183, 515, 184, 428, 184, 515, 185, 514, 1363, 653, 453, 93, 520, 793, 892, 897, 189, 623, 681, 324, 797, 1015, 1016, 1199, 209, 325, 798, 799, 698, 120, 31, 528, 11, 197, 530, 222, 99, 201, 817, 671, 99, 165, 101, 449, 44, 240, 280, 907, 24, 2, 622, 204, 280, 101, 838, 803, 1329, 48, 689, 47, 999, 1329, 206, 9, 804, 338, 33, 859, 910, 1222, 250, 24, 319, 765, 450, 336, 765, 184, 11, 533, 31, 450, 765, 103, 268, 418, 1017, 283, 911, 601, 912, 105, 264, 516, 451, 913, 804, 709, 130, 334, 802, 814, 338, 787, 910, 1004, 372, 339, 27, 537, 1043, 195, 799, 805, 626, 630, 538, 1020, 1021, 1022, 346, 1024, 1023, 988, 1027, 1105, 1028, 1029, 1030, 693, 807, 553, 293, 693, 786, 349, 293, 808, 463, 852, 694, 463, 468, 853, 984, 1033, 1034, 218, 1091, 915, 1036, 1037, 1210, 354, 1038, 528, 290, 116, 219, 355, 114, 58, 916, 809, 917, 356, 1040, 1284, 917, 809, 557, 357, 356, 1041, 557, 357, 12, 328, 42, 358, 117, 292, 197, 121, 467, 529, 1365, 529, 467, 60, 467, 121, 291, 1225, 555, 467, 60, 360, 221, 360, 60, 360, 221, 556, 8, 556, 221, 119, 800, 858, 1035, 41, 554, 329, 626, 853, 1339, 904, 914, 239, 46, 1364, 529, 573, 223, 120, 327, 799, 630, 362, 713, 918, 63, 659, 1235, 700, 701, 919, 227, 631, 919, 364, 659, 920, 14, 28, 920, 365, 631, 921, 66, 688, 368, 125, 64, 921, 813, 922, 1045, 1044, 1212, 922, 813, 1331, 537, 211, 367, 340, 52, 370, 127, 297, 210, 135, 372, 15, 372, 135, 471, 67, 471, 135, 296, 128, 560, 373, 1231, 128, 471, 67, 373, 232, 373, 67, 373, 232, 561, 16, 561, 232, 129, 803, 865, 130, 338, 804, 628, 334, 1373, 234, 661, 924, 225, 663, 810, 567, 788, 1288, 376, 559, 1289, 699, 926, 1289, 531, 237, 569, 536, 134, 210, 537, 316, 211, 52, 475, 536, 475, 52, 136, 241, 571, 208, 535, 208, 571, 138, 71, 378, 98, 378, 328, 222, 558, 26, 241, 202, 333, 377, 719, 141, 377, 140, 572, 71, 572, 140, 378, 280, 240, 377, 449, 140, 449, 377, 45, 859, 379, 243, 243, 476, 75, 476, 243, 379, 75, 476, 928, 144, 247, 245, 242, 246, 245, 380, 76, 149, 477, 234, 380, 148, 249, 1332, 194, 1222, 1332, 332, 817, 634, 932, 567, 1288, 78, 627, 868, 24, 25, 816, 78, 1048, 330, 720, 331, 931, 721, 382, 819, 935, 576, 1236, 818, 1376, 667, 723, 1092, 1182, 1306, 486, 725, 726, 939, 869, 873, 482, 727, 872, 154, 637, 727, 386, 823, 871, 481, 672, 666, 480, 870, 385, 822, 791, 580, 728, 622, 4, 940, 933, 574, 729, 934, 824, 1240, 1239, 388, 825, 731, 576, 732, 936, 390, 734, 1215, 1010, 1167, 1051, 587, 736, 906, 1290, 938, 393, 1054, 1055, 1056, 590, 737, 1192, 591, 200, 531, 161, 394, 83, 651, 448, 161, 83, 163, 943, 592, 943, 971, 159, 261, 489, 593, 489, 261, 204, 44, 160, 139, 396, 72, 396, 139, 280, 27, 1043, 688, 100, 879, 394, 1331, 4, 397, 397, 575, 640, 640, 254, 738, 81, 971, 937, 72, 593, 238, 261, 944, 828, 579, 944, 592, 398, 2, 238, 2, 580, 622, 1057, 1143, 1271, 741, 830, 562, 298, 741, 787, 402, 298, 831, 495, 882, 742, 495, 472, 68, 1059, 499, 1197, 883, 815, 707, 4, 945, 940, 581, 744, 941, 1061, 1062, 995, 1063, 1064, 1065, 1239, 1357, 942, 582, 745, 1214, 1066, 1067, 1068, 1072, 1073, 1074, 1194, 884, 874, 1075, 313, 1076, 583, 1322, 746, 257, 836, 1292, 1251, 1189, 747, 420, 335, 838, 837, 506, 886, 415, 506, 917, 557, 12, 1216, 415, 603, 416, 173, 416, 507, 416, 265, 507, 607, 266, 1327, 608, 20, 1219, 417, 175, 570, 316, 570, 175, 569, 337, 50, 417, 450, 175, 450, 417, 50, 317, 888, 887, 949, 509, 948, 757, 422, 949, 243, 951, 950, 510, 951, 952, 269, 953, 838, 513, 953, 678, 952, 928, 954, 609, 954, 965, 425, 750, 644, 326, 1367, 798, 534, 207, 208, 185, 426, 87, 1363, 426, 185, 605, 515, 1353, 182, 428, 1325, 428, 182, 281, 1017, 281, 182, 93, 611, 653, 611, 93, 519, 957, 612, 767, 958, 274, 645, 767, 432, 841, 960, 94, 1241, 841, 431, 768, 840, 188, 680, 961, 1381, 1242, 962, 275, 1386, 782, 964, 284, 769, 610, 956, 770, 429, 51, 894, 187, 647, 607, 1359, 844, 520, 892, 913, 414, 773, 912, 844, 436, 774, 608, 774, 20, 612, 775, 958, 274, 648, 959, 522, 778, 897, 441, 779, 1275, 189, 649, 898, 94, 683, 961, 1381, 1384, 962, 284, 964, 849, 91, 763, 451, 784, 283, 783, 911, 283, 965, 113, 1079, 1080, 307, 621, 789, 25, 622, 309, 168, 1081, 1082, 324, 522, 1282, 363, 626, 329, 15, 372, 1004, 982, 1083, 1084, 985, 1085, 1086, 1088, 990, 1089, 629, 349, 808, 362, 630, 363, 364, 631, 365, 366, 632, 367, 633, 335, 689, 386, 637, 385, 638, 824, 388, 397, 640, 490, 1093, 993, 1061, 830, 1094, 1349, 641, 402, 831, 1067, 1095, 994, 834, 407, 408, 1189, 1251, 1096, 413, 642, 414, 316, 281, 418, 419, 760, 748, 643, 1200, 644, 425, 644, 1200, 432, 645, 1000, 437, 647, 436, 648, 1001, 439, 253, 906, 260, 100, 333, 202, 1098, 1099, 1100, 1101, 1102, 1103, 1105, 1106, 462, 856, 656, 290, 469, 657, 294, 658, 294, 657, 470, 659, 364, 294, 658, 454, 863, 660, 295, 474, 1255, 299, 483, 667, 482, 790, 668, 307, 669, 670, 306, 163, 164, 880, 671, 165, 672, 384, 672, 165, 1110, 1111, 1112, 495, 673, 1113, 1114, 1115, 498, 1116, 1117, 1118, 501, 1119, 1120, 674, 507, 1369, 508, 675, 317, 675, 508, 947, 317, 675, 505, 676, 505, 675, 677, 91, 890, 677, 890, 318, 792, 318, 678, 513, 678, 318, 521, 680, 1244, 681, 522, 324, 683, 1016, 1256, 684, 685, 643, 610, 325, 209, 98, 219, 354, 1192, 331, 590, 491, 330, 801, 24, 816, 1222, 601, 843, 282, 105, 282, 264, 970, 228, 367, 1122, 1123, 1124, 541, 1126, 1028, 1128, 1316, 1129, 1128, 1130, 1131, 1133, 1134, 1135, 216, 539, 550, 539, 1177, 1320, 1356, 1370, 347, 1136, 1030, 1137, 1136, 1138, 1018, 461, 692, 1031, 693, 349, 807, 349, 693, 293, 463, 694, 468, 543, 1139, 1372, 695, 554, 351, 1140, 1141, 1036, 359, 855, 290, 361, 1035, 854, 1035, 361, 41, 1140, 697, 687, 195, 119, 698, 619, 41, 861, 918, 700, 1235, 702, 470, 703, 527, 705, 365, 371, 862, 295, 707, 743, 496, 206, 129, 709, 815, 689, 48, 689, 815, 633, 805, 1142, 710, 711, 473, 712, 473, 711, 374, 474, 713, 362, 375, 714, 473, 567, 715, 299, 1326, 559, 716, 376, 716, 559, 569, 718, 531, 571, 719, 535, 719, 377, 31, 801, 330, 1048, 574, 721, 933, 721, 574, 382, 727, 482, 386, 672, 481, 491, 728, 385, 309, 581, 729, 574, 388, 731, 576, 732, 576, 731, 583, 733, 1050, 736, 587, 1052, 880, 738, 1213, 332, 25, 309, 1144, 1145, 1146, 399, 739, 1058, 1149, 1147, 1148, 740, 493, 881, 493, 740, 1349, 741, 402, 830, 402, 741, 298, 495, 742, 472, 1151, 1150, 1059, 1321, 1152, 1259, 744, 1146, 1060, 1153, 1154, 1155, 1153, 594, 1063, 942, 1260, 582, 1156, 1157, 1150, 1156, 1068, 1158, 946, 1159, 1321, 746, 1322, 1075, 1160, 1161, 1162, 1251, 747, 584, 315, 908, 532, 748, 47, 420, 87, 602, 674, 749, 48, 600, 750, 508, 887, 508, 750, 1328, 751, 326, 752, 755, 422, 756, 422, 755, 509, 315, 757, 908, 757, 315, 422, 758, 423, 759, 510, 759, 423, 760, 419, 761, 513, 761, 419, 424, 762, 510, 609, 784, 424, 677, 511, 763, 947, 1328, 764, 425, 1078, 1328, 519, 766, 611, 767, 612, 432, 769, 614, 610, 434, 770, 771, 770, 434, 429, 773, 520, 913, 774, 436, 601, 540, 775, 1203, 782, 614, 445, 1201, 451, 652, 283, 784, 609, 104, 783, 105, 108, 687, 196, 687, 108, 705, 110, 1023, 1163, 456, 1100, 1318, 1303, 1079, 974, 1165, 465, 1108, 1165, 1107, 1007, 115, 1166, 1040, 292, 117, 1225, 8, 903, 786, 327, 293, 786, 126, 1366, 1044, 297, 127, 296, 16, 910, 787, 338, 298, 787, 131, 662, 133, 662, 131, 788, 145, 144, 476, 303, 620, 154, 620, 303, 975, 305, 1319, 1167, 305, 157, 1262, 738, 164, 162, 332, 791, 817, 385, 791, 309, 1354, 1011, 1115, 1354, 1113, 1011, 1169, 1168, 1076, 314, 1170, 1118, 503, 1121, 1170, 315, 756, 422, 909, 172, 756, 676, 177, 885, 177, 676, 176, 179, 792, 181, 1230, 320, 1264, 623, 189, 323, 796, 1171, 190, 797, 324, 1015, 1172, 192, 798, 326, 798, 325, 687, 697, 196, 54, 800, 195, 329, 811, 363, 811, 329, 800, 671, 801, 932, 817, 791, 99, 803, 838, 335, 765, 336, 103, 1097, 850, 1343, 1259, 909, 532, 205, 708, 233, 708, 205, 909, 107, 108, 196, 279, 454, 785, 107, 785, 454, 54, 805, 225, 1126, 1173, 1083, 1310, 1174, 1266, 986, 1175, 1131, 1025, 1176, 1087, 989, 1178, 1137, 1026, 1089, 1029, 629, 1031, 349, 808, 120, 698, 808, 698, 350, 111, 629, 350, 352, 1179, 1090, 1034, 1091, 1037, 354, 219, 116, 809, 115, 357, 361, 626, 41, 41, 619, 554, 225, 810, 54, 363, 810, 362, 810, 363, 811, 702, 122, 812, 700, 470, 702, 123, 704, 108, 705, 108, 704, 365, 705, 364, 563, 368, 1294, 813, 126, 369, 706, 628, 1373, 814, 1373, 334, 815, 883, 633, 225, 711, 133, 711, 225, 710, 131, 714, 236, 801, 715, 567, 715, 801, 1048, 717, 1257, 301, 635, 1268, 1237, 383, 1290, 1181, 723, 1182, 821, 637, 154, 384, 384, 822, 637, 822, 384, 165, 1362, 1240, 389, 392, 639, 156, 1057, 1183, 1054, 827, 200, 591, 490, 827, 66, 922, 397, 490, 828, 398, 593, 398, 828, 255, 331, 720, 1271, 739, 399, 1184, 1145, 1184, 1093, 992, 1185, 1148, 641, 1094, 402, 831, 130, 709, 831, 709, 403, 166, 641, 403, 595, 1151, 1186, 1066, 1186, 1095, 1154, 1187, 408, 1260, 408, 1187, 1077, 1189, 1096, 411, 835, 1189, 172, 909, 205, 532, 909, 756, 885, 205, 802, 837, 207, 534, 506, 837, 59, 415, 416, 173, 50, 417, 718, 269, 838, 1329, 421, 839, 751, 751, 1367, 326, 177, 755, 172, 269, 758, 181, 758, 269, 999, 179, 762, 273, 784, 273, 762, 1200, 1078, 425, 1172, 1273, 193, 1078, 193, 1273, 429, 850, 51, 840, 430, 188, 841, 432, 431, 1242, 435, 1243, 187, 642, 413, 413, 843, 647, 843, 413, 264, 844, 437, 436, 1358, 1001, 1190, 1245, 845, 777, 440, 648, 274, 846, 1002, 1191, 443, 649, 189, 664, 80, 447, 253, 260, 720, 829, 720, 260, 84, 1009, 78, 45, 448, 651, 448, 333, 394, 44, 449, 651, 47, 600, 48, 282, 105, 783, 453, 652, 516, 902, 453, 653, 451, 452, 913, 107, 658, 123, 658, 107, 454, 1175, 1101, 973, 1102, 1086, 1020, 655, 1107, 463, 463, 853, 854, 655, 854, 464, 464, 696, 1008, 1138, 1080, 1108, 1193, 1109, 1032, 856, 290, 855, 656, 856, 1284, 856, 114, 857, 57, 857, 114, 115, 353, 1166, 119, 858, 694, 119, 694, 350, 468, 858, 329, 858, 468, 694, 195, 800, 119, 294, 860, 469, 364, 704, 470, 703, 470, 704, 860, 654, 861, 654, 860, 294, 863, 295, 862, 660, 863, 1285, 863, 125, 864, 65, 864, 125, 126, 366, 1366, 129, 865, 742, 129, 742, 403, 472, 865, 335, 865, 472, 742, 206, 803, 129, 712, 473, 714, 133, 712, 131, 132, 866, 70, 715, 70, 866, 867, 474, 866, 62, 867, 132, 867, 62, 713, 149, 77, 148, 868, 664, 1234, 1048, 78, 70, 1257, 664, 447, 79, 665, 936, 665, 79, 478, 478, 153, 1277, 480, 869, 1009, 869, 80, 627, 870, 1009, 84, 871, 1247, 481, 667, 155, 303, 303, 872, 667, 872, 303, 154, 483, 873, 1334, 873, 483, 482, 668, 1194, 874, 621, 307, 484, 790, 158, 1291, 485, 1336, 1195, 305, 1306, 157, 487, 669, 79, 44, 651, 308, 490, 162, 827, 162, 164, 879, 827, 879, 200, 880, 937, 971, 83, 164, 163, 492, 330, 491, 78, 1009, 627, 870, 84, 492, 1185, 1112, 976, 495, 68, 673, 673, 883, 496, 496, 1196, 1012, 1063, 1149, 1114, 1197, 1116, 1064, 1157, 977, 1117, 1188, 501, 978, 1119, 1227, 1072, 172, 885, 177, 505, 885, 802, 802, 334, 505, 602, 886, 674, 886, 506, 173, 89, 887, 178, 317, 887, 508, 176, 754, 177, 754, 839, 509, 600, 888, 749, 888, 317, 889, 505, 889, 317, 889, 505, 334, 181, 759, 179, 762, 179, 759, 792, 511, 677, 792, 677, 318, 512, 890, 91, 890, 512, 891, 180, 891, 512, 318, 891, 513, 89, 761, 180, 891, 180, 761, 1241, 1279, 1280, 1304, 1281, 322, 186, 766, 519, 519, 892, 793, 892, 519, 93, 893, 320, 1297, 680, 188, 1265, 680, 894, 1244, 894, 321, 187, 797, 191, 1198, 189, 898, 323, 323, 682, 1246, 1256, 980, 525, 685, 686, 643, 900, 193, 1078, 686, 900, 1200, 652, 684, 1201, 193, 901, 192, 901, 193, 900, 900, 686, 51, 1097, 901, 850, 1097, 956, 192, 798, 192, 209, 901, 1097, 192, 686, 685, 902, 903, 327, 786, 195, 698, 799, 619, 279, 1283, 218, 785, 196, 30, 904, 28, 929, 903, 29, 924, 1047, 929, 903, 1047, 327, 906, 253, 152, 664, 627, 80, 801, 671, 491, 689, 335, 420, 950, 910, 859, 910, 950, 338, 34, 908, 32, 765, 319, 184, 206, 709, 804, 339, 372, 210, 654, 619, 861, 619, 654, 279, 28, 904, 920, 195, 805, 54, 799, 1142, 805, 630, 626, 363, 626, 538, 41, 550, 539, 1202, 1203, 1202, 1122, 1019, 1193, 1098, 1204, 1084, 1127, 1205, 542, 1006, 545, 914, 10, 1174, 1141, 544, 1206, 1005, 1024, 1025, 1103, 1133, 1134, 458, 1022, 549, 806, 1377, 13, 690, 549, 1320, 1026, 1123, 851, 691, 57, 1039, 552, 1371, 552, 217, 692, 217, 553, 807, 553, 8, 693, 786, 693, 8, 808, 293, 120, 1303, 111, 350, 694, 852, 350, 350, 698, 119, 853, 468, 329, 1180, 1033, 1130, 464, 854, 1035, 854, 853, 361, 695, 1035, 554, 351, 1283, 1090, 619, 1283, 554, 196, 697, 1210, 544, 1140, 1339, 11, 916, 533, 290, 219, 359, 355, 58, 555, 552, 1039, 355, 59, 916, 917, 916, 1038, 353, 115, 809, 353, 857, 57, 691, 809, 357, 557, 356, 1211, 1041, 357, 550, 12, 58, 855, 1042, 858, 800, 329, 626, 361, 853, 10, 904, 30, 527, 1339, 1140, 1339, 527, 904, 218, 915, 785, 279, 785, 915, 713, 62, 124, 538, 124, 861, 559, 1326, 657, 657, 469, 559, 659, 470, 700, 631, 364, 919, 227, 919, 63, 659, 63, 919, 365, 904, 527, 904, 365, 920, 14, 920, 227, 631, 227, 920, 1043, 632, 688, 295, 228, 371, 688, 632, 921, 632, 366, 921, 368, 64, 560, 562, 230, 229, 66, 921, 922, 921, 366, 813, 126, 813, 366, 813, 369, 1331, 970, 367, 211, 64, 862, 1046, 865, 803, 335, 706, 48, 628, 472, 633, 68, 17, 908, 34, 532, 923, 1259, 923, 532, 908, 233, 833, 802, 814, 802, 833, 710, 1142, 374, 374, 1142, 924, 374, 924, 661, 69, 1232, 234, 663, 362, 810, 362, 663, 1255, 133, 663, 225, 1232, 235, 925, 375, 473, 1287, 1232, 925, 1287, 1233, 332, 1341, 299, 788, 567, 788, 131, 1288, 926, 699, 132, 1228, 1289, 559, 1289, 926, 1234, 70, 868, 926, 537, 27, 570, 719, 571, 141, 928, 144, 246, 929, 234, 924, 234, 929, 380, 69, 148, 235, 236, 634, 252, 252, 634, 817, 252, 1288, 236, 1288, 252, 932, 567, 932, 801, 7, 930, 6, 930, 7, 1235, 930, 331, 1192, 253, 927, 152, 927, 253, 931, 568, 931, 331, 25, 332, 1233, 817, 201, 252, 627, 664, 868, 201, 932, 252, 931, 253, 720, 4, 933, 575, 574, 934, 382, 635, 382, 934, 575, 721, 254, 819, 254, 721, 1333, 1335, 1267, 1236, 1347, 935, 254, 819, 1213, 667, 483, 818, 722, 483, 1334, 937, 1334, 81, 79, 724, 478, 724, 79, 669, 1258, 878, 1348, 478, 821, 153, 821, 478, 723, 725, 383, 157, 486, 1195, 1355, 480, 726, 869, 726, 578, 939, 869, 939, 80, 482, 872, 386, 637, 386, 872, 154, 871, 384, 672, 384, 871, 870, 492, 666, 255, 823, 580, 728, 580, 823, 822, 99, 791, 99, 822, 165, 728, 309, 622, 940, 574, 933, 574, 940, 581, 387, 1239, 582, 576, 935, 638, 487, 731, 825, 732, 79, 936, 79, 732, 487, 1050, 1229, 583, 392, 733, 257, 733, 392, 1050, 156, 875, 392, 585, 826, 1215, 735, 586, 876, 82, 876, 586, 939, 578, 587, 736, 260, 906, 577, 1183, 1355, 588, 1053, 82, 1055, 577, 1053, 589, 737, 1056, 737, 3, 1192, 3, 737, 589, 83, 943, 488, 943, 395, 488, 395, 943, 592, 943, 163, 971, 880, 971, 163, 27, 688, 591, 879, 164, 394, 66, 922, 490, 922, 1331, 397, 397, 4, 575, 640, 575, 254, 162, 640, 738, 738, 254, 1213, 937, 880, 1213, 944, 255, 828, 255, 944, 579, 944, 261, 395, 580, 2, 398, 24, 622, 25, 6, 1192, 3, 587, 906, 447, 4, 1360, 945, 881, 1058, 1286, 65, 563, 881, 493, 1349, 404, 230, 562, 830, 562, 16, 741, 787, 741, 16, 831, 298, 130, 742, 882, 403, 403, 709, 129, 743, 832, 1196, 496, 883, 707, 883, 68, 633, 405, 1373, 814, 1321, 1259, 923, 581, 940, 1350, 1062, 1147, 1155, 745, 1014, 1214, 1070, 406, 1152, 596, 946, 17, 884, 1322, 874, 746, 1272, 733, 1077, 1120, 1160, 1161, 502, 1074, 263, 835, 1162, 835, 599, 747, 599, 835, 263, 5, 1295, 599, 628, 889, 334, 32, 908, 18, 950, 859, 243, 178, 600, 748, 207, 886, 602, 886, 207, 837, 59, 917, 506, 917, 557, 415, 416, 603, 265, 507, 265, 604, 174, 604, 1337, 1329, 999, 269, 178, 760, 89, 760, 178, 748, 600, 178, 888, 887, 888, 178, 1328, 947, 508, 176, 947, 1224, 271, 753, 1374, 509, 949, 422, 18, 757, 272, 949, 272, 757, 423, 1380, 510, 951, 75, 952, 75, 951, 243, 419, 953, 513, 269, 678, 953, 510, 952, 424, 424, 952, 954, 952, 75, 928, 954, 928, 246, 424, 954, 609, 954, 0, 965, 0, 954, 246, 511, 273, 278, 273, 511, 179, 1328, 750, 425, 750, 89, 644, 180, 644, 89, 180, 684, 643, 684, 180, 512, 512, 1201, 684, 1200, 900, 1078, 1367, 270, 1172, 764, 1273, 1224, 426, 602, 87, 514, 185, 955, 955, 427, 514, 427, 955, 606, 1343, 1351, 1097, 22, 624, 964, 767, 603, 1216, 612, 958, 432, 645, 432, 958, 841, 265, 603, 430, 1274, 1296, 613, 1387, 1383, 1241, 679, 960, 795, 1265, 188, 431, 840, 521, 680, 521, 840, 961, 1242, 1279, 275, 963, 1386, 769, 433, 1338, 614, 782, 284, 782, 618, 964, 769, 1351, 433, 517, 1242, 1243, 766, 771, 611, 434, 842, 429, 611, 770, 653, 902, 653, 770, 647, 437, 894, 844, 266, 607, 187, 893, 642, 773, 414, 1297, 892, 516, 913, 516, 892, 93, 773, 452, 912, 452, 773, 913, 266, 844, 608, 774, 608, 844, 436, 843, 601, 843, 264, 282, 774, 911, 20, 911, 774, 601, 983, 213, 1217, 1190, 440, 1217, 775, 440, 958, 274, 958, 440, 1205, 56, 1218, 1198, 776, 1218, 648, 439, 959, 777, 613, 439, 777, 526, 1387, 94, 960, 1345, 778, 443, 897, 189, 897, 443, 987, 345, 1208, 615, 779, 1299, 1252, 442, 1300, 1384, 446, 962, 1003, 275, 446, 1302, 1276, 1301, 650, 445, 1338, 614, 769, 1338, 848, 277, 781, 618, 782, 277, 964, 21, 22, 21, 964, 618, 273, 783, 278, 783, 273, 784, 783, 283, 282, 381, 965, 0, 609, 965, 283, 965, 381, 911, 685, 652, 453, 278, 104, 763, 19, 624, 22, 624, 325, 849, 966, 292, 291, 967, 297, 296, 136, 52, 340, 968, 142, 143, 621, 1319, 789, 968, 134, 49, 475, 136, 49, 418, 268, 340, 136, 340, 268, 381, 267, 20, 555, 969, 355, 560, 1231, 368, 228, 970, 371, 238, 73, 72, 142, 968, 49, 592, 971, 81, 426, 102, 602, 287, 972, 1163, 972, 109, 973, 1163, 973, 285, 289, 974, 1178, 620, 304, 1247, 314, 977, 1168, 977, 169, 978, 1168, 978, 312, 320, 893, 1304, 1281, 1304, 1265, 979, 623, 1171, 980, 1171, 796, 981, 341, 982, 983, 982, 213, 344, 984, 986, 984, 342, 985, 986, 985, 457, 347, 988, 990, 988, 462, 989, 990, 989, 348, 969, 220, 217, 217, 552, 969, 359, 219, 328, 118, 360, 220, 1231, 229, 1294, 230, 1294, 229, 340, 370, 970, 371, 970, 370, 1292, 390, 1269, 399, 494, 993, 993, 992, 400, 1067, 994, 1069, 1069, 994, 406, 995, 407, 834, 836, 998, 1251, 241, 337, 237, 999, 9, 423, 1353, 427, 1327, 431, 1000, 840, 846, 441, 1002, 1003, 1302, 650, 1302, 1003, 1276, 1004, 339, 35, 1254, 1104, 1005, 1006, 1254, 56, 1007, 655, 1008, 464, 1008, 655, 114, 856, 855, 125, 863, 862, 370, 52, 1046, 479, 936, 665, 302, 1278, 666, 305, 1010, 1306, 1340, 882, 310, 1011, 673, 1012, 496, 1012, 673, 504, 1013, 1014, 1013, 504, 171, 322, 679, 1264, 517, 186, 1280, 898, 1300, 682, 797, 1015, 1199, 1015, 979, 1016, 1199, 1016, 683, 902, 51, 686, 530, 292, 966, 534, 535, 533, 536, 297, 967, 1018, 466, 1019, 1132, 914, 545, 458, 1020, 1022, 1020, 343, 1021, 1022, 1021, 55, 110, 285, 1025, 341, 981, 1026, 462, 988, 1105, 988, 347, 1027, 1105, 1027, 851, 541, 1028, 1030, 1028, 341, 1029, 1030, 1029, 348, 692, 1371, 552, 217, 807, 692, 111, 289, 1352, 112, 1032, 465, 342, 984, 1034, 984, 344, 1033, 1034, 1033, 352, 697, 1036, 1210, 1036, 342, 1037, 1210, 1037, 1091, 11, 1038, 916, 1038, 11, 528, 114, 1039, 57, 115, 1040, 356, 1211, 1284, 551, 357, 1041, 550, 1042, 855, 359, 118, 969, 555, 915, 1283, 279, 1043, 367, 632, 126, 1044, 1045, 1212, 1285, 564, 1360, 1045, 565, 1046, 862, 371, 128, 1231, 560, 1142, 1047, 924, 234, 477, 69, 1192, 6, 930, 725, 1355, 938, 484, 1050, 875, 390, 1215, 1270, 156, 639, 1167, 1051, 1167, 639, 391, 826, 735, 991, 1293, 1307, 577, 877, 1053, 1143, 1054, 1056, 1054, 577, 1055, 1056, 1055, 259, 280, 139, 907, 1271, 991, 1057, 1144, 945, 565, 494, 399, 1058, 1110, 1058, 881, 230, 1349, 740, 167, 1059, 497, 405, 832, 743, 744, 1060, 996, 401, 1061, 995, 1061, 400, 1062, 995, 1062, 407, 1153, 1063, 1065, 1063, 1114, 1064, 595, 1066, 1068, 1068, 1067, 1308, 1071, 1070, 1249, 1159, 946, 596, 502, 1072, 1074, 1072, 1312, 1073, 1074, 1073, 85, 746, 1075, 412, 1076, 412, 1075, 170, 312, 1077, 557, 1216, 415, 1325, 515, 605, 798, 1367, 1172, 183, 1353, 515, 266, 1353, 1327, 525, 796, 1384, 444, 1309, 848, 1080, 1079, 288, 307, 789, 1263, 320, 1304, 322, 15, 1004, 36, 213, 982, 1084, 982, 341, 1083, 1084, 1083, 1173, 457, 985, 1086, 985, 342, 1085, 1305, 346, 1311, 1088, 347, 990, 1089, 990, 348, 1352, 1031, 629, 352, 1090, 1091, 353, 1038, 354, 1052, 1049, 636, 824, 387, 388, 391, 1248, 1270, 401, 1093, 1061, 1093, 399, 993, 1061, 993, 400, 1094, 404, 1349, 404, 1094, 641, 1095, 833, 994, 833, 1095, 1385, 412, 1096, 998, 1096, 412, 170, 432, 1000, 431, 1001, 438, 439, 442, 1252, 1275, 650, 444, 445, 685, 453, 902, 456, 1098, 1100, 1098, 455, 1099, 1100, 1099, 287, 285, 1101, 1103, 1101, 457, 1102, 1103, 1102, 458, 459, 1005, 1104, 460, 1313, 1006, 1105, 461, 1106, 462, 1106, 289, 466, 1108, 1109, 1109, 1108, 465, 479, 665, 304, 302, 666, 481, 668, 484, 307, 669, 306, 1238, 494, 1110, 1112, 1110, 493, 1111, 1112, 1111, 311, 882, 495, 1113, 1113, 310, 882, 1114, 1082, 1115, 498, 1115, 497, 500, 1116, 1118, 1116, 499, 1117, 1118, 1117, 314, 312, 501, 1120, 1120, 1119, 502, 1314, 1121, 1013, 884, 1121, 503, 1121, 884, 1013, 518, 679, 322, 682, 523, 1301, 1016, 979, 980, 98, 354, 528, 540, 1122, 1124, 1122, 539, 1123, 1124, 1123, 981, 1028, 1126, 1083, 542, 1127, 460, 543, 1128, 1129, 1128, 109, 1316, 109, 1128, 1131, 1128, 543, 1130, 1131, 1130, 344, 214, 1132, 545, 544, 914, 1132, 1375, 1133, 1135, 1133, 458, 1134, 1135, 1134, 548, 539, 216, 1177, 1320, 1177, 1088, 1027, 691, 851, 113, 1136, 1137, 1136, 541, 1030, 1137, 1030, 348, 541, 1136, 1018, 1136, 113, 1138, 1018, 1138, 466, 1106, 461, 1352, 112, 1139, 1032, 1139, 543, 1129, 1139, 112, 1372, 351, 696, 695, 697, 1140, 1036, 1140, 544, 1141, 1036, 1141, 342, 815, 48, 706, 486, 1355, 725, 1052, 578, 1049, 820, 1049, 578, 726, 820, 578, 491, 481, 492, 1143, 737, 590, 737, 1143, 1056, 1350, 945, 1144, 1350, 1144, 1146, 1144, 231, 1145, 1146, 1145, 401, 168, 1149, 1148, 1149, 594, 1147, 1148, 1147, 400, 1149, 168, 1082, 1111, 493, 404, 167, 1151, 1059, 1151, 595, 1150, 1059, 1150, 499, 832, 1151, 167, 405, 743, 1373, 708, 1152, 406, 1152, 708, 1259, 744, 1350, 1146, 1060, 1146, 401, 594, 1153, 1155, 1153, 171, 1154, 1155, 1154, 407, 1065, 171, 1153, 1260, 745, 582, 745, 1260, 504, 595, 1156, 1150, 1156, 169, 1157, 1150, 1157, 499, 169, 1156, 1158, 1156, 595, 1068, 1158, 1068, 1308, 409, 1321, 1159, 1322, 503, 313, 411, 1160, 1162, 1160, 502, 1161, 1162, 1161, 598, 509, 839, 421, 1242, 1381, 435, 1203, 775, 612, 1261, 776, 1245, 547, 778, 1317, 1209, 779, 441, 524, 1309, 444, 285, 110, 1163, 286, 1163, 1023, 1163, 286, 287, 287, 1164, 1100, 1104, 1313, 1318, 1303, 288, 1079, 1178, 1079, 113, 288, 1165, 1080, 1108, 1080, 1165, 465, 1165, 1007, 1165, 288, 1107, 1007, 1107, 655, 116, 656, 1166, 1040, 1166, 656, 228, 295, 1366, 1044, 1366, 660, 304, 1277, 302, 975, 303, 155, 621, 156, 1319, 311, 1340, 976, 976, 1081, 168, 1081, 1354, 1082, 1115, 1082, 1354, 497, 1115, 1011, 1354, 310, 1113, 1011, 1113, 673, 312, 170, 1168, 313, 1169, 1076, 1169, 314, 1168, 1076, 1168, 170, 314, 1169, 1170, 1118, 1170, 1314, 503, 1170, 1169, 321, 1304, 893, 680, 1265, 321, 323, 1171, 623, 1171, 323, 190, 1015, 324, 979, 192, 1172, 193, 671, 932, 201, 341, 1028, 1083, 1126, 1330, 1315, 460, 1173, 1315, 1173, 460, 1127, 1310, 1085, 1174, 1085, 342, 1141, 1266, 1174, 1132, 344, 986, 1131, 986, 457, 1175, 1131, 1175, 109, 110, 1025, 1087, 1025, 1375, 1176, 1087, 1176, 987, 1176, 806, 345, 1377, 806, 1375, 1088, 1177, 347, 348, 989, 1137, 989, 462, 1178, 1137, 1178, 113, 341, 1026, 1029, 1029, 1089, 348, 1031, 807, 349, 629, 111, 1352, 1179, 352, 1180, 1372, 1180, 543, 1179, 351, 1090, 351, 1179, 696, 342, 1034, 1037, 1034, 352, 1091, 122, 1346, 812, 740, 1294, 230, 1257, 447, 301, 383, 1181, 636, 1181, 1052, 636, 1182, 820, 821, 820, 1182, 1049, 1049, 1182, 1092, 1049, 1092, 636, 639, 392, 1269, 257, 1269, 392, 1143, 1057, 1054, 1054, 1183, 577, 1293, 991, 829, 1184, 564, 739, 401, 1145, 1093, 1145, 231, 1184, 1093, 1184, 399, 400, 992, 1148, 992, 494, 1185, 1148, 1185, 168, 1094, 830, 402, 832, 1186, 1151, 1186, 832, 405, 1067, 1066, 1095, 1066, 595, 1186, 994, 233, 406, 233, 994, 833, 401, 995, 1060, 1060, 995, 996, 407, 1154, 408, 1154, 171, 1187, 504, 1187, 171, 1187, 504, 1260, 996, 834, 1357, 1067, 1069, 1308, 410, 1250, 1379, 1250, 1249, 1379, 1308, 1342, 1158, 1158, 1188, 169, 170, 1077, 1096, 1077, 411, 1189, 1189, 835, 747, 1162, 835, 411, 998, 836, 1272, 771, 435, 434, 775, 1217, 440, 648, 1190, 1001, 1190, 648, 440, 987, 1208, 1298, 649, 443, 1191, 1191, 1002, 649, 190, 1276, 446, 1003, 650, 963, 278, 783, 104, 451, 516, 652, 455, 1129, 1099, 1099, 1316, 287, 109, 1175, 973, 1175, 457, 1101, 973, 1101, 285, 458, 1102, 1020, 1102, 457, 1086, 1020, 1086, 1310, 461, 1105, 851, 1178, 462, 289, 1107, 852, 463, 112, 1008, 696, 1008, 112, 465, 466, 1138, 1108, 1138, 113, 1080, 455, 1193, 1032, 1193, 466, 1109, 1032, 1109, 465, 114, 855, 58, 1166, 353, 116, 125, 862, 64, 1366, 366, 228, 474, 299, 866, 975, 479, 304, 480, 1009, 870, 1194, 668, 1291, 621, 484, 875, 305, 1167, 1010, 485, 1195, 486, 877, 1195, 876, 158, 790, 670, 1258, 306, 878, 493, 1110, 881, 168, 1185, 976, 1185, 494, 1112, 976, 1112, 311, 167, 1012, 1196, 1012, 167, 497, 498, 1197, 1114, 1063, 594, 1149, 1114, 1149, 1082, 1114, 1197, 1064, 1197, 499, 1116, 1064, 1116, 500, 499, 1157, 1117, 1157, 169, 977, 1117, 977, 314, 169, 1188, 978, 978, 501, 312, 502, 1119, 1072, 1119, 501, 1227, 1072, 1227, 1312, 1194, 1014, 884, 186, 519, 793, 321, 894, 680, 681, 1198, 896, 623, 979, 1282, 682, 323, 898, 523, 899, 1382, 683, 1345, 1199, 980, 796, 525, 686, 1200, 643, 900, 51, 850, 900, 850, 901, 1047, 903, 929, 201, 99, 671, 301, 447, 906, 550, 1202, 12, 540, 1203, 1122, 1203, 957, 1202, 1122, 1202, 539, 983, 540, 1124, 983, 1124, 981, 456, 1019, 1098, 1019, 466, 1193, 1098, 1193, 455, 542, 1204, 1127, 1127, 1084, 1173, 56, 1205, 1006, 1006, 542, 460, 214, 1266, 1132, 1174, 1085, 1141, 1132, 1174, 544, 546, 343, 1266, 55, 1021, 546, 343, 546, 1021, 547, 1206, 1024, 1206, 56, 1005, 1024, 1005, 459, 346, 1023, 1311, 987, 1298, 1305, 1375, 1025, 1133, 1025, 285, 1103, 1133, 1103, 458, 548, 1022, 55, 1022, 548, 1134, 215, 1135, 548, 1209, 1208, 345, 539, 1320, 1123, 1123, 1026, 981, 57, 1371, 851, 1371, 57, 1039, 1106, 1352, 289, 543, 1180, 1130, 1180, 352, 1033, 1130, 1033, 344, 464, 1035, 695, 1283, 915, 1090, 1091, 1090, 915, 1283, 351, 554, 1091, 218, 1210, 196, 1210, 218, 544, 1339, 914, 533, 916, 59, 1039, 114, 355, 356, 1284, 1211, 216, 1211, 1356, 1211, 216, 1041, 550, 1041, 216, 226, 1235, 7, 63, 918, 226, 562, 229, 561, 1044, 1285, 1212, 1184, 231, 564, 1212, 231, 565, 1144, 565, 231, 374, 661, 473, 699, 62, 132, 70, 926, 132, 152, 927, 1346, 235, 148, 1332, 725, 157, 1306, 1195, 877, 1355, 577, 1355, 877, 938, 1290, 725, 492, 481, 666, 1214, 1291, 730, 576, 638, 388, 487, 825, 158, 1050, 392, 875, 734, 1378, 1215, 258, 826, 585, 639, 1248, 1051, 1336, 1051, 391, 485, 1010, 1336, 586, 735, 258, 1307, 1181, 393, 1355, 1183, 938, 1053, 877, 82, 259, 1055, 588, 1053, 588, 1055, 590, 1271, 1143, 589, 1056, 259, 564, 864, 1286, 1111, 404, 311, 1197, 498, 1059, 167, 1196, 832, 743, 1196, 496, 406, 233, 708, 1321, 923, 946, 941, 744, 996, 407, 1062, 1155, 1062, 400, 1147, 1155, 1147, 594, 942, 834, 408, 1014, 1194, 1214, 504, 1014, 745, 262, 1159, 596, 1159, 262, 1379, 597, 410, 262, 85, 1073, 597, 410, 597, 1073, 1322, 583, 874, 503, 1322, 884, 412, 1076, 170, 411, 1077, 1160, 1077, 312, 1120, 1160, 1120, 502, 598, 1074, 85, 1074, 598, 1161, 263, 1162, 598, 584, 1295, 734, 415, 1216, 603, 271, 625, 19, 90, 948, 753, 272, 949, 948, 1201, 512, 91, 87, 955, 185, 955, 87, 1369, 606, 955, 1337, 12, 957, 1216, 767, 1216, 957, 841, 603, 767, 12, 1202, 957, 1203, 612, 957, 540, 1217, 775, 1217, 540, 983, 1358, 1190, 213, 1217, 213, 1190, 213, 1084, 1358, 1204, 438, 1358, 542, 1205, 1261, 896, 1218, 56, 1218, 896, 1198, 56, 1206, 896, 1317, 522, 681, 547, 1207, 778, 443, 1207, 1191, 1207, 443, 778, 1298, 1208, 846, 441, 1208, 1209, 1208, 441, 846, 690, 13, 1299, 276, 847, 615, 616, 780, 276, 95, 899, 616, 617, 1309, 95, 277, 848, 617, 452, 451, 763, 1348, 636, 1092, 389, 824, 638, 1220, 433, 1351, 657, 1221, 658, 849, 325, 610, 15, 23, 212, 480, 1223, 726, 173, 506, 415, 421, 752, 1374, 764, 1224, 947, 251, 92, 267, 1327, 427, 606, 1225, 291, 292, 203, 46, 239, 812, 1226, 702, 236, 1341, 634, 1223, 821, 820, 997, 1227, 1342, 1228, 469, 860, 861, 124, 860, 1229, 484, 668, 1263, 306, 670, 789, 1262, 878, 1225, 118, 555, 220, 969, 118, 904, 10, 914, 1326, 1221, 657, 1221, 1326, 122, 1331, 369, 1360, 833, 1385, 814, 69, 235, 1232, 816, 1233, 925, 1228, 699, 1289, 868, 1234, 926, 1226, 812, 927, 379, 106, 61, 1235, 701, 930, 1236, 479, 1344, 1237, 722, 819, 669, 1238, 724, 383, 1348, 157, 581, 941, 729, 1239, 1240, 1357, 582, 1214, 730, 387, 730, 825, 1069, 1070, 1071, 583, 746, 733, 267, 1219, 20, 266, 608, 605, 1368, 613, 1383, 766, 1243, 771, 770, 51, 902, 845, 1245, 776, 1275, 779, 847, 190, 1246, 1276, 284, 849, 610, 302, 1247, 304, 324, 1282, 979, 325, 624, 752, 625, 752, 624, 1248, 639, 1269, 1071, 1249, 997, 1250, 997, 1249, 1251, 998, 1096, 419, 748, 420, 1252, 649, 1002, 1313, 1253, 1318, 662, 1255, 663, 1255, 662, 299, 485, 486, 1306, 1230, 793, 520, 1256, 1016, 980, 41, 538, 861, 469, 1228, 559, 332, 634, 1341, 1257, 717, 376, 1236, 576, 936, 724, 1238, 723, 723, 1238, 1092, 1258, 1092, 1238, 582, 730, 387, 587, 578, 1052, 894, 437, 1361, 542, 1261, 1204, 1318, 1100, 1164, 1225, 117, 118, 1221, 123, 658, 296, 127, 128, 305, 1262, 1319, 790, 307, 1263, 793, 1230, 794, 1264, 794, 1230, 322, 1264, 320, 700, 1226, 701, 1346, 716, 717, 1267, 635, 1333, 1268, 818, 1237, 1268, 1347, 1376, 1240, 824, 389, 387, 825, 388, 389, 638, 1335, 1292, 1269, 257, 391, 1270, 826, 331, 1271, 590, 412, 998, 1272, 1273, 764, 1078, 1274, 645, 274, 430, 840, 1000, 646, 962, 1386, 1220, 842, 646, 1243, 435, 771, 438, 1245, 439, 777, 439, 1245, 442, 1275, 847, 1221, 703, 123, 1234, 664, 1257, 78, 868, 70, 478, 1277, 665, 1278, 1277, 153, 666, 1278, 480, 620, 1247, 871, 1247, 302, 481, 579, 592, 81, 679, 1241, 1280, 1241, 94, 1279, 1280, 1279, 517, 1281, 518, 322, 1297, 320, 520, 897, 1282, 522, 323, 1246, 190, 689, 420, 47, 209, 956, 610, 551, 1284, 857, 1303, 350, 852, 656, 1284, 1040, 660, 1285, 1044, 1286, 864, 65, 1232, 661, 234, 362, 1255, 474, 375, 1287, 925, 661, 1287, 473, 1287, 661, 1232, 925, 1233, 375, 1341, 375, 1233, 1288, 131, 236, 376, 1234, 1257, 1234, 376, 1289, 25, 1233, 816, 1267, 935, 1347, 479, 1236, 936, 1344, 155, 1347, 722, 1237, 483, 726, 1223, 820, 579, 873, 727, 873, 579, 81, 729, 941, 256, 1333, 934, 1362, 824, 1239, 387, 1239, 942, 582, 1194, 1291, 1214, 158, 825, 730, 1229, 874, 583, 1292, 584, 734, 564, 1285, 864, 881, 1286, 65, 563, 1294, 740, 1340, 166, 882, 1385, 405, 814, 1260, 942, 408, 1272, 257, 733, 412, 1272, 746, 836, 584, 1292, 584, 836, 1251, 747, 1295, 584, 1295, 747, 599, 174, 507, 604, 176, 1224, 270, 421, 753, 948, 1273, 270, 1224, 270, 1273, 1172, 274, 959, 1274, 1296, 1274, 959, 795, 188, 1296, 94, 961, 1279, 1279, 1242, 517, 186, 517, 766, 1243, 766, 517, 772, 607, 86, 437, 1359, 1361, 773, 1297, 520, 642, 1297, 414, 1297, 642, 893, 526, 777, 845, 1207, 1298, 1191, 615, 1299, 13, 649, 1252, 898, 1300, 898, 1252, 523, 1300, 442, 683, 1256, 961, 446, 1384, 796, 682, 1301, 1246, 1246, 1301, 1276, 444, 1302, 524, 1301, 524, 1302, 975, 304, 620, 1340, 311, 166, 518, 1281, 795, 1265, 795, 1281, 987, 1305, 1087, 1231, 373, 229, 997, 1312, 1227, 1312, 997, 1250, 1302, 444, 650, 288, 852, 1107, 1277, 304, 665, 794, 1264, 1280, 1300, 523, 682, 535, 31, 533, 1125, 1019, 456, 1024, 459, 1023, 807, 1031, 692, 563, 65, 125, 1270, 1215, 826, 736, 1052, 1307, 1307, 1293, 736, 991, 1271, 829, 1110, 494, 1058, 1065, 1064, 500, 1308, 1069, 1071, 1071, 1342, 1308, 1069, 406, 1070, 1249, 1070, 409, 92, 1219, 267, 442, 847, 780, 1310, 1086, 1085, 1087, 1311, 110, 1311, 1087, 1305, 1269, 390, 1248, 1270, 1248, 390, 997, 1342, 1071, 1379, 1249, 409, 410, 1312, 1250, 434, 646, 842, 1002, 441, 1275, 1275, 1252, 1002, 286, 459, 1164, 1104, 1164, 459, 1313, 1104, 1254, 1313, 1254, 1006, 1313, 460, 1253, 1303, 852, 288, 1306, 1010, 485, 1238, 306, 1258, 500, 1314, 171, 1013, 171, 1314, 1121, 1314, 1170, 1301, 523, 524, 1315, 1125, 1253, 1253, 1125, 456, 547, 1024, 346, 484, 1229, 1050, 1058, 739, 1286, 1350, 744, 581, 171, 1065, 500, 1322, 313, 1075, 1204, 1261, 438, 1245, 438, 1261, 1317, 778, 522, 1164, 287, 286, 1318, 1253, 456, 1164, 1104, 1318, 1277, 1278, 302, 1167, 1319, 156, 1262, 157, 1348, 1118, 1314, 500, 503, 1169, 313, 321, 893, 187, 1265, 1304, 321, 1126, 1315, 1173, 460, 1315, 1253, 1266, 343, 1310, 987, 1176, 345, 1026, 1320, 1089, 1346, 717, 152, 1347, 1268, 1267, 1267, 1268, 635, 991, 1307, 393, 736, 1293, 260, 829, 260, 1293, 1272, 836, 257, 430, 1000, 1274, 645, 1274, 1000, 1298, 846, 1191, 1276, 1003, 446, 1003, 963, 275, 720, 829, 1271, 1129, 1316, 1099, 1316, 109, 972, 1316, 972, 287, 1020, 1310, 343, 1278, 153, 1223, 878, 306, 1263, 1073, 1312, 410, 623, 1282, 897, 1311, 1023, 110, 1298, 1207, 1305, 346, 1305, 1207, 1320, 1088, 1089, 551, 857, 691, 563, 125, 368, 565, 1045, 1212, 235, 1222, 925, 1290, 383, 725, 823, 255, 579, 158, 730, 1291, 1248, 391, 1051, 735, 826, 258, 1181, 1307, 1052, 564, 1286, 739, 1152, 1321, 409, 1295, 5, 1378, 272, 948, 90, 772, 86, 895, 1358, 438, 1001, 1205, 1218, 1261, 776, 1261, 1218, 191, 845, 776, 526, 845, 191, 547, 1317, 1206, 1206, 1317, 896, 681, 896, 1317, 1207, 547, 346, 1209, 1299, 779, 1299, 1209, 690, 847, 779, 615, 780, 847, 276, 899, 780, 616, 446, 796, 190, 1309, 1382, 95, 848, 1309, 617, 1323, 558, 1364, 296, 1324, 967, 426, 50, 337, 515, 1325, 428, 97, 1323, 96, 1323, 97, 26, 529, 905, 121, 122, 702, 703, 1324, 296, 560, 1346, 1326, 716, 248, 76, 43, 1327, 86, 607, 764, 1328, 1078, 1046, 1324, 64, 674, 886, 173, 999, 206, 804, 799, 327, 1047, 935, 1335, 638, 876, 1336, 735, 447, 939, 587, 740, 881, 563, 1357, 834, 942, 88, 1325, 92, 768, 521, 895, 1359, 437, 844, 1027, 1370, 691, 1139, 1129, 455, 918, 1235, 226, 768, 431, 521, 1340, 1081, 976, 507, 674, 173, 1177, 1356, 347, 1341, 236, 714, 728, 823, 386, 1342, 1188, 1158, 1343, 842, 1220, 122, 703, 1221, 1344, 479, 975, 1336, 876, 1195, 670, 487, 158, 754, 509, 755, 895, 521, 1244, 191, 797, 1199, 94, 1345, 683, 956, 209, 192, 806, 549, 690, 553, 217, 220, 916, 353, 809, 700, 918, 659, 1346, 927, 812, 1335, 935, 1267, 1213, 722, 937, 1334, 937, 722, 1258, 1348, 1092, 1360, 565, 945, 830, 1349, 230, 945, 1350, 940, 1337, 604, 895, 950, 951, 1380, 606, 1337, 86, 1351, 956, 1097, 624, 849, 964, 679, 518, 960, 1338, 433, 963, 1351, 1343, 1220, 842, 1343, 850, 1345, 960, 1387, 275, 962, 446, 650, 1338, 963, 614, 1338, 445, 974, 289, 111, 999, 423, 758, 358, 42, 966, 1046, 52, 967, 186, 794, 1280, 541, 1018, 1330, 92, 605, 1219, 605, 92, 1325, 1354, 1081, 310, 991, 393, 1057, 1013, 884, 1014, 541, 1330, 1126, 345, 690, 1209, 461, 1031, 1352, 1032, 1139, 455, 815, 706, 707, 1336, 391, 735, 975, 155, 1344, 1340, 310, 1081, 1330, 1125, 1315, 216, 1356, 1177, 1057, 393, 1183, 941, 996, 1357, 1357, 1240, 941, 1188, 1342, 501, 605, 1353, 266, 444, 848, 781, 797, 1198, 681, 191, 1199, 526, 1345, 526, 1199, 1204, 1358, 1084, 546, 1266, 214, 553, 220, 556, 1356, 1211, 551, 231, 1212, 564, 722, 1213, 819, 1336, 1010, 1051, 1181, 1290, 393, 393, 938, 1183, 409, 1070, 1152, 1337, 955, 174, 956, 1351, 769, 772, 1359, 607, 1332, 1222, 235, 203, 239, 907, 1360, 369, 1045, 923, 908, 17, 256, 941, 1240, 895, 1244, 772, 568, 331, 701, 894, 1361, 1244, 1333, 635, 934, 728, 386, 385, 389, 1335, 1333, 520, 320, 1230, 1331, 1360, 4, 1237, 818, 483, 1362, 256, 1240, 1362, 934, 729, 734, 390, 1292, 166, 403, 882, 421, 948, 509, 1296, 188, 430, 772, 1361, 1359, 1361, 772, 1244, 1303, 974, 111, 358, 966, 1042, 1263, 789, 878, 435, 646, 434, 442, 780, 899, 1262, 1348, 878, 345, 806, 690, 1344, 1347, 1236, 823, 579, 727, 1333, 1362, 389, 1363, 514, 319, 1323, 1364, 46, 1365, 197, 573, 210, 37, 146, 1366, 295, 660, 380, 199, 76, 1018, 1019, 1125, 239, 1364, 42, 568, 1226, 927, 241, 333, 571, 931, 568, 927, 1376, 155, 667, 535, 534, 208, 959, 1368, 1296, 1368, 959, 613, 382, 635, 1237, 1369, 507, 174, 1370, 1027, 347, 551, 1370, 1356, 1371, 461, 851, 1180, 1372, 1179, 1374, 753, 421, 610, 614, 284, 445, 781, 782, 1375, 806, 1176, 700, 702, 1226, 1376, 818, 1268, 839, 270, 1367, 270, 839, 754, 860, 124, 62, 1369, 87, 674, 124, 538, 630, 215, 1377, 1135, 549, 1377, 215, 585, 1378, 5, 1379, 409, 1159, 271, 1374, 625, 9, 1380, 423, 1380, 951, 510, 838, 419, 420, 181, 678, 269, 1383, 960, 518, 646, 435, 1381, 1386, 963, 433, 613, 959, 439, 777, 1387, 613, 1256, 1381, 961, 782, 781, 277, 328, 358, 359, 1371, 692, 461, 166, 311, 404, 524, 1382, 1309, 1372, 112, 696, 696, 1179, 1372, 1373, 743, 706, 795, 1383, 518, 1135, 1377, 1375, 641, 166, 404, 1385, 1186, 405, 523, 1382, 524, 713, 124, 630, 1378, 585, 1215, 498, 497, 1059, 410, 1379, 262, 90, 753, 271, 955, 1369, 174, 1374, 752, 625, 379, 61, 145, 608, 1219, 605, 1296, 1368, 795, 1383, 795, 1368, 325, 752, 326, 701, 1226, 568, 1376, 1347, 155, 819, 382, 1237, 646, 1386, 1220, 1386, 433, 1220, 729, 256, 1362, 768, 604, 265, 895, 86, 1337, 1381, 525, 1384, 525, 1381, 1256, 1264, 679, 1280, 459, 286, 1023, 1385, 1095, 1186, 925, 1222, 816, 1295, 1378, 734, 768, 265, 841, 895, 604, 768, 191, 776, 1198, 1382, 899, 95, 799, 1047, 1142, 1330, 1018, 1125, 1370, 551, 691, 860, 62, 699, 950, 1380, 9, 953, 419, 838, 646, 1381, 962, 842, 850, 429, 1345, 1387, 526, 1387, 960, 1383, 501, 1342, 1227, 444, 781, 445, 923, 17, 946, 701, 331, 930, 442, 899, 523]
        rel material:binding = </Bag/Looks/Material>
        custom float newton:cloth:contact_margin = 0.006
        custom float newton:cloth:density = 0.08
        custom float newton:cloth:edge_kd = 0.00002
        custom float newton:cloth:edge_ke = 0.0002
        custom float newton:cloth:particle_radius = 0.006
        custom bool newton:cloth:self_contact = 1
        custom int newton:cloth:self_contact_filter_threshold = 1
        custom float newton:cloth:self_contact_margin = 0.002
        custom float newton:cloth:self_contact_radius = 0.002
        custom float newton:cloth:self_contact_rest_exclusion_radius = 0.005
        custom float newton:cloth:soft_contact_kd = 0.006
        custom float newton:cloth:soft_contact_ke = 6
        custom float newton:cloth:soft_contact_kf = 0.4
        custom float newton:cloth:soft_contact_mu = 0.45
        custom float newton:cloth:tri_ka = 30
        custom float newton:cloth:tri_kd = 0.000016
        custom float newton:cloth:tri_ke = 30
        float physics:mass = 0.01374494
        point3f[] points = [(0.101118445, -0.084443375, 0.009258363), (0.09030521, -0.12078928, 0.00082459376), (-0.081886634, -0.083873086, 0.0312342), (-0.08499383, 0.13, 0.03180856), (0.032665264, -0.07166437, 0.023370696), (0.035162125, 0.12765248, 0.023538489), (-0.08943942, 0.13, 0.031974845), (-0.10105998, 0.13, 0.022841956), (-0.14795826, -0.08073057, 0.016317684), (0.14855081, -0.053860802, 0.013946493), (-0.1565214, 0.13, 0.016531408), (-0.03925589, -0.1228263, 0.008854142), (-0.036587343, -0.07046468, 0.008946718), (-0.03516212, 0.1273519, 0.008518345), (-0.15673953, 0.13, 0.017203344), (0.1529023, -0.12408815, 0.015709564), (0.14826205, -0.08000947, 0.015720295), (0.1565214, 0.13, 0.015525426), (0.15673956, 0.13, 0.0148534905), (0.101059996, 0.13, 0.009214878), (0.08026274, -0.081259206, 0.0009299965), (0.084993824, 0.13, 0.00024827346), (0.08943942, 0.13, 0.000081987426), (0.16024357, -0.12867454, 0.015224448), (-0.09062133, -0.078748815, 0.031440653), (-0.08960997, -0.06668343, 0.031821895), (-0.11745901, -0.1245637, 0.021805115), (0.03472061, -0.13, 0.023444189), (-0.16051687, 0.13, 0.016822387), (-0.1589313, -0.08764195, 0.017083481), (-0.1604246, 0.13, 0.016743489), (-0.034720603, -0.13, 0.008612647), (0.16051687, 0.13, 0.015234447), (0.1589313, -0.08764195, 0.014973353), (0.16042462, 0.13, 0.015313346), (0.1488676, -0.12445897, 0.015979102), (0.15767638, -0.1298032, 0.015390411), (0.118572965, -0.11856755, 0.008208823), (0.089520484, -0.12708113, 0.0033881192), (-0.09704663, -0.10669174, 0.026657816), (-0.108625695, -0.10551851, 0.023949953), (-0.15972409, 0.021179028, 0.016952934), (-0.09523869, -0.12999986, 0.012608574), (-0.15966068, -0.10792012, 0.016959425), (-0.043828845, -0.12534992, 0.028930675), (-0.025197862, -0.12999986, 0.027568182), (-0.099507116, -0.12397908, 0.0288507), (0.15248919, 0.011955703, 0.014373154), (0.15972409, 0.021179028, 0.0151039), (0.10081828, -0.12297456, 0.003650356), (0.025197862, -0.12999986, 0.004488652), (0.087708496, 0.045233395, 0.00015399526), (0.09523869, -0.12999986, 0.019448262), (0.15966068, -0.10792011, 0.015097408), (-0.1507464, -0.024454338, 0.017875561), (-0.09584176, 0.12867595, 0.012524877), (-0.03885951, 0.037593585, 0.00891426), (-0.09615713, -0.07814138, 0.012893048), (-0.1001272, -0.10252324, 0.013045127), (-0.0258435, -0.1116578, 0.008038561), (-0.14881822, -0.106561, 0.016225917), (0.14730714, -0.10324727, 0.013861795), (-0.12803775, 0.02117224, 0.020155655), (-0.12889977, 0.13, 0.02002265), (0.10004223, -0.10299183, 0.019021282), (0.09517614, -0.078448005, 0.019228049), (0.025007565, -0.10906436, 0.024053646), (0.1491464, -0.10394875, 0.015787147), (0.14525825, -0.0014659272, 0.016049707), (-0.12475685, -0.08062026, 0.020462124), (-0.10358401, 0.01411812, 0.02257204), (-0.057557836, -0.12520954, 0.023196282), (-0.07508714, -0.10727789, 0.030927666), (-0.086642385, -0.10678676, 0.031741478), (0.09717127, -0.10552621, 0.005610157), (0.12922746, -0.077157244, 0.01203609), (-0.14898823, -0.10149021, 0.018032935), (-0.13065708, -0.10612868, 0.019834427), (-0.09258764, 0.015439116, 0.029636148), (-0.021970673, 0.01577226, 0.02727831), (-0.085510336, 0.040467907, 0.03169511), (-0.03313167, -0.077096336, 0.027889935), (-0.024915854, 0.12882625, 0.027673524), (-0.02163168, -0.10792739, 0.027253997), (-0.083407946, 0.009742833, 0.031496704), (0.09584176, 0.12882625, 0.019531958), (0.033760354, -0.0780773, 0.0041252812), (0.016660916, -0.10776778, 0.0051463265), (0.08744703, -0.108421974, 0.00022767998), (0.12749638, 0.022876576, 0.011847356), (0.12889978, 0.13, 0.012034184), (0.10026435, -0.005434179, 0.008677326), (0.079012915, -0.101168126, 0.00091118016), (0.07940518, 0.01563672, 0.00082569453), (0.025405874, 0.022238294, 0.0045311823), (0.02491585, 0.12867595, 0.0043833093), (-0.10378007, -0.11731234, 0.026867384), (-0.113213696, -0.11509928, 0.02446279), (-0.06497964, -0.12999992, 0.01061061), (-0.08617025, -0.033797946, 0.031622034), (-0.0015431468, -0.1231892, 0.02600178), (-0.0551571, -0.12999979, 0.029630179), (0.0018607263, -0.12370149, 0.0060288184), (0.05515709, -0.12999979, 0.0024266546), (0.08995909, -0.028614001, 0.00022700864), (0.08777924, -0.036944967, 0.00029535708), (0.15929599, -0.097781025, 0.015035381), (-0.15005477, 0.070227586, 0.017905574), (-0.15045674, 0.083842665, 0.01785911), (-0.093618475, 0.06370736, 0.012487764), (-0.064677335, 0.07912114, 0.01054974), (-0.12470074, -0.03365557, 0.014703479), (-0.11949344, 0.02691352, 0.014258571), (-0.098344825, -0.017949281, 0.012937044), (-0.09542882, -0.09166067, 0.0128268115), (-0.054658737, -0.09265312, 0.010126455), (-0.06485846, -0.10631394, 0.010684336), (-0.12590532, -0.117798366, 0.014617946), (-0.1242358, -0.10388565, 0.014625435), (-0.14941227, -0.027840516, 0.016325423), (-0.15217769, -0.04926443, 0.016543772), (-0.15005668, -0.118231274, 0.01620894), (-0.124285445, 0.07818723, 0.020511843), (-0.14114942, 0.078900784, 0.018803744), (-0.13840981, 0.019940147, 0.019106109), (0.09545028, -0.09155314, 0.019227697), (0.054804727, -0.092387974, 0.021918498), (0.12564367, -0.11724351, 0.017451469), (0.123934835, -0.10515973, 0.017462052), (0.1489745, -0.028293032, 0.015759561), (0.15219854, -0.04928346, 0.015511655), (-0.11573981, -0.032334562, 0.021362087), (-0.11603221, 0.019374216, 0.02134227), (-0.12787168, -0.030402526, 0.020163005), (0.11672383, -0.12497443, 0.011029318), (0.14998353, -0.115133785, 0.015826516), (0.09123314, -0.12450755, 0.011920347), (-0.08449387, -0.12548782, 0.017944535), (-0.057350166, -0.1260488, 0.01514884), (-0.07927755, -0.118230455, 0.031309687), (-0.04673342, -0.12613523, 0.024107305), (-0.02219987, -0.12535655, 0.021058233), (0.09809234, -0.11500278, 0.004314877), (0.108657606, -0.10900593, 0.007563317), (0.1246649, -0.09327296, 0.0115999915), (0.13830666, -0.0951122, 0.01295298), (0.1297015, -0.1166973, 0.010825984), (-0.14202093, -0.10661944, 0.018709792), (-0.12476457, -0.09289314, 0.020447874), (-0.13673022, -0.096636385, 0.019256152), (-0.12594531, -0.11625111, 0.021949157), (-0.13857278, -0.116418794, 0.019330261), (-0.098520696, 0.07052309, 0.024914723), (-0.048799727, 0.021176966, 0.029133977), (-0.053965658, -0.029851902, 0.029403523), (-0.028012289, -0.029666133, 0.027617527), (0.0053916625, 0.07604687, 0.025498616), (-0.026278673, 0.07467548, 0.027675025), (0.006169527, 0.023042321, 0.025354803), (-0.047862507, -0.10831069, 0.029062683), (-0.052425127, -0.117594555, 0.02945606), (-0.02456472, -0.11809907, 0.027542802), (0.0042413324, -0.099269986, 0.025399236), (-0.020092197, -0.09699119, 0.02705458), (-0.009618364, -0.101526566, 0.02637245), (-0.079124145, -0.028155282, 0.03113798), (0.12499914, -0.037895966, 0.017326577), (0.119659126, 0.027377428, 0.017788097), (0.09844989, -0.01964477, 0.019110024), (0.09376178, 0.06437081, 0.019560616), (0.06478943, 0.079534896, 0.02150012), (0.06522287, 0.019201452, 0.021369698), (0.15045816, 0.084063716, 0.014197959), (-0.0075819683, -0.09423095, 0.0069305887), (0.018192308, -0.09102587, 0.0051839966), (0.04667303, -0.12633677, 0.007599207), (0.12961704, 0.07335182, 0.01208287), (0.14099741, 0.0792543, 0.013237845), (0.13986161, 0.022575833, 0.013098862), (0.11518767, -0.03425047, 0.010640495), (0.11476024, 0.017332759, 0.010589168), (0.12748832, -0.03011313, 0.011855876), (0.07865916, -0.118365735, 0.00078855193), (0.04782396, -0.10842002, 0.00299587), (0.05270091, -0.117837414, 0.0025797165), (0.024992798, -0.11340457, 0.0045246896), (0.052322406, 0.01668728, 0.0026879665), (0.055207957, -0.034005977, 0.0025748084), (0.025328077, -0.030733373, 0.0046258527), (-0.004754632, 0.077558346, 0.0065115546), (0.02462765, 0.07552816, 0.0044938046), (-0.003620916, 0.026070684, 0.006521404), (0.095548, 0.07797363, 0.0048420937), (0.10173402, 0.06645744, 0.009292688), (-0.10262598, -0.09563439, 0.023696793), (-0.15932769, -0.03323146, 0.017018208), (-0.16012047, 0.075589515, 0.016887661), (-0.12549773, -0.12999979, 0.014606536), (-0.16013671, -0.12336687, 0.01687832), (-0.15929599, -0.09778103, 0.017021453), (0.008521725, -0.12159177, 0.025295384), (-0.09103105, -0.028251803, 0.03093214), (0.0047613746, -0.12999992, 0.025506185), (-0.09181963, -0.11900228, 0.029984774), (-0.05720074, -0.12509428, 0.02984885), (0.16012047, 0.075589515, 0.0151691735), (0.15932769, -0.03323146, 0.015038626), (-0.0070702354, -0.12038412, 0.0066718683), (-0.004761371, -0.12999992, 0.006550649), (0.09177222, 0.0899424, 0.0019470133), (0.12549773, -0.12999979, 0.017450297), (0.06497965, -0.12999992, 0.021446224), (0.16002539, -0.118059196, 0.015159436), (-0.037765976, -0.015293292, 0.00893137), (-0.12618157, 0.12933798, 0.014528142), (-0.065501936, 0.12801392, 0.010521611), (-0.06039205, -0.0663559, 0.010511889), (-0.12332138, -0.080057815, 0.014689842), (-0.1520152, 0.0681683, 0.016337063), (-0.07156335, -0.116829045, 0.011038076), (-0.1282005, -0.09167839, 0.014990504), (-0.14849848, -0.09371749, 0.01631348), (-0.11928572, -0.12777786, 0.016243197), (-0.14458297, -0.12398555, 0.019230703), (0.15207803, -0.11389584, 0.014358315), (-0.14026831, -0.029109437, 0.018937636), (-0.11497987, 0.13, 0.021432303), (-0.14281964, 0.13, 0.018612998), (0.06660692, -0.110179596, 0.02128976), (0.1286346, -0.08732495, 0.017004045), (0.12434128, -0.07732633, 0.01730421), (0.06443101, -0.066196725, 0.021278528), (0.1484715, -0.093039244, 0.015739396), (0.1505941, 0.071393766, 0.015818985), (-0.13623896, -0.076719165, 0.019327627), (-0.11480699, -0.08445226, 0.021445146), (-0.10511139, -0.037738062, 0.022411918), (0.009016671, -0.12468708, 0.017740538), (-0.07915881, -0.09584669, 0.031110216), (-0.09150572, -0.12562662, 0.026224375), (-0.08051089, -0.12609994, 0.026322063), (-0.0013784535, -0.12437196, 0.014344052), (0.10376427, -0.09653585, 0.00846573), (0.14050654, -0.07678365, 0.0131511325), (0.14138825, -0.115289986, 0.013304719), (0.11427816, -0.0978585, 0.010481798), (0.11231772, -0.087008744, 0.010366035), (0.12088711, -0.106551655, 0.010534204), (-0.15090439, -0.11281121, 0.01781708), (-0.11971663, -0.10481218, 0.021501292), (-0.09196849, -0.093434654, 0.03018499), (0.092475966, -0.09506601, 0.0023182132), (-0.09730962, -0.03260632, 0.02583166), (-0.09256032, 0.07875033, 0.029523859), (0.0037375137, -0.07638518, 0.025353517), (-0.05822065, -0.08026933, 0.029611401), (0.028207924, -0.029263275, 0.023749573), (0.030782545, 0.084125325, 0.023765625), (0.0051231366, 0.12823936, 0.025606006), (-0.05495484, 0.12941311, 0.029741041), (-0.08343405, 0.07617898, 0.031610485), (-0.0541187, -0.09744727, 0.02940044), (0.12618157, 0.12941311, 0.017528692), (0.06550194, 0.12823936, 0.021535223), (0.07999199, -0.037511326, 0.0008748914), (0.0023112614, -0.075412296, 0.006285355), (0.057884876, -0.08317643, 0.002473443), (0.08285565, -0.09132667, 0.0007308014), (0.08259037, -0.12519391, 0.0072005643), (0.14006646, -0.027816635, 0.013099015), (0.12001345, 0.08306218, 0.011114432), (0.114979886, 0.13, 0.010624531), (0.14281967, 0.13, 0.013443837), (0.10358773, -0.039497223, 0.009494587), (-0.0043299464, -0.028113794, 0.0066626165), (0.05040898, 0.07424453, 0.0027224908), (-0.005123135, 0.12801392, 0.0064508272), (0.054954834, 0.12933798, 0.0023157913), (0.09483398, -0.03156155, 0.0041477997), (-0.15992227, 0.04838427, 0.016920296), (-0.07013672, -0.12999974, 0.030661177), (0.07013671, -0.12999974, 0.0013956559), (0.0869649, -0.047692288, 0.00038799338), (0.09299931, -0.05827023, 0.0026346168), (0.08009816, 0.10739905, 0.00062332564), (-0.076964706, 0.08384648, 0.011353515), (-0.06355086, 0.05904263, 0.010509242), (-0.076745346, 0.054635487, 0.011388375), (-0.11852186, -0.013186831, 0.014261342), (-0.11174074, -0.038890835, 0.013856496), (-0.078129075, -0.10369699, 0.011582708), (-0.10799091, -0.1109429, 0.013493108), (-0.11493959, -0.119079985, 0.01388306), (-0.14886546, -0.05979919, 0.016342653), (-0.13868032, 0.050228737, 0.01906591), (0.07765486, -0.10289649, 0.020498665), (0.113884404, -0.11143123, 0.018178726), (0.11525774, -0.11990724, 0.018159768), (0.14904732, -0.059931308, 0.015701953), (-0.11434287, -0.0077710683, 0.021504514), (0.13291535, -0.10448036, 0.012441822), (-0.09395625, 0.05875235, 0.028486352), (-0.05416569, 0.00027869127, 0.029468078), (-0.039730564, -0.030391311, 0.028422846), (-0.04124106, -0.0038466833, 0.028571554), (-0.013054581, 0.0789865, 0.026772626), (-0.013888643, 0.041060034, 0.026765391), (0.0047308286, 0.049730502, 0.025499245), (-0.03840678, -0.11800266, 0.028494695), (-0.08196814, -0.058435135, 0.031282686), (0.11916128, -0.014521454, 0.017751046), (0.11332078, -0.038893774, 0.018096007), (0.07731419, 0.08407586, 0.020680394), (0.056707263, 0.057991814, 0.021997685), (0.07630805, 0.055133343, 0.02069803), (0.153652, 0.107619636, 0.014531354), (0.057529308, -0.12482561, 0.009543026), (0.13974427, 0.047267128, 0.013097418), (0.11820548, -0.008700261, 0.01093436), (0.039910387, -0.11986588, 0.003442724), (0.05203667, -0.009862054, 0.002752384), (0.041464116, -0.031829525, 0.0035170952), (0.038392767, -0.0073850635, 0.003687286), (0.0103041055, 0.077534355, 0.0054757018), (-0.0045444677, 0.049586665, 0.0065448172), (0.09491088, 0.10302095, 0.00440211), (0.104613185, 0.10113804, 0.00957124), (-0.1591295, -0.060436703, 0.017050844), (-0.08010917, -0.12999989, 0.011609592), (-0.15952589, -0.006026216, 0.016985571), (-0.087820314, 0.0020594958, 0.03183529), (-0.09218317, 0.103873886, 0.029762613), (-0.09330334, -0.053950384, 0.029171364), (-0.010218244, -0.12999989, 0.026537184), (0.15992227, 0.04838427, 0.015136537), (0.15952589, -0.006026216, 0.015071264), (0.058188383, -0.12554559, 0.0021361492), (0.010218245, -0.12999989, 0.0055196504), (0.1591295, -0.060436703, 0.01500599), (0.14062725, -0.12999974, 0.016451316), (0.08010917, -0.12999989, 0.020447243), (-0.062251043, -0.020346435, 0.010557501), (-0.12654038, 0.087479, 0.014622568), (-0.110305525, 0.1169425, 0.0135002425), (-0.112827174, 0.06803366, 0.013749466), (-0.044124287, 0.10783879, 0.0091433935), (-0.046592314, 0.07186909, 0.0093672145), (-0.07919769, -0.05458709, 0.0117339445), (-0.08008132, -0.028182337, 0.011748223), (-0.13692407, -0.05856723, 0.015552133), (-0.13720116, -0.033616118, 0.015528789), (-0.13982609, 0.039433043, 0.015580198), (-0.12833478, 0.057809036, 0.014790785), (-0.04976627, -0.10510508, 0.009698059), (-0.057697568, -0.11700446, 0.010121065), (-0.108034074, -0.09186781, 0.013657357), (-0.059959736, -0.0829936, 0.010511111), (-0.04623756, -0.08121856, 0.009602102), (-0.089903966, -0.12186896, 0.0122064175), (-0.08280905, -0.11413747, 0.011803378), (-0.13727926, -0.10001441, 0.015519421), (-0.15342799, 0.012130528, 0.016523866), (-0.13655639, -0.0031856918, 0.019303579), (-0.14914702, -0.0032382822, 0.018028561), (-0.14019787, 0.10584623, 0.018888714), (-0.15151143, 0.109944664, 0.017741267), (0.051620267, -0.104808316, 0.02223385), (0.055769507, -0.118517734, 0.022075878), (0.10871886, -0.09190664, 0.018354593), (0.04680872, -0.08275683, 0.022414453), (0.084498696, -0.12255556, 0.020213123), (0.0813171, -0.11374287, 0.020348627), (0.13923778, -0.12291989, 0.016601915), (0.13611977, -0.098885864, 0.016604424), (-0.13778995, -0.053454407, 0.01917838), (-0.11223747, -0.058111668, 0.021703813), (-0.11048671, 0.047749586, 0.021895517), (-0.034371972, -0.12476355, 0.020842517), (-0.070661195, -0.12470423, 0.018400887), (0.14748445, -0.08830647, 0.013844467), (-0.14528827, -0.08727413, 0.018431107), (0.0915978, -0.08176224, 0.0014816597), (0.00074925827, -0.053578287, 0.025597634), (-0.0386082, 0.07277153, 0.028519986), (-0.06752738, -0.0289398, 0.030338481), (-0.07061783, -0.052382875, 0.030511674), (-0.056059733, -0.055766236, 0.029503971), (0.017094893, 0.0028084575, 0.024568727), (0.0058445716, -0.0027419697, 0.025333231), (0.01612464, -0.022930231, 0.024591627), (0.022373775, 0.10498204, 0.024379635), (0.0020757536, 0.10571841, 0.025777282), (0.019353626, 0.07794944, 0.024541352), (-0.05583652, 0.08734128, 0.02973002), (-0.010520574, -0.11671827, 0.026564373), (-0.041138213, -0.09868185, 0.028517576), (-0.06639341, -0.11774204, 0.030418726), (0.02351657, -0.08395935, 0.023979405), (-0.069434375, -0.087556, 0.030370932), (0.08011485, -0.05313054, 0.020264763), (0.07759549, -0.024000026, 0.020479728), (0.063323855, -0.03687085, 0.02140057), (0.1374446, -0.058457438, 0.016470514), (0.13742934, -0.03421269, 0.016511984), (0.121098705, -0.049871378, 0.017564127), (0.13922401, 0.041152816, 0.01651926), (0.14043067, 0.08065073, 0.016505504), (0.060941137, -0.010293819, 0.021602787), (0.05191606, -0.0015884498, 0.022213673), (0.13158974, 0.102353394, 0.017125774), (0.11438463, 0.11912395, 0.01829064), (0.067276925, 0.106418274, 0.021381153), (0.050760604, 0.076644585, 0.022421991), (0.06838271, -0.037363324, 0.0016736807), (0.071151964, -0.02708055, 0.0014657471), (-0.020205634, -0.08625049, 0.007853407), (-0.007578585, -0.08392208, 0.006980393), (0.036726754, -0.12596534, 0.008933632), (0.0728265, -0.124559425, 0.0089835115), (0.1374922, -0.0016502991, 0.0128486715), (0.14995854, 0.00097538595, 0.014112235), (0.11953159, 0.107883014, 0.011076126), (0.14523289, 0.10487136, 0.013677597), (0.13833559, -0.049650975, 0.01293173), (0.112744346, -0.059713345, 0.010403413), (0.11421162, 0.044842973, 0.010530091), (0.013963411, -0.12103747, 0.0052185846), (0.0403843, -0.09906751, 0.003587853), (0.06597453, -0.11753325, 0.0016687218), (0.0800216, 0.049860876, 0.0007255804), (0.014108165, -0.032578904, 0.0054012034), (0.011039159, -0.05486075, 0.005649993), (-0.0036154028, -0.052261665, 0.006654251), (0.06690413, 0.07823861, 0.0015805919), (0.06827185, 0.04697148, 0.0015391576), (0.055498574, 0.04645234, 0.002419187), (0.06937096, -0.058969297, 0.0016420803), (0.056186892, -0.057481695, 0.002547001), (-0.019581154, 0.0012022556, 0.0076617375), (-0.0057776724, -0.0029238106, 0.006719232), (-0.017871842, -0.026713561, 0.007591778), (-0.021541884, 0.10453118, 0.007620338), (0.00051998155, 0.10894127, 0.006095174), (-0.019149788, 0.07789301, 0.0075012296), (0.04296451, 0.105884165, 0.0031806207), (0.059279125, 0.10549635, 0.0020589964), (0.036625214, 0.07212931, 0.0036742878), (-0.086407304, 0.051249884, 0.031795904), (-0.01769866, -0.12581553, 0.027136173), (-0.04017748, -0.12999982, 0.02859918), (0.040177476, -0.12999982, 0.0034576533), (0.091420464, -0.0044967765, 0.0014759405), (0.08681475, -0.016475078, 0.00034539233), (0.08833738, 0.020592373, 0.00014330944), (-0.14939168, 0.056239285, 0.017978638), (-0.09606714, 0.03157788, 0.012703816), (-0.07645969, 0.027764745, 0.011414903), (-0.09705392, 0.08932131, 0.012671448), (-0.08584085, 0.10881323, 0.011897731), (-0.054935243, 0.056371234, 0.00994457), (-0.053192545, 0.018796448, 0.009892923), (-0.11229762, -0.05644521, 0.013922561), (-0.099940285, -0.042852096, 0.013083948), (-0.13775146, -0.009189247, 0.0155243585), (-0.13687737, 0.017113244, 0.015422749), (-0.1138386, 0.013554983, 0.0139074875), (-0.09621531, 0.0074561913, 0.012754038), (-0.13722658, -0.11256563, 0.01540974), (-0.14817463, -0.011697917, 0.016216764), (-0.12936233, 0.047354195, 0.020010747), (-0.12694073, 0.099448696, 0.020233955), (0.13720635, -0.11107871, 0.01663585), (0.14798816, -0.011251005, 0.01585313), (-0.12513892, -0.054106604, 0.020429011), (-0.12351239, -0.0010934898, 0.020599142), (0.10316428, -0.12483394, 0.011694501), (0.13381785, -0.08610327, 0.012491493), (-0.13370577, -0.086886235, 0.019576285), (-0.036337323, 0.020063633, 0.028274342), (-0.027381679, -0.0060335128, 0.027613958), (-0.06540981, 0.022099879, 0.030278765), (-0.065817304, -0.004530152, 0.030261924), (-0.040765025, -0.05583015, 0.028451167), (-0.026469303, -0.057325486, 0.027464706), (0.014388848, 0.055487085, 0.024844633), (-0.014799508, 0.09886174, 0.026926527), (-0.025176546, 0.09735626, 0.027637845), (-0.0075727003, 0.018356489, 0.02629221), (-0.034582652, -0.109158054, 0.0281559), (-0.061697576, -0.10778283, 0.030010408), (0.017732183, -0.09732515, 0.024454074), (-0.079809316, -0.0070368513, 0.031220736), (-0.07504407, 0.0026938035, 0.030909156), (0.11002477, -0.057298083, 0.018282922), (0.09095351, -0.04551088, 0.019561827), (0.13560219, -0.009367346, 0.01667409), (0.13672715, 0.016435686, 0.016642872), (0.11317255, 0.01606206, 0.018197509), (0.102521524, 0.017169822, 0.018902622), (0.094706275, 0.037495933, 0.019452881), (0.07606568, 0.028876936, 0.020669742), (0.09358679, 0.08765075, 0.019611452), (0.08575889, 0.10889899, 0.020164415), (0.05618586, 0.04764839, 0.022014678), (0.052079815, 0.018234545, 0.022236299), (0.14775294, 0.05678204, 0.01391247), (-0.017248208, -0.1015492, 0.007533353), (0.0060332306, -0.08819035, 0.0060451087), (0.12905058, 0.048391774, 0.012014954), (0.13223843, 0.10478929, 0.012361629), (0.12530424, -0.056106232, 0.011644517), (0.1057761, -0.025370484, 0.009708458), (0.107277624, 0.0058188946, 0.009851421), (0.12761433, -0.0049729315, 0.011863914), (0.035130884, -0.109857365, 0.0038572229), (0.0614861, -0.10697097, 0.0020679194), (0.085829005, 0.007099454, 0.0003925439), (0.048160706, 0.024035731, 0.0029620198), (0.025965322, -0.0043834806, 0.0045375777), (0.06553052, 0.015050307, 0.0017816427), (0.06472612, -0.007828367, 0.0018755716), (0.025457967, -0.05595792, 0.0046594306), (-0.014762174, 0.056184124, 0.00723644), (0.013705146, 0.10553309, 0.0051939776), (0.028449764, 0.106016606, 0.004178867), (0.028657243, 0.052718, 0.004255522), (0.006143055, 0.019796712, 0.0058604414), (-0.16031867, 0.10279476, 0.016855024), (-0.049850125, -0.12999997, 0.009611628), (-0.14463161, -0.1299124, 0.015853234), (-0.110368215, -0.12999982, 0.013607555), (0.019740993, -0.12999997, 0.024475187), (0.16031867, 0.10279476, 0.01520181), (-0.029221866, -0.12076915, 0.008193222), (-0.018646674, -0.12212036, 0.00745381), (-0.019740988, -0.12999997, 0.007581648), (0.110368215, -0.12999982, 0.018449279), (0.049850132, -0.12999997, 0.022445206), (-0.14998753, 0.017111475, 0.017934838), (-0.05245108, -0.05496878, 0.009968561), (-0.036623202, -0.037640505, 0.00889363), (-0.07869698, -0.0036297748, 0.01161575), (-0.0410445, 0.014930066, 0.009096901), (-0.11119297, 0.047524363, 0.0136761125), (-0.14064695, 0.1083813, 0.015519196), (-0.14135148, 0.12966898, 0.015529775), (-0.11101166, 0.12900697, 0.0135265095), (-0.03609008, 0.06398418, 0.008686712), (-0.08067185, 0.12834494, 0.011523244), (-0.05033203, 0.12768291, 0.009519978), (-0.04732496, -0.06709956, 0.009650338), (-0.07807039, -0.072468095, 0.011689352), (-0.11328518, -0.08182713, 0.014030127), (-0.13450883, -0.080644876, 0.015429505), (-0.15082356, 0.03296085, 0.016317138), (-0.11143585, -0.101673834, 0.013799), (-0.1385814, -0.08942316, 0.015695013), (-0.033236932, -0.08346445, 0.008745562), (-0.107051, -0.1265611, 0.017562885), (-0.12075089, 0.0496756, 0.020881085), (0.111386344, -0.10177563, 0.018261965), (0.1386384, -0.08846939, 0.016349988), (0.13631684, -0.07755857, 0.016513102), (0.1045969, -0.08161521, 0.01860073), (0.077490635, -0.072705045, 0.020405367), (0.051923644, -0.069428414, 0.02209897), (0.13691075, -0.12692524, 0.013126224), (-0.10337081, -0.012922036, 0.022588365), (-0.10204675, 0.098968685, 0.022738943), (0.018154547, -0.124810845, 0.012231779), (0.04306313, -0.12422247, 0.014662691), (-0.014500187, -0.1246712, 0.014705885), (-0.046386033, -0.12493323, 0.016358318), (-0.13178657, -0.12676744, 0.01886484), (0.01981375, -0.05259071, 0.024287304), (0.01787933, -0.07480264, 0.024382837), (-0.0069440096, -0.0056275018, 0.026208099), (-0.04282369, 0.109480925, 0.028872527), (-0.06522185, 0.049399998, 0.030311843), (-0.046918053, -0.07607713, 0.028840536), (-0.07069911, -0.07684641, 0.030476034), (0.033849902, -0.046483904, 0.023332098), (0.030728586, 0.007576022, 0.023638926), (0.033448342, 0.056779053, 0.023535646), (0.039057996, 0.10612816, 0.023244813), (0.020142632, 0.12794591, 0.024572248), (-0.0098963585, 0.1285328, 0.026639765), (-0.07452952, 0.05634217, 0.03096417), (-0.039935347, 0.12911968, 0.028707283), (-0.06997434, 0.12970656, 0.0307748), (-0.08206262, 0.107428744, 0.031568766), (0.021565322, -0.121361434, 0.024395656), (-0.038326796, -0.08832624, 0.028235575), (-0.066824004, -0.0978731, 0.030278556), (0.08054416, -0.0024950143, 0.020320963), (0.11248521, 0.04965392, 0.018298952), (0.14135148, 0.12970656, 0.016527059), (0.11101167, 0.12911968, 0.018530324), (0.08067185, 0.1285328, 0.02053359), (0.050332036, 0.12794591, 0.022536857), (0.1494202, 0.0215644, 0.014066422), (0.081598245, -0.058625437, 0.00079992594), (0.0049509546, -0.11321912, 0.005905709), (-0.012230316, -0.073419854, 0.0072828587), (0.017147455, -0.077596754, 0.005267897), (0.06645424, -0.09558717, 0.0018232625), (0.03489887, -0.0891961, 0.0040497608), (0.047794048, -0.07680292, 0.0031572275), (0.06800319, -0.08294975, 0.0017766414), (0.10248527, -0.063033625, 0.00938973), (0.08165365, 0.09770968, 0.00053259765), (0.072303385, 0.025597658, 0.0012977045), (-0.018821394, -0.050555017, 0.0076977713), (0.0055735535, -0.003093469, 0.0059386683), (0.070021786, 0.10198757, 0.0013259803), (-0.020142628, 0.12768291, 0.007484586), (0.009896358, 0.12834494, 0.005417068), (0.039935343, 0.12900697, 0.0033495503), (0.069974326, 0.12966898, 0.0012820325), (-0.15982318, 0.03478165, 0.016936615), (-0.04729353, -0.017563198, 0.02896501), (0.0023953973, 0.062675245, 0.025681963), (-0.080485836, -0.0719385, 0.031157903), (0.0016350362, 0.06535801, 0.0060928217), (0.093807206, 0.11820843, 0.0035805), (0.10559929, 0.11936634, 0.009670072), (-0.15962498, 0.0075764055, 0.016969252), (-0.08781085, 0.028258728, 0.031881537), (0.15982318, 0.03478165, 0.0151202185), (-0.13107081, -0.04639729, 0.015145346), (-0.14359973, 0.009054241, 0.018585132), (-0.14479506, 0.116717555, 0.018418565), (0.0417535, -0.1139519, 0.022962693), (0.15404497, 0.0012366438, 0.01547405), (-0.09897822, -0.045138035, 0.024420157), (-0.0020017019, -0.0428424, 0.025805073), (-0.044891912, 0.06051557, 0.02893139), (-0.061240423, -0.041968107, 0.029883804), (0.00590675, -0.014442191, 0.02530902), (0.009690792, 0.08861299, 0.025224268), (0.010011483, -0.08605047, 0.024905404), (0.13122791, -0.04683879, 0.01690038), (0.0628759, -0.029460395, 0.0020393804), (0.10451284, 0.028465046, 0.0095740985), (0.115135744, 0.031969916, 0.010623719), (0.00070348795, -0.040172055, 0.006336614), (0.0560269, 0.0582207, 0.002362987), (0.061974954, -0.04635063, 0.00212986), (-0.010515008, -0.01571066, 0.007066929), (-0.011488191, 0.08911152, 0.006955048), (0.04813675, 0.09322979, 0.0028464096), (-0.029741207, -0.12617436, 0.027968101), (0.09236949, 0.010133214, 0.0022407721), (0.08357398, 0.026941141, 0.0005197113), (-0.14852653, 0.041724548, 0.018072387), (-0.13317896, 0.0039740093, 0.015200479), (-0.07166348, -0.09535837, 0.011226351), (-0.12962621, 0.059548285, 0.01997887), (-0.13913998, 0.06474353, 0.019013222), (-0.13040316, 0.11447063, 0.019876968), (0.07228471, -0.09463955, 0.020783382), (-0.13210736, -0.06445666, 0.019738255), (-0.12104437, -0.01931586, 0.020839939), (-0.13208401, -0.017162906, 0.01974888), (-0.09270055, 0.03866991, 0.029499866), (-0.03249623, 0.006154826, 0.027986525), (-0.063112326, 0.008331911, 0.030097427), (-0.032303255, -0.043786496, 0.027889064), (0.018428316, 0.042184252, 0.024544077), (-0.017916998, 0.029172644, 0.027022267), (-0.004748336, 0.030654768, 0.026118862), (-0.08576193, -0.019218594, 0.031611055), (-0.072669394, -0.016577668, 0.03071323), (0.13345154, 0.0041082143, 0.016838582), (0.003885432, -0.09966963, 0.006094837), (0.13437244, 0.06003025, 0.012558814), (0.13963372, 0.06699927, 0.013094565), (0.1083581, -0.013615106, 0.00996166), (0.12719502, -0.017388426, 0.01182464), (0.03191132, 0.004416137, 0.0041134963), (0.033027746, -0.04337238, 0.004117207), (-0.017075118, 0.044068713, 0.0074162167), (0.01396347, 0.09161079, 0.005199959), (0.019694643, 0.034311958, 0.004903462), (0.100201495, 0.01685857, 0.008603248), (0.093999796, 0.024571577, 0.003532132), (0.09660063, 0.03827915, 0.0055725775), (-0.16021958, 0.08919214, 0.016871342), (0.03222791, -0.11871653, 0.023639172), (0.15962498, 0.0075764055, 0.015087581), (-0.040353883, 0.11826399, 0.008876691), (-0.088300556, -0.06929155, 0.012359526), (-0.11628894, -0.06862867, 0.014206432), (-0.14286184, -0.06998306, 0.015963243), (-0.14171213, -0.021311693, 0.015806103), (-0.14208546, 0.027972326, 0.015748506), (-0.13086231, 0.029803785, 0.0150044095), (-0.15059556, 0.08585598, 0.016213808), (-0.14943416, -0.03922818, 0.016345873), (-0.12327271, 0.031212594, 0.020628517), (-0.11992892, 0.10614713, 0.020941203), (-0.10405503, 0.10952418, 0.02254225), (-0.122846626, 0.09045411, 0.020652365), (-0.13208075, 0.08716278, 0.019718627), (-0.1406336, 0.09191224, 0.018850477), (-0.15055658, 0.09725271, 0.01784333), (0.1518182, 0.02796981, 0.015665693), (0.14655767, 0.018109532, 0.01599658), (0.15108246, 0.08547795, 0.015810246), (0.14939685, -0.039281983, 0.015713336), (-0.14157623, -0.04225983, 0.018806016), (-0.13304268, -0.0419353, 0.019649746), (-0.124018595, -0.042128835, 0.02054188), (-0.1314742, 0.008950286, 0.019813117), (-0.11490594, -0.04556538, 0.021442201), (-0.104352996, 0.0005756647, 0.022493634), (-0.11344457, 0.060275037, 0.02160529), (-0.10442368, 0.06065881, 0.02249721), (0.029728891, -0.12501663, 0.016943803), (-0.025224822, -0.1255682, 0.013860195), (-0.08838, 0.08881878, 0.03202484), (0.0111438865, -0.064589046, 0.024863638), (-0.015009447, -0.06564531, 0.026661929), (-0.035831332, 0.03348968, 0.028262148), (-0.0281581, 0.02833227, 0.027725367), (-0.034403235, 0.08683291, 0.028254662), (-0.065722145, 0.036414035, 0.030324388), (-0.046897516, -0.06664694, 0.028855018), (-0.06894737, -0.063331835, 0.030378245), (0.023697603, -0.03925715, 0.024042832), (0.018631166, 0.015794693, 0.024485163), (-0.002256978, 0.0064413506, 0.025906218), (-0.0106541235, 0.0069860336, 0.026484825), (0.030226178, 0.06929166, 0.02377863), (0.02947294, 0.111966856, 0.023903152), (-0.0041928953, 0.11817463, 0.026229752), (-0.07361181, 0.067003764, 0.030918976), (-0.07636333, 0.118481435, 0.031195205), (-0.0035271773, -0.08798357, 0.025837474), (0.081982136, -0.06436884, 0.020122716), (0.11285323, -0.07187815, 0.018071832), (0.1432558, -0.06966415, 0.016068112), (0.14132437, -0.021374485, 0.01627623), (0.14083223, 0.028673965, 0.016392248), (0.043875925, -0.037720986, 0.022683846), (0.041360177, 0.016089324, 0.022940822), (0.04047309, 0.065697424, 0.023083119), (0.049389105, 0.11262366, 0.022573296), (0.14352995, 0.008774708, 0.013464516), (0.15285629, 0.030757008, 0.014418279), (0.12336265, 0.037562452, 0.011436092), (0.11370656, 0.10151739, 0.010483541), (0.10331357, 0.11052184, 0.009441104), (0.12242147, 0.120442204, 0.011374092), (0.13100739, 0.08792321, 0.012229831), (0.13996191, 0.09275345, 0.013138688), (0.15163001, 0.0968673, 0.014322044), (0.15065183, 0.117203556, 0.014231581), (0.13506949, -0.040104166, 0.012607149), (0.12607303, -0.04327019, 0.011718267), (0.13472512, 0.011067981, 0.01257383), (0.12723893, 0.008297896, 0.011824465), (0.114983864, -0.047054432, 0.010622598), (0.09586495, -0.017854596, 0.004999364), (0.11478376, 0.06112144, 0.010583793), (0.04834629, -0.12571694, 0.0028120945), (0.06191726, 0.024362382, 0.0020146386), (-0.014516024, -0.063049935, 0.007422699), (0.012752809, -0.06767717, 0.00555365), (0.0736888, 0.08856434, 0.001096214), (0.07794493, 0.037535485, 0.00088928855), (0.06583956, 0.03661113, 0.0017240301), (0.042233612, -0.06748994, 0.0035242413), (0.07430461, -0.01744139, 0.0012325104), (0.074632846, -0.07053383, 0.0012994102), (-0.02403344, -0.037203323, 0.008033531), (-0.014485431, 0.020420123, 0.0072784163), (0.0007231771, 0.0073221843, 0.0062545575), (-0.023983652, 0.06680471, 0.007852669), (-0.0195876, 0.11761596, 0.00746358), (0.005245702, 0.120084494, 0.0057510803), (0.055042207, 0.113181524, 0.0023373438), (0.067290954, 0.11782225, 0.0014868325), (0.09358449, -0.042921383, 0.003110716), (0.10285504, -0.051297538, 0.0094242245), (-0.16002138, 0.061986893, 0.016903978), (-0.15313159, -0.0694732, 0.01664048), (0.15318878, -0.06965211, 0.0154122785), (-0.11166463, -0.020578297, 0.021767048), (-0.00800475, 0.057271633, 0.02638823), (0.006164511, 0.036518972, 0.025378108), (-0.0823304, -0.04635448, 0.03132798), (0.11822893, -0.02153124, 0.010938934), (0.06032931, 0.0055303844, 0.0021556763), (0.0484439, 0.007357284, 0.0029706412), (0.021363342, -0.01607681, 0.004874031), (0.025984973, 0.06433584, 0.004419528), (-0.0054588495, 0.038402468, 0.006626798), (0.09977102, 0.09050465, 0.008171638), (-0.1592286, -0.04683408, 0.017034525), (-0.1594268, -0.019628838, 0.01700189), (-0.09310733, -0.0074601867, 0.02928247), (0.16002138, 0.061986893, 0.015152855), (0.1594268, -0.019628838, 0.015054945), (0.1592286, -0.04683408, 0.015022308), (-0.14988159, -0.03792192, 0.017968835), (-0.054149244, 0.11604023, 0.0097918315), (-0.12838551, -0.06886388, 0.0150055345), (-0.14202379, -0.04822521, 0.015871597), (-0.041961506, -0.095077105, 0.009267575), (-0.14317113, -0.01405568, 0.018638307), (-0.15237635, -0.013353423, 0.017705806), (-0.112912714, 0.08460749, 0.021660833), (0.04223282, -0.09428648, 0.022764657), (0.15146786, 0.05111491, 0.015727451), (0.15373026, 0.011566526, 0.015512069), (-0.098551676, -0.07416277, 0.024750102), (-0.09136128, -0.041336343, 0.03070431), (-0.019712282, -0.04536309, 0.0270198), (-0.0031502466, -0.06350818, 0.02584929), (-0.056341562, 0.039092794, 0.029683262), (-0.044925187, 0.031407874, 0.028884547), (-0.0749977, -0.039866574, 0.030834226), (-0.058445092, -0.06891511, 0.029645987), (0.018074356, -0.010415129, 0.024478817), (0.005993074, 0.01148151, 0.025347248), (0.0057897754, 0.117750995, 0.025542278), (0.013333269, -0.11058758, 0.024870178), (-0.05914152, -0.08990669, 0.029681709), (-0.08061064, 0.084951684, 0.03143094), (0.13157815, -0.067810915, 0.016842254), (0.14205523, -0.048263874, 0.016183097), (0.1297499, 0.03369887, 0.017132375), (0.14570208, 0.058957495, 0.016121242), (0.047724523, -0.011971341, 0.022473048), (0.05947551, 0.11641811, 0.021913387), (0.04080297, 0.09295899, 0.02310732), (-0.015182461, -0.1122756, 0.007299507), (0.14767852, -0.014056665, 0.013874985), (0.12593293, 0.09543274, 0.011719121), (0.019456299, -0.043280203, 0.0050511416), (-0.000002489873, -0.06508788, 0.0064272024), (0.067925036, 0.056230105, 0.0015474219), (0.07554805, -0.04814717, 0.0011986841), (0.060978584, -0.07045466, 0.0022390669), (-0.0049964767, 0.01527145, 0.0066344524), (-0.027388278, 0.09397231, 0.008040526), (-0.008284459, 0.119928114, 0.0066820895), (0.048212823, 0.11880776, 0.0027975403), (0.08832798, 0.110389784, 0), (0.082718864, 0.058912188, 0.0005246773), (-0.10084647, -0.0658531, 0.013182167), (-0.13061303, -0.020076638, 0.015071194), (-0.14813244, 0.00045554136, 0.016193697), (-0.14372817, 0.009782838, 0.015887326), (-0.08856684, -0.10283612, 0.012279174), (-0.08429531, -0.09250814, 0.0120845195), (-0.08651754, -0.0818916, 0.012262826), (-0.15207595, -0.018580025, 0.016485846), (0.15064998, -0.07872949, 0.01415431), (-0.13471276, 0.032835167, 0.019475054), (-0.14853175, 0.02798075, 0.01807767), (0.08848448, -0.10305678, 0.019784965), (0.084316745, -0.09247696, 0.019970635), (0.086519375, -0.082044326, 0.019793633), (0.15207593, -0.019324802, 0.0155697465), (-0.11399005, 0.0059946263, 0.021541817), (-0.12212301, 0.0094486, 0.020738356), (-0.098035425, 0.02627326, 0.025279326), (-0.07554773, 0.031568043, 0.030992493), (-0.07266183, 0.012047978, 0.03076096), (-0.060118485, -0.017064368, 0.02984856), (-0.0473443, -0.042961005, 0.028925695), (-0.035418507, -0.067487106, 0.02806353), (0.03144168, 0.04501435, 0.02365365), (0.012631219, 0.06639831, 0.024984136), (-0.017188452, 0.116250984, 0.027120497), (-0.029472658, 0.11423749, 0.027962154), (-0.018326007, 0.05325855, 0.02709144), (0.00090984604, -0.11207102, 0.025737928), (-0.01579778, -0.087537356, 0.026679287), (0.10139487, -0.06700546, 0.018836536), (0.12939642, -0.020601105, 0.017065095), (0.1447207, 0.008535938, 0.016101893), (0.044033915, 0.039688725, 0.022804009), (0.14982384, 0.070769876, 0.014128102), (-0.0057930066, -0.10616118, 0.006705506), (0.13472125, 0.035474133, 0.012583756), (0.14454864, 0.03421525, 0.013578434), (0.15077233, 0.042032868, 0.014212006), (0.110503346, -0.0036534315, 0.010171998), (0.11815487, 0.0037227944, 0.010927172), (0.07381303, 0.004107878, 0.0012300218), (0.052222695, -0.024075601, 0.0027635384), (0.04810112, -0.045689587, 0.0030836484), (0.027394278, -0.069489956, 0.0045489683), (-0.027403634, 0.04139587, 0.008131278), (-0.011379806, 0.06629068, 0.0069865244), (0.001913332, 0.089631744, 0.0060322667), (0.012764983, 0.115311176, 0.0052419705), (0.097662985, 0.05308565, 0.0064394386), (0.093258485, 0.06494765, 0.0030438649), (0.0888731, 0.033776224, 0.00009609815), (-0.1590304, -0.074039325, 0.017067162), (-0.16041777, 0.11639738, 0.016838705), (-0.15664516, -0.12965174, 0.016589105), (-0.08726141, 0.06422213, 0.03189672), (-0.082485005, -0.12993626, 0.03152331), (0.16041777, 0.11639738, 0.015218128), (0.16021958, 0.08919214, 0.015185492), (0.1590304, -0.074039325, 0.014989671), (0.08704711, -0.06998256, 0.000420663), (0.08208156, -0.026246712, 0.0007120839), (0.079973504, -0.0053935247, 0.0008220264), (-0.14796774, 0.1174093, 0.015987588), (-0.15055454, 0.056295607, 0.016260432), (-0.037568685, -0.10988889, 0.008852203), (-0.029149622, -0.097769395, 0.0083848), (-0.12082761, 0.11869453, 0.020844888), (-0.13808386, 0.11867129, 0.019097375), (-0.15278004, 0.12067701, 0.01760826), (0.03678829, -0.10637035, 0.023226388), (0.029617693, -0.096196875, 0.023626382), (0.15314835, 0.11132771, 0.01571698), (-0.14297177, -0.06581265, 0.018663904), (-0.109672174, -0.07485155, 0.021954488), (-0.1090469, 0.028021106, 0.022034395), (-0.10266481, 0.08537073, 0.022675447), (0.121189006, -0.08151164, 0.011242131), (-0.14923753, -0.0756591, 0.018042706), (-0.0952911, 0.11834014, 0.02732836), (-0.09496344, 0.09235189, 0.02763655), (-0.09452368, -0.020044714, 0.028180318), (0.023138357, -0.06417102, 0.02403886), (0.011166381, -0.041949406, 0.024900325), (-0.0038228382, -0.019095045, 0.025970444), (-0.019234568, 0.0019072905, 0.027066598), (-0.020789858, -0.07811763, 0.027038757), (-0.045162205, 0.08969254, 0.028999692), (-0.07558382, 0.04476468, 0.03101722), (0.032855578, -0.05897819, 0.023379216), (0.034884546, -0.031688344, 0.023287997), (0.03734941, -0.004448225, 0.023171125), (-0.030061191, -0.09783815, 0.02774796), (-0.04903713, -0.088243224, 0.028972033), (0.042339303, -0.062267065, 0.022743942), (0.14698628, 0.11752985, 0.016134279), (0.12366022, 0.061303515, 0.011474537), (0.13134858, 0.11924353, 0.012277625), (0.14081512, 0.116392866, 0.013235087), (0.14726166, -0.066924915, 0.013817247), (0.13392702, -0.06588128, 0.01249873), (0.12216802, -0.06894029, 0.01133671), (0.13611203, -0.016645998, 0.012706095), (0.10976868, -0.07361418, 0.010111667), (0.02799409, -0.10016398, 0.0044312715), (0.087108746, 0.08420141, 0.00013818247), (-0.027314434, -0.060644515, 0.008299222), (-0.01135265, -0.03951299, 0.0071651572), (0.0028610574, -0.015452284, 0.0061463453), (0.01950463, 0.009170804, 0.004959405), (0.0329921, 0.034931812, 0.0039876695), (0.04701565, 0.062810615, 0.0029754252), (0.05598201, 0.08514767, 0.0023205203), (0.08027691, 0.11999652, 0.00058978883), (0.09678654, -0.071269214, 0.0058234963), (-0.10290087, -0.120960616, 0.013072259), (0.10407516, -0.12021413, 0.018900724), (0.1087386, -0.11904758, 0.0059958124), (-0.11801012, -0.09263522, 0.01430956), (0.07131837, -0.12157401, 0.021075083), (-0.028084762, -0.087222, 0.027525501), (-0.08454696, 0.061179776, 0.0118927285), (-0.08525277, 0.07378044, 0.011918069), (-0.113895, -0.028194891, 0.013980887), (-0.035450164, -0.016346605, 0.02815191), (0.1069095, -0.028705196, 0.018536333), (0.08491921, 0.06034326, 0.020137964), (0.08551235, 0.07413552, 0.02012205), (0.0068039903, 0.053768583, 0.00575702), (0.017432503, 0.05483263, 0.0050240667), (-0.053873524, -0.029921373, 0.010020222), (-0.05049795, -0.017168466, 0.009775669), (-0.042466447, -0.026256882, 0.009260428), (-0.11869087, 0.07735594, 0.014121098), (-0.11139425, 0.089472644, 0.013618579), (-0.10548584, 0.07824598, 0.0132472105), (-0.045796517, 0.094141014, 0.009277011), (-0.08879884, -0.048570503, 0.012357846), (-0.08888618, -0.035710536, 0.012342151), (-0.07992894, -0.041151546, 0.011759805), (-0.069939986, 0.08686983, 0.03069974), (0.08633324, -0.03290423, 0.019887932), (0.078784436, -0.03835245, 0.02037727), (0.13760081, 0.06771901, 0.016670773), (0.058991008, -0.022474669, 0.02171106), (0.0439197, -0.023632022, 0.022704724), (0.112108305, 0.09402544, 0.018398672), (0.048014436, 0.087977484, 0.022622526), (0.14736572, -0.03983013, 0.013832412), (0.008412535, -0.043776665, 0.0058120945), (-0.017163623, -0.008885658, 0.0075126453), (-0.017367167, 0.09581312, 0.0073480313), (0.043074287, 0.08418772, 0.003210083), (0.14915095, -0.12989897, 0.015907759), (-0.04564179, 0.04694652, 0.009346526), (-0.04757166, 0.027982343, 0.009506063), (-0.12220281, 0.0069000246, 0.014470865), (-0.12556586, 0.015893333, 0.01467791), (-0.07864441, 0.019891022, 0.031185947), (-0.00793036, 0.09198798, 0.026442256), (0.120926656, 0.0069224904, 0.01767027), (0.12541024, 0.01576508, 0.017388985), (0.054705437, 0.029888641, 0.022082511), (0.043388616, 0.02709769, 0.022825396), (0.004650995, 0.04336397, 0.005922875), (0.014276293, 0.04336615, 0.005260745), (0.08248499, -0.12993626, 0.0005335207), (-0.08474961, 0.0051270556, 0.012000819), (-0.0864022, 0.017139293, 0.012089701), (-0.09872005, 0.1107294, 0.012745351), (-0.10242318, 0.120681755, 0.012973182), (-0.09071122, 0.11911054, 0.0122020915), (-0.058557615, 0.067799695, 0.010164571), (-0.04667298, 0.059986863, 0.009392619), (-0.06873994, 0.094126254, 0.0107927825), (-0.062679216, -0.03397013, 0.010608806), (-0.08915133, -0.06019598, 0.012400522), (-0.07035877, -0.011668638, 0.011078472), (-0.071588956, -0.02378415, 0.01118015), (-0.079876415, -0.016020313, 0.011714396), (-0.1248408, -0.057934307, 0.014753245), (-0.10629692, 0.024654588, 0.013391003), (-0.12045292, 0.06346448, 0.014260924), (-0.12790816, 0.07229619, 0.014738439), (-0.14780064, 0.020400768, 0.016138503), (-0.13843454, 0.08703389, 0.015408878), (-0.13514166, 0.077966735, 0.0152065875), (-0.046475623, -0.11618686, 0.009387022), (-0.10397451, -0.08280555, 0.013416996), (-0.064717636, -0.090700895, 0.01080714), (-0.054691125, -0.07460356, 0.010149234), (-0.09458631, -0.11309798, 0.012589798), (0.04337569, -0.12244888, 0.022927478), (0.064790554, -0.089335024, 0.021233324), (0.05685656, -0.07988196, 0.021755813), (0.09386907, -0.11659244, 0.019543963), (-0.15296839, -0.062459692, 0.017666612), (-0.09475577, 0.0052839974, 0.02798066), (-0.051239118, 0.049122103, 0.029348977), (0.022658158, 0.062907286, 0.024288392), (-0.0006564542, 0.09528417, 0.025947466), (-0.060551886, 0.060601413, 0.030009301), (-0.037490845, 0.120261274, 0.028524023), (-0.055649295, 0.1092291, 0.02975443), (-0.048951972, 0.11935237, 0.029310936), (-0.06269528, 0.12013005, 0.030257726), (-0.06449561, 0.09898214, 0.03034555), (0.08989138, -0.059626687, 0.019608399), (0.10609464, 0.029579246, 0.018687407), (0.054222878, -0.033259712, 0.022007849), (0.070150666, -0.029795358, 0.02096162), (0.0692005, -0.017170848, 0.021045567), (0.08730287, 0.006672073, 0.019889956), (0.08638419, 0.020920258, 0.019974673), (0.077567555, 0.017127402, 0.020550704), (0.12002626, 0.056581594, 0.017812595), (0.12354367, 0.06677557, 0.01759736), (0.11198241, 0.06169359, 0.01835244), (0.12852497, 0.07959412, 0.017289849), (0.1315078, 0.091826834, 0.017113427), (0.119744234, 0.08825308, 0.017884502), (0.097539224, 0.10959069, 0.01938737), (0.10309549, 0.11951104, 0.019037059), (0.090696216, 0.11913402, 0.019855522), (0.05121998, 0.06421003, 0.022370666), (0.060181852, 0.06829403, 0.021785533), (0.069174185, 0.09428072, 0.021235341), (0.10686831, 0.0555924, 0.009802203), (-0.1093687, -0.018412057, 0.0136656985), (-0.10674888, -0.00883832, 0.013476741), (0.10939286, -0.017154701, 0.018391639), (0.104441434, -0.0076929373, 0.018734362), (-0.05756188, -0.008627041, 0.010227914), (-0.044757232, -0.0053553944, 0.009376453), (-0.11908065, 0.100188784, 0.014108272), (-0.103994496, 0.10058418, 0.013110945), (-0.055075794, 0.08895326, 0.009898807), (-0.07149318, -0.04662482, 0.011211944), (-0.07228316, -0.0359765, 0.011246335), (-0.13815914, 0.052035633, 0.015449101), (-0.13934761, 0.065321036, 0.015505401), (-0.03652228, 0.04824363, 0.0283347), (0.07144213, -0.04491102, 0.020851122), (0.1287728, -0.05704665, 0.01704545), (0.13240293, 0.056279797, 0.016994886), (0.057483032, 0.09013782, 0.022000672), (0.08860585, 0.072848186, 0.00004651043), (-0.08605348, 0.02970807, 0.012045428), (-0.08650005, 0.042728264, 0.012052933), (-0.077197924, 0.040985618, 0.011441337), (-0.08689591, 0.08706433, 0.012004178), (-0.09105832, 0.09932604, 0.012258449), (-0.08096218, 0.096812844, 0.011595699), (-0.05970883, 0.04280702, 0.010282852), (-0.100020066, -0.05334681, 0.013106731), (-0.10986183, -0.047932904, 0.013747525), (-0.12655136, -0.0065829246, 0.014780491), (-0.10608122, 0.0028300043, 0.013413183), (-0.10414179, 0.012276758, 0.013269362), (0.0985306, -0.05277414, 0.019049406), (0.10982696, -0.04800381, 0.018311493), (0.103268385, -0.04136202, 0.018755626), (0.12508766, -0.005833694, 0.017374238), (0.09982126, 0.004711419, 0.019060122), (0.10993202, 0.0051810513, 0.018393315), (0.08537391, 0.033477023, 0.0200626), (0.085365385, 0.046806265, 0.02008565), (0.076692894, 0.042084187, 0.02065059), (0.09068292, 0.09967176, 0.019823564), (0.081238315, 0.0970061, 0.02044298), (0.058132567, 0.037252765, 0.021868538), (-0.04286979, -0.046036802, 0.009320494), (-0.052186277, -0.042058732, 0.009929261), (-0.045442827, -0.03662235, 0.009474574), (-0.07574511, 0.0146765895, 0.011389808), (-0.06577365, -0.000012657835, 0.010755866), (-0.04645729, 0.007730061, 0.009466659), (-0.10206052, 0.054951802, 0.0130602745), (-0.0991261, 0.041547306, 0.012889061), (-0.11201185, 0.05821389, 0.013712193), (-0.103555106, 0.06609172, 0.013140193), (-0.13372359, 0.11774316, 0.015045991), (-0.07612532, 0.10694658, 0.011259032), (-0.08179069, 0.11745496, 0.0116155585), (-0.07166014, 0.11833747, 0.010944798), (-0.08847385, -0.0109255, 0.012273563), (-0.088990144, -0.023242673, 0.012328209), (-0.09699929, -0.005194755, 0.012826916), (-0.11003612, 0.03560624, 0.013619618), (-0.14850941, 0.09684815, 0.01605772), (-0.13331386, 0.09745574, 0.0150532), (-0.14820702, -0.05196281, 0.018144352), (-0.06999695, 0.108539164, 0.030740295), (0.054142058, -0.05834395, 0.021970991), (0.06311161, -0.051489465, 0.021390188), (0.05526682, -0.044391897, 0.021920105), (0.07896536, -0.012872207, 0.020407848), (0.08757284, -0.021380749, 0.019825315), (0.09143637, -0.0076768207, 0.019593084), (0.10375829, 0.043323778, 0.018864734), (0.11708893, 0.038935576, 0.01797709), (0.14151457, 0.09380514, 0.016455889), (0.07336385, 0.0071996422, 0.020811653), (0.06333165, 0.003365203, 0.021467913), (0.070830874, -0.006043991, 0.020956637), (0.1026944, 0.05623132, 0.018956793), (0.09397866, 0.050907064, 0.019523574), (0.10318691, 0.06920238, 0.018946141), (0.1347707, 0.11696087, 0.016940283), (0.07624958, 0.1070306, 0.02078945), (0.081793785, 0.11761624, 0.020441057), (0.07182391, 0.11833039, 0.021100875), (-0.073345974, 0.06876002, 0.011139934), (-0.06710626, 0.047768775, 0.010763176), (-0.11575645, -0.00050990743, 0.014057592), (-0.060829364, -0.098854154, 0.010481421), (-0.0020186678, 0.08234896, 0.026019143), (0.073757045, 0.06889052, 0.020889759), (0.06607617, 0.056800973, 0.021376763), (0.06783099, 0.045644965, 0.021242017), (0.013918531, 0.0655937, 0.0052474355), (0.1052203, 0.07900903, 0.009635153), (-0.05481179, 0.004903744, 0.010023369), (-0.12674102, 0.10887449, 0.014599675), (-0.09475859, 0.07660152, 0.0125413), (-0.057305712, 0.10261427, 0.010023044), (-0.06691398, -0.05680967, 0.010926587), (-0.10070471, -0.030333398, 0.013113529), (-0.1259679, 0.04416742, 0.014657272), (-0.11960705, 0.052609242, 0.01422319), (-0.052146133, 0.072993726, 0.0294517), (-0.04422521, 0.040729944, 0.02885208), (-0.050291747, 0.09972159, 0.029369662), (0.071619995, -0.059747063, 0.020814618), (0.09621135, -0.031867944, 0.01923743), (0.1258338, 0.046475172, 0.01741227), (0.056304183, 0.009199253, 0.021941992), (0.09488942, 0.07739142, 0.019508092), (0.05879535, 0.103273526, 0.021936141), (-0.023799872, -0.018369298, 0.007985333), (-0.025270097, 0.0859441, 0.007908512), (-0.08824828, 0.1170495, 0.032063596), (-0.09570884, 0.01952426, 0.012700457), (0.030882185, 0.03335155, 0.023672272), (-0.022904916, 0.10636388, 0.027496915), (0.13068627, 0.024027696, 0.017054409), (0.09558044, 0.025237618, 0.019374453), (-0.01795917, 0.030996997, 0.007499331), (0.007238295, 0.033143044, 0.0057623307), (0.10531996, 0.041475195, 0.009651607), (0.098175414, 0.004457478, 0.006915816), (-0.039522536, -0.057905044, 0.00911941), (-0.030989887, -0.048061173, 0.00853059), (-0.034196652, 0.0024983673, 0.00866493), (-0.03662211, 0.023363018, 0.008790491), (-0.03569746, 0.05124749, 0.008682292), (-0.033737678, 0.075723544, 0.008508435), (-0.034630187, 0.09991498, 0.00852856), (-0.03145558, 0.11156733, 0.0082903), (-0.14639513, 0.0767063, 0.015951734), (-0.065459855, -0.0753523, 0.010861519), (0.06531607, -0.0761921, 0.021203408), (-0.00902829, -0.07623267, 0.026232414), (0.030737104, 0.020597378, 0.023660524), (0.017050292, 0.11778502, 0.024767673), (-0.024684688, -0.07165812, 0.008137094), (-0.030787427, -0.026028106, 0.008479075), (-0.029554468, 0.027520262, 0.008302906), (0.07369724, -0.089695945, 0.00137509), (0.067621194, 0.068139225, 0.0015482611), (-0.1312916, 0.07329538, 0.019804405), (-0.10041783, -0.08406811, 0.023175426), (-0.056035694, 0.028683947, 0.029644664), (0.11936219, 0.06958148, 0.011042779), (-0.11733702, -0.10989272, 0.014119095), (-0.11144676, 0.094283886, 0.021805199), (0.10210138, 0.09607621, 0.019063191), (-0.12461911, 0.04011123, 0.02049415), (0.024382299, 0.05190805, 0.02415104), (0.055686045, -0.0015965067, 0.002487274), (0.12202779, -0.09494436, 0.017501535), (-0.1254525, -0.07132355, 0.020394983), (-0.099589, -0.06343795, 0.023890354), (-0.102492854, 0.037110936, 0.022683961), (-0.10809436, 0.12073992, 0.022133509), (-0.016577423, -0.011775229, 0.02686065), (-0.012924102, -0.053298473, 0.02653921), (-0.025668468, 0.037882302, 0.027570365), (0.027522665, -0.0055612503, 0.023837095), (0.026780235, -0.016783396, 0.02386905), (0.029931854, 0.013463735, 0.004234488), (0.045475017, 0.035378516, 0.0031277502), (0.056345962, 0.03292048, 0.0023836722), (0.038601734, -0.05723741, 0.0037569334), (-0.013525229, 0.008730451, 0.007232306), (0.021881448, 0.08605435, 0.0046647587), (-0.053073198, -0.009002458, 0.029377239), (0.009836909, 0.09880353, 0.025231577), (0.12209419, 0.09754183, 0.017744934), (0.11719155, 0.104546905, 0.018080622), (0.050382745, 0.09920025, 0.022485008), (-0.007005347, 0.09878515, 0.006630169), (-0.065062486, 0.024037242, 0.01066825), (-0.051409725, 0.03905639, 0.009740912), (-0.12512319, -0.009947734, 0.020438332), (0.026473153, 0.04397344, 0.004420684), (-0.09908591, 0.049409796, 0.024420435), (-0.025156867, 0.046495687, 0.027549842), (0.15147375, 0.09947494, 0.015807768), (0.044895552, 0.006509974, 0.022691112), (-0.026823113, 0.013204029, 0.008139439), (-0.017275095, 0.06677391, 0.027042167), (-0.0068226685, 0.045272034, 0.026286466), (0.043226954, 0.0023733235, 0.0033381118), (0.03128772, -0.023647454, 0.004203721), (-0.119495034, 0.11894623, 0.0141039565), (-0.0048153326, -0.03216579, 0.026016723), (-0.013043343, -0.039558623, 0.026570577), (0.021168903, 0.091954164, 0.02444033), (0.011394776, 0.10875884, 0.025141364), (-0.07943215, 0.09686902, 0.031369917), (0.03918047, 0.079287864, 0.023191439), (0.110073105, 0.06932518, 0.01011663), (0.006486212, -0.030753002, 0.0059227264), (-0.011811346, 0.10805451, 0.0069449614), (0.032591913, 0.08510541, 0.0039296024), (-0.044353705, 0.008533797, 0.028806657), (-0.05491299, 0.014317799, 0.029543176), (0.036795225, 0.02413399, 0.003744113), (0.039826453, 0.0132637145, 0.0035538035), (0.032419108, -0.01360563, 0.004108924), (-0.0042859847, 0.05841277, 0.006511979), (-0.15008263, 0.04427848, 0.016249329), (-0.07393886, -0.0839669, 0.011435746), (0.07495974, -0.084091224, 0.020553475), (0.089172415, -0.07085706, 0.01963713), (-0.121111564, -0.0638584, 0.020825462), (-0.104897365, -0.026473865, 0.022435058), (-0.11441565, 0.037132055, 0.021505214), (-0.04533784, 0.080511704, 0.028996134), (0.018773144, 0.028052337, 0.024496278), (0.031414624, 0.09861698, 0.023746831), (-0.07299967, 0.07714709, 0.030893942), (0.11670367, -0.08246224, 0.017799933), (0.038977966, 0.11920235, 0.023272157), (0.013811491, -0.021625394, 0.0054031597), (0.06312054, -0.018190283, 0.0020035456), (-0.03580223, 0.086721964, 0.008629279), (-0.028153075, 0.12202782, 0.008045274), (0.0042933025, 0.09846243, 0.005853483), (0.02538795, 0.09656407, 0.0044056163), (0.03730229, 0.09628129, 0.0035865086), (-0.121554576, -0.022262227, 0.014476731), (0.04232258, -0.018313404, 0.0034352269), (-0.04636915, 0.08176721, 0.009335748), (-0.019626541, 0.0873533, 0.027238993), (-0.062709965, 0.075516745, 0.030182978), (0.11563097, 0.07488899, 0.018133678), (0.034637146, 0.11858743, 0.0037317902), (-0.11205341, 0.10897563, 0.013629175), (-0.055072885, 0.07665243, 0.0099193975), (0.10841873, 0.10644646, 0.018663362), (-0.05725603, 0.03169511, 0.010139583), (0.06816772, 0.03453156, 0.021201024), (-0.0629678, 0.010817613, 0.0105522005), (-0.090084694, 0.05221479, 0.012273722), (-0.025234824, 0.05510292, 0.007958701), (-0.06959742, 0.03559815, 0.010948316), (-0.005830528, 0.0711618, 0.026262319), (-0.0627043, -0.044860855, 0.01062869), (0.14106297, 0.1056687, 0.016505562), (0.044334937, 0.053125527, 0.022806793), (-0.10794373, -0.12411039, 0.024645023), (0.10433529, -0.10991283, 0.018796382), (0.07220506, -0.10769627, 0.0013239582), (-0.12075408, 0.06515264, 0.020874972), (0.044493314, -0.08681122, 0.003401279), (0.1176096, 0.051421423, 0.010864877), (0.15073085, -0.026967512, 0.014178634), (-0.07476367, 0.006464054, 0.011338844), (0.03598573, -0.08411446, 0.023126805), (-0.11203773, -0.09284506, 0.02170623), (0.0063307886, -0.033757683, 0.025246942), (-0.023774303, -0.06948473, 0.02725872), (0.004764151, -0.02421296, 0.02537098), (-0.00910267, 0.10502082, 0.026545107), (0.02619979, -0.085538946, 0.004658234), (0.06235016, 0.09122047, 0.0018720934), (-0.15097612, 0.10675691, 0.016204055), (0.11811797, -0.025615554, 0.017801419), (-0.104442544, -0.0499003, 0.022475906), (0.105271645, 0.08374003, 0.01883295), (0.077514, 0.066890135, 0.00086946844), (-0.025125759, -0.017844912, 0.02743878), (0.014726164, 0.02319011, 0.0052642184), (-0.10970094, 0.0741475, 0.021977844), (-0.015190463, -0.024898209, 0.02674307), (-0.02929789, 0.060321186, 0.027858276), (0.12199007, -0.06414128, 0.01748146), (0.043214772, -0.051853433, 0.022703677), (0.07886129, 0.07824538, 0.00075759745), (-0.12150455, -0.045998935, 0.014513041), (0.054130446, -0.09554938, 0.0026718036), (0.11444005, -0.005362582, 0.018078063), (-0.035445467, 0.100822456, 0.028350195), (-0.07247841, -0.066058196, 0.011309428), (0.03586628, -0.015778301, 0.023249986), (-0.030244438, -0.0069441213, 0.008409165), (0.050735127, -0.06543846, 0.0029356445), (0.043264966, -0.073208004, 0.022664376), (0.04746591, -0.05793859, 0.0031480154), (0.018637365, -0.032490555, 0.024402477), (0.029373238, -0.12077879, 0.004160171), (-0.098015256, -0.12493383, 0.019838125), (-0.13506468, -0.1299561, 0.0152298855), (0.06536636, -0.10002085, 0.021285718), (0.11449704, 0.09099901, 0.010559145), (0.012253517, -0.010222532, 0.0054911706), (0.014315928, -0.09743011, 0.0053960695), (-0.082013614, -0.0647474, 0.011936829), (-0.1073863, -0.06981466, 0.013620589), (-0.11899454, 0.03769616, 0.014207635), (0.14863162, 0.037834853, 0.01589256), (0.11318354, 0.11579914, 0.010436613), (-0.06413766, 0.10877505, 0.010463985), (-0.021980245, -0.036295388, 0.027191183), (-0.061437447, 0.119824976, 0.010266928), (0.028462544, 0.120172024, 0.02398664), (0.12460367, 0.113443784, 0.017605986), (0.13882414, -0.058559008, 0.012981597), (0.041118797, 0.048411287, 0.0034056108), (0.023447, 0.114569105, 0.004508418), (0.01684913, -0.0038499539, 0.005164124), (0.036299948, 0.057141505, 0.0037222323), (0.13896954, 0.04867663, 0.016548619), (0.058783248, 0.072964795, 0.0021484217), (0.010697884, 0.0111838635, 0.005561807)]
        color3f[] primvars:displayColor = [(0.62, 0.43, 0.25)]
        custom string source:author = "RPSebb"
        custom string source:dataset = "Objaverse 1.0"
        custom string source:license = "CC BY 4.0"
        custom string source:uid = "d6814ce433f64d0da49f4a8b1ca3bb00"
        custom string source:url = "https://sketchfab.com/3d-models/d6814ce433f64d0da49f4a8b1ca3bb00"
        uniform token subdivisionScheme = "none"
    }

    def "Looks"
    {
        def Material "Material" (
            prepend apiSchemas = ["PhysicsMaterialAPI"]
        )
        {
            token outputs:surface.connect = </Bag/Looks/Material/Preview.outputs:surface>
            float physics:dynamicFriction = 0.45
            float physics:restitution = 0
            float physics:staticFriction = 0.45

            def Shader "Preview"
            {
                uniform token info:id = "UsdPreviewSurface"
                color3f inputs:diffuseColor = (0.62, 0.43, 0.25)
                float inputs:roughness = 0.92
                token outputs:surface
            }
        }
    }
}

