#usda 1.0
(
    customLayerData = {
        string assetName = "plastic_recycle_bag"
        string generator = "assets/objects/_utils/convert_bag_mesh.py"
        string license = "CC BY 4.0"
        string objaverseUid = "181124c146e94ea7a03022d0c9b0c8d8"
    }
    defaultPrim = "Bag"
    metersPerUnit = 1
    upAxis = "Z"
)

def Xform "Bag" (
    kind = "component"
)
{
    def Mesh "Cloth" (
        prepend apiSchemas = ["PhysicsMassAPI", "MaterialBindingAPI"]
    )
    {
        uniform bool doubleSided = 1
        float3[] extent = [(-0.10957728, -0.14975587, 0), (0.10957728, 0.14975587, 0.019665066)]
        int[] faceVertexCounts = [3, 3, 3, 3, 3, 3, 3, 3, 3, 3, 3, 3, 3, 3, 3, 3, 3, 3, 3, 3, 3, 3, 3, 3, 3, 3, 3, 3, 3, 3, 3, 3, 3, 3, 3, 3, 3, 3, 3, 3, 3, 3, 3, 3, 3, 3, 3, 3, 3, 3, 3, 3, 3, 3, 3, 3, 3, 3, 3, 3, 3, 3, 3, 3, 3, 3, 3, 3, 3, 3, 3, 3, 3, 3, 3, 3, 3, 3, 3, 3, 3, 3, 3, 3, 3, 3, 3, 3, 3, 3, 3, 3, 3, 3, 3, 3, 3, 3, 3, 3, 3, 3, 3, 3, 3, 3, 3, 3, 3, 3, 3, 3, 3, 3, 3, 3, 3, 3, 3, 3, 3, 3, 3, 3, 3, 3, 3, 3, 3, 3, 3, 3, 3, 3, 3, 3, 3, 3, 3, 3, 3, 3, 3, 3, 3, 3, 3, 3, 3, 3, 3, 3, 3, 3, 3, 3, 3, 3, 3, 3, 3, 3, 3, 3, 3, 3, 3, 3, 3, 3, 3, 3, 3, 3, 3, 3, 3, 3, 3, 3, 3, 3, 3, 3, 3, 3, 3, 3, 3, 3, 3, 3, 3, 3, 3, 3, 3, 3, 3, 3, 3, 3, 3, 3, 3, 3, 3, 3, 3, 3, 3, 3, 3, 3, 3, 3, 3, 3, 3, 3, 3, 3, 3, 3, 3, 3, 3, 3, 3, 3, 3, 3, 3, 3, 3, 3, 3, 3, 3, 3, 3, 3, 3, 3, 3, 3, 3, 3, 3, 3, 3, 3, 3, 3, 3, 3, 3, 3, 3, 3, 3, 3, 3, 3, 3, 3, 3, 3, 3, 3, 3, 3, 3, 3, 3, 3, 3, 3, 3, 3, 3, 3, 3, 3, 3, 3, 3, 3, 3, 3, 3, 3, 3, 3, 3, 3, 3, 3, 3, 3, 3, 3, 3, 3, 3, 3, 3, 3, 3, 3, 3, 3, 3, 3, 3, 3, 3, 3, 3, 3, 3, 3, 3, 3, 3, 3, 3, 3, 3, 3, 3, 3, 3, 3, 3, 3, 3, 3, 3, 3, 3, 3, 3, 3, 3, 3, 3, 3, 3, 3, 3, 3, 3, 3, 3, 3, 3, 3, 3, 3, 3, 3, 3, 3, 3, 3, 3, 3, 3, 3, 3, 3, 3, 3, 3, 3, 3, 3, 3, 3, 3, 3, 3, 3, 3, 3, 3, 3, 3, 3, 3, 3, 3, 3, 3, 3, 3, 3, 3, 3, 3, 3, 3, 3, 3, 3, 3, 3, 3, 3, 3, 3, 3, 3, 3, 3, 3, 3, 3, 3, 3, 3, 3, 3, 3, 3, 3, 3, 3, 3, 3, 3, 3, 3, 3, 3, 3, 3, 3, 3, 3, 3, 3, 3, 3, 3, 3, 3, 3, 3, 3, 3, 3, 3, 3, 3, 3, 3, 3, 3, 3, 3, 3, 3, 3, 3, 3, 3, 3, 3, 3, 3, 3, 3, 3, 3, 3, 3, 3, 3, 3, 3, 3, 3, 3, 3, 3, 3, 3, 3, 3, 3, 3, 3, 3, 3, 3, 3, 3, 3, 3, 3, 3, 3, 3, 3, 3, 3, 3, 3, 3, 3, 3, 3, 3, 3, 3, 3, 3, 3, 3, 3, 3, 3, 3, 3, 3, 3, 3, 3, 3, 3, 3, 3, 3, 3, 3, 3, 3, 3, 3, 3, 3, 3, 3, 3, 3, 3, 3, 3, 3, 3, 3, 3, 3, 3, 3, 3, 3, 3, 3, 3, 3, 3, 3, 3, 3, 3, 3, 3, 3, 3, 3, 3, 3, 3, 3, 3, 3, 3, 3, 3, 3, 3, 3, 3, 3, 3, 3, 3, 3, 3, 3, 3, 3, 3, 3, 3, 3, 3, 3, 3, 3, 3, 3, 3, 3, 3, 3, 3, 3, 3, 3, 3, 3, 3, 3, 3, 3, 3, 3, 3, 3, 3, 3, 3, 3, 3, 3, 3, 3, 3, 3, 3, 3, 3, 3, 3, 3, 3, 3, 3, 3, 3, 3, 3, 3, 3, 3, 3, 3, 3, 3, 3, 3, 3, 3, 3, 3, 3, 3, 3, 3, 3, 3, 3, 3, 3, 3, 3, 3, 3, 3, 3, 3, 3, 3, 3, 3, 3, 3, 3, 3, 3, 3, 3, 3, 3, 3, 3, 3, 3, 3, 3, 3, 3, 3, 3, 3, 3, 3, 3, 3, 3, 3, 3, 3, 3, 3, 3, 3, 3, 3, 3, 3, 3, 3, 3, 3, 3, 3, 3, 3, 3, 3, 3, 3, 3, 3, 3, 3, 3, 3, 3, 3, 3, 3, 3, 3, 3, 3, 3, 3, 3, 3, 3, 3, 3, 3, 3, 3, 3, 3, 3, 3, 3, 3, 3, 3, 3, 3, 3, 3, 3, 3, 3, 3, 3, 3, 3, 3, 3, 3, 3, 3, 3, 3, 3, 3, 3, 3, 3, 3, 3, 3, 3, 3, 3, 3, 3, 3, 3, 3, 3, 3, 3, 3, 3, 3, 3, 3, 3, 3, 3, 3, 3, 3, 3, 3, 3, 3, 3, 3, 3, 3, 3, 3, 3, 3, 3, 3, 3, 3, 3, 3, 3, 3, 3, 3, 3, 3, 3, 3, 3, 3, 3, 3, 3, 3, 3, 3, 3, 3, 3, 3, 3, 3, 3, 3, 3, 3, 3, 3, 3, 3, 3, 3, 3, 3, 3, 3, 3, 3, 3, 3, 3, 3, 3, 3, 3, 3, 3, 3, 3, 3, 3, 3, 3, 3, 3, 3, 3, 3, 3, 3, 3, 3, 3, 3, 3, 3, 3, 3, 3, 3, 3, 3, 3, 3, 3, 3, 3, 3, 3, 3, 3, 3, 3, 3, 3, 3, 3, 3, 3, 3, 3, 3, 3, 3, 3, 3, 3, 3, 3, 3, 3, 3, 3, 3, 3, 3, 3, 3, 3, 3, 3, 3, 3, 3, 3, 3, 3, 3, 3, 3, 3, 3, 3, 3, 3, 3, 3, 3, 3, 3, 3, 3, 3, 3, 3, 3, 3, 3, 3, 3, 3, 3, 3, 3, 3, 3, 3, 3, 3, 3, 3, 3, 3, 3, 3, 3, 3, 3, 3, 3, 3, 3, 3, 3, 3, 3, 3, 3, 3, 3, 3, 3, 3, 3, 3, 3, 3, 3, 3, 3, 3, 3, 3, 3, 3, 3, 3, 3, 3, 3, 3, 3, 3, 3, 3, 3, 3, 3, 3, 3, 3, 3, 3, 3, 3, 3, 3, 3, 3, 3, 3, 3, 3, 3, 3, 3, 3, 3, 3, 3, 3, 3, 3, 3, 3, 3, 3, 3, 3, 3, 3, 3, 3, 3, 3, 3, 3, 3, 3, 3, 3, 3, 3, 3, 3, 3, 3, 3, 3, 3, 3, 3, 3, 3, 3, 3, 3, 3, 3, 3, 3, 3, 3, 3, 3, 3, 3, 3, 3, 3, 3, 3, 3, 3, 3, 3, 3, 3, 3, 3, 3, 3, 3, 3, 3, 3, 3, 3, 3, 3, 3, 3, 3, 3, 3, 3, 3, 3, 3, 3, 3, 3, 3, 3, 3, 3, 3, 3, 3, 3, 3, 3, 3, 3, 3, 3, 3, 3, 3, 3, 3, 3, 3, 3, 3, 3, 3, 3, 3, 3, 3, 3, 3, 3, 3, 3, 3, 3, 3, 3, 3, 3, 3, 3, 3, 3, 3, 3, 3, 3, 3, 3, 3, 3, 3, 3, 3, 3, 3, 3, 3, 3, 3, 3, 3, 3, 3, 3, 3, 3, 3, 3, 3, 3, 3, 3, 3, 3, 3, 3, 3, 3, 3, 3, 3, 3, 3, 3, 3, 3, 3, 3, 3, 3, 3, 3, 3, 3, 3, 3, 3, 3, 3, 3, 3, 3, 3, 3, 3, 3, 3, 3, 3, 3, 3, 3, 3, 3, 3, 3, 3, 3, 3, 3, 3, 3, 3, 3, 3, 3, 3, 3, 3, 3, 3, 3, 3, 3, 3, 3, 3, 3, 3, 3, 3, 3, 3, 3, 3, 3, 3, 3, 3, 3, 3, 3, 3, 3, 3, 3, 3, 3, 3, 3, 3, 3, 3, 3, 3, 3, 3, 3, 3, 3, 3, 3, 3, 3, 3, 3, 3, 3, 3, 3, 3, 3, 3, 3, 3, 3, 3, 3, 3, 3, 3, 3, 3, 3, 3, 3, 3, 3, 3, 3, 3, 3, 3, 3, 3, 3, 3, 3, 3, 3, 3, 3, 3, 3, 3, 3, 3, 3, 3, 3, 3, 3, 3, 3, 3, 3, 3, 3, 3, 3, 3, 3, 3, 3, 3, 3, 3, 3, 3, 3, 3, 3, 3, 3, 3, 3, 3, 3, 3, 3, 3, 3, 3, 3, 3, 3, 3, 3, 3, 3, 3, 3, 3, 3, 3, 3, 3, 3, 3, 3, 3, 3, 3, 3, 3, 3, 3, 3, 3, 3, 3, 3, 3, 3, 3, 3, 3, 3, 3, 3, 3, 3, 3, 3, 3, 3, 3, 3, 3, 3, 3, 3, 3, 3, 3, 3, 3, 3, 3, 3, 3, 3, 3, 3, 3, 3, 3, 3, 3, 3, 3, 3, 3, 3, 3, 3, 3, 3, 3, 3, 3, 3, 3, 3, 3, 3, 3, 3, 3, 3, 3, 3, 3, 3, 3, 3, 3, 3, 3, 3, 3, 3, 3, 3, 3, 3, 3, 3, 3, 3, 3, 3, 3, 3, 3, 3, 3, 3, 3, 3, 3, 3, 3, 3, 3, 3, 3, 3, 3, 3, 3, 3, 3, 3, 3, 3, 3, 3, 3, 3, 3, 3, 3, 3, 3, 3, 3, 3, 3, 3, 3, 3, 3, 3, 3, 3, 3, 3, 3, 3, 3, 3, 3, 3, 3, 3, 3, 3, 3, 3, 3, 3, 3, 3, 3, 3, 3, 3, 3, 3, 3, 3, 3, 3, 3, 3, 3, 3, 3, 3, 3, 3, 3, 3, 3, 3, 3, 3, 3, 3, 3, 3, 3, 3, 3, 3, 3, 3, 3, 3, 3, 3, 3, 3, 3, 3, 3, 3, 3, 3, 3, 3, 3, 3, 3, 3, 3, 3, 3, 3, 3, 3, 3, 3, 3, 3, 3, 3, 3, 3, 3, 3, 3, 3, 3, 3, 3, 3, 3, 3, 3, 3, 3, 3, 3, 3, 3, 3, 3, 3, 3, 3, 3, 3, 3, 3, 3, 3, 3, 3, 3, 3, 3, 3, 3, 3, 3, 3, 3, 3, 3, 3, 3, 3, 3, 3, 3, 3, 3, 3, 3, 3, 3, 3, 3, 3, 3, 3, 3, 3, 3, 3, 3, 3, 3, 3, 3, 3, 3, 3, 3, 3, 3, 3, 3, 3, 3, 3, 3, 3, 3, 3, 3, 3, 3, 3, 3, 3, 3, 3, 3, 3, 3, 3, 3, 3, 3, 3, 3, 3, 3, 3, 3, 3, 3, 3, 3, 3, 3, 3, 3, 3, 3, 3, 3, 3, 3, 3, 3, 3, 3, 3, 3, 3, 3, 3, 3, 3, 3, 3, 3, 3, 3, 3, 3, 3, 3, 3, 3, 3, 3, 3, 3, 3, 3, 3, 3, 3, 3, 3, 3, 3, 3, 3, 3, 3, 3, 3, 3, 3, 3, 3, 3, 3, 3, 3, 3, 3, 3, 3, 3, 3, 3, 3, 3, 3, 3, 3, 3, 3, 3, 3, 3, 3, 3, 3, 3, 3, 3, 3, 3, 3, 3, 3, 3, 3, 3, 3, 3, 3, 3, 3, 3, 3, 3, 3, 3, 3, 3, 3, 3, 3, 3, 3, 3, 3, 3, 3, 3, 3, 3, 3, 3, 3, 3, 3, 3, 3, 3, 3, 3, 3, 3, 3, 3, 3, 3, 3, 3, 3, 3, 3, 3, 3, 3, 3, 3, 3, 3, 3, 3, 3, 3, 3, 3, 3, 3, 3, 3, 3, 3, 3, 3, 3, 3, 3, 3, 3, 3, 3, 3, 3, 3, 3, 3, 3, 3, 3, 3, 3, 3, 3, 3, 3, 3, 3, 3, 3, 3, 3, 3, 3, 3, 3, 3, 3, 3, 3, 3, 3, 3, 3, 3, 3, 3, 3, 3, 3, 3, 3, 3, 3, 3, 3, 3, 3, 3, 3, 3, 3, 3, 3, 3, 3, 3, 3, 3, 3, 3, 3, 3, 3, 3, 3, 3, 3, 3, 3, 3, 3, 3, 3, 3, 3, 3, 3, 3, 3, 3, 3, 3, 3, 3, 3, 3, 3, 3, 3, 3, 3, 3, 3, 3, 3, 3, 3, 3, 3, 3, 3, 3, 3, 3, 3, 3, 3, 3, 3, 3, 3, 3, 3, 3, 3, 3, 3, 3, 3, 3, 3, 3, 3, 3, 3, 3, 3, 3, 3, 3, 3, 3, 3, 3, 3, 3, 3, 3, 3, 3, 3, 3, 3, 3, 3, 3, 3, 3, 3, 3, 3, 3, 3, 3, 3, 3, 3, 3, 3, 3, 3, 3, 3, 3, 3, 3, 3, 3, 3, 3, 3, 3, 3, 3, 3, 3, 3, 3, 3, 3, 3, 3, 3, 3, 3, 3, 3, 3, 3, 3, 3, 3, 3, 3, 3, 3, 3, 3, 3, 3, 3, 3, 3, 3, 3, 3, 3, 3, 3, 3, 3, 3, 3, 3, 3, 3, 3, 3, 3, 3, 3, 3, 3, 3, 3, 3, 3, 3, 3, 3, 3, 3, 3, 3, 3, 3, 3, 3, 3, 3, 3, 3, 3, 3, 3, 3, 3, 3, 3, 3, 3, 3, 3, 3, 3, 3, 3, 3, 3, 3, 3, 3, 3, 3, 3, 3, 3, 3, 3, 3, 3, 3, 3, 3, 3, 3, 3, 3, 3, 3, 3, 3, 3, 3, 3, 3, 3, 3, 3, 3, 3, 3, 3, 3, 3, 3, 3, 3, 3, 3, 3, 3, 3, 3, 3, 3, 3, 3, 3, 3, 3, 3, 3, 3, 3, 3, 3, 3, 3, 3, 3, 3, 3, 3, 3, 3, 3, 3, 3, 3, 3, 3, 3, 3, 3, 3, 3, 3, 3, 3, 3, 3, 3, 3, 3, 3, 3, 3, 3, 3, 3, 3, 3, 3, 3, 3, 3, 3, 3, 3, 3, 3, 3, 3, 3, 3, 3, 3, 3, 3, 3, 3, 3, 3, 3, 3, 3, 3, 3, 3, 3, 3, 3, 3, 3, 3, 3, 3, 3, 3, 3, 3, 3, 3, 3, 3, 3, 3, 3, 3, 3, 3, 3, 3, 3, 3, 3, 3, 3, 3, 3, 3, 3, 3, 3, 3, 3, 3, 3, 3, 3, 3, 3, 3, 3, 3, 3, 3, 3, 3, 3, 3, 3, 3, 3, 3, 3, 3, 3, 3, 3, 3, 3, 3, 3, 3, 3, 3, 3, 3, 3, 3, 3, 3, 3, 3, 3, 3, 3, 3, 3, 3, 3, 3, 3, 3, 3, 3, 3, 3, 3, 3, 3, 3, 3, 3, 3, 3, 3, 3, 3, 3, 3, 3, 3, 3, 3, 3, 3, 3, 3, 3, 3, 3, 3, 3, 3, 3, 3, 3, 3, 3, 3, 3, 3, 3, 3, 3, 3, 3, 3, 3, 3, 3, 3, 3, 3, 3, 3, 3, 3, 3, 3, 3, 3, 3, 3, 3, 3, 3, 3, 3, 3, 3, 3, 3, 3, 3, 3, 3, 3, 3, 3, 3, 3, 3, 3, 3, 3, 3, 3, 3, 3, 3, 3, 3, 3, 3, 3, 3, 3, 3, 3, 3, 3, 3, 3, 3, 3, 3, 3, 3, 3, 3, 3, 3, 3, 3, 3, 3, 3, 3, 3, 3, 3, 3, 3, 3, 3, 3, 3, 3, 3, 3, 3, 3, 3, 3, 3, 3, 3, 3, 3, 3, 3, 3, 3, 3, 3, 3, 3, 3, 3, 3, 3, 3, 3, 3, 3, 3, 3, 3, 3, 3, 3, 3, 3, 3, 3, 3, 3, 3, 3, 3, 3, 3, 3, 3, 3, 3, 3, 3, 3, 3, 3, 3, 3, 3, 3, 3, 3, 3, 3, 3, 3, 3, 3, 3, 3, 3, 3, 3, 3, 3, 3, 3, 3, 3, 3, 3, 3, 3, 3, 3, 3, 3, 3, 3, 3, 3, 3, 3, 3, 3, 3, 3, 3, 3, 3, 3, 3, 3, 3, 3, 3, 3, 3, 3, 3, 3, 3, 3, 3, 3, 3, 3, 3, 3, 3, 3, 3, 3, 3, 3, 3, 3, 3, 3, 3, 3, 3, 3, 3, 3, 3, 3, 3, 3, 3, 3, 3, 3, 3, 3, 3, 3, 3, 3, 3, 3, 3, 3, 3, 3, 3, 3, 3, 3, 3, 3, 3, 3, 3, 3, 3, 3, 3, 3, 3, 3, 3, 3, 3, 3, 3, 3, 3, 3, 3, 3, 3, 3, 3, 3, 3, 3, 3, 3, 3, 3, 3, 3, 3, 3, 3, 3, 3, 3, 3, 3, 3, 3, 3, 3, 3, 3, 3, 3, 3, 3, 3, 3, 3, 3, 3, 3, 3, 3, 3, 3, 3, 3, 3, 3, 3, 3, 3, 3, 3, 3, 3, 3, 3, 3, 3, 3, 3, 3, 3, 3, 3, 3, 3, 3, 3, 3, 3, 3, 3, 3, 3, 3, 3, 3, 3, 3, 3, 3, 3, 3, 3, 3, 3, 3, 3, 3, 3, 3, 3, 3, 3, 3, 3, 3, 3, 3, 3, 3, 3, 3, 3, 3, 3, 3, 3, 3, 3, 3, 3, 3, 3, 3, 3, 3, 3, 3, 3, 3, 3, 3, 3, 3, 3, 3, 3, 3, 3, 3, 3, 3, 3, 3, 3, 3, 3, 3, 3, 3, 3, 3, 3, 3, 3, 3, 3, 3, 3, 3, 3, 3, 3, 3, 3, 3, 3, 3, 3, 3, 3, 3, 3, 3, 3, 3, 3, 3, 3, 3, 3, 3, 3, 3, 3, 3, 3, 3, 3, 3, 3, 3, 3, 3, 3, 3, 3, 3, 3, 3, 3, 3, 3, 3, 3, 3, 3, 3, 3, 3, 3, 3, 3, 3, 3, 3, 3, 3, 3, 3, 3, 3, 3, 3, 3, 3, 3, 3, 3, 3, 3, 3, 3, 3, 3, 3, 3, 3, 3, 3, 3, 3, 3, 3, 3, 3, 3, 3, 3, 3, 3, 3, 3, 3, 3, 3, 3, 3, 3, 3, 3, 3, 3, 3, 3, 3, 3, 3, 3, 3, 3, 3, 3, 3, 3, 3, 3, 3, 3, 3, 3, 3, 3, 3, 3, 3, 3, 3, 3, 3, 3, 3, 3, 3, 3, 3, 3, 3, 3, 3, 3, 3, 3, 3, 3, 3, 3, 3, 3, 3, 3, 3, 3, 3, 3, 3, 3, 3, 3, 3, 3, 3, 3, 3, 3, 3, 3, 3, 3, 3, 3, 3, 3, 3, 3, 3, 3, 3, 3, 3, 3, 3, 3, 3, 3, 3, 3, 3, 3, 3, 3, 3, 3, 3, 3, 3, 3, 3, 3, 3, 3, 3, 3, 3, 3, 3, 3, 3, 3, 3, 3, 3, 3, 3, 3, 3, 3, 3, 3, 3, 3, 3, 3, 3, 3, 3, 3, 3, 3, 3, 3, 3, 3, 3, 3, 3, 3, 3, 3, 3, 3, 3, 3, 3, 3, 3, 3, 3, 3, 3, 3, 3, 3, 3, 3, 3, 3, 3, 3, 3, 3, 3, 3, 3, 3, 3, 3, 3, 3, 3, 3, 3, 3, 3, 3, 3, 3, 3, 3, 3, 3, 3, 3, 3, 3, 3, 3, 3, 3, 3, 3, 3, 3, 3, 3, 3, 3, 3, 3, 3, 3, 3, 3, 3, 3, 3, 3, 3, 3, 3, 3, 3, 3, 3, 3, 3, 3, 3, 3, 3, 3, 3, 3, 3, 3, 3, 3, 3, 3, 3, 3, 3, 3, 3, 3, 3, 3, 3, 3, 3, 3, 3, 3, 3, 3, 3, 3, 3, 3, 3, 3, 3, 3, 3, 3, 3, 3, 3, 3, 3, 3, 3, 3, 3, 3, 3, 3, 3, 3, 3, 3, 3, 3, 3, 3, 3, 3, 3, 3, 3, 3, 3, 3, 3, 3, 3, 3, 3, 3, 3, 3, 3, 3, 3, 3, 3, 3, 3, 3, 3, 3, 3, 3, 3, 3, 3, 3, 3, 3, 3, 3, 3, 3, 3, 3, 3, 3, 3, 3, 3, 3, 3, 3, 3, 3, 3, 3, 3, 3, 3, 3, 3, 3, 3, 3, 3, 3, 3, 3, 3, 3, 3, 3, 3, 3, 3, 3, 3, 3, 3, 3, 3, 3, 3, 3, 3, 3, 3, 3, 3, 3, 3, 3, 3, 3, 3, 3, 3, 3, 3, 3, 3]
        int[] faceVertexIndices = [122, 945, 957, 946, 947, 948, 947, 674, 949, 667, 117, 668, 950, 130, 951, 953, 133, 952, 954, 953, 952, 138, 1093, 952, 720, 399, 373, 668, 374, 667, 539, 538, 955, 662, 665, 1536, 957, 959, 122, 944, 666, 90, 959, 957, 958, 666, 369, 718, 957, 374, 958, 678, 679, 681, 688, 687, 686, 686, 694, 688, 843, 1059, 1097, 685, 686, 687, 687, 682, 685, 689, 688, 694, 691, 289, 288, 692, 693, 289, 289, 691, 692, 287, 690, 288, 285, 690, 287, 690, 285, 689, 689, 285, 688, 681, 1377, 678, 680, 685, 682, 639, 752, 679, 681, 679, 680, 681, 276, 1377, 682, 276, 681, 680, 684, 685, 680, 679, 684, 686, 685, 684, 681, 680, 682, 662, 661, 665, 676, 636, 639, 636, 676, 961, 636, 961, 637, 632, 621, 624, 613, 962, 634, 640, 636, 963, 641, 638, 981, 634, 962, 638, 641, 963, 638, 619, 618, 620, 620, 615, 619, 615, 614, 619, 621, 620, 622, 620, 618, 622, 615, 620, 621, 617, 618, 619, 614, 615, 616, 262, 750, 610, 621, 622, 624, 635, 621, 632, 634, 966, 960, 632, 631, 629, 631, 632, 624, 628, 629, 630, 626, 627, 623, 623, 618, 626, 625, 621, 635, 625, 616, 621, 616, 615, 621, 658, 800, 659, 659, 800, 660, 664, 663, 661, 664, 661, 660, 657, 659, 662, 657, 658, 659, 654, 559, 655, 651, 652, 649, 649, 650, 648, 1536, 648, 650, 648, 1536, 647, 644, 648, 647, 647, 645, 644, 647, 665, 645, 650, 653, 1536, 655, 656, 1536, 655, 653, 654, 650, 649, 652, 655, 1536, 653, 654, 653, 652, 652, 651, 654, 654, 651, 559, 651, 913, 559, 652, 653, 650, 694, 686, 804, 733, 729, 533, 727, 729, 733, 733, 734, 728, 728, 727, 733, 732, 534, 729, 968, 556, 969, 325, 738, 970, 735, 560, 736, 553, 972, 971, 973, 725, 733, 734, 733, 725, 725, 735, 736, 1365, 975, 740, 729, 730, 732, 840, 836, 1601, 977, 976, 721, 724, 723, 721, 720, 723, 722, 478, 976, 378, 728, 731, 726, 730, 727, 726, 729, 727, 730, 726, 727, 728, 734, 969, 646, 373, 977, 720, 1366, 968, 972, 738, 978, 975, 979, 978, 980, 263, 196, 192, 196, 263, 195, 114, 748, 742, 195, 747, 748, 612, 261, 264, 750, 261, 612, 264, 746, 612, 114, 742, 113, 754, 283, 753, 753, 640, 754, 754, 640, 641, 641, 981, 754, 962, 751, 1439, 266, 981, 1439, 982, 751, 642, 642, 746, 1449, 752, 640, 753, 640, 752, 639, 197, 748, 115, 262, 744, 749, 744, 743, 749, 746, 985, 610, 742, 744, 741, 743, 744, 742, 742, 741, 113, 742, 748, 743, 108, 113, 741, 744, 262, 741, 610, 612, 746, 642, 965, 746, 750, 612, 610, 982, 642, 1449, 747, 195, 263, 745, 263, 259, 743, 748, 747, 747, 263, 743, 743, 263, 749, 749, 263, 745, 702, 700, 595, 701, 708, 707, 706, 707, 708, 707, 706, 699, 470, 699, 706, 699, 701, 707, 473, 470, 706, 595, 700, 547, 695, 697, 694, 696, 694, 697, 696, 288, 690, 694, 690, 689, 694, 696, 690, 700, 699, 1006, 710, 473, 706, 719, 718, 722, 715, 598, 397, 714, 713, 704, 704, 713, 1562, 716, 984, 717, 722, 718, 720, 719, 717, 718, 90, 717, 984, 716, 717, 719, 711, 712, 710, 713, 711, 710, 709, 710, 712, 710, 708, 713, 706, 708, 710, 709, 473, 710, 708, 701, 713, 712, 714, 704, 627, 712, 623, 623, 712, 1100, 1562, 713, 701, 627, 709, 712, 714, 712, 711, 711, 713, 714, 709, 627, 476, 752, 753, 755, 521, 519, 986, 1044, 986, 987, 513, 519, 518, 991, 505, 499, 499, 496, 991, 527, 529, 528, 499, 505, 508, 522, 507, 508, 510, 508, 507, 494, 496, 523, 496, 498, 523, 508, 505, 506, 508, 506, 522, 509, 507, 495, 513, 511, 512, 502, 511, 513, 503, 1521, 514, 502, 514, 1521, 514, 502, 515, 513, 518, 502, 502, 518, 517, 517, 516, 502, 515, 502, 516, 410, 516, 517, 515, 516, 410, 410, 514, 515, 518, 1319, 517, 793, 528, 993, 527, 528, 988, 529, 994, 993, 1618, 992, 995, 1004, 394, 396, 1445, 536, 540, 715, 548, 1006, 547, 548, 549, 525, 989, 526, 530, 1016, 139, 988, 495, 507, 142, 531, 1152, 535, 1067, 1369, 1013, 532, 1014, 1015, 1013, 1014, 1012, 533, 1015, 507, 509, 510, 1019, 1022, 455, 487, 1019, 485, 486, 488, 460, 460, 1022, 486, 490, 462, 489, 488, 486, 490, 486, 487, 490, 487, 486, 1019, 458, 483, 457, 483, 480, 457, 485, 1019, 482, 482, 455, 1021, 483, 484, 480, 1019, 455, 482, 483, 485, 482, 482, 484, 483, 485, 458, 1018, 483, 458, 485, 503, 438, 501, 991, 1455, 505, 502, 1023, 511, 510, 1023, 499, 510, 499, 508, 497, 499, 1023, 506, 505, 504, 1024, 489, 462, 492, 489, 1024, 462, 490, 459, 490, 489, 488, 500, 497, 1521, 500, 498, 497, 497, 498, 496, 598, 699, 1371, 599, 600, 598, 601, 596, 549, 601, 599, 596, 597, 549, 596, 600, 1029, 603, 601, 549, 602, 599, 598, 596, 397, 598, 600, 1028, 591, 1026, 587, 589, 590, 589, 587, 588, 588, 587, 586, 237, 588, 239, 586, 239, 588, 589, 237, 1583, 237, 589, 588, 587, 590, 591, 235, 171, 169, 238, 592, 292, 1153, 1535, 140, 140, 579, 578, 235, 172, 171, 579, 140, 1535, 608, 876, 63, 63, 876, 1203, 1033, 1074, 1034, 746, 967, 985, 633, 783, 1035, 136, 105, 1036, 1036, 1035, 1033, 610, 985, 1037, 609, 876, 878, 562, 563, 565, 294, 344, 562, 567, 563, 561, 561, 563, 562, 561, 344, 564, 570, 571, 569, 564, 578, 569, 568, 566, 567, 567, 566, 563, 562, 565, 566, 565, 563, 566, 561, 564, 571, 1041, 442, 443, 1460, 1042, 1043, 1043, 1042, 1044, 1045, 1017, 1046, 1047, 398, 1005, 390, 1456, 1003, 555, 554, 447, 1448, 520, 1042, 987, 1051, 1044, 439, 1051, 1462, 557, 558, 911, 911, 559, 557, 557, 556, 558, 556, 554, 555, 556, 1366, 554, 571, 572, 561, 561, 572, 573, 1052, 1374, 1053, 231, 584, 1375, 577, 584, 231, 576, 582, 234, 582, 231, 234, 585, 232, 235, 585, 233, 232, 235, 1054, 585, 298, 168, 1054, 234, 585, 576, 233, 585, 234, 585, 1054, 583, 576, 585, 583, 169, 1054, 235, 578, 577, 569, 574, 572, 570, 571, 564, 569, 570, 569, 577, 575, 582, 576, 577, 578, 579, 573, 582, 575, 573, 575, 567, 572, 574, 573, 572, 571, 570, 567, 561, 573, 582, 573, 574, 570, 577, 580, 575, 576, 583, 575, 583, 568, 567, 575, 568, 570, 580, 574, 582, 574, 581, 231, 582, 580, 580, 577, 231, 582, 581, 580, 581, 574, 580, 283, 755, 753, 464, 803, 465, 491, 464, 1055, 893, 894, 895, 905, 893, 895, 893, 905, 861, 892, 862, 894, 892, 894, 893, 880, 412, 1056, 1448, 1057, 882, 894, 862, 1058, 889, 859, 890, 860, 859, 889, 889, 861, 860, 470, 469, 1371, 811, 886, 808, 861, 889, 891, 891, 889, 890, 893, 861, 892, 891, 890, 862, 894, 1058, 895, 891, 892, 861, 771, 896, 897, 845, 1098, 1376, 1072, 1060, 477, 396, 1060, 1000, 905, 1061, 587, 1099, 586, 1061, 771, 898, 400, 771, 897, 898, 362, 898, 897, 897, 896, 1523, 1523, 362, 897, 608, 896, 877, 896, 771, 877, 358, 1237, 1062, 811, 888, 886, 863, 864, 796, 842, 739, 863, 761, 862, 1066, 760, 859, 860, 863, 796, 842, 865, 863, 739, 865, 864, 863, 870, 872, 873, 870, 871, 872, 868, 866, 870, 870, 869, 871, 871, 869, 849, 867, 849, 869, 869, 866, 867, 866, 869, 870, 864, 432, 796, 740, 867, 866, 740, 739, 1365, 864, 865, 866, 873, 874, 870, 855, 845, 857, 855, 856, 845, 664, 731, 857, 731, 664, 660, 731, 660, 726, 726, 660, 800, 853, 852, 1367, 664, 857, 663, 731, 728, 854, 1376, 1444, 1364, 731, 854, 857, 854, 855, 857, 646, 854, 734, 854, 646, 855, 728, 734, 854, 855, 646, 856, 874, 868, 870, 868, 874, 875, 702, 884, 703, 884, 702, 595, 597, 884, 595, 883, 597, 469, 883, 884, 597, 595, 549, 597, 737, 974, 1548, 883, 885, 884, 885, 883, 469, 885, 469, 468, 887, 886, 888, 887, 884, 886, 884, 887, 703, 1369, 1067, 1548, 886, 885, 808, 886, 884, 885, 468, 808, 885, 818, 887, 888, 737, 882, 1057, 882, 737, 881, 878, 1253, 609, 877, 876, 608, 1068, 875, 917, 1068, 434, 875, 434, 868, 875, 432, 864, 1331, 877, 878, 876, 878, 877, 765, 879, 882, 881, 881, 1067, 879, 1067, 535, 880, 521, 879, 880, 877, 771, 1086, 764, 407, 878, 765, 764, 878, 847, 929, 930, 303, 919, 300, 937, 311, 1357, 931, 847, 930, 927, 926, 932, 853, 927, 852, 930, 927, 932, 927, 930, 1158, 846, 299, 923, 923, 300, 919, 300, 923, 299, 341, 225, 342, 1155, 341, 918, 678, 1377, 922, 924, 846, 923, 924, 925, 846, 853, 926, 927, 926, 847, 846, 619, 614, 617, 617, 614, 671, 614, 900, 671, 671, 780, 617, 671, 900, 670, 925, 928, 846, 846, 928, 926, 853, 847, 926, 900, 614, 906, 928, 932, 926, 930, 932, 925, 928, 925, 932, 630, 784, 939, 933, 821, 826, 847, 938, 846, 938, 304, 299, 824, 825, 784, 824, 784, 785, 785, 786, 824, 939, 824, 630, 824, 939, 812, 819, 812, 934, 824, 786, 628, 824, 628, 630, 941, 822, 934, 934, 822, 933, 941, 940, 822, 939, 825, 941, 630, 941, 825, 630, 940, 941, 929, 847, 937, 825, 939, 784, 630, 629, 940, 940, 629, 784, 937, 304, 938, 937, 847, 304, 861, 591, 1069, 624, 933, 936, 624, 936, 631, 826, 936, 933, 780, 631, 826, 936, 826, 631, 874, 873, 935, 935, 875, 874, 935, 873, 850, 934, 933, 1100, 933, 624, 1100, 935, 851, 875, 922, 910, 678, 850, 849, 740, 923, 311, 924, 919, 311, 923, 1100, 983, 934, 924, 931, 925, 871, 849, 850, 924, 937, 931, 930, 925, 931, 938, 847, 931, 931, 937, 938, 873, 872, 850, 850, 872, 871, 937, 924, 311, 852, 851, 1585, 1377, 1063, 922, 920, 921, 910, 625, 635, 677, 908, 625, 677, 908, 1070, 907, 625, 908, 907, 901, 906, 907, 616, 625, 907, 907, 906, 616, 901, 900, 906, 906, 614, 616, 860, 1069, 802, 910, 909, 676, 909, 908, 677, 677, 676, 909, 948, 1070, 1065, 907, 1070, 901, 675, 670, 900, 607, 899, 1523, 1031, 20, 1523, 896, 1031, 1523, 896, 608, 1031, 594, 1026, 1524, 593, 594, 1071, 791, 762, 770, 591, 1028, 1069, 593, 1071, 903, 1071, 902, 903, 1071, 534, 902, 904, 593, 903, 912, 802, 904, 167, 919, 303, 1063, 920, 922, 910, 676, 678, 910, 921, 909, 920, 909, 921, 1063, 1070, 909, 909, 1070, 908, 223, 918, 917, 915, 903, 902, 732, 914, 902, 845, 913, 648, 913, 845, 856, 646, 913, 856, 915, 914, 732, 913, 649, 648, 912, 904, 903, 802, 911, 860, 1069, 904, 802, 649, 913, 651, 920, 910, 922, 902, 914, 915, 730, 801, 915, 917, 916, 223, 917, 875, 916, 875, 851, 916, 912, 903, 915, 912, 915, 801, 801, 802, 912, 732, 730, 915, 283, 754, 266, 435, 229, 1068, 224, 1068, 229, 789, 220, 788, 220, 787, 788, 763, 762, 493, 762, 791, 1619, 202, 787, 220, 790, 1073, 1378, 477, 1039, 1072, 494, 763, 493, 779, 785, 784, 784, 629, 779, 627, 626, 782, 627, 782, 476, 475, 476, 782, 671, 1093, 780, 785, 779, 783, 786, 785, 783, 786, 633, 628, 783, 633, 786, 789, 788, 433, 431, 433, 1075, 204, 115, 111, 633, 966, 628, 494, 523, 792, 800, 1077, 730, 797, 798, 799, 798, 655, 911, 730, 726, 800, 803, 491, 492, 656, 799, 1536, 802, 798, 911, 657, 662, 1077, 797, 799, 656, 797, 656, 655, 523, 794, 793, 498, 500, 1046, 794, 498, 1046, 528, 793, 495, 495, 793, 794, 993, 792, 793, 793, 792, 523, 763, 494, 792, 498, 794, 523, 794, 1046, 509, 655, 559, 911, 1064, 1078, 1079, 1080, 946, 1079, 797, 655, 798, 423, 339, 340, 429, 340, 795, 626, 618, 617, 768, 767, 1085, 767, 766, 765, 764, 765, 766, 994, 1083, 993, 763, 1083, 1084, 1084, 769, 1085, 767, 772, 1085, 544, 522, 537, 522, 506, 537, 506, 504, 537, 537, 504, 1452, 757, 1087, 756, 759, 558, 555, 758, 1087, 1088, 674, 757, 673, 445, 446, 1090, 446, 1286, 1089, 447, 1090, 555, 752, 755, 684, 760, 911, 558, 759, 760, 558, 1066, 1088, 1080, 760, 860, 911, 760, 759, 758, 772, 877, 1086, 546, 544, 537, 955, 858, 778, 955, 778, 777, 1606, 777, 778, 540, 545, 773, 138, 137, 1074, 626, 617, 781, 781, 782, 626, 617, 780, 471, 471, 781, 617, 781, 475, 782, 471, 475, 781, 780, 1093, 631, 709, 476, 473, 471, 472, 475, 467, 472, 471, 1093, 779, 629, 631, 1093, 629, 775, 778, 776, 1606, 775, 773, 594, 1524, 1071, 532, 1013, 1563, 1052, 1573, 1094, 1092, 1383, 1368, 1027, 1095, 1524, 777, 524, 539, 1606, 524, 777, 1606, 778, 775, 540, 773, 775, 1445, 775, 776, 540, 775, 1445, 1102, 803, 492, 841, 839, 477, 841, 838, 839, 394, 841, 396, 839, 840, 477, 840, 839, 836, 795, 1384, 842, 432, 430, 796, 836, 839, 837, 837, 838, 835, 830, 832, 370, 831, 828, 722, 831, 830, 828, 830, 831, 832, 829, 830, 370, 828, 830, 829, 829, 827, 828, 370, 827, 829, 0, 984, 716, 89, 984, 0, 833, 1622, 832, 833, 832, 831, 722, 723, 831, 724, 836, 837, 835, 838, 361, 837, 839, 838, 835, 833, 837, 724, 834, 723, 834, 837, 833, 834, 833, 831, 834, 831, 723, 837, 834, 724, 692, 844, 693, 846, 938, 299, 644, 845, 648, 304, 847, 317, 979, 847, 853, 853, 1367, 979, 935, 850, 851, 740, 849, 867, 848, 318, 316, 316, 317, 848, 317, 979, 848, 847, 979, 317, 643, 776, 1098, 934, 812, 939, 281, 693, 844, 281, 844, 279, 844, 843, 279, 844, 1061, 843, 704, 1100, 712, 618, 623, 1100, 622, 1100, 624, 1100, 622, 618, 692, 698, 592, 696, 291, 698, 691, 696, 698, 691, 288, 696, 698, 692, 691, 698, 292, 592, 827, 364, 719, 766, 767, 768, 805, 407, 764, 764, 766, 805, 293, 697, 286, 812, 811, 810, 811, 809, 810, 809, 807, 810, 807, 809, 815, 808, 807, 815, 807, 468, 806, 791, 770, 1101, 808, 468, 807, 814, 888, 811, 697, 695, 286, 821, 806, 1102, 803, 1102, 806, 467, 1102, 466, 821, 471, 780, 286, 290, 293, 695, 284, 286, 284, 695, 804, 755, 687, 804, 808, 815, 816, 808, 816, 811, 807, 806, 820, 780, 826, 821, 933, 822, 821, 823, 822, 825, 820, 823, 810, 812, 810, 823, 828, 827, 719, 825, 824, 823, 364, 716, 719, 812, 823, 824, 822, 823, 820, 806, 821, 822, 817, 814, 819, 819, 814, 813, 813, 814, 811, 811, 816, 809, 815, 809, 816, 813, 811, 812, 814, 818, 888, 814, 817, 818, 722, 828, 719, 812, 819, 813, 817, 887, 818, 820, 806, 822, 810, 807, 820, 468, 465, 806, 703, 887, 817, 983, 705, 819, 705, 817, 819, 703, 817, 705, 822, 940, 825, 1021, 484, 482, 158, 160, 162, 159, 1103, 156, 152, 154, 1105, 1105, 1525, 1501, 147, 164, 1107, 160, 1325, 1107, 151, 150, 1109, 149, 150, 151, 150, 149, 148, 151, 152, 149, 152, 151, 153, 155, 159, 1104, 1103, 159, 1106, 159, 155, 1111, 1109, 153, 151, 152, 153, 154, 173, 175, 187, 172, 173, 187, 171, 172, 187, 187, 170, 171, 175, 173, 174, 175, 174, 176, 187, 175, 177, 176, 178, 175, 177, 178, 179, 177, 175, 178, 163, 146, 147, 145, 1386, 146, 168, 562, 566, 168, 568, 1054, 1114, 1113, 307, 566, 568, 168, 302, 167, 303, 1574, 1117, 120, 1126, 120, 1120, 122, 944, 1119, 669, 119, 944, 119, 91, 121, 1120, 121, 1127, 1117, 123, 1121, 1125, 125, 1121, 1191, 1574, 1126, 1576, 1124, 1125, 91, 119, 669, 112, 113, 108, 111, 1129, 1130, 1129, 111, 108, 112, 111, 115, 117, 945, 116, 1127, 1132, 87, 1132, 1127, 91, 115, 114, 112, 114, 113, 112, 112, 108, 111, 1128, 1122, 1540, 1607, 1591, 1134, 148, 149, 69, 66, 64, 148, 144, 145, 146, 1386, 145, 1260, 143, 1260, 145, 150, 148, 1110, 148, 64, 1110, 1590, 132, 137, 132, 1590, 1145, 1470, 1392, 128, 1149, 1150, 131, 1136, 1586, 1135, 1149, 133, 953, 953, 951, 1151, 182, 1156, 185, 219, 207, 201, 219, 217, 207, 217, 1154, 211, 210, 211, 218, 201, 207, 200, 215, 216, 212, 216, 215, 210, 215, 209, 210, 214, 272, 213, 216, 1395, 212, 270, 1395, 213, 183, 213, 1395, 184, 213, 183, 184, 183, 186, 220, 219, 202, 918, 229, 1155, 296, 166, 226, 166, 342, 226, 226, 227, 296, 228, 227, 226, 226, 225, 228, 342, 166, 302, 225, 226, 342, 224, 229, 223, 220, 221, 219, 221, 220, 789, 221, 223, 916, 213, 184, 214, 851, 221, 916, 216, 210, 218, 1156, 1395, 1158, 222, 1157, 218, 927, 1158, 852, 219, 221, 1154, 221, 222, 1154, 198, 199, 257, 196, 193, 192, 193, 195, 197, 195, 193, 196, 191, 193, 194, 191, 192, 193, 199, 253, 190, 188, 177, 179, 184, 186, 185, 185, 214, 184, 183, 182, 186, 246, 177, 188, 180, 181, 245, 181, 187, 245, 198, 1564, 1160, 199, 198, 1160, 217, 208, 206, 206, 207, 217, 210, 209, 269, 203, 193, 197, 1159, 1160, 1564, 193, 203, 194, 114, 115, 748, 253, 207, 206, 217, 211, 208, 197, 195, 748, 47, 1161, 31, 1161, 47, 37, 46, 47, 45, 47, 31, 45, 42, 41, 34, 34, 1164, 1162, 42, 34, 38, 1194, 1163, 1418, 40, 42, 38, 40, 38, 39, 39, 35, 1565, 53, 1566, 54, 57, 40, 1566, 1566, 37, 54, 53, 54, 55, 37, 47, 48, 54, 48, 55, 48, 46, 49, 46, 48, 47, 1166, 45, 1177, 1166, 1167, 1173, 55, 48, 49, 1178, 1179, 29, 8, 1486, 1175, 33, 14, 1526, 14, 18, 15, 13, 9, 16, 9, 12, 16, 18, 11, 15, 8, 1174, 13, 1179, 16, 12, 8, 1175, 1192, 1176, 1, 5, 1, 1176, 2, 9, 1174, 1176, 6, 0, 3, 5, 0, 6, 5, 9, 1176, 1091, 22, 19, 23, 22, 1091, 23, 20, 24, 17, 1180, 1177, 1181, 1180, 1527, 1187, 1400, 1527, 31, 1177, 45, 1565, 18, 33, 30, 28, 1182, 35, 11, 1565, 29, 1189, 1187, 3, 1621, 1189, 21, 1400, 1465, 56, 57, 53, 25, 23, 1186, 23, 25, 22, 21, 1465, 1380, 56, 1408, 57, 984, 89, 83, 1126, 1120, 93, 1192, 87, 1190, 82, 2, 85, 82, 1, 2, 84, 85, 86, 1132, 83, 84, 1190, 87, 1132, 4, 86, 85, 2, 4, 85, 1195, 104, 1402, 1487, 104, 1195, 104, 102, 103, 108, 1037, 1129, 106, 1032, 1197, 1387, 1195, 1402, 1198, 1404, 1488, 96, 126, 1202, 95, 94, 1549, 97, 96, 95, 95, 96, 1202, 93, 92, 1541, 109, 1197, 103, 23, 24, 1186, 64, 66, 65, 1204, 1203, 65, 26, 25, 1186, 1204, 68, 1206, 44, 57, 1408, 58, 59, 56, 59, 1408, 56, 63, 1206, 1031, 62, 1493, 1410, 1411, 1412, 1413, 1495, 1416, 1415, 1217, 1496, 1216, 51, 1217, 1165, 58, 56, 1602, 53, 55, 1602, 67, 65, 66, 417, 1326, 1222, 83, 89, 82, 1235, 73, 1223, 82, 89, 1, 1230, 1229, 1168, 69, 67, 66, 66, 148, 69, 67, 1580, 1406, 1, 89, 0, 1502, 71, 1234, 1231, 1230, 75, 1419, 75, 32, 1228, 1220, 1219, 72, 1223, 1502, 73, 1233, 1504, 229, 435, 1155, 1155, 230, 225, 379, 378, 377, 379, 380, 378, 379, 377, 395, 378, 376, 377, 366, 1240, 381, 384, 899, 382, 1241, 383, 1239, 1241, 1239, 1242, 383, 1241, 942, 382, 899, 1237, 977, 371, 376, 359, 372, 370, 372, 371, 373, 977, 373, 371, 958, 1240, 1243, 1253, 878, 407, 1110, 609, 1253, 609, 1110, 64, 1247, 403, 1246, 1247, 404, 1248, 135, 403, 402, 135, 402, 389, 389, 402, 386, 1252, 1109, 1603, 1253, 1603, 150, 407, 1613, 1603, 400, 1613, 805, 401, 898, 1251, 393, 395, 377, 393, 361, 394, 393, 377, 361, 364, 370, 392, 372, 373, 392, 389, 386, 943, 387, 1244, 1421, 387, 385, 1244, 361, 838, 394, 838, 841, 394, 370, 372, 392, 367, 364, 392, 373, 399, 392, 367, 399, 369, 1255, 393, 1004, 367, 392, 399, 335, 1315, 1258, 1258, 351, 1257, 347, 348, 346, 350, 1152, 349, 1257, 351, 352, 1264, 1261, 354, 352, 1260, 1257, 1265, 294, 1266, 344, 140, 578, 344, 578, 564, 1267, 1269, 1268, 346, 1506, 1270, 345, 1422, 1507, 350, 349, 348, 1153, 1423, 139, 1423, 345, 1507, 1506, 328, 1270, 346, 1270, 347, 355, 1529, 146, 355, 146, 1386, 1243, 366, 357, 368, 367, 369, 368, 365, 367, 370, 364, 827, 367, 365, 356, 367, 356, 364, 1188, 1621, 356, 1188, 365, 357, 372, 359, 371, 356, 3, 363, 3, 0, 363, 360, 376, 371, 360, 371, 359, 363, 364, 356, 716, 363, 0, 364, 363, 716, 376, 360, 377, 1018, 458, 1277, 1275, 1596, 1276, 460, 1276, 1022, 1275, 1018, 1277, 457, 453, 458, 453, 1281, 1280, 1280, 1279, 453, 452, 1281, 1020, 451, 454, 1278, 455, 456, 1021, 1276, 460, 1274, 462, 459, 1273, 466, 1024, 463, 464, 1284, 1055, 463, 1024, 461, 461, 1024, 462, 467, 466, 463, 441, 437, 1285, 439, 438, 442, 1295, 442, 438, 1287, 441, 1292, 445, 1292, 446, 379, 450, 380, 448, 1530, 1293, 450, 449, 1293, 448, 1293, 449, 840, 448, 449, 410, 406, 514, 479, 380, 452, 481, 452, 1020, 454, 484, 1021, 454, 1294, 484, 480, 1294, 481, 484, 1294, 480, 1294, 448, 1620, 474, 473, 476, 475, 472, 474, 475, 474, 476, 472, 473, 474, 470, 472, 1282, 467, 471, 1102, 470, 473, 472, 1620, 479, 481, 379, 477, 450, 477, 840, 449, 477, 449, 450, 478, 479, 1601, 227, 342, 296, 1311, 1299, 1509, 415, 1510, 1298, 1302, 1433, 1303, 1508, 1612, 1304, 1300, 1304, 1617, 1307, 1308, 1309, 1212, 1342, 1310, 1311, 415, 1299, 1312, 1311, 1313, 414, 1312, 1313, 1262, 1595, 1263, 419, 1314, 1301, 1316, 1310, 420, 411, 1319, 1318, 1317, 1320, 1319, 1320, 406, 410, 1320, 409, 1323, 1321, 158, 1429, 1324, 1385, 1272, 409, 1324, 1323, 408, 404, 405, 1272, 1271, 1249, 1272, 157, 1271, 1321, 1322, 1317, 1056, 1325, 1318, 1108, 1325, 412, 1614, 1306, 1427, 1224, 76, 1326, 414, 1351, 1327, 1440, 1431, 1432, 1303, 1218, 1508, 1312, 1434, 1510, 1316, 420, 422, 434, 1068, 224, 434, 789, 1331, 431, 428, 1334, 1068, 917, 435, 1336, 438, 1435, 1335, 1143, 1475, 436, 1516, 1436, 406, 503, 514, 430, 428, 429, 1332, 1518, 427, 425, 1316, 422, 1296, 1295, 1546, 422, 426, 425, 426, 423, 340, 431, 1343, 428, 423, 426, 422, 426, 340, 429, 429, 428, 426, 1616, 267, 268, 1345, 258, 265, 1564, 258, 192, 211, 269, 208, 258, 1564, 198, 745, 750, 749, 262, 749, 750, 191, 1564, 192, 260, 192, 258, 261, 750, 745, 192, 259, 263, 198, 265, 258, 265, 198, 257, 265, 257, 247, 264, 261, 1449, 210, 269, 211, 1349, 1348, 209, 682, 273, 276, 274, 276, 273, 273, 267, 274, 1531, 1349, 1588, 209, 215, 1349, 1349, 212, 1588, 274, 267, 1346, 275, 277, 274, 1346, 1348, 1531, 214, 278, 271, 208, 269, 209, 272, 270, 213, 256, 1348, 1346, 206, 254, 253, 215, 212, 1349, 270, 272, 271, 243, 241, 214, 173, 172, 236, 236, 244, 173, 246, 245, 187, 182, 185, 186, 180, 243, 185, 185, 181, 180, 244, 176, 174, 174, 173, 244, 236, 1350, 1589, 1053, 1350, 232, 234, 1375, 233, 225, 230, 228, 235, 232, 172, 172, 232, 236, 232, 1350, 236, 1053, 1374, 1350, 1583, 237, 242, 214, 185, 243, 1589, 244, 236, 241, 243, 237, 240, 241, 239, 237, 239, 241, 239, 282, 240, 238, 282, 586, 177, 246, 187, 1589, 1605, 176, 190, 249, 251, 252, 247, 250, 190, 250, 189, 190, 251, 250, 253, 249, 190, 745, 259, 261, 189, 248, 199, 189, 199, 190, 247, 257, 248, 254, 256, 1616, 257, 199, 248, 250, 248, 189, 247, 248, 250, 249, 250, 251, 176, 1605, 178, 246, 188, 1605, 1589, 242, 245, 244, 1589, 176, 1589, 246, 1605, 249, 253, 250, 246, 1589, 245, 242, 243, 245, 180, 245, 243, 240, 280, 278, 214, 241, 240, 332, 334, 1315, 333, 334, 332, 328, 333, 332, 330, 324, 325, 1081, 1597, 1441, 1315, 335, 332, 1258, 1315, 416, 327, 315, 329, 321, 315, 1352, 321, 1352, 313, 315, 314, 1352, 320, 319, 318, 319, 313, 1352, 318, 319, 1352, 316, 318, 1352, 319, 323, 313, 324, 323, 320, 323, 319, 320, 327, 1358, 315, 313, 324, 326, 320, 980, 324, 323, 324, 313, 322, 326, 330, 228, 342, 227, 342, 228, 341, 341, 228, 230, 230, 918, 341, 326, 324, 330, 1547, 1532, 1356, 1532, 338, 1356, 334, 333, 336, 970, 1379, 1354, 317, 316, 304, 1352, 304, 316, 289, 290, 288, 286, 287, 290, 287, 286, 285, 284, 285, 286, 344, 561, 562, 290, 292, 291, 284, 688, 285, 291, 293, 290, 292, 290, 289, 288, 290, 287, 1359, 294, 562, 284, 687, 688, 281, 280, 282, 280, 240, 282, 281, 279, 280, 280, 279, 278, 214, 240, 278, 282, 693, 281, 755, 682, 687, 755, 273, 682, 273, 268, 267, 755, 268, 273, 283, 268, 755, 266, 268, 283, 562, 168, 1359, 305, 1357, 311, 1357, 305, 1113, 297, 310, 1358, 309, 308, 310, 308, 309, 306, 1623, 1359, 298, 1266, 1359, 295, 304, 1352, 312, 1358, 314, 315, 310, 308, 314, 301, 312, 308, 312, 299, 304, 305, 306, 307, 297, 306, 309, 306, 301, 308, 1360, 167, 166, 342, 302, 296, 1361, 297, 1569, 1360, 302, 300, 299, 1360, 300, 305, 301, 306, 305, 167, 301, 297, 307, 306, 299, 312, 301, 302, 303, 300, 299, 301, 167, 1360, 299, 167, 939, 941, 934, 90, 669, 944, 669, 90, 984, 667, 945, 117, 957, 945, 667, 668, 1362, 942, 117, 1443, 668, 1362, 389, 943, 389, 1362, 1391, 1065, 946, 948, 946, 674, 947, 948, 947, 675, 672, 675, 947, 670, 675, 672, 1089, 1363, 673, 672, 950, 670, 671, 954, 1093, 951, 954, 670, 954, 951, 953, 670, 954, 671, 952, 1093, 954, 673, 1363, 949, 949, 950, 672, 956, 1533, 1444, 663, 1364, 1533, 667, 374, 957, 122, 666, 944, 959, 368, 369, 958, 368, 959, 666, 718, 90, 666, 959, 369, 959, 666, 122, 1078, 683, 1059, 679, 678, 639, 1097, 683, 277, 634, 960, 613, 633, 1584, 960, 961, 676, 635, 961, 632, 637, 961, 635, 632, 963, 636, 637, 641, 640, 963, 639, 636, 640, 613, 751, 962, 751, 613, 642, 965, 642, 613, 634, 638, 637, 638, 963, 637, 637, 632, 634, 629, 966, 632, 967, 746, 965, 960, 965, 613, 611, 967, 1459, 629, 628, 966, 960, 966, 633, 559, 913, 557, 661, 659, 660, 661, 662, 659, 694, 804, 695, 969, 734, 968, 1447, 1365, 1384, 970, 738, 1446, 560, 1040, 971, 972, 736, 971, 736, 972, 725, 973, 735, 725, 725, 968, 734, 866, 865, 740, 1365, 1447, 975, 376, 976, 977, 721, 1520, 724, 723, 720, 721, 969, 557, 913, 557, 969, 556, 553, 1366, 972, 972, 968, 725, 978, 1534, 975, 740, 975, 1534, 320, 979, 980, 979, 1367, 978, 980, 978, 738, 325, 980, 738, 266, 754, 981, 981, 962, 1439, 982, 1439, 751, 752, 684, 679, 320, 318, 979, 848, 979, 318, 1449, 746, 264, 547, 549, 595, 699, 598, 1006, 700, 1006, 547, 293, 696, 697, 293, 291, 696, 1003, 715, 397, 720, 977, 721, 704, 1562, 983, 521, 986, 520, 986, 519, 513, 986, 513, 987, 512, 987, 513, 997, 988, 544, 990, 1466, 989, 511, 510, 1017, 988, 507, 522, 543, 1453, 992, 994, 529, 542, 994, 542, 546, 541, 546, 542, 536, 539, 1451, 1381, 996, 1453, 1618, 1450, 990, 999, 543, 998, 546, 999, 544, 398, 1000, 550, 1004, 396, 1000, 1007, 1002, 1038, 715, 1003, 548, 1000, 398, 1004, 1005, 398, 550, 715, 1006, 598, 1006, 548, 547, 999, 541, 543, 541, 999, 546, 1025, 1372, 1001, 1007, 1025, 1002, 525, 990, 989, 546, 1452, 994, 1535, 1153, 1016, 998, 1008, 997, 1008, 998, 1552, 529, 993, 528, 1152, 531, 141, 579, 1535, 1009, 964, 536, 1445, 1116, 144, 1010, 163, 535, 1369, 1609, 531, 142, 974, 973, 1454, 530, 531, 1012, 1609, 1010, 1011, 1370, 1011, 1454, 729, 534, 1015, 1015, 534, 1013, 532, 1016, 1014, 530, 1014, 1016, 530, 1012, 1014, 1015, 1014, 1012, 532, 1009, 1535, 1017, 512, 511, 487, 1018, 459, 1022, 1019, 486, 480, 1020, 457, 485, 1018, 487, 504, 1455, 769, 501, 1521, 503, 511, 1023, 510, 504, 505, 1455, 493, 1455, 494, 1024, 466, 492, 490, 487, 459, 488, 489, 491, 551, 1005, 604, 496, 499, 497, 600, 603, 397, 549, 548, 602, 551, 604, 605, 593, 1028, 594, 1026, 594, 1028, 589, 1027, 590, 1583, 1374, 1522, 1027, 1026, 590, 590, 1026, 591, 530, 139, 141, 139, 1016, 1153, 63, 1031, 608, 876, 609, 1203, 105, 1032, 1458, 136, 1033, 1034, 1033, 783, 1074, 1034, 1074, 137, 967, 611, 985, 1032, 611, 1458, 1032, 107, 611, 1035, 1584, 633, 105, 1458, 1036, 136, 1036, 1033, 1458, 611, 1459, 1033, 1035, 783, 262, 1037, 741, 610, 1037, 262, 741, 1037, 108, 985, 107, 1037, 391, 1039, 1255, 600, 599, 1029, 1598, 1456, 1372, 985, 611, 107, 1040, 1049, 971, 1448, 1040, 560, 1460, 552, 1049, 1041, 1461, 442, 444, 1041, 443, 1041, 552, 1460, 1460, 1040, 1042, 1044, 1042, 520, 1044, 1051, 1043, 501, 438, 439, 512, 1045, 1462, 1045, 501, 1462, 500, 1045, 1046, 1045, 512, 1017, 1046, 1017, 509, 390, 1372, 1456, 1048, 552, 444, 1050, 553, 1049, 553, 1050, 554, 1448, 1042, 1040, 520, 986, 1044, 1051, 987, 1462, 556, 555, 558, 1366, 553, 554, 1048, 447, 1050, 554, 1050, 447, 1053, 233, 1052, 583, 1054, 568, 1115, 170, 1361, 803, 464, 491, 803, 806, 465, 488, 491, 1055, 1055, 460, 488, 521, 1056, 519, 1056, 521, 880, 521, 520, 879, 535, 163, 412, 880, 535, 412, 520, 1448, 879, 1448, 735, 1057, 879, 1448, 882, 862, 892, 891, 858, 1098, 776, 550, 790, 1378, 604, 1005, 1378, 1072, 1073, 790, 477, 1060, 841, 843, 1061, 1059, 1060, 550, 1000, 550, 1060, 790, 895, 1059, 1061, 895, 1061, 905, 1060, 396, 841, 899, 1062, 1237, 1062, 899, 607, 1254, 477, 379, 366, 1237, 358, 1065, 1063, 1064, 1064, 1063, 1377, 1064, 1377, 1570, 1065, 1070, 1063, 1063, 909, 920, 761, 1058, 862, 1066, 862, 890, 760, 758, 859, 758, 1066, 859, 890, 859, 1066, 1331, 864, 866, 913, 646, 969, 739, 740, 865, 735, 973, 974, 1548, 974, 1011, 737, 1548, 1067, 974, 737, 735, 737, 1057, 735, 737, 1067, 881, 435, 917, 918, 866, 868, 1331, 434, 1331, 868, 1067, 880, 879, 591, 861, 905, 905, 587, 591, 635, 676, 677, 861, 1069, 860, 948, 675, 901, 1070, 948, 901, 900, 901, 675, 586, 587, 1061, 593, 904, 1028, 1069, 1028, 904, 732, 902, 534, 1455, 1619, 769, 1072, 606, 1073, 1060, 1072, 790, 606, 1072, 1039, 779, 1074, 783, 1075, 433, 788, 787, 1075, 788, 202, 1076, 787, 1515, 1333, 205, 205, 1463, 1515, 800, 658, 1077, 1077, 801, 730, 798, 1077, 799, 657, 1077, 658, 1077, 798, 801, 802, 801, 798, 501, 1045, 500, 794, 509, 495, 1078, 1059, 1058, 1065, 1064, 1079, 1064, 683, 1078, 1079, 1078, 761, 761, 1080, 1079, 1080, 674, 946, 1079, 946, 1065, 339, 1082, 1553, 1082, 339, 423, 1083, 792, 993, 792, 1083, 763, 504, 1083, 1452, 1452, 1083, 994, 504, 1084, 1083, 1084, 504, 769, 1085, 769, 768, 770, 1086, 771, 1086, 770, 762, 759, 1087, 758, 1087, 759, 756, 1087, 757, 1088, 674, 1088, 757, 757, 756, 1089, 756, 1090, 446, 1089, 756, 446, 1089, 673, 757, 1090, 756, 759, 1090, 447, 445, 804, 686, 755, 684, 755, 686, 20, 1091, 607, 607, 1091, 1062, 358, 19, 1380, 19, 358, 1062, 761, 1066, 1080, 1066, 758, 1088, 1080, 1088, 674, 1466, 1383, 989, 955, 1444, 858, 955, 777, 539, 138, 1074, 779, 1093, 138, 779, 1524, 774, 1071, 534, 1071, 774, 534, 774, 1013, 1563, 1013, 774, 1374, 1052, 1094, 1052, 1375, 1573, 1095, 1563, 774, 584, 1009, 1375, 1094, 1095, 1522, 1382, 997, 1008, 1382, 1599, 1381, 1026, 1027, 1524, 1524, 1095, 774, 1384, 795, 1464, 1097, 279, 843, 778, 858, 776, 1367, 852, 1585, 845, 644, 1098, 643, 1098, 644, 776, 643, 1445, 592, 1099, 692, 844, 1099, 1061, 692, 1099, 844, 704, 983, 1100, 819, 934, 983, 291, 292, 698, 805, 1101, 400, 1101, 805, 766, 771, 400, 1101, 1102, 471, 821, 492, 466, 1102, 284, 804, 687, 162, 160, 1107, 158, 161, 1103, 158, 162, 161, 164, 162, 1107, 152, 1105, 80, 163, 147, 1108, 1107, 1108, 147, 1429, 1103, 1106, 1106, 159, 1111, 1106, 1111, 1385, 155, 1112, 1111, 1112, 157, 1111, 1104, 1525, 155, 153, 1112, 155, 1109, 1112, 153, 154, 153, 155, 1115, 171, 170, 1114, 181, 1113, 1113, 185, 1156, 1113, 1156, 1357, 1054, 169, 1115, 929, 937, 1357, 167, 302, 166, 1117, 124, 120, 1118, 1119, 1467, 119, 1467, 1119, 122, 1119, 945, 944, 119, 1119, 1127, 121, 91, 124, 1467, 120, 1467, 124, 1118, 1118, 118, 116, 118, 1118, 124, 125, 1575, 118, 116, 118, 1575, 124, 1121, 118, 1121, 124, 1117, 1470, 129, 1122, 126, 1468, 1123, 1122, 1123, 1468, 121, 1120, 120, 117, 116, 1476, 1576, 1125, 123, 1121, 123, 1125, 1117, 1574, 123, 1123, 1578, 126, 1191, 1578, 1537, 1126, 1574, 120, 118, 1121, 125, 1128, 1540, 1591, 1125, 1124, 1389, 1129, 106, 1130, 106, 1197, 110, 1604, 1340, 109, 1131, 1130, 110, 116, 945, 1118, 1540, 1122, 129, 127, 1389, 1607, 609, 64, 1203, 150, 1110, 1253, 144, 1116, 145, 142, 143, 1116, 143, 142, 1152, 1590, 137, 138, 132, 1586, 1136, 1135, 128, 1388, 137, 1136, 1473, 1387, 1478, 1473, 1141, 134, 1437, 1143, 1142, 1475, 1443, 117, 1476, 1136, 1135, 1137, 1590, 133, 1145, 131, 1145, 133, 1146, 1477, 1147, 1145, 1146, 1586, 1474, 1138, 1394, 1150, 1394, 1393, 1133, 1591, 1540, 1393, 1133, 1477, 1149, 1479, 1480, 1147, 128, 1135, 128, 1147, 129, 1151, 951, 130, 952, 1590, 138, 1113, 181, 185, 1154, 217, 219, 1154, 218, 211, 341, 1155, 225, 221, 224, 223, 918, 223, 229, 789, 224, 221, 852, 222, 851, 221, 851, 222, 929, 1156, 1158, 852, 1157, 222, 1156, 182, 183, 218, 1157, 216, 930, 929, 1158, 929, 1357, 1156, 852, 1158, 1157, 218, 1154, 222, 1156, 183, 1395, 207, 253, 200, 197, 191, 203, 1076, 201, 1159, 200, 1160, 1159, 205, 1564, 1463, 197, 204, 191, 115, 204, 197, 191, 194, 203, 109, 110, 1197, 110, 109, 1131, 40, 44, 42, 36, 33, 1161, 33, 36, 1565, 37, 36, 1161, 34, 1162, 38, 35, 38, 1162, 34, 1163, 1164, 1163, 1194, 1405, 1162, 1164, 1481, 34, 41, 1163, 55, 1165, 1602, 1166, 1177, 1182, 45, 1166, 46, 1169, 1482, 1397, 1168, 50, 1397, 28, 1483, 1182, 50, 1172, 1173, 1172, 51, 1165, 46, 1166, 1173, 1166, 1182, 1167, 5, 6, 12, 1396, 1486, 11, 1174, 1192, 7, 1174, 8, 1192, 15, 8, 13, 15, 16, 14, 11, 1486, 15, 8, 15, 1486, 9, 13, 1174, 15, 13, 16, 22, 1380, 19, 1, 0, 5, 1176, 4, 2, 1174, 7, 1176, 7, 4, 1176, 23, 1091, 20, 17, 1177, 31, 17, 1178, 1180, 1526, 1179, 17, 1180, 30, 1177, 1179, 1178, 17, 1187, 1178, 29, 1527, 21, 1181, 1180, 1181, 30, 6, 29, 12, 18, 14, 33, 1169, 1399, 1482, 1182, 1177, 30, 1181, 1185, 28, 21, 1185, 1181, 26, 1186, 1184, 1189, 29, 6, 1189, 1400, 1187, 6, 3, 1189, 1621, 1400, 1189, 1400, 1188, 1465, 26, 28, 1185, 25, 1185, 22, 21, 1380, 1185, 718, 717, 90, 1191, 94, 1202, 1191, 1126, 94, 83, 91, 669, 91, 83, 1132, 669, 984, 83, 1190, 86, 1192, 84, 82, 85, 82, 84, 83, 86, 1190, 84, 1132, 84, 1190, 101, 1487, 1195, 104, 1487, 102, 102, 1604, 103, 1037, 107, 1129, 106, 1129, 107, 107, 1032, 106, 1032, 105, 1197, 103, 1197, 105, 103, 1148, 104, 1148, 103, 105, 1341, 1604, 100, 1309, 1487, 1608, 1196, 1200, 99, 1403, 98, 1470, 1194, 97, 1405, 1200, 1196, 1488, 1549, 94, 93, 1403, 96, 97, 1203, 64, 65, 65, 67, 1406, 1204, 65, 1406, 1206, 63, 1204, 1205, 27, 68, 27, 1205, 1407, 1184, 1407, 1399, 26, 1184, 1483, 27, 1186, 24, 27, 24, 1206, 1233, 1183, 1205, 1592, 68, 1406, 1204, 63, 1203, 1207, 44, 1408, 44, 1207, 43, 1208, 59, 1216, 60, 1303, 1409, 1209, 1409, 1489, 1408, 59, 1490, 1206, 24, 1031, 20, 1031, 24, 1416, 1207, 1492, 1494, 1410, 1411, 1412, 1492, 1490, 1493, 1212, 1491, 1207, 1416, 1495, 1208, 1216, 60, 1216, 59, 58, 1484, 1485, 1417, 51, 1484, 1217, 1217, 1602, 1165, 1215, 1404, 1414, 1497, 77, 1593, 1499, 77, 1220, 1222, 1497, 417, 1222, 1326, 74, 1235, 1223, 74, 1600, 76, 1224, 1304, 1498, 1427, 1171, 1498, 1485, 1225, 77, 1226, 1226, 78, 1225, 78, 1226, 79, 1223, 73, 71, 1499, 1220, 161, 1529, 79, 81, 1220, 1228, 156, 79, 1226, 1500, 50, 1229, 1528, 1229, 52, 1170, 1172, 1528, 51, 32, 1230, 1168, 1230, 52, 1229, 1168, 1229, 50, 52, 1231, 76, 1231, 52, 1230, 70, 1232, 1503, 69, 1232, 67, 80, 1232, 69, 1233, 1419, 1183, 1232, 80, 1503, 1233, 1205, 1592, 1234, 70, 1503, 1236, 1234, 1501, 1231, 1235, 1587, 1235, 1231, 75, 1230, 32, 75, 1235, 75, 1419, 1227, 1228, 1221, 71, 1502, 1223, 1234, 71, 70, 74, 1223, 72, 73, 1504, 71, 1233, 73, 1419, 72, 1502, 1236, 1222, 72, 1221, 435, 230, 1155, 357, 366, 1610, 366, 381, 1237, 943, 386, 383, 383, 942, 943, 383, 385, 1239, 1238, 1239, 385, 374, 668, 942, 1240, 375, 381, 381, 1242, 382, 1242, 381, 1241, 384, 1242, 1239, 1242, 384, 382, 381, 375, 1241, 942, 1241, 375, 382, 1237, 381, 835, 360, 1622, 835, 1622, 833, 375, 1240, 374, 368, 958, 1243, 958, 374, 1240, 1243, 1240, 366, 1238, 898, 362, 386, 1244, 383, 406, 405, 1245, 1246, 1245, 405, 404, 1246, 405, 1246, 404, 1247, 1247, 402, 403, 1248, 1249, 1505, 402, 1247, 388, 1248, 1421, 388, 386, 402, 388, 1271, 1250, 1615, 1505, 1615, 1420, 1109, 150, 1603, 1253, 407, 1603, 387, 1238, 385, 398, 1047, 391, 1244, 388, 1421, 388, 1244, 386, 1244, 385, 383, 1039, 477, 1254, 395, 1254, 379, 400, 898, 401, 394, 1004, 393, 391, 1255, 398, 1004, 398, 1255, 393, 1255, 395, 606, 1039, 391, 1254, 395, 1255, 348, 347, 1257, 416, 351, 1258, 335, 1258, 347, 1257, 347, 1258, 350, 1260, 143, 143, 1152, 350, 1225, 78, 1259, 353, 1259, 78, 354, 1529, 355, 147, 146, 1529, 164, 81, 1500, 156, 161, 1220, 343, 351, 416, 1262, 354, 1261, 343, 1261, 351, 1262, 1261, 1595, 355, 352, 1264, 351, 1264, 352, 1386, 352, 355, 1264, 351, 1261, 355, 1264, 354, 78, 79, 1594, 1257, 1260, 350, 1267, 1266, 295, 1266, 1267, 1265, 140, 344, 1424, 345, 1423, 1265, 294, 1265, 1424, 344, 294, 1424, 328, 1268, 1269, 1268, 328, 1506, 295, 1269, 1267, 1268, 345, 1267, 345, 1506, 1422, 349, 141, 1507, 1270, 328, 332, 1270, 335, 347, 1270, 332, 335, 368, 1243, 365, 357, 365, 1243, 365, 1188, 356, 1250, 1613, 401, 359, 1622, 360, 899, 384, 362, 377, 360, 361, 1271, 1252, 1250, 459, 1018, 1275, 1273, 1275, 1276, 1275, 1277, 1596, 1276, 1596, 1022, 456, 455, 1596, 1022, 1596, 455, 1275, 1273, 459, 1278, 1021, 456, 453, 1279, 458, 1281, 453, 1020, 457, 1020, 453, 456, 1542, 1278, 454, 1021, 1278, 1273, 1274, 462, 1274, 1273, 1276, 461, 462, 1274, 467, 1282, 472, 468, 469, 1282, 470, 1282, 469, 1283, 465, 1282, 468, 1282, 465, 1543, 1283, 1282, 461, 1284, 1543, 1283, 1543, 1284, 465, 1283, 464, 1055, 1284, 1274, 1284, 461, 1274, 1055, 1274, 460, 446, 1285, 1286, 1286, 1285, 1291, 1285, 437, 1291, 1287, 444, 1288, 1426, 436, 1436, 443, 440, 1288, 440, 443, 442, 1048, 1287, 1292, 1292, 441, 1285, 445, 1048, 1292, 1048, 444, 1287, 446, 1292, 1285, 1363, 1089, 1286, 1291, 1363, 1286, 1048, 445, 447, 452, 1293, 1281, 1293, 452, 450, 452, 380, 450, 1281, 1293, 1280, 1280, 1293, 1530, 481, 1020, 480, 1294, 1620, 481, 1295, 440, 442, 448, 840, 1620, 415, 1298, 1428, 413, 1300, 1301, 1303, 413, 1302, 1617, 1304, 1427, 1259, 1305, 1306, 418, 1301, 1300, 1300, 413, 1508, 1595, 1298, 1263, 61, 1307, 1309, 1307, 421, 1308, 61, 1212, 1310, 1212, 62, 1342, 1310, 1342, 420, 338, 1311, 1509, 1312, 415, 1311, 1313, 1311, 338, 416, 1299, 343, 1428, 1298, 1595, 343, 1428, 1595, 1301, 1314, 1511, 415, 1428, 1299, 1299, 416, 1509, 421, 1307, 1316, 1307, 61, 1310, 1316, 1307, 1310, 409, 1317, 1322, 519, 1318, 518, 1319, 518, 1318, 517, 1319, 410, 411, 1317, 1319, 1317, 409, 1320, 1319, 1320, 410, 158, 1321, 160, 406, 1320, 1323, 1323, 405, 406, 1322, 1429, 1106, 1324, 409, 1322, 408, 1324, 1272, 1324, 1322, 1385, 1272, 1385, 157, 1324, 408, 1323, 405, 1323, 408, 408, 1249, 404, 1249, 408, 1272, 1271, 157, 1252, 160, 1321, 411, 1317, 411, 1321, 411, 1325, 160, 519, 1056, 1318, 1056, 412, 1325, 1318, 1325, 411, 163, 1108, 412, 1108, 1107, 1325, 1614, 1224, 417, 1326, 76, 1587, 1224, 1326, 417, 1513, 1431, 1440, 1551, 1328, 1511, 1327, 1432, 1560, 413, 1303, 1508, 1508, 1218, 1612, 1303, 1433, 1409, 1551, 1434, 1560, 62, 1494, 1568, 1413, 1514, 1430, 1568, 1513, 1512, 224, 789, 434, 433, 1331, 789, 1331, 433, 432, 1333, 1515, 1332, 1075, 427, 431, 1334, 432, 433, 431, 1334, 433, 1334, 430, 432, 230, 435, 918, 1435, 438, 503, 1335, 1336, 1435, 1295, 438, 1336, 1336, 1335, 1475, 437, 1289, 1425, 1555, 1539, 1516, 135, 1143, 403, 430, 1334, 428, 1438, 1338, 1339, 1337, 1471, 1438, 1515, 1438, 1332, 424, 425, 1561, 426, 1561, 425, 425, 424, 421, 1316, 425, 421, 424, 1340, 1341, 424, 1341, 421, 1338, 1131, 1517, 1130, 1338, 1471, 100, 1308, 1341, 1308, 421, 1341, 1296, 440, 1295, 431, 427, 1343, 1343, 1561, 426, 1343, 426, 428, 268, 266, 1616, 1439, 982, 1344, 1439, 1344, 255, 1345, 252, 1344, 256, 1346, 267, 267, 1616, 256, 1346, 275, 274, 279, 1347, 278, 278, 1347, 271, 1346, 1531, 275, 1347, 275, 1531, 1348, 206, 208, 1348, 208, 209, 254, 206, 256, 1348, 256, 206, 270, 1588, 212, 231, 1375, 234, 1053, 232, 233, 1375, 1052, 233, 242, 237, 243, 242, 1350, 1583, 586, 282, 239, 254, 1616, 255, 275, 1347, 277, 1313, 331, 414, 1355, 1351, 331, 1082, 1519, 1512, 321, 313, 326, 1352, 314, 312, 321, 326, 322, 315, 321, 329, 336, 329, 322, 321, 322, 329, 328, 1353, 333, 329, 1353, 327, 327, 1353, 1442, 1353, 328, 1269, 1442, 1269, 295, 980, 325, 324, 322, 330, 1547, 970, 1354, 325, 325, 1354, 330, 1547, 330, 1354, 1096, 1081, 1446, 1355, 337, 1379, 1532, 1313, 338, 1509, 334, 1356, 337, 1355, 331, 1379, 337, 1354, 1532, 1547, 337, 1509, 1356, 338, 693, 282, 289, 1359, 1266, 294, 307, 165, 1114, 1114, 165, 170, 1113, 305, 307, 297, 165, 307, 309, 310, 297, 1569, 1442, 1623, 1359, 168, 298, 1358, 310, 314, 312, 314, 308, 1361, 165, 297, 166, 296, 1360, 302, 1360, 296, 298, 1361, 1623, 1569, 1623, 1361, 949, 674, 673, 1363, 950, 949, 981, 638, 962, 991, 496, 494, 528, 495, 988, 996, 1368, 995, 992, 525, 1552, 1550, 1001, 1372, 530, 141, 531, 584, 577, 579, 1010, 1369, 1548, 1010, 1548, 1011, 1370, 1609, 1011, 509, 1017, 510, 1371, 597, 596, 596, 598, 1371, 1371, 699, 470, 603, 1598, 1550, 1374, 1583, 1350, 1371, 469, 597, 1376, 1098, 858, 1444, 1376, 858, 845, 1376, 857, 857, 1376, 1364, 1364, 663, 857, 20, 607, 1523, 1073, 1457, 1378, 1337, 1515, 1463, 492, 491, 489, 526, 1092, 1599, 1383, 545, 1368, 773, 1383, 1466, 1096, 1446, 1447, 1534, 1367, 1585, 154, 1525, 1105, 1388, 1387, 1137, 1470, 128, 129, 1388, 1392, 1196, 98, 1196, 1392, 1607, 1389, 1124, 1591, 1133, 1134, 1554, 1538, 1539, 1141, 1142, 1143, 1390, 1391, 1144, 1136, 1137, 1473, 1392, 1470, 98, 1387, 1388, 99, 1392, 1388, 128, 1395, 1157, 1158, 1159, 205, 1076, 1463, 191, 204, 1162, 1396, 35, 1396, 11, 35, 1164, 1405, 1401, 48, 54, 37, 44, 40, 57, 1169, 1397, 1167, 1485, 1398, 1171, 1180, 1178, 1527, 1184, 1399, 1169, 1120, 88, 92, 1481, 1193, 1396, 110, 1130, 106, 1402, 104, 1148, 1404, 1200, 1488, 1200, 1404, 1199, 93, 1541, 1549, 1541, 92, 1193, 1186, 1407, 1184, 68, 27, 1206, 1208, 1409, 1209, 1210, 1410, 1493, 1410, 1210, 1211, 1213, 1411, 1413, 1411, 1211, 1412, 1413, 1412, 1209, 1484, 1417, 1496, 1600, 1498, 1171, 384, 1239, 1238, 403, 1335, 1246, 1248, 1420, 1421, 1420, 1248, 1505, 1255, 1039, 1254, 1422, 349, 1507, 349, 1422, 348, 141, 349, 1152, 1278, 1542, 1279, 1475, 1297, 1546, 481, 479, 452, 436, 1426, 1297, 1427, 1306, 1617, 1215, 1545, 1199, 1428, 343, 1299, 1321, 1429, 1322, 1551, 1560, 1328, 1329, 1430, 1431, 1431, 1430, 1330, 1330, 1432, 1431, 1433, 1328, 1514, 1330, 1514, 1328, 1314, 1510, 1551, 1335, 1435, 1245, 1544, 1426, 1289, 1139, 1436, 1516, 1436, 1139, 1290, 1142, 1437, 436, 427, 1518, 1343, 1130, 1131, 1338, 420, 1342, 1519, 1081, 1441, 1355, 1442, 1569, 327, 1362, 943, 942, 1443, 1362, 668, 1362, 1443, 1391, 947, 949, 672, 1363, 1291, 130, 1444, 955, 538, 964, 643, 956, 1445, 643, 964, 1459, 967, 1584, 1446, 1379, 970, 739, 1384, 1365, 1446, 738, 1447, 560, 971, 736, 1447, 738, 975, 976, 376, 378, 1366, 556, 968, 997, 527, 988, 544, 988, 522, 1453, 995, 992, 1450, 545, 1451, 537, 1452, 546, 540, 1451, 545, 995, 1453, 996, 529, 1381, 542, 998, 997, 544, 542, 1381, 541, 1453, 541, 1381, 541, 1453, 543, 992, 1618, 525, 992, 1552, 543, 998, 544, 999, 536, 1451, 540, 1007, 1038, 551, 1369, 1010, 144, 1369, 144, 163, 531, 1370, 1012, 1370, 531, 1609, 733, 1454, 973, 1454, 733, 533, 1454, 1011, 974, 1012, 1370, 533, 1454, 533, 1370, 1455, 991, 494, 601, 602, 1029, 606, 1558, 1457, 1007, 605, 1025, 605, 1007, 551, 1583, 1027, 589, 1029, 1456, 1598, 601, 1029, 599, 1373, 1550, 1598, 1372, 1373, 1598, 1038, 605, 1030, 605, 1038, 1557, 1459, 1584, 1035, 1036, 1459, 1035, 1459, 1036, 1458, 605, 1557, 1025, 1550, 1373, 1256, 1558, 1038, 1030, 602, 1456, 1029, 1030, 605, 604, 1460, 1049, 1040, 1461, 439, 442, 1041, 1460, 1043, 1461, 1041, 1043, 1462, 501, 439, 1361, 298, 1115, 1058, 761, 1078, 1378, 1005, 550, 606, 1457, 1073, 205, 1333, 1076, 1058, 1059, 895, 1096, 1553, 1081, 1082, 423, 1519, 1091, 19, 1062, 1383, 773, 545, 989, 1383, 1092, 1466, 1606, 773, 1092, 1368, 996, 1382, 527, 997, 526, 989, 1092, 529, 527, 1381, 1381, 527, 1382, 340, 1464, 795, 1447, 1384, 1096, 1464, 1096, 1384, 842, 1384, 739, 1534, 1585, 850, 1501, 1525, 1227, 1104, 1227, 1525, 1429, 158, 1103, 149, 80, 69, 80, 149, 152, 1385, 1111, 157, 144, 146, 163, 120, 1467, 121, 1467, 119, 121, 1122, 1468, 1470, 96, 1469, 126, 1403, 1470, 1469, 125, 1389, 1582, 1476, 116, 1575, 1537, 1574, 1191, 1120, 1127, 88, 87, 88, 1127, 1125, 1389, 125, 126, 1469, 1468, 1118, 945, 1119, 1471, 111, 1130, 1128, 1123, 1122, 1123, 1128, 1576, 127, 1607, 1472, 1134, 1472, 1607, 1116, 143, 145, 1135, 1388, 1137, 137, 1473, 1034, 1478, 1034, 1473, 1034, 1478, 136, 1138, 1474, 1139, 1555, 134, 1554, 135, 1141, 1143, 1141, 1437, 1142, 135, 389, 1556, 1391, 1443, 1144, 1476, 1144, 1443, 1141, 1556, 1390, 1577, 1582, 1140, 1140, 1390, 1577, 1390, 1140, 134, 1476, 1575, 1577, 1387, 1473, 1137, 1477, 129, 1147, 105, 136, 1148, 1470, 1468, 1469, 1148, 1478, 1402, 136, 1478, 1148, 1387, 1402, 1478, 1149, 1480, 1150, 1394, 1150, 1474, 1134, 1133, 1394, 1393, 1394, 1133, 1393, 1477, 1146, 131, 1393, 1146, 129, 1477, 1540, 1149, 1151, 1479, 1151, 130, 1479, 1480, 1479, 1425, 1472, 1134, 1538, 1157, 1395, 216, 199, 200, 253, 200, 199, 1160, 201, 1076, 202, 200, 1159, 201, 41, 1418, 1163, 1163, 1405, 1164, 1162, 1481, 1396, 1165, 55, 49, 32, 1168, 1482, 1397, 1482, 1168, 1397, 50, 1173, 1169, 1167, 1483, 1182, 1483, 1167, 51, 1398, 1484, 1398, 51, 1170, 1170, 1171, 1398, 1171, 1170, 52, 1485, 1484, 1398, 1173, 1172, 49, 1165, 49, 1172, 10, 1486, 1396, 1486, 10, 1175, 1526, 14, 1179, 1178, 1187, 1527, 30, 1181, 28, 1183, 1482, 1399, 1482, 1183, 32, 1483, 1184, 1169, 26, 1185, 25, 1185, 1380, 22, 1202, 1578, 1191, 94, 1126, 93, 10, 1193, 92, 1164, 1401, 1481, 101, 1195, 99, 99, 1195, 1387, 1196, 98, 1488, 1201, 1198, 1488, 1196, 99, 1388, 1469, 96, 1403, 1194, 1403, 97, 1405, 97, 95, 1541, 1481, 1401, 98, 1201, 1488, 1201, 98, 1403, 1192, 1175, 87, 88, 87, 1175, 95, 1549, 1401, 1199, 101, 1200, 1198, 1201, 1611, 1403, 1194, 1611, 1204, 1406, 68, 27, 1407, 1186, 1399, 1407, 1205, 26, 1483, 28, 60, 1409, 1208, 1208, 1490, 59, 1490, 1208, 1209, 61, 1545, 1212, 1492, 1211, 1416, 1212, 1493, 62, 1489, 1413, 1209, 1213, 1494, 1411, 1494, 62, 1410, 1411, 1410, 1211, 1209, 1412, 1490, 1412, 1211, 1492, 1490, 1492, 1408, 1199, 1404, 1215, 1418, 43, 1495, 1408, 1492, 1207, 1491, 1214, 1493, 1216, 1496, 60, 1612, 1417, 1485, 1417, 1612, 1218, 1218, 60, 1496, 1496, 1417, 1218, 1217, 1484, 1496, 1602, 1217, 58, 1216, 58, 1217, 1404, 1198, 1414, 1418, 1579, 1611, 1418, 41, 43, 1498, 1224, 1427, 1224, 1498, 1600, 1485, 1498, 1612, 1171, 52, 1600, 1500, 1499, 162, 156, 1228, 1104, 1501, 1503, 1105, 81, 79, 1500, 1105, 1503, 80, 1183, 1419, 32, 1235, 1419, 73, 1221, 1228, 1219, 1227, 1221, 1236, 1221, 1219, 1222, 1497, 1222, 1219, 1504, 70, 71, 70, 1504, 1580, 1502, 1234, 1236, 72, 1236, 1221, 384, 1238, 362, 1505, 1249, 1271, 1420, 1251, 387, 1421, 1420, 387, 1002, 1025, 1001, 1047, 551, 1558, 1372, 390, 1550, 1557, 1256, 1373, 147, 1529, 81, 81, 164, 147, 352, 1386, 1260, 1257, 350, 348, 1422, 346, 348, 1268, 1506, 345, 1265, 1267, 345, 1153, 1424, 1423, 1424, 1153, 140, 1423, 1424, 1265, 346, 1422, 1506, 139, 1507, 141, 1507, 139, 1423, 1523, 899, 362, 451, 1278, 1279, 1542, 456, 1277, 1280, 451, 1279, 1283, 1284, 464, 1290, 1425, 1289, 1289, 1436, 1290, 1436, 1289, 1426, 1291, 1479, 130, 1479, 1291, 1425, 454, 1530, 1294, 1601, 479, 1620, 1426, 1544, 1296, 419, 1263, 1298, 418, 353, 1263, 419, 1301, 418, 1300, 1508, 1304, 1593, 1225, 1259, 353, 418, 1305, 1608, 61, 1309, 1308, 100, 1309, 419, 1298, 1314, 1312, 1510, 415, 1511, 1314, 1551, 1509, 416, 1315, 1509, 1315, 334, 1106, 1385, 1322, 1327, 1440, 1432, 1512, 1519, 1342, 1430, 1329, 1213, 1581, 1513, 1440, 1513, 1329, 1431, 1514, 1489, 1433, 1514, 1330, 1430, 1328, 1433, 1302, 1302, 1511, 1328, 1511, 1302, 413, 1330, 1560, 1432, 1303, 60, 1218, 1298, 1510, 1314, 1312, 414, 1434, 1327, 1560, 414, 1301, 1511, 413, 1494, 1329, 1568, 1329, 1494, 1213, 1213, 1413, 1430, 1413, 1489, 1514, 1342, 1568, 1512, 1568, 1329, 1513, 1512, 1513, 1581, 420, 1519, 422, 403, 1143, 1335, 1435, 406, 1245, 1544, 1289, 1559, 437, 1425, 1291, 134, 1555, 1437, 1516, 436, 1555, 1139, 1474, 1290, 1480, 1290, 1474, 1437, 1555, 436, 1475, 1142, 1297, 1517, 424, 1339, 1337, 1438, 1515, 1343, 1518, 1561, 1438, 1339, 1332, 1518, 1332, 1339, 1339, 1561, 1518, 1340, 1517, 1131, 1517, 1340, 424, 1471, 1338, 1438, 422, 1519, 423, 1588, 1347, 1531, 1347, 1588, 271, 1440, 1327, 1351, 1553, 1082, 1597, 1512, 1581, 1082, 1355, 1441, 1351, 340, 339, 1464, 1446, 1081, 1379, 1547, 1354, 337, 297, 1358, 1569, 327, 1569, 1358, 976, 1520, 721, 479, 478, 380, 399, 720, 718, 502, 1521, 1023, 1521, 497, 1023, 500, 1521, 501, 1583, 1522, 1027, 1573, 1563, 1094, 170, 187, 181, 1115, 169, 171, 1556, 1391, 1390, 219, 201, 202, 1159, 1564, 205, 39, 1565, 36, 33, 1526, 1161, 1229, 1170, 1528, 1248, 404, 1249, 1251, 1615, 401, 603, 390, 1003, 390, 603, 1550, 354, 1594, 1529, 1530, 451, 1280, 440, 1296, 1544, 1546, 1295, 1336, 258, 1345, 260, 1531, 1348, 1349, 252, 250, 253, 254, 252, 253, 1532, 331, 1313, 645, 1533, 956, 1533, 1364, 1444, 645, 665, 1533, 663, 1533, 665, 683, 1097, 1059, 678, 676, 639, 478, 1520, 976, 1520, 836, 724, 551, 1047, 1005, 1008, 1552, 526, 536, 1572, 539, 729, 1015, 533, 532, 1535, 1016, 1051, 439, 1461, 1049, 553, 971, 1043, 1051, 1461, 604, 1378, 1457, 339, 1553, 1464, 1090, 759, 555, 1375, 1009, 1573, 532, 1573, 1009, 1027, 1522, 1095, 1094, 1522, 1374, 156, 1103, 161, 1525, 154, 155, 1114, 170, 181, 1537, 1576, 123, 1123, 1576, 1537, 1472, 1538, 1554, 1554, 1539, 1555, 1133, 1540, 1477, 1161, 1526, 31, 1526, 17, 31, 21, 1527, 1400, 7, 1192, 86, 1200, 101, 99, 43, 1207, 1495, 50, 1528, 1172, 1528, 1170, 51, 1233, 1592, 1504, 1501, 1234, 1503, 1236, 1501, 1227, 1038, 1558, 551, 1594, 79, 1529, 1279, 1542, 458, 463, 1543, 467, 1282, 467, 1543, 1543, 463, 461, 1288, 440, 1544, 1617, 1305, 418, 1545, 1215, 1491, 1409, 1433, 1489, 1435, 503, 406, 1539, 1139, 1516, 1338, 1517, 1339, 1475, 1546, 1336, 260, 1344, 982, 1442, 1353, 1269, 1547, 336, 322, 1532, 337, 331, 584, 579, 1009, 1538, 1138, 1539, 1139, 1539, 1138, 1541, 1193, 1481, 1541, 1401, 1549, 1416, 1211, 1210, 1416, 1210, 1415, 1214, 1415, 1210, 1611, 1579, 1198, 1335, 1245, 1246, 454, 451, 1530, 1545, 1608, 1199, 1434, 1551, 1510, 1297, 1142, 436, 1363, 130, 950, 1367, 1534, 978, 525, 526, 1552, 990, 525, 1618, 1552, 998, 543, 1373, 1025, 1557, 1464, 1553, 1096, 277, 1570, 274, 1554, 127, 1472, 1140, 1554, 134, 1554, 1140, 127, 1556, 389, 1391, 135, 1556, 1141, 1476, 1577, 1144, 1538, 1134, 1138, 10, 88, 1175, 1405, 95, 1401, 1202, 94, 95, 1399, 1205, 1183, 1545, 1491, 1212, 1608, 1545, 61, 1214, 1210, 1493, 1414, 1415, 1214, 1579, 1414, 1198, 162, 1499, 161, 1500, 1226, 1499, 387, 1251, 1238, 1047, 1558, 391, 1550, 1256, 1001, 1002, 1557, 1038, 1002, 1256, 1557, 391, 1558, 606, 1500, 162, 164, 1542, 1277, 458, 1530, 448, 1294, 1287, 1288, 1559, 1559, 1288, 1544, 441, 1559, 437, 418, 1300, 1617, 1560, 1330, 1328, 1559, 1289, 437, 1339, 424, 1561, 1440, 1351, 1441, 1597, 1082, 1581, 702, 703, 1562, 983, 1562, 705, 1563, 1095, 1094, 132, 1136, 137, 212, 1395, 270, 1463, 1564, 191, 40, 39, 1566, 38, 35, 39, 36, 1566, 39, 37, 1566, 36, 67, 1232, 1580, 1580, 1592, 1406, 1594, 354, 1262, 1263, 353, 1567, 1112, 1109, 1252, 62, 1568, 1342, 670, 950, 951, 276, 1570, 1377, 683, 1570, 277, 700, 702, 1562, 539, 1571, 1451, 524, 1571, 539, 1002, 1001, 1256, 964, 1572, 536, 987, 512, 1462, 1064, 1570, 683, 204, 1337, 1463, 1571, 524, 1606, 1573, 532, 1563, 1574, 1537, 123, 1340, 1131, 109, 126, 1578, 1202, 1495, 1579, 1418, 1222, 74, 72, 77, 1499, 1226, 1580, 1232, 70, 1263, 1567, 1262, 1594, 1262, 1567, 78, 1567, 353, 1112, 1252, 157, 1297, 1426, 1296, 1306, 1614, 1593, 1344, 252, 255, 414, 331, 1351, 1597, 1581, 1441, 1355, 1379, 1081, 1193, 10, 1396, 1581, 1440, 1441, 1444, 538, 956, 964, 956, 1572, 538, 1572, 956, 1571, 1466, 990, 1582, 1389, 127, 1575, 1582, 1577, 1576, 1128, 1124, 1141, 1390, 134, 1582, 127, 1140, 1577, 1390, 1144, 14, 16, 1179, 10, 92, 88, 1415, 1579, 1495, 1580, 1504, 1592, 603, 1003, 397, 255, 252, 254, 1572, 538, 539, 604, 1457, 1030, 1123, 1537, 1578, 1546, 1297, 1296, 1570, 276, 274, 125, 1582, 1575, 1138, 1134, 1394, 1414, 1579, 1415, 1287, 1559, 441, 1584, 965, 960, 1585, 851, 850, 1586, 1147, 1135, 1179, 12, 29, 11, 18, 1565, 53, 57, 1566, 1587, 74, 1326, 805, 1613, 407, 1188, 357, 1465, 1588, 270, 271, 1589, 1350, 242, 1590, 952, 133, 634, 632, 966, 1584, 967, 965, 1599, 996, 1381, 771, 1101, 770, 1128, 1591, 1124, 1145, 1586, 132, 1604, 109, 103, 1592, 1205, 68, 1215, 1414, 1214, 1593, 77, 1225, 1219, 1220, 77, 1587, 1235, 74, 343, 1595, 1261, 78, 1594, 1567, 456, 1596, 1277, 1288, 444, 443, 1587, 76, 1231, 260, 1345, 1344, 1345, 265, 247, 740, 1534, 850, 1104, 159, 156, 1120, 92, 93, 1457, 1558, 1030, 1598, 603, 1029, 1025, 1373, 1372, 1465, 357, 1610, 526, 1599, 1008, 1008, 1599, 1382, 1591, 1607, 1124, 1146, 1147, 1586, 1418, 1611, 1194, 1497, 1219, 77, 76, 1600, 52, 1104, 1228, 1227, 1487, 1309, 100, 1560, 1434, 414, 260, 982, 1449, 252, 1345, 247, 478, 378, 380, 7, 86, 4, 1553, 1597, 1081, 1491, 1215, 1214, 703, 705, 1562, 1536, 665, 647, 661, 663, 665, 1520, 478, 1601, 1601, 836, 1520, 53, 1602, 56, 1333, 1332, 427, 1605, 188, 179, 178, 1605, 179, 170, 165, 1361, 131, 1150, 1393, 43, 41, 42, 1604, 102, 100, 1199, 1608, 101, 1610, 366, 358, 1250, 1252, 1603, 832, 1622, 370, 1075, 1333, 427, 1604, 1341, 1340, 1439, 255, 1616, 1010, 1609, 1116, 192, 1449, 259, 1449, 192, 260, 1609, 142, 1116, 358, 1380, 1610, 1092, 996, 1599, 131, 1146, 1145, 1608, 1487, 101, 1403, 1611, 1201, 1427, 1224, 1614, 1304, 1612, 1498, 1593, 1259, 1306, 1003, 1456, 602, 1003, 602, 548, 1571, 1606, 1466, 43, 42, 44, 1613, 1250, 1603, 1465, 1610, 1380, 401, 1613, 400, 1085, 772, 762, 791, 1101, 766, 1149, 131, 133, 1173, 1167, 1397, 1593, 1614, 1497, 361, 360, 835, 1248, 388, 1247, 1271, 1615, 1505, 1425, 1290, 1480, 1333, 787, 1076, 1617, 1306, 1305, 1614, 417, 1497, 353, 1305, 1259, 1420, 1615, 1251, 1615, 1250, 401, 1368, 1618, 995, 1450, 1451, 1571, 772, 1086, 762, 100, 102, 1487, 1149, 953, 1151, 552, 1050, 1049, 552, 1048, 1050, 768, 791, 766, 1439, 1616, 266, 333, 329, 336, 662, 799, 1077, 990, 1450, 1571, 305, 919, 167, 762, 1619, 493, 1620, 840, 1601, 49, 46, 1173, 12, 9, 5, 1621, 1188, 1400, 1621, 3, 356, 1359, 1623, 295, 493, 1619, 1455, 1619, 768, 769, 768, 1619, 791, 1054, 1115, 298, 374, 942, 375, 1368, 545, 1450, 111, 1471, 1337, 1480, 1474, 1150, 418, 1263, 419, 369, 399, 718, 1238, 1251, 898, 1623, 1442, 295, 1368, 1450, 1618, 772, 767, 765, 877, 772, 765, 1622, 359, 370, 552, 1041, 444, 1084, 1085, 762, 592, 238, 586, 1099, 592, 586, 1075, 787, 1333, 204, 111, 1337, 643, 644, 645, 1353, 329, 333, 1536, 799, 662, 1084, 762, 763, 643, 645, 956, 261, 259, 1449, 701, 699, 700, 271, 272, 214, 1562, 701, 700, 796, 795, 842, 795, 796, 429, 279, 277, 1347, 311, 919, 305, 279, 1097, 277, 336, 1547, 1356, 336, 1356, 334, 560, 735, 1448, 292, 289, 238, 429, 796, 430, 289, 282, 238]
        rel material:binding = </Bag/Looks/Material>
        custom float newton:cloth:contact_margin = 0.006
        custom float newton:cloth:density = 0.025
        custom float newton:cloth:edge_kd = 5e-7
        custom float newton:cloth:edge_ke = 0.000005
        custom float newton:cloth:particle_radius = 0.006
        custom bool newton:cloth:self_contact = 1
        custom int newton:cloth:self_contact_filter_threshold = 1
        custom float newton:cloth:self_contact_margin = 0.002
        custom float newton:cloth:self_contact_radius = 0.002
        custom float newton:cloth:self_contact_rest_exclusion_radius = 0.005
        custom float newton:cloth:soft_contact_kd = 0.001875
        custom float newton:cloth:soft_contact_ke = 1.875
        custom float newton:cloth:soft_contact_kf = 0.125
        custom float newton:cloth:soft_contact_mu = 0.25
        custom float newton:cloth:tri_ka = 4
        custom float newton:cloth:tri_kd = 0.0000034
        custom float newton:cloth:tri_ke = 4
        float physics:mass = 0.0038204798
        point3f[] points = [(-0.063166656, -0.14327091, 0.009630921), (-0.076227695, -0.14419821, 0.014355043), (-0.08863647, -0.1416443, 0.01594079), (-0.051771883, -0.14680974, 0.010767647), (-0.09313605, -0.13852425, 0.016233483), (-0.067670494, -0.1374136, 0.01841546), (-0.05675693, -0.1380952, 0.01859287), (-0.09027956, -0.12912524, 0.01663187), (-0.08180299, -0.11079588, 0.016743386), (-0.06931473, -0.12630567, 0.017983163), (-0.090974, -0.09196216, 0.016494377), (-0.06950976, -0.09105434, 0.017269548), (-0.059255563, -0.12874901, 0.018375045), (-0.072333835, -0.11526621, 0.017150795), (-0.056843646, -0.10674697, 0.017441979), (-0.06941682, -0.10447039, 0.01710156), (-0.061416272, -0.11598989, 0.01765956), (-0.03483246, -0.113235675, 0.018397732), (-0.062222607, -0.09647966, 0.017468339), (0.0065190624, -0.14975587, 0.0138770165), (0.027751952, -0.14967914, 0.013930346), (-0.017186336, -0.1401089, 0.018691232), (0.004891792, -0.14583045, 0.017283233), (0.018467702, -0.1445492, 0.017523224), (0.03245705, -0.14267215, 0.018603), (0.010207148, -0.1394604, 0.018815655), (0.008649272, -0.13036054, 0.019435512), (0.037653342, -0.13404332, 0.019430589), (-0.003261474, -0.12512606, 0.019467955), (-0.047383104, -0.13145801, 0.018752363), (-0.0132915955, -0.12054914, 0.019141814), (-0.032156873, -0.10280336, 0.01815861), (0.03325236, -0.09716821, 0.019665066), (-0.053364776, -0.094926625, 0.017736096), (-0.07092306, -0.059803817, 0.01723706), (-0.06828407, -0.08070989, 0.017362975), (-0.04812126, -0.08318432, 0.017972525), (-0.036148436, -0.08165916, 0.018245935), (-0.06285503, -0.070607826, 0.017559603), (-0.053263873, -0.07511956, 0.017883718), (-0.05185921, -0.063232854, 0.01782927), (-0.066485025, -0.04860516, 0.017275043), (-0.060867794, -0.05726748, 0.017513534), (-0.058986377, -0.04442033, 0.017463539), (-0.04976639, -0.04966928, 0.017746374), (-0.0206199, -0.10066505, 0.018586868), (-0.015904546, -0.09216532, 0.01879923), (-0.02848904, -0.091762654, 0.018364476), (-0.023969643, -0.08191502, 0.018654656), (-0.010040969, -0.084101915, 0.019047523), (0.008399327, -0.08948955, 0.01947347), (0.0059474935, -0.06782913, 0.019216368), (0.031158997, -0.0744994, 0.019384366), (-0.028406862, -0.06287585, 0.018532338), (-0.02815064, -0.07327051, 0.018577276), (-0.018711988, -0.07104247, 0.018702637), (-0.027435482, -0.05230308, 0.018468868), (-0.039826058, -0.056770418, 0.018155709), (-0.015549902, -0.05179391, 0.018708121), (-0.0219277, -0.042487673, 0.018525891), (-0.0019892927, -0.03456816, 0.01867147), (-0.06857616, 0.02749278, 0.016480042), (-0.043592244, 0.014139849, 0.017374545), (0.055832975, -0.14593779, 0.01660004), (0.082819, -0.14436343, 0.0151199475), (0.07382564, -0.13869204, 0.019111296), (0.08470939, -0.13539699, 0.018581158), (0.0766923, -0.12941417, 0.018958187), (0.05136941, -0.1322365, 0.019448008), (0.088311695, -0.1261026, 0.017625254), (0.07264312, -0.108522, 0.018189091), (0.06683132, -0.0985136, 0.01811985), (0.070978835, -0.07653323, 0.017918698), (0.055829726, -0.09682802, 0.018753363), (0.05988623, -0.07378087, 0.018304553), (0.040881068, -0.08866694, 0.019409271), (0.04348055, -0.0680684, 0.019128475), (0.080440655, -0.041810296, 0.018013148), (0.07307414, -0.021588882, 0.01798973), (0.084647395, -0.016691267, 0.017746761), (0.09131403, -0.11458873, 0.017648289), (0.09439541, -0.014627596, 0.016871594), (-0.08380363, -0.136518, 0.00869385), (-0.07821186, -0.12466591, 0.010639581), (-0.08991042, -0.12693033, 0.011793432), (-0.09545333, -0.1354769, 0.012678542), (-0.09680692, -0.12744625, 0.012814735), (-0.09695346, -0.10563363, 0.012983007), (-0.09789265, -0.09879883, 0.013933537), (-0.072408415, -0.13600348, 0.007892601), (-0.058227673, -0.12275729, 0.0074551427), (-0.076417856, -0.10995349, 0.010630286), (-0.098264486, -0.088124335, 0.014945751), (-0.09477169, -0.07611191, 0.01177604), (-0.09692162, -0.062691815, 0.012263301), (-0.09841628, -0.04852866, 0.014948258), (-0.09813346, -0.035430554, 0.012315296), (-0.09911341, -0.036353502, 0.014034566), (-0.10005963, -0.011847189, 0.012317684), (-0.102011226, 0.01130432, 0.011807358), (-0.08643246, 0.044452757, 0.015889402), (-0.09326348, 0.01953108, 0.015765661), (-0.095805034, 0.04183517, 0.015385885), (-0.10483135, 0.044881985, 0.010434304), (-0.104051776, 0.033571456, 0.011754122), (-0.0988725, 0.05264588, 0.009284294), (-0.10780024, 0.07568228, 0.010404999), (-0.103292845, 0.08090959, 0.009668316), (-0.109147415, 0.10199146, 0.011610817), (-0.09819271, 0.06494064, 0.014895252), (-0.10235816, 0.074792795, 0.014222889), (-0.09817871, 0.10140454, 0.014503135), (-0.10957728, 0.10877232, 0.012636785), (-0.109445, 0.10829689, 0.010533375), (-0.107558325, 0.10930308, 0.012580801), (-0.103578985, 0.10906886, 0.013669635), (-0.03721739, -0.08392759, 0.006314584), (-0.025864284, -0.08967696, 0.005904641), (-0.04800897, -0.076177225, 0.0067754523), (-0.06473334, -0.10335081, 0.009764369), (-0.07458768, -0.08244526, 0.008611783), (-0.075473696, -0.0970366, 0.009584118), (-0.044173244, -0.10838215, 0.007731314), (-0.06670627, -0.062401567, 0.007699462), (-0.060730796, -0.08016643, 0.007593571), (-0.046421926, -0.06392441, 0.0069132796), (-0.08768778, -0.039525725, 0.008920954), (-0.033689413, -0.04745792, 0.0070647155), (-0.08153494, -0.0056807776, 0.008355658), (-0.07218536, -0.014921068, 0.008205915), (-0.01631029, 0.024486179, 0.008325734), (-0.044177156, 0.01004323, 0.008386018), (-0.066212475, 0.016933938, 0.00836747), (-0.0478109, 0.021906165, 0.008527414), (-0.012171389, -0.048738517, 0.0067075593), (0.009458027, -0.06478605, 0.0061827106), (-0.091309264, 0.04295398, 0.008987004), (-0.070511565, 0.028387638, 0.008463337), (-0.05833166, 0.037293233, 0.008506826), (0.107595116, 0.06955463, 0.012607572), (0.108785294, 0.09721563, 0.012862834), (0.10684736, 0.05821458, 0.012209632), (0.09836179, 0.03742793, 0.010999779), (0.10508917, 0.033601183, 0.012163303), (0.09394505, 0.014075457, 0.010383582), (0.104367346, 0.019074712, 0.012281914), (0.09703255, 0.005974494, 0.01641543), (0.10202168, -0.005979055, 0.012045882), (0.090089664, -0.13142388, 0.011331347), (0.097861096, -0.12300189, 0.014128703), (0.08485908, -0.12042288, 0.010115275), (0.09268711, -0.11212587, 0.0115036145), (0.09875178, -0.11023865, 0.014179718), (0.09330333, -0.10057862, 0.01176257), (0.09906022, -0.09662079, 0.014052161), (0.09401763, -0.086279765, 0.011408928), (0.09960731, -0.061061226, 0.0141090825), (0.074242346, -0.08438299, 0.008213915), (0.0924304, -0.043667816, 0.009967186), (0.093345106, -0.07095565, 0.010885305), (0.088252075, -0.032114107, 0.009570632), (0.10017517, -0.046011012, 0.01405281), (0.100335024, -0.03228998, 0.013743611), (0.0881986, 0.00017769326, 0.009834189), (0.10151163, -0.017964534, 0.012409022), (0.05264238, 0.11207853, 0.01594515), (0.017825993, 0.13641667, 0.014514625), (0.028305903, 0.12715961, 0.015498941), (0.08378758, 0.11296728, 0.015974378), (0.069841795, 0.094893865, 0.015284685), (0.054585274, 0.09915708, 0.015698237), (0.06266427, 0.09413906, 0.015438718), (0.062712125, 0.08969427, 0.013468075), (0.06207673, 0.086580515, 0.013318191), (0.06318204, 0.083931394, 0.013325383), (0.06230399, 0.080170825, 0.013685501), (0.06278552, 0.08191911, 0.013151291), (0.055657923, 0.07777458, 0.014158828), (0.063083105, 0.07652295, 0.013624375), (0.060784664, 0.07372316, 0.013936464), (0.04117167, 0.08799377, 0.013894718), (0.043382157, 0.09279243, 0.015233502), (0.02840821, 0.088103764, 0.014693161), (0.019581739, 0.08632886, 0.014476917), (0.0237564, 0.08722678, 0.013763139), (0.030446842, 0.089109786, 0.013836481), (0.026074065, 0.08833767, 0.0142929545), (0.05402758, 0.086893134, 0.013986016), (0.04525917, 0.07449821, 0.013675031), (-0.046221774, 0.07396796, 0.012743486), (-0.044727746, 0.076013274, 0.012678296), (-0.087304294, 0.09767798, 0.013660794), (-0.084503606, 0.09547196, 0.013058755), (-0.09395809, 0.10010673, 0.013449824), (-0.09448453, 0.0995393, 0.014034659), (-0.09660734, 0.1028199, 0.012781143), (-0.09137853, 0.099244215, 0.012795508), (-0.096780404, 0.10456643, 0.013349853), (-0.06731, 0.086307466, 0.012928619), (-0.054863572, 0.08144841, 0.013043091), (-0.049550693, 0.09141437, 0.014028009), (-0.043924168, 0.10170375, 0.0147398645), (-0.038403362, 0.11100054, 0.015188523), (-0.095954, 0.10141835, 0.0140859), (-0.09189073, 0.110109285, 0.014323148), (-0.063524485, 0.110495515, 0.0149191), (-0.031509645, 0.07884346, 0.012046916), (-0.038107883, 0.09019594, 0.014023407), (-0.018708026, 0.077023044, 0.012477508), (-0.006978952, 0.0758941, 0.012578436), (-0.00893031, 0.081519604, 0.013499158), (-0.017291635, 0.08515605, 0.013955877), (0.007942914, 0.076497816, 0.013069296), (0.019948082, 0.08229913, 0.012895546), (0.026609378, 0.0949523, 0.011691858), (-0.004493911, 0.074335724, 0.012851273), (0.00019835372, 0.084983304, 0.014310407), (-0.027890345, 0.088087924, 0.013988579), (-0.008894472, 0.092567414, 0.014712596), (-0.0322405, 0.10183553, 0.014856697), (-0.035664465, 0.11185106, 0.015283727), (-0.02351713, 0.11087708, 0.014998382), (-0.0103684515, 0.10414628, 0.015240408), (-0.02003877, 0.12125765, 0.014783077), (-0.029446337, 0.122603506, 0.015366354), (-0.00174549, 0.14136621, 0.014201791), (0.008206562, 0.14310093, 0.014148579), (0.00908886, 0.14975587, 0.015991515), (0.0007797744, 0.14961109, 0.016087243), (-0.024065353, 0.12923336, 0.015130787), (-0.009094131, 0.14461513, 0.016310906), (0.09378755, 0.11099663, 0.0123468945), (0.066480584, 0.094089925, 0.013040365), (0.076070465, 0.098022774, 0.01249288), (0.08754302, 0.10253177, 0.012511261), (0.06804823, 0.09429187, 0.013362613), (0.061415486, 0.09002562, 0.013026874), (0.036643937, 0.1092695, 0.011429752), (0.025617905, 0.12435519, 0.011443801), (0.03451901, 0.110505156, 0.011210348), (0.024261361, 0.10833083, 0.011464906), (0.03132473, 0.10992766, 0.0114479745), (0.04686238, 0.098455586, 0.011966334), (0.03679505, 0.097577795, 0.011916738), (0.06315253, 0.08633641, 0.012993052), (0.043184664, 0.08833665, 0.013056048), (0.043193996, 0.07672807, 0.01336045), (-0.060227938, 0.078284174, 0.011838761), (-0.057371963, 0.072313845, 0.012693801), (-0.042568017, 0.077052504, 0.012252563), (-0.045863204, 0.07499701, 0.012302358), (-0.043988872, 0.07534908, 0.012400871), (-0.054243885, 0.0858567, 0.011161886), (-0.04307349, 0.07959664, 0.01200658), (-0.0412952, 0.08879045, 0.011099587), (-0.050074447, 0.09656511, 0.010724819), (-0.02935907, 0.09346556, 0.011021874), (-0.06535979, 0.07241046, 0.012531851), (-0.074493736, 0.0870277, 0.011913342), (-0.09116448, 0.09934684, 0.010626497), (-0.07323037, 0.09934359, 0.010495227), (-0.091849804, 0.1072193, 0.010393568), (-0.10361158, 0.10784051, 0.009740592), (-0.09452809, 0.100187145, 0.011147939), (-0.09002049, 0.10774519, 0.010234802), (-0.07206127, 0.08121024, 0.012037924), (-0.039272696, 0.10842628, 0.010534412), (-0.02749702, 0.10456172, 0.010862032), (-0.03290803, 0.10957648, 0.01053585), (-0.017115297, 0.0758368, 0.012330825), (0.017767018, 0.07764745, 0.012795268), (0.014460166, 0.08974108, 0.011568563), (0.019904457, 0.07911578, 0.012764254), (-0.026485275, 0.11001176, 0.010531912), (-0.018864201, 0.10957124, 0.010510975), (-0.008226253, 0.10292575, 0.010918199), (-0.01976146, 0.10913716, 0.010378681), (-0.0033969765, 0.109645195, 0.0106045855), (0.01690995, 0.10292902, 0.011247812), (0.015576967, 0.110326126, 0.010978872), (0.017006412, 0.11088855, 0.011036669), (0.01619488, 0.11198608, 0.010919782), (0.021429177, 0.11584348, 0.011575495), (-0.036765136, 0.10977843, 0.010245977), (-0.017708607, 0.13217317, 0.011562798), (-0.01345022, 0.13094516, 0.0111693), (-0.009298308, 0.13861594, 0.0123128425), (-0.009544721, 0.1336548, 0.011483569), (-0.0006026533, 0.13299076, 0.0115423985), (0.009758872, 0.12682204, 0.011765032), (0.0035447709, 0.13753493, 0.012430952), (0.011428005, 0.1423894, 0.010208685), (0.017425684, 0.13729133, 0.010123309), (0.0014841409, 0.14741163, 0.0105311675), (0.09164394, 0.10116926, 0.016505886), (0.072314106, 0.09413957, 0.016830128), (0.016342489, 0.14471343, 0.016391115), (0.047190275, 0.1120374, 0.016063374), (0.074010104, 0.11267924, 0.0162563), (0.023751536, 0.12022154, 0.017562978), (0.019087337, 0.1250994, 0.015894968), (0.036714014, 0.11452108, 0.01645625), (0.014844052, 0.13189447, 0.015562429), (0.018765192, 0.12613308, 0.015142729), (0.023145702, 0.11129634, 0.01665654), (0.034516186, 0.113388784, 0.015836902), (0.03699587, 0.112628706, 0.015951952), (0.04062894, 0.11182795, 0.015835412), (0.03772737, 0.111782156, 0.016466687), (0.037821654, 0.11192923, 0.01612297), (0.037996463, 0.10596938, 0.016276954), (0.021734053, 0.11497635, 0.015702266), (0.031092081, 0.10891594, 0.01756435), (0.02785379, 0.091054566, 0.017645761), (0.040100675, 0.098560825, 0.016641194), (0.041511852, 0.09190173, 0.01691869), (0.024444938, 0.10528541, 0.01653675), (0.023430647, 0.107170284, 0.016392116), (0.025315933, 0.09771844, 0.016581103), (0.026934063, 0.09469661, 0.016762588), (0.023077969, 0.09183664, 0.016672857), (0.03604055, 0.085221164, 0.017730426), (0.03682971, 0.072784245, 0.017640062), (0.029501729, 0.08986689, 0.016834985), (0.030451717, 0.08210581, 0.016895665), (0.017833639, 0.0753298, 0.016967414), (0.029519947, 0.07772154, 0.017329853), (0.052116197, 0.08731836, 0.016931335), (0.06840815, 0.06729319, 0.01715671), (0.043307662, 0.07732232, 0.016928256), (0.029895952, 0.069941975, 0.016972022), (0.016132044, 0.04048012, 0.017614827), (0.061006736, 0.055002816, 0.01732022), (0.054819908, 0.064233266, 0.0171901), (0.050240047, 0.05228633, 0.017485762), (0.06632623, 0.04846534, 0.017416453), (0.04448949, 0.06641583, 0.017071864), (0.018842354, 0.05234095, 0.017274307), (0.035343792, 0.039800026, 0.017867848), (-0.031355325, 0.055097964, 0.016762868), (-0.037337016, 0.060613655, 0.01672227), (-0.002769025, 0.13602212, 0.015153864), (0.007312332, 0.13772258, 0.015406249), (0.058932178, 0.018483276, 0.017817527), (0.101790704, 0.104761064, 0.015823508), (0.09004785, 0.074060105, 0.01690503), (0.08356694, 0.055013146, 0.0173027), (0.07741866, 0.047092773, 0.017456135), (0.088635646, 0.048301313, 0.017179716), (0.09804954, 0.052820124, 0.015946336), (0.09528826, 0.03918304, 0.016601056), (0.07112828, 0.025026973, 0.01765637), (0.084462434, 0.021580176, 0.017398672), (0.05953722, -0.016993312, 0.018109536), (0.07700925, 0.0035011095, 0.0177846), (0.086702384, 0.008648879, 0.017378114), (-0.0444206, -0.14221588, 0.0075322627), (-0.02273735, -0.14181136, 0.008929588), (-0.002687827, -0.14363237, 0.00969234), (-0.038705334, -0.108609274, 0.002019864), (-0.038263008, -0.099673904, 0.001037929), (-0.04577965, -0.09096769, 0.00028104865), (0.028968075, -0.12659805, 0.008029302), (-0.053650003, -0.13982147, 0.0071606827), (-0.048219945, -0.13042057, 0.005882622), (-0.033483222, -0.13650969, 0.0074583706), (-0.010884989, -0.13486142, 0.007900939), (-0.036101475, -0.12969102, 0.006361352), (-0.03265297, -0.12734205, 0.006907089), (-0.036821496, -0.12804994, 0.006650201), (-0.04767444, -0.117607, 0.0034188859), (-0.031475894, -0.11098152, 0.0031339293), (-0.03278921, -0.113935605, 0.0036813682), (-0.032503366, -0.113143824, 0.0037625283), (-0.020259598, -0.108627945, 0.0060534943), (-0.010252363, -0.11296359, 0.0066905622), (-0.03054975, -0.09685991, 0.001667989), (-0.03306465, -0.08824755, 0.0009258866), (-0.0314628, -0.087210044, 0.0012088652), (-0.035424627, -0.08466844, 0.00073279365), (-0.031381372, -0.076970816, 0.0010818822), (-0.0028691632, -0.12418553, 0.0075081196), (0.008697284, -0.12904303, 0.00829984), (0.007129465, -0.10013028, 0.0074474816), (0.017105933, -0.12351822, 0.008323308), (0.019004514, -0.10530983, 0.0075631407), (0.011314715, -0.08669477, 0.007189899), (0.031242562, -0.10236166, 0.007286098), (0.025568612, -0.08358014, 0.0073061576), (0.0033019332, -0.076084055, 0.0061581735), (-0.042399943, 0.00922135, 0.0014198319), (-0.033187535, -0.05576505, 0.0005349336), (-0.034931332, -0.12311253, 0.005269001), (-0.038607076, -0.08064994, 0.00017697873), (-0.048961878, -0.082504146, 0), (-0.032474726, -0.081254095, 0.00031051403), (-0.05457909, -0.080515176, 0.00003468054), (-0.035825707, 0.029635606, 0.0018083013), (-0.043583274, -0.061169293, 0.00045337784), (-0.034991797, -0.122700505, 0.0054803737), (0.051837407, -0.124655835, 0.007570542), (0.053614184, -0.11293537, 0.007493867), (0.016987588, -0.07492938, 0.006834692), (0.021860732, -0.06284858, 0.0064757443), (0.043690372, -0.07144374, 0.007317985), (0.046370756, -0.05909072, 0.0070543843), (0.04721456, -0.046534974, 0.007213663), (0.066587806, -0.12632507, 0.007503665), (0.056247685, -0.06766872, 0.007399153), (0.06602177, -0.052806385, 0.007982399), (0.04963282, -0.041233975, 0.0074145067), (0.074973926, -0.033798467, 0.008885998), (0.07843454, -0.008232028, 0.009268665), (0.02014469, -0.017506618, 0.018528722), (0.015571795, 0.026452927, 0.017692797), (0.041531753, 0.018052325, 0.018200113), (0.05780018, 0.030936606, 0.017726403), (0.059806038, -0.05500017, 0.018143527), (0.044379037, -0.018641684, 0.018690316), (0.04101743, -0.008547848, 0.018608812), (-0.05081636, 0.039166115, 0.016833367), (-0.06847583, 0.05166084, 0.016226262), (-0.0495008, 0.0496135, 0.016731776), (-0.039461195, 0.05175856, 0.016868742), (-0.07190702, 0.06531722, 0.01592064), (-0.05933926, 0.056862324, 0.016241007), (-0.051097423, 0.059987303, 0.016279688), (-0.05098856, 0.08786087, 0.015698776), (-0.04770777, 0.074152425, 0.016530696), (-0.037558787, 0.067685366, 0.017247766), (-0.036827102, 0.074194536, 0.017600639), (-0.04412767, 0.086891375, 0.015946059), (-0.03554302, 0.08966857, 0.017440032), (-0.0407058, 0.10128402, 0.016227728), (-0.027254371, 0.114763714, 0.017356813), (-0.016576635, 0.13219401, 0.016800394), (-0.0011165875, -0.03104733, 0.00705489), (0.005452521, 0.005953794, 0.007999449), (0.03976877, -0.030026257, 0.0071770204), (0.035786144, -0.027643444, 0.006156262), (0.026233587, -0.014424548, 0.0075851823), (0.016249526, 0.008286614, 0.008043081), (0.036698148, -0.019480646, 0.0075427224), (0.035774477, -0.008863644, 0.007902036), (0.035565767, 0.003984758, 0.008417148), (0.029343205, 0.026079176, 0.008956636), (0.018656733, 0.02824847, 0.008652096), (0.035013374, 0.031378742, 0.009204881), (-0.054097634, -0.06575667, 0.0013108563), (-0.04980828, -0.072075635, 0.0008481304), (-0.040851254, -0.074345976, 0.0008117607), (-0.052722435, -0.046399795, 0.002279738), (-0.031697806, -0.06491941, 0.0014680664), (-0.03292169, -0.04075799, 0.0029078336), (-0.060110953, -0.04346484, 0.0024313526), (-0.061202448, -0.01891221, 0.0038891074), (-0.05395483, -0.022685785, 0.003693685), (-0.032993264, -0.040002044, 0.0031393457), (-0.032904573, -0.029504599, 0.0038156293), (-0.03454767, -0.003046195, 0.005145718), (-0.061800037, 0.0099828215, 0.0052861418), (-0.04101434, 0.024760254, 0.0059576216), (-0.035092413, 0.011919749, 0.005794339), (-0.035736695, 0.03328396, 0.0061659687), (-0.062455248, 0.029620225, 0.005848073), (-0.062494706, 0.045025304, 0.0060024792), (-0.035434693, 0.03770243, 0.0063819517), (-0.035046868, 0.04571144, 0.0061780144), (-0.06283831, 0.05403545, 0.0058406186), (-0.05408996, 0.05769388, 0.005311611), (-0.041981198, 0.058070768, 0.0053067887), (-0.03946969, 0.053780787, 0.007110191), (-0.034834843, 0.05588134, 0.0057508894), (-0.03578415, 0.062266245, 0.005094536), (-0.034756895, 0.06114095, 0.005473734), (-0.035672408, 0.05802431, 0.006256228), (-0.03656046, 0.06251391, 0.0054413388), (-0.04744984, -0.07957004, 0.00073255773), (-0.044044584, -0.08361358, 0.0010341045), (-0.041821443, -0.07161074, 0.0012001838), (-0.041412383, -0.046209883, 0.0036166378), (-0.041002527, -0.05939458, 0.0024214035), (-0.053899758, -0.028544951, 0.0043019284), (-0.04343983, -0.032558855, 0.004622757), (-0.051981207, -0.039436106, 0.0036989788), (-0.0451995, -0.021158444, 0.005481731), (-0.054856688, 0.0016809682, 0.006549942), (-0.040808484, -0.00847668, 0.006300555), (-0.05385892, 0.012160473, 0.007277673), (-0.044589017, 0.016273588, 0.007630308), (-0.044587392, 0.0028423767, 0.007312403), (-0.053858157, 0.023159988, 0.0076248543), (-0.044294756, 0.028397633, 0.007779651), (0.043217637, -0.093951, 0.0037286845), (0.043427296, -0.08463145, 0.0034746053), (0.056257524, -0.074473806, 0.0032526029), (0.04612023, -0.07441505, 0.003886547), (0.047578033, -0.06364045, 0.004837301), (0.038672928, -0.07096655, 0.003592664), (0.059466418, -0.06934243, 0.0041213497), (0.03789465, -0.056213014, 0.004334754), (0.036803197, -0.042057917, 0.005152632), (0.053843316, -0.041475564, 0.006959296), (0.04528832, -0.040247865, 0.007062411), (0.067821816, -0.08532502, 0.0031196566), (0.064293645, -0.07728686, 0.0032528697), (0.06949913, -0.07400217, 0.0029532174), (0.06496091, -0.07132484, 0.00321625), (0.06959273, -0.07255566, 0.0033034415), (0.057199415, -0.065530114, 0.0036735232), (0.06586234, -0.05858829, 0.004393484), (0.065878645, -0.0449821, 0.0051512397), (0.05839888, -0.039693568, 0.0052104043), (0.064504735, -0.032866936, 0.0060543795), (0.04750646, -0.041409586, 0.007146172), (0.049602326, -0.040385015, 0.0072220666), (0.04898536, -0.037751235, 0.007331629), (0.049068145, -0.03463253, 0.0074903574), (0.05424066, -0.029779902, 0.007886049), (0.056139685, -0.024449108, 0.008084248), (0.06383556, -0.006255057, 0.0077979504), (0.060473222, -0.009407666, 0.008535392), (0.069609925, -0.06891311, 0.002933417), (0.04504321, -0.082527734, 0.0034336036), (0.06915121, 0.012924882, 0.004448469), (0.06964168, -0.023779528, 0.0037158148), (0.061432693, -0.027814122, 0.003841922), (0.051166095, -0.056166325, 0.0030476453), (0.051112626, -0.06675416, 0.0028274432), (0.042925987, -0.060138, 0.002393785), (0.094878025, 0.063679226, 0.011219224), (0.09497224, 0.049364228, 0.010979989), (0.08527037, 0.08549326, 0.0112020075), (0.073479444, 0.054791484, 0.010284266), (0.06594529, 0.067897975, 0.010622119), (0.076684095, 0.0027126682, 0.009376778), (0.054980934, 0.017374437, 0.0037564426), (0.06962954, -0.07005603, 0.0026690504), (0.06904369, 0.03061438, 0.0045075295), (0.06889386, 0.015587896, 0.0041520568), (0.04441055, 0.010574954, 0.0033774206), (0.056674257, -0.048189554, 0.0028010504), (0.05132619, -0.056825913, 0.0025573012), (0.06338631, -0.038665485, 0.0031306662), (0.06993258, -0.057493147, 0.0029515172), (0.04387734, -0.0012585963, 0.0032426668), (0.061897527, -0.06049754, 0.002696323), (-0.054846443, 0.04544831, 0.0019612159), (-0.051864665, 0.034568958, 0.001651957), (-0.062230125, 0.03860362, 0.0018056732), (-0.055380993, -0.062186785, 0.00042165892), (-0.045925714, -0.037060123, 0.00071096106), (0.035369832, 0.0062088654, 0.0076790564), (0.041054666, 0.030385774, 0.008465969), (0.035209037, 0.03605154, 0.008499993), (0.03515612, 0.04584495, 0.009176747), (0.03540078, 0.049957376, 0.008478066), (0.036087483, 0.06198768, 0.008153419), (0.03567774, 0.05188495, 0.009219102), (0.037150662, 0.06910921, 0.0077133337), (0.062548354, 0.018388633, 0.008655485), (0.1011938, 0.113583624, 0.015829198), (0.093537554, 0.11302585, 0.01596302), (0.09695607, 0.11205538, 0.015581536), (0.10485827, 0.11338994, 0.015101568), (0.09735654, 0.11118792, 0.015731908), (0.09562736, 0.109766595, 0.015506115), (0.09657534, 0.10878032, 0.015256289), (0.09355119, 0.10472364, 0.015836803), (0.10818931, 0.11291382, 0.012967545), (0.105724566, 0.113018796, 0.012945922), (0.10523764, 0.112574555, 0.014205861), (0.10441442, 0.11070398, 0.014335432), (0.10048261, 0.110074975, 0.014523049), (0.1027479, 0.111433074, 0.013347853), (0.09542217, 0.10730357, 0.014351339), (0.088995054, 0.10296208, 0.013313337), (0.10747022, 0.11269709, 0.0125171095), (0.10957728, 0.11149598, 0.01299149), (0.102320835, 0.10214067, 0.012084445), (0.10350779, 0.112423904, 0.01251301), (0.10152393, 0.11001871, 0.012826408), (0.094870575, 0.104661815, 0.012503008), (0.08760494, 0.10292161, 0.014680654), (0.09398668, 0.111493394, 0.012242935), (0.07891218, 0.09898425, 0.01320166), (0.034470957, 0.11205759, 0.010896458), (0.03759334, 0.10584948, 0.01071928), (0.03670399, 0.10828036, 0.011173608), (0.037893165, 0.1052592, 0.011239078), (0.037832834, 0.100924134, 0.0111895995), (0.041241966, 0.093997076, 0.010412032), (0.02493879, 0.1256448, 0.0102860555), (0.047913328, 0.06894186, 0.010068758), (0.04526203, 0.074774705, 0.0105024995), (-0.06316526, 0.0522529, 0.0024758247), (-0.050097212, 0.03995662, 0.0023419848), (-0.05638194, 0.050746124, 0.003188268), (-0.035228446, 0.03815058, 0.0019372617), (-0.045501813, 0.02954438, 0.002271723), (-0.03581016, 0.02402285, 0.0018628093), (-0.05433129, 0.029489396, 0.0021354032), (-0.06159029, 0.023662403, 0.0018009105), (-0.03582995, 0.015384883, 0.0016644176), (-0.058802217, -0.039768104, 0.0008262091), (-0.050255388, -0.027248869, 0.0012675996), (-0.040704098, -0.055511408, 0.00090285327), (0.022521654, -0.14529403, 0.0101281945), (0.051953163, -0.13973233, 0.0077166343), (0.07469467, -0.13701695, 0.008326865), (-0.095982164, 0.09954728, 0.009975695), (-0.09411674, 0.07431541, 0.009304222), (-0.09207503, 0.10727108, 0.010283566), (-0.064263105, 0.09095093, 0.009953906), (-0.03357792, 0.057138722, 0.0082167), (-0.033933476, 0.060757585, 0.008245481), (-0.033492435, 0.062064923, 0.008455196), (-0.03676356, 0.059345618, 0.007562782), (-0.03373213, 0.06253494, 0.0072384863), (-0.03390592, 0.0607812, 0.0077809826), (-0.034451485, 0.061409544, 0.00798312), (-0.035423167, 0.062218573, 0.008197746), (-0.038662247, 0.061614417, 0.007984605), (-0.033798087, 0.06552313, 0.006755887), (-0.045992687, 0.060697876, 0.008214868), (-0.03236046, 0.07086484, 0.008394619), (-0.034062173, 0.06265685, 0.006806781), (-0.03321079, 0.065516666, 0.006349951), (-0.06007987, 0.05802846, 0.008532262), (-0.055437624, 0.058717575, 0.008234435), (-0.058183245, 0.06013458, 0.008048032), (-0.051211283, 0.058085546, 0.008206885), (-0.04676969, 0.06750256, 0.008603195), (-0.066963844, 0.06456462, 0.009051948), (-0.05297272, 0.081414215, 0.0095528), (-0.0367311, 0.07365593, 0.008239738), (-0.042505696, 0.08875929, 0.008949839), (-0.04381701, 0.08166806, 0.009281706), (-0.04166981, 0.0898624, 0.009874516), (-0.034762036, 0.09778975, 0.00867415), (-0.040626694, 0.10258532, 0.009463674), (-0.038977746, 0.10343515, 0.0102372905), (-0.07159911, 0.10003851, 0.009997639), (0.042672653, 0.036702555, 0.003796915), (0.04191075, 0.052443545, 0.004275424), (0.051055502, 0.05121761, 0.0043074093), (0.054532684, 0.06519614, 0.008288222), (0.046378355, 0.06028876, 0.0045990483), (0.04097874, 0.062173944, 0.0047594686), (0.040766664, 0.06992227, 0.0066348035), (0.038337864, 0.07229391, 0.006136877), (0.038374934, 0.07098337, 0.0071009425), (0.038227107, 0.07295127, 0.006699855), (0.037403207, 0.074582264, 0.0062753316), (0.037809532, 0.07455261, 0.0068209185), (0.038654037, 0.078702904, 0.00653369), (0.039355733, 0.08090685, 0.0062292777), (0.06763435, 0.08313181, 0.0070219305), (0.067372546, 0.08318353, 0.007217002), (0.0721477, 0.07947065, 0.0074770213), (0.072192825, 0.07672143, 0.0073157107), (0.06827785, 0.07263048, 0.0071239024), (0.057382226, 0.07582678, 0.0067343093), (0.068703875, 0.061870858, 0.0057725697), (0.0661049, 0.06842786, 0.0072684353), (0.05718154, 0.06353883, 0.0051414208), (-0.04707797, -0.11933232, 0.006893075), (-0.026016647, -0.10070194, 0.006316087), (-0.016162949, -0.09461115, 0.005862247), (-0.06731363, -0.11566262, 0.0095795), (-0.027420163, 0.045921348, 0.008674136), (-0.037088525, 0.05190901, 0.008422897), (-0.017531188, 0.0484575, 0.008680399), (0.0012950045, 0.043145437, 0.00866888), (0.0015428192, 0.05625225, 0.008992219), (-0.022370484, 0.058380537, 0.00903109), (-0.030086191, 0.083962515, 0.008657509), (-0.03132887, 0.07779102, 0.008742553), (-0.028029889, 0.09335245, 0.009612658), (-0.027442506, 0.10454384, 0.008773607), (-0.028567415, 0.10824491, 0.008947671), (-0.025215656, 0.10542725, 0.010041774), (-0.024349878, 0.11139124, 0.009939858), (-0.0002630036, 0.10139531, 0.010401297), (-0.026685424, 0.11060736, 0.008624677), (-0.021709949, 0.11882475, 0.009256037), (-0.022819994, 0.1237553, 0.008910981), (-0.020803498, 0.120647505, 0.010138073), (-0.01643719, 0.12710047, 0.010748038), (-0.012238303, 0.13190553, 0.010495132), (-0.009066736, 0.13396753, 0.01087181), (0.007774734, 0.1283189, 0.011547368), (0.011035891, 0.12582254, 0.010968129), (0.013217276, 0.11995906, 0.011068865), (-0.013996098, 0.13489985, 0.009963917), (-0.016648708, 0.14348695, 0.009974387), (0.00018525675, 0.13814753, 0.010494476), (-0.008653024, 0.14800107, 0.010467016), (0.012015519, 0.13401493, 0.010218226), (-0.03477967, 0.050062392, 0.0024440216), (-0.049166653, 0.055442747, 0.0024947105), (-0.034176003, 0.06455359, 0.0036751865), (-0.063553564, 0.060047448, 0.0031498915), (-0.06361092, 0.06331915, 0.0036852462), (-0.037496366, 0.07496591, 0.004607683), (-0.062860236, 0.0737791, 0.0046090535), (-0.035794057, 0.060312074, 0.0038492375), (-0.03445212, 0.061953206, 0.0035939736), (-0.03343448, 0.06468145, 0.004002799), (-0.033242695, 0.06647659, 0.005117263), (-0.030896073, 0.06655713, 0.004471811), (-0.03025998, 0.07087559, 0.0044385325), (-0.03293226, 0.06836136, 0.005098013), (-0.035391033, 0.06918236, 0.004255354), (-0.03304314, 0.07370494, 0.0046145245), (-0.041813586, 0.032739088, 0.0015955641), (-0.059885923, -0.1344327, 0.007371105), (-0.058384217, -0.13239788, 0.0072434233), (-0.05005672, -0.12956421, 0.006807386), (-0.058767542, -0.12812878, 0.0060941675), (-0.045382395, -0.1148835, 0.0038993657), (-0.049035423, -0.10423145, 0.0021875065), (-0.0560158, -0.11696315, 0.0042619365), (-0.056119677, -0.10945852, 0.0026610307), (-0.057397656, -0.10333605, 0.0018339318), (0.062562466, 0.045100793, 0.009148519), (0.06644818, 0.070447735, 0.008722172), (0.06514831, 0.06468564, 0.009379146), (0.06551655, 0.06618618, 0.00909295), (0.06457769, 0.058399085, 0.0099482285), (0.06083384, 0.069437325, 0.009004096), (0.066742875, 0.06990335, 0.0082361), (0.06217311, 0.06208768, 0.009978032), (0.061913718, 0.052200086, 0.009707574), (0.06293464, 0.05327878, 0.009139706), (0.06250435, 0.029752355, 0.009364001), (0.062354878, 0.03153098, 0.008962883), (0.06172052, 0.016497266, 0.009326192), (0.0032870108, 0.080247074, 0.016552154), (-0.028094454, 0.08760452, 0.016194068), (-0.0199565, 0.09748788, 0.015969582), (-0.10785391, 0.10840612, 0.010048166), (-0.10743414, 0.10861201, 0.010570776), (-0.10463731, 0.104429014, 0.010091993), (-0.10543409, 0.10752539, 0.009959585), (-0.09933897, 0.1003954, 0.01014637), (-0.08524655, 0.097735226, 0.009764794), (-0.09792402, 0.10217659, 0.011570422), (-0.1054336, 0.10400641, 0.011825363), (-0.10544108, 0.10360572, 0.009936704), (-0.097887374, 0.1080461, 0.009992149), (-0.061300125, 0.10132798, 0.010158222), (-0.039020494, 0.109177366, 0.009642664), (-0.038411546, 0.109606475, 0.010031284), (-0.039396886, 0.10745358, 0.010339265), (-0.03287761, 0.12141029, 0.010414308), (0.020330979, 0.041800775, 0.009150504), (0.01070064, 0.04815617, 0.0090536745), (0.0242081, 0.061711717, 0.009441075), (0.029256226, 0.05137076, 0.009317155), (0.034198366, 0.06625975, 0.009929594), (0.011075071, 0.080645025, 0.009759692), (0.043763734, -0.10428114, 0.0043558674), (0.043655265, -0.091158174, 0.0032164354), (0.06603574, -0.1260134, 0.0070705283), (0.0659252, -0.123703055, 0.006531578), (0.0660567, -0.115778565, 0.0057397955), (0.06706441, -0.11138901, 0.004863678), (0.06601183, -0.10172244, 0.004069978), (0.06671077, -0.09446853, 0.0034952527), (0.043874186, -0.11008698, 0.0053620385), (0.04298998, -0.12528537, 0.0073791523), (0.056044262, -0.11588283, 0.005559537), (0.05064633, 0.005040445, 0.00403091), (0.06463648, 0.080690645, 0.011057763), (0.051040355, 0.017273884, 0.0044493894), (0.05137546, 0.030052962, 0.0048989467), (0.0687711, 0.016829384, 0.0043187663), (0.0601421, 0.023439031, 0.005028322), (-0.060594372, 0.050474018, 0.008533915), (-0.04651665, 0.056961693, 0.008041522), (-0.03632266, 0.05910229, 0.00675644), (-0.036188122, 0.061521612, 0.006189639), (-0.06816603, 0.054076895, 0.00882357), (-0.05834575, 0.059584197, 0.007912375), (-0.062417764, 0.05499778, 0.008378596), (-0.062274974, 0.055875633, 0.008664718), (-0.03789378, 0.110461906, 0.0153903095), (-0.036849674, 0.11138932, 0.015627563), (-0.036060162, 0.11311933, 0.015893564), (-0.058299106, -0.062456366, 0.0005342782), (0.05647888, -0.106622204, 0.00486355), (0.044008423, -0.0840156, 0.0031557425), (0.048712093, -0.08070139, 0.003197495), (0.04885626, -0.07283931, 0.0033837778), (-0.037633393, 0.07515351, 0.016440406), (-0.03295861, 0.08526277, 0.016801547), (0.03941161, 0.0814108, 0.0064942753), (0.042996615, 0.07668089, 0.0074169203), (0.041351117, 0.083069146, 0.006396737), (0.06610988, 0.077404246, 0.0079125995), (0.050174426, 0.07143096, 0.00847957), (0.04304209, 0.06789409, 0.009203324), (-0.053663738, 0.035134736, 0.0077044787), (-0.025991224, 0.13090192, 0.011076814), (0.062257297, -0.12452071, 0.007161802), (-0.055706628, 0.050514136, 0.007183297), (-0.059789572, 0.05933623, 0.0061225253), (-0.06372996, 0.062374488, 0.005323165), (-0.060217783, 0.06455404, 0.005751002), (-0.05965658, 0.060753334, 0.0065072137), (-0.06172576, 0.06647133, 0.005307338), (-0.06285917, 0.06306238, 0.007218738), (-0.063460074, 0.067572586, 0.0058988757), (-0.06277125, 0.068567246, 0.0049800356), (-0.05859022, 0.06331169, 0.005475506), (-0.058805455, 0.064593874, 0.0054803337), (-0.067758255, 0.07160288, 0.004685778), (-0.068961725, 0.06962264, 0.004516347), (-0.061967596, 0.071411036, 0.0053792107), (-0.057903174, 0.058569886, 0.0069498047), (-0.048556827, 0.053834353, 0.0074237683), (-0.05665206, 0.060173023, 0.0076094386), (-0.060075782, 0.060402423, 0.0072015678), (-0.061248366, 0.059517372, 0.007990299), (-0.058392216, 0.059760224, 0.007884993), (-0.048660837, 0.058263533, 0.007852193), (-0.055722207, -0.121200666, 0.00359742), (-0.056222346, -0.120244205, 0.003714474), (-0.05657402, -0.11942067, 0.003292201), (-0.056036025, -0.1170021, 0.0027873502), (-0.05585325, -0.11149031, 0.0023058995), (-0.05664341, -0.11269181, 0.002013917), (-0.056750823, -0.10437693, 0.0011650611), (-0.056339, -0.10779397, 0.0019157458), (-0.057199195, -0.09777043, 0.00069546426), (-0.0578547, -0.089551054, 0.0009565875), (-0.056887586, -0.09729685, 0.0010667879), (-0.057170242, -0.091052525, 0.00028939382), (-0.055362225, -0.08948997, 0.00054678414), (-0.05805662, -0.08050793, 0.0008642698), (-0.05700057, -0.08441523, 0.0001578665), (-0.0340182, 0.08744919, 0.01619366), (0.015658762, 0.11022961, 0.010738775), (0.01747755, 0.111268364, 0.010598924), (0.05159351, 0.057859626, 0.0064690458), (0.016025059, 0.11621646, 0.016068082), (0.014133969, 0.112910405, 0.015748912), (0.02439138, 0.10553077, 0.016195158), (-0.02400534, 0.1050198, 0.015641216), (-0.018090535, 0.10737106, 0.015678031), (-0.011100663, 0.11253805, 0.015348277), (0.0017426484, 0.112029865, 0.015409075), (0.005525036, 0.113607995, 0.015553217), (0.062240716, 0.06574599, 0.008453232), (0.057407428, 0.06416874, 0.007913725), (0.05041019, 0.066668235, 0.007857522), (0.06257265, 0.060907077, 0.0067946464), (0.060665354, 0.035672016, 0.0055491137), (0.03289961, 0.07172194, 0.010103155), (0.032371115, 0.07347113, 0.009528354), (0.029561415, 0.08502161, 0.009860709), (0.024751268, 0.08335706, 0.010276454), (-0.030747028, 0.089748025, 0.016214482), (-0.030756019, 0.089883596, 0.016364867), (-0.030784493, 0.09062643, 0.016131714), (-0.02785913, 0.09788565, 0.015998947), (-0.026362708, 0.10304034, 0.015749281), (-0.025983412, 0.10861202, 0.016914044), (-0.02630994, 0.10294024, 0.015854746), (-0.024160385, 0.10799125, 0.01606376), (-0.02458548, 0.10587773, 0.015836367), (-0.024536902, 0.10799579, 0.015748871), (-0.024143014, 0.11128597, 0.015870076), (-0.024113532, 0.11258122, 0.016151123), (-0.022572486, 0.115235455, 0.016259884), (0.06291563, -0.13743593, 0.0077415723), (0.053987447, -0.12770532, 0.007451238), (0.06619187, -0.12847918, 0.0072072917), (0.06083986, 0.006287079, 0.009129687), (0.0687165, -0.0027727967, 0.009047343), (0.060396053, 0.012359642, 0.009265821), (0.06139424, 0.013131674, 0.009071882), (-0.058526937, 0.057667468, 0.0049482114), (-0.061904415, 0.058994535, 0.004330895), (-0.06264856, 0.060624834, 0.0053053065), (-0.06455375, 0.062547736, 0.005065474), (-0.06813674, 0.06733094, 0.004318799), (-0.06805481, 0.06712688, 0.004499247), (0.032896303, 0.07820886, 0.010152313), (0.03274052, 0.079993226, 0.010348933), (0.032081548, 0.08652321, 0.010419575), (0.03007343, 0.09116176, 0.010574699), (0.028370388, 0.09208915, 0.010058364), (0.025638347, 0.094198935, 0.0105488775), (0.019775357, 0.09677668, 0.01047462), (0.042793844, -0.135679, 0.0076573733), (0.037609216, -0.12834227, 0.007899193), (0.03993505, -0.11718411, 0.0074997256), (0.018241374, -0.13613236, 0.008745922), (-0.030889655, 0.05613312, 0.0087581985), (-0.028590694, 0.06537028, 0.009172098), (0.056938812, 0.06373224, 0.010014589), (0.05095108, 0.06381688, 0.009804406), (0.04836146, 0.067218326, 0.009642292), (0.030436309, 0.09677377, 0.009132935), (-0.033074114, 0.05700721, 0.008558499), (-0.03484536, 0.070979804, 0.009151228), (-0.03410691, 0.0755117, 0.009319665), (-0.031539205, 0.0829446, 0.009617333), (-0.028697781, 0.08986983, 0.009485408), (0.037860297, 0.06667025, 0.008995351), (0.048281997, 0.06676393, 0.009518616), (0.045805383, 0.06843649, 0.0075976974), (0.058215994, 0.06295815, 0.009908686), (0.05146036, 0.06551321, 0.009530927), (-0.016295137, 0.11766406, 0.015460165), (-0.016529407, 0.12035037, 0.0152821485), (-0.01105508, 0.12938808, 0.015366421), (0.019336652, 0.122240506, 0.015507937), (-0.030243123, 0.087305665, 0.009875733), (-0.030725507, 0.08705676, 0.009780091), (-0.02964987, 0.090221465, 0.009899669), (0.018476374, 0.12039853, 0.016038332), (0.017153159, 0.118453965, 0.015814297), (0.012190834, 0.11660647, 0.01568262), (0.005539943, 0.114767835, 0.015542836), (0.0055104676, 0.11405083, 0.015356029), (0.008429225, 0.11615196, 0.01553936), (0.01483021, 0.109044686, 0.015468561), (0.0095658405, 0.112491906, 0.01538861), (0.014873614, 0.1140078, 0.015576711), (0.0078026024, 0.114830546, 0.015243479), (-0.049720373, 0.060637455, 0.007790314), (-0.05522865, 0.06462656, 0.007285651), (-0.02490227, 0.11327253, 0.015643217), (-0.048406255, 0.059441984, 0.008046361), (0.015521648, 0.11283064, 0.015658177), (0.016069043, 0.11339851, 0.015738217), (-0.058362998, 0.061112843, 0.007897143), (-0.057146143, 0.059665803, 0.0079989415), (-0.057224657, 0.06090842, 0.00788819), (-0.009356866, -0.10145544, 0.006335139), (0.00034606145, -0.08880405, 0.006508133), (-0.05604007, -0.11103746, 0.0088834595), (-0.038328417, -0.09715246, 0.0073414133), (-0.005338136, 0.06850539, 0.009450057), (-0.010902155, 0.058176268, 0.009046981), (-0.017649464, 0.06826971, 0.009434205), (-0.00779126, 0.045271076, 0.00865149), (-0.017681548, 0.036666412, 0.008531976), (-0.027843298, 0.03151869, 0.008572439), (-0.047195245, 0.03357357, 0.008482956), (-0.037642814, 0.024806052, 0.008586216), (-0.038091015, 0.039196774, 0.008613093), (0.06902943, 0.026090683, 0.0044869524), (0.057167456, 0.03859323, 0.0041673146), (-0.03260901, -0.1091915, 0.006468477), (-0.027582148, -0.11932922, 0.0065051713), (-0.037038703, -0.11869167, 0.0065189716), (-0.0663409, 0.07875341, 0.009534141), (-0.044637695, 0.07813092, 0.008776517), (-0.053441167, 0.0960189, 0.010155627), (-0.04222185, 0.09212669, 0.009372691), (0.051548403, 0.028531566, 0.0038253993), (-0.07536337, 0.08917003, 0.009695741), (-0.057120226, 0.06937456, 0.009088906), (-0.08471336, 0.08215809, 0.009365178), (0.05003817, 0.047297303, 0.008825107), (0.04820882, 0.057139285, 0.008597379), (0.008585415, 0.06903492, 0.016989937), (0.05133227, 0.024964308, 0.008568863), (0.050673332, 0.036794696, 0.0087689245), (0.062164843, 0.042644512, 0.009568218), (0.069075786, 0.030527197, 0.009650196), (-0.0071644476, 0.08991499, 0.01625064), (-0.041128587, -0.09496576, 0.0014979177), (-0.03890668, -0.106242254, 0.0025890288), (0.003519528, 0.093432136, 0.01617236), (0.0147971455, 0.101712, 0.01615233), (0.015229331, 0.08670659, 0.016639872), (-0.044667765, 0.1023189, 0.010285294), (-0.064646594, 0.10808574, 0.010384607), (-0.05335892, 0.074645914, 0.0047387443), (-0.0658958, -0.12922533, 0.007578521), (-0.09540781, 0.08733169, 0.009798606), (0.06434323, -0.017239358, 0.007040458), (0.05656655, -0.026036782, 0.006148641), (0.06152728, -0.06349935, 0.0030614673), (0.060446836, -0.015271791, 0.004021389), (0.06944171, -0.00820932, 0.0040328046), (0.053790398, -0.078264765, 0.003506903), (0.06126819, -0.02759612, 0.0032465714), (0.0430848, -0.07223504, 0.0023753138), (0.05321621, -0.068128794, 0.0024669124), (0.05156786, -0.024218272, 0.0030333947), (0.043401662, -0.030698298, 0.0028182259), (0.06187279, -0.050308924, 0.00335322), (0.06980791, -0.043044455, 0.0032790734), (0.06522836, -0.04866153, 0.0029519887), (-0.052070256, -0.07226016, 0.00022321164), (-0.041646946, -0.004690543, 0.0012112199), (-0.040001977, -0.016879732, 0.0010353589), (-0.046971492, 0.022265142, 0.001505411), (-0.04303918, -0.072130665, 0.00019902948), (-0.052441314, -0.048900962, 0.00062036887), (-0.044588193, 0.043107413, 0.0019039164), (-0.04689248, -0.023194563, 0.00092425826), (0.059639763, -0.037879344, 0.003628171), (0.08984127, 0.09890611, 0.011810245), (0.087476574, 0.024062997, 0.010207206), (0.078896694, 0.03327344, 0.010049855), (0.08437619, 0.058238283, 0.010724443), (0.0752291, 0.07698275, 0.010924644), (0.08454898, 0.0714128, 0.010886789), (0.076085515, 0.06554637, 0.01057635), (0.096468, 0.07680547, 0.011442588), (0.057731688, -0.054085743, 0.0043273373), (-0.033726122, -0.016275397, 0.0044806735), (-0.051260572, -0.010498503, 0.0060311807), (-0.032345537, -0.05246073, 0.002303706), (-0.0606567, -0.031188523, 0.00316023), (-0.061863564, -0.0032360237, 0.004728119), (0.056619886, -0.056466088, 0.005577801), (-0.035442498, 0.025437737, 0.0061711567), (-0.04653824, -0.01389769, 0.0015979648), (0.041547433, 0.08784942, 0.0108460495), (0.049891, 0.09790751, 0.011398369), (0.044577647, 0.08146947, 0.010240395), (-0.04806845, 0.019577842, 0.0021620644), (-0.047410343, -0.03635588, 0.001173282), (0.041787893, -0.1463785, 0.016496874), (-0.10166865, 0.06702251, 0.009444045), (-0.07973968, 0.048453987, 0.00890861), (-0.081403896, 0.03592011, 0.0087259095), (-0.07771659, 0.061597366, 0.008967747), (-0.08867562, 0.056114808, 0.009040373), (-0.1044851, 0.09569243, 0.009663695), (-0.0416767, -0.02752294, 0.001336197), (-0.03866466, -0.06803953, 0.0006985372), (0.052403472, 0.012145932, 0.008201051), (0.03549756, -0.007672944, 0.0070594656), (0.054244593, -0.0013685836, 0.007597541), (0.04480669, -0.009729108, 0.0070063225), (0.053664915, -0.01411916, 0.00690386), (0.048162226, -0.048286043, 0.0046264445), (0.047950093, -0.06110542, 0.003906364), (-0.041201584, -0.049983844, 0.0005413889), (0.03528957, 0.017681751, 0.008811015), (0.042060573, 0.01853584, 0.00819191), (0.035209008, 0.024174549, 0.008231331), (0.04606469, -0.022598375, 0.006260799), (0.071938604, 0.11050625, 0.011983964), (0.06715726, 0.103956796, 0.012231704), (0.0813289, 0.09956943, 0.015470872), (-0.06240455, 0.021476517, 0.005628031), (0.067942046, -0.015340481, 0.008757802), (0.061949298, 0.021442015, 0.009217942), (0.016515566, 0.089884326, 0.010233174), (0.011532441, 0.100571, 0.010527615), (-0.05764984, -0.0734358, 0.00034607237), (0.023193842, 0.106756374, 0.0098139), (0.010948847, -0.14433958, 0.00983726), (-0.021528173, 0.0864266, 0.009933144), (-0.008735048, 0.09098057, 0.010134906), (-0.01366371, 0.07835704, 0.009796498), (0.018353363, 0.0707865, 0.009597888), (0.06927274, 0.00967026, 0.009373286), (-0.0220912, 0.12367685, 0.017210681), (0.044801712, 0.0806077, 0.010027162), (-0.026460806, 0.07589913, 0.009619615), (0.05522182, 0.07204538, 0.01060032), (-0.047925517, -0.067241274, 0.000675181), (-0.051147286, -0.056859277, 0.00076065725), (-0.06954849, 0.04237414, 0.008627601), (-0.04048867, 0.099140346, 0.01578681), (-0.050963923, 0.11074803, 0.0150538115), (0.05436183, 0.08312634, 0.0068068695), (0.0044046636, 0.091364, 0.010072564), (-0.0008636989, 0.08013974, 0.009809023), (0.0063757556, 0.06943216, 0.009405499), (-0.0072466014, 0.054134868, 0.017001951), (-0.02809841, 0.044386014, 0.01710342), (0.053283073, -0.081901744, 0.002693028), (0.053755462, -0.09567115, 0.0033743074), (0.05613861, -0.10340526, 0.004063671), (0.04340429, -0.11782572, 0.0061591156), (0.019582694, 0.05233289, 0.0092046885), (0.013184669, 0.059474856, 0.0092079025), (0.008436633, 0.036094245, 0.008611126), (0.028559586, 0.036805067, 0.009222695), (0.017135506, -0.1497175, 0.013903681), (0.05255515, -0.022706037, 0.0036488853), (-0.049084526, 0.04793382, 0.008396816), (0.06780795, 0.09916119, 0.011608255), (0.061456345, 0.09248651, 0.0113901505), (-0.0164206, 0.06660153, 0.016758367), (0.006130893, 0.1099374, 0.01067168), (0.050956782, 0.043221924, 0.0054516005), (0.021792708, 0.1181351, 0.009597428), (-0.042722717, 0.066678986, 0.0068398006), (0.052674074, -0.11755547, 0.006361608), (-0.04419773, 0.041896004, 0.007630895), (0.09348338, -0.056738812, 0.010552132), (0.09928255, -0.0748421, 0.014091892), (0.09454461, -0.1016836, 0.017215889), (0.08550623, -0.06472542, 0.009306544), (0.09417931, -0.019939959, 0.010183651), (0.08904779, -0.012240784, 0.009776173), (0.08411904, -0.10578612, 0.009991708), (0.08245836, -0.13171868, 0.009468431), (0.08492165, -0.07852643, 0.009534591), (0.08363015, -0.09258795, 0.009620602), (0.035658456, 0.10060796, 0.015512011), (0.045366764, 0.103689834, 0.01575206), (0.06866406, 0.103540905, 0.01589354), (0.09811077, 0.026375439, 0.010830519), (-0.06757603, -0.07290074, 0.007918233), (-0.050148077, -0.08853272, 0.007407346), (-0.052841265, -0.099248074, 0.0086736595), (-0.08713236, -0.08829626, 0.009968005), (-0.05786397, -0.0686719, 0.007255224), (-0.07380615, -0.027712423, 0.008108273), (-0.075285226, -0.041321646, 0.008002066), (-0.055246647, -0.044484384, 0.007500041), (-0.056406118, -0.05723874, 0.007238376), (-0.08702619, -0.073613934, 0.009588053), (-0.0866697, -0.10276301, 0.0104390485), (-0.063430265, -0.0363551, 0.007845747), (-0.10807181, 0.090303764, 0.012373433), (-0.09885534, 0.08635397, 0.01464716), (-0.0923281, 0.07524388, 0.015283184), (-0.08826697, -0.11504372, 0.011124431), (-0.0515632, -0.018021613, 0.0080429455), (-0.041476786, -0.025735974, 0.007701251), (-0.07787944, 0.0060659684, 0.00839531), (-0.075831756, 0.016473124, 0.008441118), (-0.0861127, 0.013919445, 0.00861945), (-0.029450852, -0.018094497, 0.0076166447), (-0.016263817, -0.015889687, 0.007442325), (-0.023479313, -0.052972797, 0.0067832954), (0.00063255115, -0.055210188, 0.006484804), (0.0055293655, -0.04405974, 0.006763754), (0.014122386, -0.053100813, 0.0064842817), (-0.017416267, -0.07064416, 0.0062311757), (-0.05531628, 0.013206739, 0.008380516), (-0.055244047, 0.0018967256, 0.00831932), (-0.069206595, -0.0019844023, 0.008265408), (-0.09944351, 0.038050197, 0.009397223), (-0.03318023, 0.010842401, 0.00830086), (-0.040346984, -0.00090379396, 0.008198768), (-0.026116658, 0.01746783, 0.008314604), (0.10596827, 0.04590788, 0.012186468), (0.10819021, 0.083385125, 0.012735203), (-0.019995335, 0.0970781, 0.014776451), (-0.012081651, 0.13570727, 0.014365094), (0.021773065, 0.09642097, 0.015115201), (0.0002771601, 0.09779317, 0.015004903), (0.0085581215, 0.104773454, 0.015414143), (-0.057125773, 0.10176292, 0.014594711), (-0.061145145, 0.09306978, 0.013998456), (-0.041215748, -0.09354357, 0.018019978), (-0.075538605, -0.07206706, 0.01712089), (-0.07822596, -0.047554165, 0.016896706), (-0.08343444, -0.060289495, 0.016759729), (-0.007508618, -0.070203856, 0.018990448), (-0.00906847, -0.10336065, 0.019105734), (0.002981047, -0.10598693, 0.01948092), (0.020966537, -0.09454343, 0.019587431), (0.015256837, -0.1116454, 0.019581897), (0.018220002, -0.07179497, 0.019308878), (0.02710402, -0.062086105, 0.019193664), (-0.00009306964, -0.07986284, 0.019237192), (-0.00073337567, -0.093863666, 0.019262385), (-0.0814265, -0.122713745, 0.01713319), (-0.091528215, -0.10440078, 0.016465675), (-0.081132285, -0.13452484, 0.01722852), (-0.019822173, -0.11109454, 0.018714873), (-0.037238386, -0.124349706, 0.018814843), (-0.048284713, -0.11863216, 0.018230256), (-0.02458896, -0.1218543, 0.018971978), (-0.014495091, -0.12923844, 0.019296668), (-0.0053289924, -0.114387, 0.019307464), (0.036713257, -0.107403174, 0.019648118), (0.018152364, -0.12242074, 0.019540248), (-0.0028954498, -0.13713071, 0.019023629), (0.02235176, -0.13427106, 0.019379769), (-0.036680944, -0.13440752, 0.018888569), (-0.03390083, -0.14664255, 0.01025627), (-0.043007243, -0.14188366, 0.01831833), (-0.09688019, -0.11653994, 0.012898872), (-0.087486714, -0.06071723, 0.009353425), (-0.09221322, -0.11835985, 0.016446771), (-0.09096988, -0.08093166, 0.016454428), (-0.08621903, -0.035400003, 0.016529987), (-0.1030315, 0.022437887, 0.01178074), (-0.10103542, -0.00027143428, 0.012062521), (-0.10631579, 0.060282134, 0.010419652), (-0.08109524, -0.012398407, 0.016455263), (-0.081748374, 0.0134330625, 0.016224785), (-0.09236017, 0.0072868965, 0.01591097), (-0.090044804, -0.015962267, 0.016208313), (-0.09752754, -0.049061183, 0.012289299), (0.069580734, -0.14452806, 0.0169236), (0.06035554, -0.14040554, 0.018939827), (0.040693007, -0.120729566, 0.01959008), (0.046368647, -0.14115013, 0.018824613), (-0.048659194, -0.0361858, 0.01774096), (-0.014767648, -0.033848427, 0.018470626), (-0.019843219, -0.022429097, 0.018262235), (-0.05073324, -0.007898282, 0.017395947), (-0.04190859, -0.013529326, 0.017723981), (-0.056914043, 0.019045064, 0.01692023), (-0.025499718, 0.0018965547, 0.017843382), (-0.060608707, -0.0028628292, 0.017031327), (-0.070245005, 0.0049081054, 0.01663974), (-0.008768482, -0.04496689, 0.018712036), (-0.003464861, -0.057191093, 0.01895443), (0.010685478, -0.034925003, 0.018760612), (0.07959922, -0.055574328, 0.018044252), (0.09087318, -0.051645484, 0.017479476), (0.07961345, -0.070087306, 0.017978774), (0.06789961, -0.063310884, 0.017966256), (0.06350915, -0.086242005, 0.01819882), (0.047262426, -0.055234227, 0.018934924), (0.073690966, -0.033437226, 0.018028907), (0.084698506, -0.02807454, 0.017809452), (0.0895201, -0.07883371, 0.017692344), (0.08892527, -0.06564838, 0.017696274), (0.019473597, -0.083201095, 0.019444862), (0.03141299, -0.08672957, 0.019538201), (0.042343944, -0.07880759, 0.019276747), (0.07942128, -0.11837671, 0.01798749), (0.04879686, -0.111212194, 0.019500079), (0.078487344, -0.09666233, 0.017790211), (0.051355623, -0.084879786, 0.018852547), (0.08016642, -0.0834487, 0.017867533), (0.0035433124, -0.1358909, 0.008409988), (0.029514143, -0.11228013, 0.0075582867), (0.012088083, -0.11274188, 0.007947266), (-0.015818808, -0.122065224, 0.0069430256), (0.00025855092, -0.11179651, 0.0074054403), (0.0067752684, -0.11979011, 0.00797347), (-0.023574935, -0.13047385, 0.0073171947), (0.020109275, -0.0953792, 0.00727127), (0.0377835, -0.05154682, 0.006917817), (0.034216434, -0.061660983, 0.0067812568), (0.029813318, -0.07367266, 0.0071249595), (0.038630236, -0.082708485, 0.007380818), (0.05292196, -0.07955411, 0.0074606864), (0.06309101, -0.103928715, 0.0076036905), (0.044759132, -0.10479934, 0.0073925816), (0.07293443, -0.09842288, 0.008124415), (0.074161656, -0.1251897, 0.008558378), (-0.036060166, -0.075767145, 0.000654013), (-0.032831132, -0.06850957, 0.0004227238), (-0.037504103, -0.007450415, 0.0011978785), (0.08215534, 0.03566845, 0.017485725), (0.068165936, 0.03888781, 0.017559003), (0.0624994, -0.03037506, 0.018020708), (0.095450215, 0.027658354, 0.016646171), (0.068900004, 0.011971827, 0.017785747), (0.0661729, 0.0010676611, 0.01786889), (0.05297169, -0.008573327, 0.018138438), (0.07793648, 0.0146910595, 0.017507024), (0.092200324, 0.08770368, 0.01665655), (0.08240968, 0.095954776, 0.016706578), (0.082341254, 0.08432815, 0.01692855), (0.079233035, 0.07460083, 0.017098721), (0.07058603, 0.08075635, 0.01699349), (0.073045105, 0.056186546, 0.017334834), (0.0620426, -0.08922326, 0.00754776), (0.06446008, -0.07590141, 0.007640255), (-0.041658297, 0.0035917878, 0.0052531627), (-0.0494372, 0.015568019, 0.005578205), (-0.044311084, -0.007665515, 0.004637007), (-0.051612057, 0.001758815, 0.0050348914), (-0.04449707, -0.019963486, 0.0039938297), (-0.054327674, -0.034871392, 0.0029597278), (-0.044666577, -0.038376193, 0.0028944984), (-0.043686703, -0.04981348, 0.002100359), (-0.03230975, -0.0528387, 0.00218795), (-0.04795208, 0.048571266, 0.0059181647), (-0.052349873, 0.039574675, 0.0060471324), (-0.051085744, 0.029067533, 0.0059336727), (0.011469502, 0.01654333, 0.008217949), (0.0057899933, 0.025018135, 0.008395881), (0.025582556, 0.006922862, 0.008259358), (0.025781002, -0.0026977172, 0.007939006), (0.0017174527, -0.006225549, 0.0076652397), (-0.011502985, -0.0044555147, 0.0076682772), (-0.0034408548, 0.01732554, 0.00819931), (0.023358759, 0.016927572, 0.008467309), (-0.045814417, -0.060915425, 0.0013917396), (-0.05100028, -0.05355829, 0.0027006406), (0.030350193, -0.02578207, 0.0073442603), (0.018400889, -0.022633856, 0.007260978), (0.010420847, -0.03237686, 0.0070208427), (0.04494641, 0.004425106, 0.018398495), (0.048910227, 0.024266444, 0.017963856), (0.031085826, -0.022339212, 0.018713266), (0.030816955, -0.012288487, 0.018563837), (0.011117266, -0.012528849, 0.01835594), (0.0068131727, -0.023110876, 0.018569123), (0.03207412, -0.035506863, 0.018820316), (0.05179909, -0.0260166, 0.01840727), (0.0544729, -0.035730083, 0.018240774), (-0.06803769, 0.039847612, 0.01636296), (-0.07691844, 0.046483357, 0.016089676), (-0.078611515, 0.035734907, 0.016157527), (-0.05847518, 0.03296308, 0.016693447), (0.037903428, 0.029672392, 0.01801583), (0.0293024, 0.022139356, 0.017950831), (0.026212728, 0.03443421, 0.01776164), (0.032146513, -0.00030945128, 0.018374342), (0.056909256, 0.04371773, 0.01788918), (-0.05860374, 0.045503683, 0.016527295), (0.070676856, -0.044687662, 0.008409897), (0.06560305, -0.027231624, 0.008552856), (0.060822852, -0.03686747, 0.0080960225), (0.058530737, -0.046185635, 0.007749936), (0.08225456, -0.0439445, 0.009022165), (0.07683886, -0.056372818, 0.008509644), (0.056854654, -0.055675454, 0.0075340923), (0.06621408, -0.06288862, 0.007852926), (0.07966766, -0.021068053, 0.009227628), (0.055077825, -0.064538494, 0.018413227), (0.004207274, 0.02270345, 0.01762002), (0.008483432, -0.001007985, 0.018100016), (-0.024250172, 0.012737347, 0.017702706), (-0.0027415538, 0.0071550743, 0.017864592), (-0.03148881, 0.10209178, 0.017425751), (-0.06328364, 0.091304444, 0.015415501), (-0.05420768, 0.100168124, 0.0153174335), (-0.044206787, 0.087718226, 0.016379211), (0.02730893, -0.04999319, 0.0067320457), (0.02922013, -0.03646155, 0.007051506), (-0.08416906, 0.10261342, 0.014841582), (-0.083745755, 0.0844934, 0.015290305), (-0.07056686, 0.07984273, 0.015578828), (-0.08672022, 0.065599956, 0.015609812), (-0.0804814, 0.055667017, 0.01589406), (-0.044774815, 0.028410977, 0.017154388), (-0.047612548, 0.07343934, 0.016112873), (-0.06081675, 0.09816606, 0.0106147295), (-0.06597472, 0.08877409, 0.011040869), (-0.017838402, 0.098391816, 0.010916737), (0.004881902, 0.09939043, 0.011067649), (-0.017862728, 0.08624506, 0.011474768), (-0.0054226858, 0.081504375, 0.011914027), (0.058157, 0.09925285, 0.012172728), (0.004654104, 0.03288774, 0.017553976), (0.030396545, 0.09825995, 0.01788307), (0.058000945, 0.076405406, 0.017073642), (0.019235337, 0.06365311, 0.01712978), (0.005908157, 0.04628497, 0.01739022), (0.039702605, 0.04983384, 0.017697033), (0.02626552, 0.106541544, 0.0155766), (0.04604072, 0.09887422, 0.016591175), (0.07972604, 0.10546083, 0.016498754), (0.023257792, 0.13487579, 0.016047565), (0.060600188, 0.11235832, 0.016159838), (-0.0069957064, -0.085252374, 0.005993664), (-0.0051292186, 0.031387687, 0.008483779), (0.068889394, 0.05203879, 0.005295442), (-0.018923074, 0.086341515, 0.016279122), (0.041641153, 0.040529124, 0.008564179), (0.0030887676, 0.10449196, 0.015836753), (0.043639503, -0.015978446, 0.0030304464), (0.08160283, 0.011795082, 0.009742509), (0.08235353, 0.045968022, 0.01041569), (-0.04524193, 0.04965382, 0.003246656), (-0.048520062, -0.0000160179, 0.0012614173), (-0.041942284, -0.0049518915, 0.0016659201), (0.06316182, 0.110213295, 0.011900174), (0.08071539, 0.11079921, 0.012067753), (0.06066203, 0.04816117, 0.005975421), (-0.01930588, 0.09742086, 0.010233615), (-0.058550663, -0.051112235, 0.00068024365), (0.005654004, 0.05823424, 0.017082933), (-0.00636023, -0.14954971, 0.013510659), (0.043163825, -0.045418147, 0.0026060054), (0.05211698, -0.045374047, 0.0032581084), (0.051289428, -0.008808171, 0.0038255902), (-0.024643425, 0.076968886, 0.016468927), (0.07597144, -0.070895486, 0.0083522955), (0.09567616, 0.01670972, 0.016664328), (-0.09468757, 0.018759564, 0.0090834275), (-0.090990275, 0.004466783, 0.008836976), (-0.045380257, -0.05085591, 0.0071939114), (-0.011403744, -0.06082108, 0.0064184666), (-0.0074219275, -0.07260164, 0.0061144503), (-0.091574945, -0.0077968147, 0.009001947), (-0.049591083, -0.00698151, 0.008216899), (-0.040031362, -0.012328146, 0.007965911), (0.011153621, 0.08919841, 0.014662456), (-0.08038434, -0.08410785, 0.016996926), (0.012300279, -0.10115209, 0.01954082), (0.017294697, -0.061912306, 0.019163111), (0.026916299, -0.11487698, 0.019606965), (-0.029623087, -0.14211468, 0.018368669), (-0.093366794, -0.061059505, 0.016145574), (-0.09944113, 0.028132657, 0.009502995), (-0.09389238, -0.025477022, 0.01596361), (-0.080916144, 0.0005022809, 0.016344482), (-0.09088554, -0.048183866, 0.016310317), (0.06415555, -0.1317173, 0.019382717), (0.030317264, -0.124865666, 0.019537203), (-0.036612235, -0.04196888, 0.018183775), (-0.007618704, -0.022863388, 0.018441737), (-0.041860256, 0.0004813694, 0.01757418), (-0.03258157, -0.005304444, 0.017824836), (-0.030444805, -0.018493595, 0.01803634), (-0.020620834, -0.007924634, 0.018055327), (-0.06992693, -0.0072024576, 0.016768169), (-0.059709184, -0.016186733, 0.017191365), (-0.04977672, -0.022156443, 0.017567012), (0.012170281, -0.044194385, 0.018895267), (-0.07107585, -0.0351513, 0.01701186), (0.044890355, -0.09669242, 0.019209996), (0.039088674, -0.09486031, 0.0073220576), (0.030589221, -0.09064161, 0.0073027285), (0.09045615, 0.0609201, 0.016997233), (0.10028022, 0.07826369, 0.015826559), (0.10137891, 0.09177761, 0.0157692), (-0.008340109, 0.0051435865, 0.007889302), (0.006078767, -0.02047699, 0.0073287133), (0.04432484, -0.042450335, 0.018927483), (0.050712835, 0.014655876, 0.018018043), (0.0864539, -0.0533707, 0.009335485), (-0.015195537, 0.0049038175, 0.01789729), (-0.012443469, 0.015386787, 0.017670758), (-0.0019188473, 0.016234886, 0.017679647), (0.0002058533, -0.011729626, 0.018276175), (0.022147411, 0.015075206, 0.017964482), (0.037914533, -0.042156167, 0.007091874), (-0.0048683323, -0.016871624, 0.0073758415), (-0.0037615874, -0.043555092, 0.0067959717), (-0.076866716, 0.09266818, 0.015196369), (-0.051959645, 0.10825601, 0.01045951), (-0.00824325, 0.026120545, 0.017473636), (-0.0054790224, 0.03905862, 0.017423945), (0.062544174, 0.08897911, 0.016911363), (-0.015896918, -0.08185404, 0.0059579876), (0.069081165, 0.03817253, 0.004867799), (0.043318536, 0.022648444, 0.0036508602), (-0.003500772, 0.06892823, 0.016858924), (-0.011388674, 0.07824199, 0.016554067), (0.06333636, 0.0072477222, 0.00838522), (-0.07733355, 0.10791547, 0.010309705), (0.058197796, -0.004883449, 0.003509491), (0.056901142, 0.006077973, 0.0036415868), (0.062031582, -0.07385358, 0.002585775), (0.053501047, -0.03573221, 0.002908077), (0.07207468, 0.04329659, 0.009998672), (0.055384554, -0.08903435, 0.0036036565), (-0.051883522, 0.011703784, 0.0014305108), (-0.047791425, -0.046593726, 0.0009888558), (-0.09440044, 0.06329103, 0.0091331415), (-0.08574419, 0.06906294, 0.009089606), (0.043468457, 0.0039816494, 0.007677343), (0.035641853, -0.017658195, 0.006607864), (0.048328836, -0.03573001, 0.0053929556), (-0.07796548, 0.11029889, 0.014615706), (-0.02777844, 0.06458941, 0.016660573), (-0.019239523, -0.14934355, 0.013144303), (0.059154764, -0.0016730084, 0.004241615), (-0.06359242, -0.09152952, 0.008599955), (-0.082898445, -0.03017674, 0.008336167), (-0.090603024, -0.02966026, 0.00921099), (-0.08689859, -0.019304713, 0.008599023), (-0.09086206, 0.09397352, 0.014936988), (-0.03519715, -0.036684114, 0.007328354), (-0.08368748, 0.024580333, 0.008668169), (-0.026697908, -0.006202479, 0.007820468), (0.017127119, -0.041567236, 0.0067889546), (-0.025660975, -0.077557184, 0.006176846), (-0.060594004, -0.011040389, 0.008218468), (-0.09236157, 0.030622173, 0.008916283), (-0.015187352, 0.012053834, 0.008039748), (-0.024697794, 0.0028846273, 0.007978392), (-0.08674626, -0.072398074, 0.016669955), (0.024295041, -0.10493967, 0.019636428), (0.0063239248, -0.11896117, 0.019524904), (0.009667502, -0.054997202, 0.019042498), (0.021206554, -0.050578997, 0.019010162), (-0.08134581, -0.097996034, 0.016865999), (-0.09168984, 0.032278545, 0.015766276), (-0.090803206, -0.0051651946, 0.016088225), (-0.012151538, -0.013436176, 0.018265322), (-0.027197491, -0.031462654, 0.018263038), (-0.06279678, 0.008237611, 0.016852109), (-0.039146483, -0.02721326, 0.017954927), (-0.051817134, 0.0053787925, 0.017221328), (-0.033956666, 0.007730695, 0.01762784), (-0.059303846, -0.029462628, 0.017335167), (0.002523894, -0.045716964, 0.01888369), (0.06951636, -0.050310854, 0.018045042), (0.034359086, -0.049636986, 0.019016976), (0.09245576, -0.037860986, 0.017252052), (0.094178095, -0.025457079, 0.016955702), (0.08865518, -0.09232799, 0.017786046), (0.0726062, -0.08835607, 0.017842293), (0.08471946, -0.10588643, 0.017751765), (0.05953646, -0.10924376, 0.019003091), (0.049752172, -0.09141028, 0.007416413), (0.08158503, 0.06495022, 0.017232388), (0.09943903, 0.065493934, 0.015847275), (0.0207914, -0.028339466, 0.018715361), (0.04656191, 0.038019057, 0.017825173), (0.032756764, 0.011078308, 0.01818907), (0.021071766, -0.0061267037, 0.018308943), (-0.031106483, 0.031594075, 0.017275535), (-0.022102056, 0.023103757, 0.017481059), (-0.006358271, -0.003237037, 0.018085424), (-0.06946587, 0.10158774, 0.015055979), (-0.01007952, -0.0251223, 0.0072140438), (-0.08064483, 0.07503887, 0.015559787), (-0.058921177, 0.08096176, 0.01567534), (-0.040675886, 0.040856138, 0.017019283), (-0.05084491, -0.09334114, 0.0013152489), (0.04587782, -0.04952683, 0.00647701), (0.058961432, 0.10220542, 0.011658486), (0.032148834, -0.1392712, 0.00881216), (0.053515054, 0.08481282, 0.0110604465), (0.09914793, -0.088028565, 0.014067836), (-0.045015443, -0.10534151, 0.017855918), (-0.026443081, -0.13191539, 0.019107422), (0.009703934, -0.078465916, 0.019353924), (0.088025965, -0.0041519976, 0.017446486), (-0.05482538, -0.054486357, 0.0022679581), (-0.0069032647, 0.0926736, 0.011191024), (0.027579805, 0.04662111, 0.01752309), (0.061875865, 0.050980326, 0.004768729), (-0.006119541, 0.100761734, 0.015932178), (0.09866926, 0.08912579, 0.011900976), (0.04597968, 0.07163586, 0.005649416), (-0.07572727, -0.05539072, 0.008138828), (-0.02934993, -0.027913911, 0.007403322), (-0.019077336, -0.02629231, 0.007270285), (-0.062181246, -0.023141442, 0.008102071), (-0.09515293, -0.073557556, 0.01597167), (-0.046051055, -0.028950283, 0.003450879), (-0.043243032, 0.036831956, 0.006118939), (0.014847833, -0.010592471, 0.0075751594), (-0.070292294, 0.016663322, 0.016524002), (0.021110408, -0.031566158, 0.0070680585), (0.031884372, 0.060345683, 0.017532758), (0.074951105, 0.020814115, 0.0096664075), (-0.0970558, -0.06368963, 0.015492757), (-0.038702145, 0.0030626806, 0.0013511077), (0.021799084, 0.005626325, 0.018119931), (0.06972479, -0.03341199, 0.003497444), (-0.020879965, 0.055192605, 0.016858764), (-0.022719782, -0.039161615, 0.0070600803), (-0.01187302, -0.036081146, 0.0069817975), (-0.000790925, -0.065703385, 0.006228887), (-0.03902806, -0.017719569, 0.0013792289), (-0.03946625, -0.042899992, 0.0010369025), (0.013598756, -0.00062596577, 0.007829218), (0.010282156, 0.0137278, 0.017841142), (-0.06004479, 0.069841504, 0.015925862), (-0.049606815, 0.06654445, 0.0035934667), (0.07245305, 0.08888849, 0.011307685), (-0.072329745, 0.098749936, 0.014218852), (-0.059574746, -0.08417629, 0.017579082), (-0.04070074, -0.07085595, 0.018219082), (0.06700142, -0.009935683, 0.017940432), (-0.03460138, 0.020150572, 0.01743576), (0.05695301, 0.100216575, 0.016624432), (-0.0109736845, 0.10321837, 0.010404029), (0.069296464, 0.002357781, 0.0042406367), (0.060654547, 0.026288543, 0.004111505), (0.07810375, 0.09773478, 0.011565183), (-0.0763331, -0.06854674, 0.008416952), (-0.036314465, -0.07134995, 0.006532874), (-0.06519247, -0.04913406, 0.0075966353), (-0.024858093, -0.06458884, 0.006504135), (-0.08507538, -0.049711965, 0.008741959), (-0.07030424, -0.020750262, 0.016886817), (0.067977905, -0.11967766, 0.019038072), (-0.017909406, 0.034312513, 0.017335959), (-0.035284154, -0.05821642, 0.0068535474), (0.04994976, 0.10975763, 0.011719727), (-0.07615514, 0.07556665, 0.009292873), (-0.006290446, 0.10845797, 0.015728211), (-0.06636788, 0.008227456, 0.008320908), (0.050527707, -0.07355347, 0.018836942), (0.005204961, 0.0851301, 0.011772541), (0.053248506, 0.087305345, 0.012576172), (-0.05718342, 0.025381807, 0.008468341), (-0.0536996, -0.031683967, 0.0077632964), (0.055650003, -0.121928744, 0.019465657), (0.066909045, -0.04126067, 0.018047903), (0.075506635, -0.008397663, 0.017896958), (0.058079313, 0.0073655597, 0.017899813), (-0.053353194, -0.011411447, 0.0043199374), (-0.01483693, 0.046100266, 0.017196191), (-0.045086585, 0.007645297, 0.0019561865), (0.050580446, -0.035093844, 0.0033637923), (0.03621246, -0.06307299, 0.019219553), (-0.051975243, -0.07931069, 0.0009803465), (-0.01716592, -0.059577975, 0.018752305), (0.07261638, -0.11350167, 0.008156748), (-0.09360294, 0.054075617, 0.015466162), (0.0532123, 0.07688057, 0.013230963), (0.061142646, 0.009796133, 0.004551236), (-0.04417282, -0.04020482, 0.0074164993), (-0.08141576, 0.023787763, 0.016160563), (0.090654835, 0.0355843, 0.01055451), (-0.013283021, -0.14467125, 0.010002493), (-0.08300632, -0.024861641, 0.016524294), (0.023553621, -0.040740043, 0.01887205), (0.06187858, -0.117296964, 0.00757925), (0.057641502, -0.04667241, 0.018242411), (0.05477236, -0.100450866, 0.0074820323), (-0.040749606, 0.101604655, 0.010775836), (0.043051902, -0.030206865, 0.01881752), (0.05739618, -0.016190184, 0.0033131826), (0.053514354, -0.09886992, 0.0040994575), (-0.051266685, -0.06892774, 0.0012164013), (-0.042725883, -0.14729437, 0.010688341), (-0.04789971, -0.1065421, 0.0014788066), (0.06850593, 0.10082812, 0.01666742)]
        color3f[] primvars:displayColor = [(0.22, 0.58, 0.68)]
        custom string source:author = "OnlineExpo"
        custom string source:dataset = "Objaverse 1.0"
        custom string source:license = "CC BY 4.0"
        custom string source:uid = "181124c146e94ea7a03022d0c9b0c8d8"
        custom string source:url = "https://sketchfab.com/3d-models/181124c146e94ea7a03022d0c9b0c8d8"
        uniform token subdivisionScheme = "none"
    }

    def "Looks"
    {
        def Material "Material" (
            prepend apiSchemas = ["PhysicsMaterialAPI"]
        )
        {
            token outputs:surface.connect = </Bag/Looks/Material/Preview.outputs:surface>
            float physics:dynamicFriction = 0.25
            float physics:restitution = 0
            float physics:staticFriction = 0.25

            def Shader "Preview"
            {
                uniform token info:id = "UsdPreviewSurface"
                color3f inputs:diffuseColor = (0.22, 0.58, 0.68)
                float inputs:roughness = 0.38
                token outputs:surface
            }
        }
    }
}

