#usda 1.0
(
    customLayerData = {
        string assetName = "woven_tote_bag"
        string generator = "assets/objects/_utils/convert_bag_mesh.py"
        string license = "CC BY 4.0"
        string objaverseUid = "c7da540534134560af463fdd29ed209f"
    }
    defaultPrim = "Bag"
    metersPerUnit = 1
    upAxis = "Z"
)

def Xform "Bag" (
    kind = "component"
)
{
    def Mesh "Cloth" (
        prepend apiSchemas = ["PhysicsMassAPI", "MaterialBindingAPI"]
    )
    {
        uniform bool doubleSided = 1
        float3[] extent = [(-0.17335585, -0.14, 0), (0.17335585, 0.14, 0.022159956)]
        int[] faceVertexCounts = [3, 3, 3, 3, 3, 3, 3, 3, 3, 3, 3, 3, 3, 3, 3, 3, 3, 3, 3, 3, 3, 3, 3, 3, 3, 3, 3, 3, 3, 3, 3, 3, 3, 3, 3, 3, 3, 3, 3, 3, 3, 3, 3, 3, 3, 3, 3, 3, 3, 3, 3, 3, 3, 3, 3, 3, 3, 3, 3, 3, 3, 3, 3, 3, 3, 3, 3, 3, 3, 3, 3, 3, 3, 3, 3, 3, 3, 3, 3, 3, 3, 3, 3, 3, 3, 3, 3, 3, 3, 3, 3, 3, 3, 3, 3, 3, 3, 3, 3, 3, 3, 3, 3, 3, 3, 3, 3, 3, 3, 3, 3, 3, 3, 3, 3, 3, 3, 3, 3, 3, 3, 3, 3, 3, 3, 3, 3, 3, 3, 3, 3, 3, 3, 3, 3, 3, 3, 3, 3, 3, 3, 3, 3, 3, 3, 3, 3, 3, 3, 3, 3, 3, 3, 3, 3, 3, 3, 3, 3, 3, 3, 3, 3, 3, 3, 3, 3, 3, 3, 3, 3, 3, 3, 3, 3, 3, 3, 3, 3, 3, 3, 3, 3, 3, 3, 3, 3, 3, 3, 3, 3, 3, 3, 3, 3, 3, 3, 3, 3, 3, 3, 3, 3, 3, 3, 3, 3, 3, 3, 3, 3, 3, 3, 3, 3, 3, 3, 3, 3, 3, 3, 3, 3, 3, 3, 3, 3, 3, 3, 3, 3, 3, 3, 3, 3, 3, 3, 3, 3, 3, 3, 3, 3, 3, 3, 3, 3, 3, 3, 3, 3, 3, 3, 3, 3, 3, 3, 3, 3, 3, 3, 3, 3, 3, 3, 3, 3, 3, 3, 3, 3, 3, 3, 3, 3, 3, 3, 3, 3, 3, 3, 3, 3, 3, 3, 3, 3, 3, 3, 3, 3, 3, 3, 3, 3, 3, 3, 3, 3, 3, 3, 3, 3, 3, 3, 3, 3, 3, 3, 3, 3, 3, 3, 3, 3, 3, 3, 3, 3, 3, 3, 3, 3, 3, 3, 3, 3, 3, 3, 3, 3, 3, 3, 3, 3, 3, 3, 3, 3, 3, 3, 3, 3, 3, 3, 3, 3, 3, 3, 3, 3, 3, 3, 3, 3, 3, 3, 3, 3, 3, 3, 3, 3, 3, 3, 3, 3, 3, 3, 3, 3, 3, 3, 3, 3, 3, 3, 3, 3, 3, 3, 3, 3, 3, 3, 3, 3, 3, 3, 3, 3, 3, 3, 3, 3, 3, 3, 3, 3, 3, 3, 3, 3, 3, 3, 3, 3, 3, 3, 3, 3, 3, 3, 3, 3, 3, 3, 3, 3, 3, 3, 3, 3, 3, 3, 3, 3, 3, 3, 3, 3, 3, 3, 3, 3, 3, 3, 3, 3, 3, 3, 3, 3, 3, 3, 3, 3, 3, 3, 3, 3, 3, 3, 3, 3, 3, 3, 3, 3, 3, 3, 3, 3, 3, 3, 3, 3, 3, 3, 3, 3, 3, 3, 3, 3, 3, 3, 3, 3, 3, 3, 3, 3, 3, 3, 3, 3, 3, 3, 3, 3, 3, 3, 3, 3, 3, 3, 3, 3, 3, 3, 3, 3, 3, 3, 3, 3, 3, 3, 3, 3, 3, 3, 3, 3, 3, 3, 3, 3, 3, 3, 3, 3, 3, 3, 3, 3, 3, 3, 3, 3, 3, 3, 3, 3, 3, 3, 3, 3, 3, 3, 3, 3, 3, 3, 3, 3, 3, 3, 3, 3, 3, 3, 3, 3, 3, 3, 3, 3, 3, 3, 3, 3, 3, 3, 3, 3, 3, 3, 3, 3, 3, 3, 3, 3, 3, 3, 3, 3, 3, 3, 3, 3, 3, 3, 3, 3, 3, 3, 3, 3, 3, 3, 3, 3, 3, 3, 3, 3, 3, 3, 3, 3, 3, 3, 3, 3, 3, 3, 3, 3, 3, 3, 3, 3, 3, 3, 3, 3, 3, 3, 3, 3, 3, 3, 3, 3, 3, 3, 3, 3, 3, 3, 3, 3, 3, 3, 3, 3, 3, 3, 3, 3, 3, 3, 3, 3, 3, 3, 3, 3, 3, 3, 3, 3, 3, 3, 3, 3, 3, 3, 3, 3, 3, 3, 3, 3, 3, 3, 3, 3, 3, 3, 3, 3, 3, 3, 3, 3, 3, 3, 3, 3, 3, 3, 3, 3, 3, 3, 3, 3, 3, 3, 3, 3, 3, 3, 3, 3, 3, 3, 3, 3, 3, 3, 3, 3, 3, 3, 3, 3, 3, 3, 3, 3, 3, 3, 3, 3, 3, 3, 3, 3, 3, 3, 3, 3, 3, 3, 3, 3, 3, 3, 3, 3, 3, 3, 3, 3, 3, 3, 3, 3, 3, 3, 3, 3, 3, 3, 3, 3, 3, 3, 3, 3, 3, 3, 3, 3, 3, 3, 3, 3, 3, 3, 3, 3, 3, 3, 3, 3, 3, 3, 3, 3, 3, 3, 3, 3, 3, 3, 3, 3, 3, 3, 3, 3, 3, 3, 3, 3, 3, 3, 3, 3, 3, 3, 3, 3, 3, 3, 3, 3, 3, 3, 3, 3, 3, 3, 3, 3, 3, 3, 3, 3, 3, 3, 3, 3, 3, 3, 3, 3, 3, 3, 3, 3, 3, 3, 3, 3, 3, 3, 3, 3, 3, 3, 3, 3, 3, 3, 3, 3, 3, 3, 3, 3, 3, 3, 3, 3, 3, 3, 3, 3, 3, 3, 3, 3, 3, 3, 3, 3, 3, 3, 3, 3, 3, 3, 3, 3, 3, 3, 3, 3, 3, 3, 3, 3, 3, 3, 3, 3, 3, 3, 3, 3, 3, 3, 3, 3, 3, 3, 3, 3, 3, 3, 3, 3, 3, 3, 3, 3, 3, 3, 3, 3, 3, 3, 3, 3, 3, 3, 3, 3, 3, 3, 3, 3, 3, 3, 3, 3, 3, 3, 3, 3, 3, 3, 3, 3, 3, 3, 3, 3, 3, 3, 3, 3, 3, 3, 3, 3, 3, 3, 3, 3, 3, 3, 3, 3, 3, 3, 3, 3, 3, 3, 3, 3, 3, 3, 3, 3, 3, 3, 3, 3, 3, 3, 3, 3, 3, 3, 3, 3, 3, 3, 3, 3, 3, 3, 3, 3, 3, 3, 3, 3, 3, 3, 3, 3, 3, 3, 3, 3, 3, 3, 3, 3, 3, 3, 3, 3, 3, 3, 3, 3, 3, 3, 3, 3, 3, 3, 3, 3, 3, 3, 3, 3, 3, 3, 3, 3, 3, 3, 3, 3, 3, 3, 3, 3, 3, 3, 3, 3, 3, 3, 3, 3, 3, 3, 3, 3, 3, 3, 3, 3, 3, 3, 3, 3, 3, 3, 3, 3, 3, 3, 3, 3, 3, 3, 3, 3, 3, 3, 3, 3, 3, 3, 3, 3, 3, 3, 3, 3, 3, 3, 3, 3, 3, 3, 3, 3, 3, 3, 3, 3, 3, 3, 3, 3, 3, 3, 3, 3, 3, 3, 3, 3, 3, 3, 3, 3, 3, 3, 3, 3, 3, 3, 3, 3, 3, 3, 3, 3, 3, 3, 3, 3, 3, 3, 3, 3, 3, 3, 3, 3, 3, 3, 3, 3, 3, 3, 3, 3, 3, 3, 3, 3, 3, 3, 3, 3, 3, 3, 3, 3, 3, 3, 3, 3, 3, 3, 3, 3, 3, 3, 3, 3, 3, 3, 3, 3, 3, 3, 3, 3, 3, 3, 3, 3, 3, 3, 3, 3, 3, 3, 3, 3, 3, 3, 3, 3, 3, 3, 3, 3, 3, 3, 3, 3, 3, 3, 3, 3, 3, 3, 3, 3, 3, 3, 3, 3, 3, 3, 3, 3, 3, 3, 3, 3, 3, 3, 3, 3, 3, 3, 3, 3, 3, 3, 3, 3, 3, 3, 3, 3, 3, 3, 3, 3, 3, 3, 3, 3, 3, 3, 3, 3, 3, 3, 3, 3, 3, 3, 3, 3, 3, 3, 3, 3, 3, 3, 3, 3, 3, 3, 3, 3, 3, 3, 3, 3, 3, 3, 3, 3, 3, 3, 3, 3, 3, 3, 3, 3, 3, 3, 3, 3, 3, 3, 3, 3, 3, 3, 3, 3, 3, 3, 3, 3, 3, 3, 3, 3, 3, 3, 3, 3, 3, 3, 3, 3, 3, 3, 3, 3, 3, 3, 3, 3, 3, 3, 3, 3, 3, 3, 3, 3, 3, 3, 3, 3, 3, 3, 3, 3, 3, 3, 3, 3, 3, 3, 3, 3, 3, 3, 3, 3, 3, 3, 3, 3, 3, 3, 3, 3, 3, 3, 3, 3, 3, 3, 3, 3, 3, 3, 3, 3, 3, 3, 3, 3, 3, 3, 3, 3, 3, 3, 3, 3, 3, 3, 3, 3, 3, 3, 3, 3, 3, 3, 3, 3, 3, 3, 3, 3, 3, 3, 3, 3, 3, 3, 3, 3, 3, 3, 3, 3, 3, 3, 3, 3, 3, 3, 3, 3, 3, 3, 3, 3, 3, 3, 3, 3, 3, 3, 3, 3, 3, 3, 3, 3, 3, 3, 3, 3, 3, 3, 3, 3, 3, 3, 3, 3, 3, 3, 3, 3, 3, 3, 3, 3, 3, 3, 3, 3, 3, 3, 3, 3, 3, 3, 3, 3, 3, 3, 3, 3, 3, 3, 3, 3, 3, 3, 3, 3, 3, 3, 3, 3, 3, 3, 3, 3, 3, 3, 3, 3, 3, 3, 3, 3, 3, 3, 3, 3, 3, 3, 3, 3, 3, 3, 3, 3, 3, 3, 3, 3, 3, 3, 3, 3, 3, 3, 3, 3, 3, 3, 3, 3, 3, 3, 3, 3, 3, 3, 3, 3, 3, 3, 3, 3, 3, 3, 3, 3, 3, 3, 3, 3, 3, 3, 3, 3, 3, 3, 3, 3, 3, 3, 3, 3, 3, 3, 3, 3, 3, 3, 3, 3, 3, 3, 3, 3, 3, 3, 3, 3, 3, 3, 3, 3, 3, 3, 3, 3, 3, 3, 3, 3, 3, 3, 3, 3, 3, 3, 3, 3, 3, 3, 3, 3, 3, 3, 3, 3, 3, 3, 3, 3, 3, 3, 3, 3, 3, 3, 3, 3, 3, 3, 3, 3, 3, 3, 3, 3, 3, 3, 3, 3, 3, 3, 3, 3, 3, 3, 3, 3, 3, 3, 3, 3, 3, 3, 3, 3, 3, 3, 3, 3, 3, 3, 3, 3, 3, 3, 3, 3, 3, 3, 3, 3, 3, 3, 3, 3, 3, 3, 3, 3, 3, 3, 3, 3, 3, 3, 3, 3, 3, 3, 3, 3, 3, 3, 3, 3, 3, 3, 3, 3, 3, 3, 3, 3, 3, 3, 3, 3, 3, 3, 3, 3, 3, 3, 3, 3, 3, 3, 3, 3, 3, 3, 3, 3, 3, 3, 3, 3, 3, 3, 3, 3, 3, 3, 3, 3, 3, 3, 3, 3, 3, 3, 3, 3, 3, 3, 3, 3, 3, 3, 3, 3, 3, 3, 3, 3, 3, 3, 3, 3, 3, 3, 3, 3, 3, 3, 3, 3, 3, 3, 3, 3, 3, 3, 3, 3, 3, 3, 3, 3, 3, 3, 3, 3, 3, 3, 3, 3, 3, 3, 3, 3, 3, 3, 3, 3, 3, 3, 3, 3, 3, 3, 3, 3, 3, 3, 3, 3, 3, 3, 3, 3, 3, 3, 3, 3, 3, 3, 3, 3, 3, 3, 3, 3, 3, 3, 3, 3, 3, 3, 3, 3, 3, 3, 3, 3, 3, 3, 3, 3, 3, 3, 3, 3, 3, 3, 3, 3, 3, 3, 3, 3, 3, 3, 3, 3, 3, 3, 3, 3, 3, 3, 3, 3, 3, 3, 3, 3, 3, 3, 3, 3, 3, 3, 3, 3, 3, 3, 3, 3, 3, 3, 3, 3, 3, 3, 3, 3, 3, 3, 3, 3, 3, 3, 3, 3, 3, 3, 3, 3, 3, 3, 3, 3, 3, 3, 3, 3, 3, 3, 3, 3, 3, 3, 3, 3, 3, 3, 3, 3, 3, 3, 3, 3, 3, 3, 3, 3, 3, 3, 3, 3, 3, 3, 3, 3, 3, 3, 3, 3, 3, 3, 3, 3, 3, 3, 3, 3, 3, 3, 3, 3, 3, 3, 3, 3, 3, 3, 3, 3, 3, 3, 3, 3, 3, 3, 3, 3, 3, 3, 3, 3, 3, 3, 3, 3, 3, 3, 3, 3, 3, 3, 3, 3, 3, 3, 3, 3, 3, 3, 3, 3, 3, 3, 3, 3, 3, 3, 3, 3, 3, 3, 3, 3, 3, 3, 3, 3, 3, 3, 3, 3, 3, 3, 3, 3, 3, 3, 3, 3, 3, 3, 3, 3, 3, 3, 3, 3, 3, 3, 3, 3, 3, 3, 3, 3, 3, 3, 3, 3, 3, 3, 3, 3, 3, 3, 3, 3, 3, 3, 3, 3, 3, 3, 3, 3, 3, 3, 3, 3, 3, 3, 3, 3, 3, 3, 3, 3, 3, 3, 3, 3, 3, 3, 3, 3, 3, 3, 3, 3, 3, 3, 3, 3, 3, 3, 3, 3, 3, 3, 3, 3, 3, 3, 3, 3, 3, 3, 3, 3, 3, 3, 3, 3, 3, 3, 3, 3, 3, 3, 3, 3, 3, 3, 3, 3, 3, 3, 3, 3, 3, 3, 3, 3, 3, 3, 3, 3, 3, 3, 3, 3, 3, 3, 3, 3, 3, 3, 3, 3, 3, 3, 3, 3, 3, 3, 3, 3, 3, 3, 3, 3, 3, 3, 3, 3, 3, 3, 3, 3, 3, 3, 3, 3, 3, 3, 3, 3, 3, 3, 3, 3, 3, 3, 3, 3, 3, 3, 3, 3, 3, 3, 3, 3, 3, 3, 3, 3, 3, 3, 3, 3, 3, 3, 3, 3, 3, 3, 3, 3, 3, 3, 3, 3, 3, 3, 3, 3, 3, 3, 3, 3, 3, 3, 3, 3, 3, 3, 3, 3, 3, 3, 3, 3, 3, 3, 3, 3, 3, 3, 3, 3, 3, 3, 3, 3, 3, 3, 3, 3, 3, 3, 3, 3, 3, 3, 3, 3, 3, 3, 3, 3, 3, 3, 3, 3, 3, 3, 3, 3, 3, 3, 3, 3, 3, 3, 3, 3, 3, 3, 3, 3, 3, 3, 3, 3, 3, 3, 3, 3, 3, 3, 3, 3, 3, 3, 3, 3, 3, 3, 3, 3, 3, 3, 3, 3, 3, 3, 3, 3, 3, 3, 3, 3, 3, 3, 3, 3, 3, 3, 3, 3, 3, 3, 3, 3, 3, 3, 3, 3, 3, 3, 3, 3, 3, 3, 3, 3, 3, 3, 3, 3, 3, 3, 3, 3, 3, 3, 3, 3, 3, 3, 3, 3, 3, 3, 3, 3, 3, 3, 3, 3, 3, 3, 3, 3, 3, 3, 3, 3, 3, 3, 3, 3, 3, 3, 3, 3, 3, 3, 3, 3, 3, 3, 3, 3, 3, 3, 3, 3, 3, 3, 3, 3, 3, 3, 3, 3, 3, 3, 3, 3, 3, 3, 3, 3, 3, 3, 3, 3, 3, 3, 3, 3, 3, 3, 3, 3, 3, 3, 3, 3, 3, 3, 3, 3, 3, 3, 3, 3, 3, 3, 3, 3, 3, 3, 3, 3, 3, 3, 3, 3, 3, 3, 3, 3, 3, 3, 3, 3, 3, 3, 3, 3, 3, 3, 3, 3, 3, 3, 3, 3, 3, 3, 3, 3, 3, 3, 3, 3, 3, 3, 3, 3, 3, 3, 3, 3, 3, 3, 3, 3, 3, 3, 3, 3, 3, 3, 3, 3, 3, 3, 3, 3, 3, 3, 3, 3, 3, 3, 3, 3, 3, 3, 3, 3, 3, 3, 3, 3, 3, 3, 3, 3, 3, 3, 3, 3, 3, 3, 3, 3, 3, 3, 3, 3, 3, 3, 3, 3, 3, 3, 3, 3, 3, 3, 3, 3, 3, 3, 3, 3, 3, 3, 3, 3, 3, 3, 3, 3, 3, 3, 3, 3, 3, 3, 3, 3, 3, 3, 3, 3, 3, 3, 3, 3, 3, 3, 3, 3, 3, 3, 3, 3, 3, 3, 3, 3, 3, 3, 3, 3, 3, 3, 3, 3, 3, 3, 3, 3, 3, 3, 3, 3, 3, 3, 3, 3, 3, 3, 3, 3, 3, 3, 3, 3, 3, 3, 3, 3, 3, 3, 3, 3, 3, 3, 3, 3, 3, 3, 3, 3, 3, 3, 3, 3, 3, 3, 3, 3, 3, 3, 3, 3, 3, 3, 3, 3, 3, 3, 3, 3, 3, 3, 3, 3, 3, 3, 3, 3, 3, 3, 3, 3, 3, 3, 3, 3, 3, 3, 3, 3, 3, 3, 3, 3, 3, 3, 3, 3, 3, 3, 3, 3, 3, 3, 3, 3, 3, 3, 3, 3, 3, 3, 3, 3, 3, 3, 3, 3, 3, 3, 3, 3, 3, 3, 3, 3, 3, 3, 3, 3, 3, 3, 3, 3, 3, 3, 3, 3, 3, 3, 3, 3, 3, 3, 3, 3, 3, 3, 3, 3, 3, 3, 3, 3, 3, 3, 3, 3, 3, 3, 3, 3, 3, 3, 3, 3, 3, 3, 3, 3, 3, 3, 3, 3, 3, 3, 3, 3, 3, 3, 3, 3, 3, 3, 3, 3, 3, 3, 3, 3, 3, 3, 3, 3, 3, 3, 3, 3, 3, 3, 3, 3, 3, 3, 3, 3, 3, 3, 3, 3, 3, 3, 3, 3, 3, 3, 3, 3, 3, 3, 3, 3, 3, 3, 3, 3, 3, 3, 3, 3, 3, 3, 3, 3, 3, 3, 3, 3, 3, 3, 3, 3, 3, 3, 3, 3, 3, 3, 3, 3, 3, 3, 3, 3, 3, 3, 3, 3, 3, 3, 3, 3, 3, 3, 3, 3, 3, 3, 3, 3, 3, 3, 3, 3, 3, 3, 3, 3, 3, 3, 3, 3, 3, 3, 3, 3, 3, 3, 3, 3, 3, 3, 3, 3, 3, 3, 3, 3, 3, 3, 3, 3, 3, 3, 3, 3, 3, 3, 3, 3, 3, 3, 3, 3, 3, 3, 3, 3, 3, 3, 3, 3, 3, 3, 3, 3, 3, 3, 3, 3, 3, 3, 3, 3, 3, 3, 3, 3, 3, 3, 3, 3, 3, 3, 3, 3, 3, 3, 3, 3, 3, 3, 3, 3, 3, 3, 3, 3, 3, 3, 3, 3, 3, 3, 3, 3, 3, 3, 3, 3, 3, 3, 3, 3, 3, 3, 3, 3, 3, 3, 3, 3, 3, 3, 3, 3, 3, 3, 3, 3, 3, 3, 3, 3, 3, 3, 3, 3, 3, 3, 3, 3, 3, 3, 3, 3, 3, 3, 3, 3, 3, 3, 3, 3, 3, 3, 3, 3, 3, 3]
        int[] faceVertexIndices = [210, 86, 82, 575, 577, 576, 272, 154, 320, 277, 146, 323, 279, 144, 324, 283, 91, 90, 158, 616, 126, 4, 288, 944, 11, 117, 287, 116, 289, 290, 291, 292, 16, 294, 290, 291, 0, 296, 295, 298, 299, 785, 112, 301, 302, 306, 307, 27, 309, 302, 306, 11, 297, 117, 1361, 296, 287, 317, 156, 268, 318, 317, 145, 319, 269, 318, 148, 319, 275, 321, 272, 320, 322, 321, 153, 324, 285, 279, 325, 137, 324, 326, 325, 267, 327, 326, 147, 328, 501, 327, 329, 328, 152, 284, 155, 1474, 330, 331, 295, 332, 333, 330, 340, 129, 338, 348, 343, 346, 361, 362, 363, 368, 369, 370, 371, 363, 368, 373, 958, 925, 48, 374, 370, 375, 376, 333, 1299, 378, 944, 52, 378, 374, 56, 637, 636, 441, 435, 652, 292, 650, 651, 654, 861, 655, 5, 658, 660, 663, 462, 664, 665, 666, 667, 668, 669, 670, 671, 470, 672, 674, 481, 888, 675, 676, 677, 678, 679, 680, 894, 681, 682, 136, 348, 141, 131, 686, 133, 130, 340, 502, 128, 131, 133, 1253, 128, 125, 157, 616, 158, 126, 687, 127, 617, 1253, 125, 122, 617, 685, 332, 935, 1358, 182, 709, 710, 712, 713, 539, 539, 186, 714, 185, 187, 715, 540, 716, 70, 192, 176, 541, 191, 541, 717, 194, 542, 720, 192, 718, 543, 197, 721, 544, 722, 715, 545, 545, 189, 723, 201, 725, 726, 201, 724, 546, 543, 725, 196, 182, 708, 547, 75, 709, 727, 197, 1435, 548, 184, 548, 708, 199, 200, 728, 723, 1098, 729, 549, 729, 730, 731, 732, 169, 213, 1421, 550, 212, 550, 733, 215, 1422, 551, 209, 551, 728, 218, 1231, 735, 218, 736, 552, 220, 552, 737, 78, 738, 82, 191, 553, 718, 223, 1236, 554, 739, 740, 555, 555, 225, 741, 224, 226, 733, 741, 999, 227, 556, 998, 734, 229, 557, 169, 172, 557, 207, 229, 738, 727, 186, 559, 73, 170, 1236, 231, 223, 737, 560, 234, 561, 743, 744, 273, 562, 747, 237, 577, 564, 748, 749, 167, 583, 735, 749, 722, 565, 242, 1229, 205, 242, 750, 752, 236, 745, 567, 245, 754, 568, 246, 568, 755, 245, 753, 569, 247, 570, 582, 179, 757, 751, 759, 760, 761, 688, 744, 571, 571, 244, 759, 252, 755, 253, 252, 763, 572, 246, 572, 753, 203, 746, 724, 64, 563, 726, 256, 765, 573, 254, 573, 763, 747, 766, 767, 259, 769, 770, 259, 768, 574, 582, 181, 767, 574, 1244, 1368, 261, 743, 578, 261, 1244, 579, 234, 579, 742, 580, 988, 62, 740, 249, 263, 760, 719, 581, 581, 194, 772, 266, 583, 585, 88, 86, 586, 168, 774, 732, 154, 269, 319, 269, 156, 318, 153, 270, 322, 150, 272, 321, 273, 320, 148, 144, 267, 325, 143, 277, 941, 139, 279, 285, 143, 941, 285, 775, 275, 584, 778, 779, 585, 160, 782, 588, 781, 1424, 96, 284, 127, 130, 280, 776, 208, 285, 324, 281, 147, 784, 752, 286, 796, 190, 243, 1223, 1229, 8, 288, 4, 119, 120, 944, 11, 287, 6, 118, 1361, 287, 9, 590, 8, 944, 288, 119, 287, 117, 118, 289, 13, 290, 288, 289, 119, 15, 297, 11, 115, 291, 293, 291, 290, 292, 293, 291, 16, 115, 294, 291, 294, 116, 290, 292, 290, 13, 1361, 121, 296, 295, 296, 121, 652, 786, 15, 298, 293, 299, 785, 299, 19, 299, 293, 16, 301, 21, 302, 112, 114, 301, 297, 301, 114, 591, 785, 19, 788, 304, 305, 111, 1162, 788, 1162, 792, 304, 110, 306, 308, 306, 302, 307, 308, 306, 27, 110, 309, 306, 309, 112, 302, 307, 302, 21, 312, 594, 31, 313, 903, 921, 937, 117, 114, 314, 308, 315, 296, 6, 287, 6, 296, 0, 159, 124, 123, 316, 268, 124, 141, 316, 159, 278, 317, 316, 316, 317, 268, 275, 318, 145, 318, 156, 317, 278, 1426, 317, 148, 320, 319, 320, 154, 319, 275, 319, 318, 322, 150, 321, 273, 321, 320, 947, 270, 948, 323, 146, 948, 270, 947, 322, 139, 285, 941, 144, 325, 324, 324, 137, 281, 326, 503, 325, 282, 327, 147, 327, 134, 326, 147, 326, 267, 282, 328, 327, 326, 134, 503, 271, 329, 152, 329, 132, 328, 152, 328, 282, 121, 330, 295, 330, 1, 331, 295, 331, 0, 121, 332, 330, 332, 959, 333, 330, 333, 1, 380, 276, 323, 286, 784, 595, 334, 595, 795, 335, 110, 949, 315, 308, 27, 953, 1045, 610, 687, 611, 336, 1253, 1374, 798, 585, 265, 778, 168, 609, 596, 341, 799, 216, 341, 800, 597, 801, 609, 731, 802, 503, 598, 342, 598, 800, 554, 222, 1230, 805, 739, 224, 141, 348, 347, 169, 228, 801, 349, 808, 601, 1256, 281, 602, 170, 808, 804, 351, 809, 603, 334, 603, 796, 351, 795, 604, 171, 809, 806, 1370, 352, 1369, 810, 712, 606, 606, 711, 748, 354, 142, 607, 607, 350, 810, 135, 686, 343, 797, 29, 355, 610, 355, 811, 951, 358, 922, 1058, 107, 952, 1438, 359, 815, 104, 1057, 1438, 360, 1353, 813, 361, 1371, 362, 363, 362, 42, 99, 368, 370, 368, 42, 369, 370, 369, 48, 99, 371, 368, 368, 363, 42, 1439, 44, 1151, 816, 961, 817, 615, 372, 50, 52, 374, 48, 932, 99, 960, 370, 374, 99, 959, 375, 333, 333, 376, 1, 959, 957, 375, 375, 615, 1428, 378, 4, 944, 4, 378, 52, 379, 1458, 618, 158, 126, 127, 127, 284, 158, 963, 964, 965, 382, 818, 967, 972, 393, 973, 981, 982, 983, 407, 1284, 987, 405, 992, 991, 835, 633, 927, 771, 59, 832, 994, 995, 996, 260, 638, 1429, 413, 1003, 1004, 647, 83, 850, 56, 701, 993, 791, 305, 852, 790, 853, 648, 440, 1143, 1442, 16, 651, 856, 17, 1024, 1023, 443, 650, 858, 14, 857, 1463, 444, 441, 859, 854, 860, 654, 446, 862, 1463, 653, 444, 656, 863, 10, 862, 448, 9, 864, 656, 1466, 657, 863, 449, 658, 0, 865, 1310, 452, 866, 661, 451, 661, 659, 452, 865, 867, 590, 9, 858, 455, 868, 662, 437, 662, 1019, 456, 869, 1145, 1, 871, 867, 457, 664, 660, 461, 870, 873, 48, 874, 873, 50, 1445, 872, 875, 667, 853, 876, 877, 665, 666, 25, 854, 817, 670, 875, 669, 878, 876, 469, 879, 671, 463, 672, 663, 469, 874, 880, 465, 1152, 1315, 41, 881, 882, 44, 883, 668, 468, 673, 878, 27, 868, 884, 474, 1495, 1029, 40, 815, 1316, 887, 481, 674, 674, 888, 882, 815, 677, 1401, 814, 890, 675, 676, 889, 887, 36, 1032, 886, 891, 892, 678, 679, 893, 889, 811, 682, 890, 681, 895, 891, 491, 896, 884, 26, 897, 655, 29, 869, 894, 490, 683, 895, 42, 885, 880, 1291, 1036, 1035, 142, 354, 143, 608, 239, 1491, 138, 279, 139, 143, 281, 142, 135, 348, 136, 758, 380, 140, 600, 1378, 380, 133, 686, 1037, 129, 340, 130, 1405, 150, 274, 152, 282, 750, 137, 325, 503, 134, 327, 501, 502, 132, 329, 501, 328, 132, 128, 133, 125, 251, 758, 140, 151, 271, 152, 155, 271, 756, 149, 272, 150, 124, 268, 765, 965, 1418, 383, 1341, 335, 509, 996, 415, 1054, 1055, 517, 1199, 107, 1058, 1412, 111, 903, 689, 765, 1487, 124, 419, 1142, 1377, 704, 536, 533, 538, 1220, 1364, 182, 710, 184, 185, 539, 187, 187, 540, 189, 192, 541, 191, 1366, 542, 194, 192, 543, 196, 199, 545, 200, 201, 726, 203, 201, 546, 196, 182, 547, 207, 197, 548, 184, 200, 549, 209, 213, 550, 212, 215, 551, 209, 218, 735, 217, 218, 552, 220, 229, 169, 210, 213, 553, 1421, 223, 554, 220, 224, 555, 226, 226, 556, 212, 229, 727, 207, 1488, 558, 231, 1488, 559, 1457, 215, 561, 1422, 236, 562, 235, 237, 563, 577, 1405, 1076, 566, 566, 565, 1243, 750, 751, 151, 751, 242, 205, 242, 752, 243, 236, 567, 244, 245, 568, 246, 245, 569, 241, 757, 570, 247, 757, 756, 151, 248, 761, 762, 251, 571, 248, 252, 764, 254, 764, 252, 253, 252, 572, 246, 237, 746, 203, 256, 161, 258, 256, 573, 254, 259, 770, 943, 259, 574, 1368, 54, 575, 576, 575, 747, 577, 576, 577, 59, 261, 578, 1368, 261, 579, 234, 263, 580, 225, 249, 581, 263, 247, 582, 1489, 91, 587, 94, 781, 1077, 782, 589, 280, 208, 286, 1223, 243, 1223, 286, 190, 288, 590, 289, 297, 786, 301, 791, 788, 305, 153, 321, 273, 286, 595, 334, 337, 129, 687, 168, 596, 950, 338, 799, 339, 799, 338, 265, 129, 337, 338, 341, 1230, 342, 1230, 341, 216, 341, 597, 339, 1236, 804, 222, 344, 598, 342, 1255, 1378, 599, 346, 807, 347, 807, 346, 228, 349, 601, 350, 349, 602, 803, 351, 603, 334, 351, 604, 345, 352, 605, 347, 353, 606, 748, 354, 607, 608, 608, 607, 353, 686, 609, 343, 165, 611, 162, 360, 813, 1438, 617, 379, 1374, 618, 1374, 379, 1189, 101, 961, 381, 926, 962, 1078, 1080, 963, 385, 620, 1450, 1086, 1087, 1088, 392, 1090, 1091, 1499, 1092, 983, 395, 1094, 1494, 1100, 399, 979, 399, 1101, 1102, 626, 1103, 982, 400, 1104, 1103, 1106, 1283, 1107, 403, 627, 985, 406, 629, 1119, 1111, 1115, 1112, 1446, 409, 1113, 409, 1114, 1115, 1118, 628, 1119, 1118, 1102, 994, 412, 1120, 1121, 498, 420, 637, 636, 637, 420, 639, 1126, 1423, 1006, 641, 1127, 642, 1128, 1124, 423, 1129, 1128, 92, 1130, 1005, 1302, 847, 1006, 1440, 1395, 92, 645, 1133, 931, 1263, 962, 1014, 305, 790, 648, 648, 853, 649, 648, 649, 430, 441, 652, 859, 430, 655, 445, 655, 430, 654, 1466, 656, 444, 448, 864, 449, 455, 662, 437, 459, 1148, 1147, 1026, 872, 1312, 461, 664, 457, 664, 461, 663, 463, 663, 461, 1149, 1150, 1311, 466, 665, 667, 665, 467, 666, 667, 666, 429, 668, 468, 669, 670, 669, 466, 469, 671, 463, 672, 463, 671, 469, 880, 1327, 1030, 886, 1324, 359, 675, 677, 675, 482, 676, 677, 676, 480, 488, 678, 680, 678, 489, 679, 680, 679, 482, 355, 894, 682, 894, 490, 681, 682, 681, 488, 897, 493, 445, 456, 683, 490, 433, 1033, 1146, 497, 684, 498, 133, 1037, 685, 758, 600, 380, 686, 135, 1037, 687, 129, 127, 146, 1076, 274, 270, 688, 251, 508, 1340, 509, 508, 1165, 1166, 1484, 511, 1167, 1168, 1169, 1042, 1171, 1355, 1044, 1172, 514, 1173, 1177, 1178, 1179, 1414, 1181, 972, 1184, 1434, 1185, 522, 1349, 684, 1190, 1191, 1192, 1190, 694, 1050, 1051, 1461, 1191, 1194, 695, 907, 1194, 524, 1195, 1196, 1197, 1198, 1199, 933, 1200, 1204, 1205, 1206, 1209, 1205, 1211, 1166, 698, 1212, 1411, 699, 1061, 122, 685, 123, 685, 617, 125, 1065, 700, 1214, 534, 1415, 1219, 535, 527, 1218, 532, 939, 1404, 707, 1221, 1218, 184, 708, 182, 940, 710, 1222, 185, 712, 539, 712, 173, 713, 187, 539, 714, 714, 186, 73, 711, 185, 715, 715, 187, 189, 187, 714, 540, 714, 73, 188, 540, 714, 188, 540, 188, 716, 189, 540, 70, 541, 176, 190, 190, 174, 541, 717, 541, 174, 192, 191, 718, 194, 719, 1366, 542, 1391, 720, 176, 196, 546, 196, 176, 192, 1227, 198, 1228, 1227, 721, 940, 728, 178, 199, 199, 722, 545, 722, 711, 715, 545, 715, 189, 200, 545, 723, 723, 189, 70, 203, 724, 201, 1417, 725, 1226, 64, 726, 1417, 1384, 204, 719, 1366, 719, 204, 204, 177, 1366, 179, 205, 724, 546, 724, 205, 201, 196, 725, 175, 206, 708, 547, 708, 206, 206, 172, 547, 207, 547, 172, 182, 207, 709, 727, 709, 207, 177, 589, 1435, 548, 1435, 208, 208, 175, 548, 708, 548, 175, 197, 184, 721, 710, 721, 184, 728, 200, 209, 200, 723, 549, 723, 70, 1098, 549, 723, 729, 209, 549, 730, 730, 729, 826, 731, 168, 732, 169, 732, 210, 86, 210, 732, 174, 211, 717, 550, 717, 211, 211, 171, 550, 733, 550, 171, 213, 212, 734, 180, 214, 742, 551, 742, 214, 214, 178, 728, 728, 551, 214, 215, 209, 730, 167, 735, 216, 218, 217, 736, 220, 554, 1231, 1232, 736, 1233, 552, 80, 737, 80, 552, 1232, 210, 738, 229, 738, 210, 82, 554, 1236, 222, 223, 220, 737, 733, 806, 224, 224, 739, 555, 555, 740, 225, 226, 555, 741, 741, 225, 62, 171, 806, 733, 733, 226, 212, 226, 741, 556, 741, 62, 999, 556, 741, 227, 212, 556, 734, 556, 227, 998, 734, 998, 1267, 172, 228, 557, 228, 169, 557, 207, 557, 229, 738, 230, 727, 230, 738, 78, 75, 727, 230, 173, 601, 558, 558, 713, 173, 601, 170, 558, 231, 558, 170, 1488, 231, 1448, 186, 713, 1457, 231, 1236, 223, 560, 77, 1448, 77, 560, 1239, 562, 236, 244, 236, 235, 1425, 746, 181, 570, 238, 563, 64, 563, 59, 577, 59, 563, 238, 566, 564, 749, 564, 239, 748, 749, 748, 711, 583, 217, 735, 217, 583, 1367, 1242, 240, 1233, 149, 1405, 241, 566, 749, 565, 749, 711, 722, 565, 722, 199, 565, 199, 178, 751, 750, 242, 546, 1229, 176, 179, 751, 205, 151, 152, 750, 752, 750, 282, 282, 147, 752, 242, 243, 1229, 744, 153, 273, 745, 204, 567, 204, 745, 177, 1384, 567, 204, 246, 753, 245, 754, 214, 568, 214, 754, 178, 568, 180, 755, 180, 568, 214, 154, 272, 753, 569, 753, 272, 272, 149, 569, 241, 569, 149, 245, 241, 754, 178, 754, 1243, 773, 756, 247, 570, 757, 179, 570, 181, 582, 247, 756, 757, 271, 151, 756, 751, 757, 151, 758, 251, 250, 248, 759, 761, 759, 1384, 760, 761, 760, 249, 250, 248, 762, 762, 761, 740, 251, 688, 571, 688, 153, 744, 248, 571, 759, 759, 244, 1384, 254, 763, 252, 253, 755, 180, 156, 269, 763, 572, 763, 269, 269, 154, 572, 753, 572, 154, 252, 246, 755, 570, 179, 746, 724, 746, 179, 237, 203, 563, 726, 563, 203, 582, 163, 255, 258, 765, 256, 573, 765, 268, 268, 156, 573, 763, 573, 156, 256, 254, 257, 764, 257, 254, 747, 575, 766, 767, 766, 163, 943, 768, 259, 1245, 769, 1246, 574, 768, 161, 1244, 574, 257, 259, 1368, 769, 55, 842, 1423, 771, 576, 59, 163, 582, 767, 767, 181, 747, 257, 764, 1244, 579, 1244, 253, 253, 180, 579, 742, 579, 180, 261, 234, 743, 740, 263, 225, 263, 772, 580, 772, 720, 264, 580, 772, 264, 225, 580, 62, 580, 264, 988, 740, 761, 249, 249, 760, 581, 760, 1384, 719, 581, 719, 194, 263, 581, 772, 772, 194, 720, 773, 1489, 157, 756, 773, 155, 167, 265, 583, 265, 585, 583, 168, 166, 774, 586, 774, 166, 586, 86, 774, 732, 774, 86, 584, 280, 775, 275, 145, 584, 1370, 584, 145, 776, 584, 1370, 283, 777, 266, 777, 283, 90, 778, 165, 779, 586, 166, 918, 283, 587, 91, 587, 283, 779, 798, 164, 918, 588, 918, 164, 165, 780, 587, 942, 588, 1077, 164, 160, 588, 780, 162, 163, 160, 1373, 1248, 783, 928, 96, 928, 783, 1429, 96, 1424, 783, 768, 1373, 161, 1424, 943, 783, 770, 783, 943, 148, 775, 235, 775, 148, 275, 208, 776, 175, 589, 177, 745, 784, 243, 752, 243, 784, 286, 190, 796, 174, 1223, 176, 1229, 176, 1223, 190, 590, 288, 8, 13, 289, 590, 786, 297, 15, 298, 115, 293, 435, 1019, 652, 919, 1249, 1250, 111, 788, 793, 304, 789, 305, 790, 305, 789, 304, 788, 1162, 304, 102, 789, 102, 304, 792, 593, 1250, 920, 592, 920, 29, 593, 1252, 1385, 793, 1251, 946, 141, 159, 136, 139, 941, 276, 271, 155, 1038, 380, 323, 140, 147, 267, 784, 595, 784, 267, 267, 144, 595, 795, 595, 144, 286, 334, 796, 794, 107, 949, 109, 797, 1386, 29, 797, 592, 336, 611, 165, 128, 1253, 1254, 336, 778, 337, 165, 778, 336, 336, 337, 687, 128, 1254, 131, 167, 799, 265, 339, 340, 338, 338, 337, 265, 778, 265, 337, 686, 596, 609, 596, 686, 131, 342, 800, 341, 216, 799, 167, 1231, 1230, 216, 134, 501, 800, 597, 800, 501, 501, 132, 597, 502, 340, 132, 341, 339, 799, 1374, 1253, 617, 164, 798, 1374, 169, 801, 731, 801, 343, 609, 731, 609, 168, 802, 137, 503, 598, 344, 802, 503, 134, 598, 800, 598, 134, 344, 342, 222, 1230, 222, 342, 138, 1378, 345, 805, 762, 739, 599, 805, 224, 600, 758, 250, 805, 250, 762, 739, 762, 740, 172, 807, 228, 347, 348, 346, 348, 135, 343, 346, 343, 801, 801, 228, 346, 1256, 142, 281, 601, 808, 170, 601, 173, 350, 602, 349, 1256, 281, 137, 602, 802, 803, 137, 804, 808, 803, 334, 795, 351, 809, 211, 603, 211, 809, 171, 603, 174, 796, 174, 603, 211, 144, 279, 795, 604, 795, 279, 279, 138, 604, 345, 604, 138, 351, 345, 809, 806, 809, 1255, 206, 807, 172, 1369, 175, 776, 175, 1369, 206, 347, 605, 141, 352, 347, 807, 353, 810, 606, 810, 173, 712, 606, 712, 185, 239, 353, 748, 606, 185, 711, 239, 608, 353, 607, 142, 1256, 607, 1256, 350, 353, 607, 810, 810, 350, 173, 610, 797, 355, 953, 610, 811, 811, 814, 953, 356, 357, 36, 612, 1480, 1257, 612, 1387, 794, 104, 1438, 614, 1438, 813, 359, 814, 359, 813, 1057, 360, 1438, 1353, 953, 813, 613, 923, 44, 1502, 105, 812, 100, 1259, 958, 126, 616, 611, 102, 1049, 816, 1151, 961, 1439, 817, 790, 789, 1451, 367, 46, 122, 1487, 379, 1487, 122, 123, 160, 618, 1458, 379, 1487, 1458, 164, 618, 160, 379, 617, 122, 1049, 1189, 816, 961, 816, 1189, 1258, 613, 101, 381, 1505, 1261, 926, 78, 1262, 74, 619, 965, 73, 1238, 819, 1237, 1264, 967, 1090, 1265, 1081, 968, 820, 1266, 183, 387, 1389, 1222, 75, 1260, 390, 971, 621, 622, 1083, 824, 1269, 822, 1497, 390, 391, 1493, 1084, 623, 819, 188, 73, 819, 1270, 971, 966, 1089, 392, 1272, 1101, 1272, 392, 1273, 1088, 1274, 1091, 1400, 1087, 1093, 395, 1275, 1105, 1275, 1499, 67, 981, 1276, 827, 622, 828, 1278, 829, 986, 1277, 625, 1476, 827, 1277, 978, 622, 978, 1271, 64, 202, 1285, 989, 1391, 830, 1114, 1281, 1106, 984, 986, 1282, 992, 1107, 984, 397, 1096, 1283, 238, 64, 1285, 408, 990, 630, 631, 1108, 834, 1287, 1286, 988, 408, 1287, 1110, 1109, 632, 989, 264, 720, 989, 402, 1109, 1279, 1288, 990, 980, 1113, 1290, 1121, 1117, 1290, 1111, 997, 1112, 1291, 56, 993, 837, 835, 836, 633, 837, 835, 927, 55, 771, 1292, 1120, 412, 1293, 1125, 1293, 1116, 1294, 1003, 413, 995, 394, 1273, 1117, 997, 1004, 227, 999, 635, 1122, 999, 1286, 839, 643, 1000, 631, 839, 1289, 232, 1296, 1016, 841, 55, 411, 1301, 843, 1064, 423, 1127, 1129, 641, 931, 929, 1267, 998, 620, 838, 1123, 644, 839, 631, 845, 643, 1131, 1007, 821, 1007, 820, 87, 1011, 1303, 1305, 1304, 848, 846, 1130, 1008, 90, 930, 1304, 1139, 1138, 1135, 424, 1009, 1011, 85, 1013, 1009, 1242, 777, 1305, 849, 1134, 1306, 80, 219, 1296, 1014, 850, 1263, 850, 1014, 647, 79, 977, 1307, 1351, 1390, 83, 851, 1262, 1308, 851, 1014, 962, 82, 1133, 1308, 1080, 1470, 1140, 1214, 1377, 1142, 55, 841, 842, 841, 95, 1005, 934, 95, 836, 5, 660, 53, 24, 791, 852, 852, 305, 648, 852, 648, 430, 649, 853, 429, 654, 649, 854, 649, 429, 854, 1500, 1249, 1309, 1017, 434, 1022, 23, 433, 1018, 1020, 431, 303, 437, 1019, 435, 436, 1477, 18, 22, 1479, 436, 21, 786, 1019, 786, 21, 301, 1020, 1143, 1021, 439, 438, 1024, 20, 1022, 439, 19, 299, 855, 856, 855, 299, 299, 16, 856, 440, 1442, 1144, 442, 857, 14, 16, 292, 651, 292, 13, 650, 858, 650, 13, 1023, 1144, 857, 1463, 857, 446, 444, 653, 441, 15, 859, 652, 859, 15, 11, 852, 445, 24, 445, 852, 430, 430, 649, 654, 854, 25, 860, 654, 860, 861, 655, 861, 26, 443, 858, 1433, 862, 10, 1463, 14, 1463, 447, 656, 12, 653, 448, 862, 1433, 862, 448, 863, 10, 863, 5, 864, 9, 8, 12, 656, 7, 657, 7, 656, 1443, 1025, 859, 449, 863, 448, 658, 5, 863, 864, 8, 4, 450, 659, 3, 659, 450, 657, 7, 657, 450, 1310, 451, 1025, 449, 864, 1376, 865, 1478, 1310, 866, 453, 661, 453, 866, 2, 0, 331, 865, 867, 865, 331, 331, 1, 867, 452, 454, 866, 13, 590, 858, 858, 9, 1433, 27, 307, 868, 662, 868, 307, 307, 21, 662, 1019, 662, 21, 455, 437, 1464, 29, 920, 869, 1376, 1396, 870, 1396, 1376, 864, 454, 871, 1026, 2, 866, 1148, 1, 376, 871, 872, 871, 376, 376, 1428, 872, 51, 1147, 1311, 457, 1376, 461, 462, 663, 49, 664, 53, 660, 53, 664, 462, 873, 870, 48, 463, 873, 874, 873, 463, 461, 1312, 1027, 1149, 1486, 1027, 1313, 46, 1314, 1313, 47, 1150, 1315, 790, 875, 853, 875, 466, 667, 853, 667, 429, 466, 876, 665, 876, 45, 877, 665, 877, 467, 429, 666, 854, 666, 467, 25, 790, 817, 875, 817, 961, 1151, 875, 670, 466, 670, 1151, 668, 1151, 44, 668, 466, 669, 876, 669, 468, 878, 876, 878, 45, 463, 874, 469, 879, 470, 671, 470, 879, 43, 672, 49, 663, 49, 672, 470, 48, 369, 874, 880, 874, 369, 369, 42, 880, 469, 471, 879, 473, 881, 41, 465, 1314, 472, 366, 40, 1316, 881, 1152, 1317, 883, 468, 668, 673, 45, 878, 45, 673, 475, 476, 1464, 1479, 44, 923, 883, 42, 362, 885, 886, 885, 362, 362, 36, 886, 674, 1154, 480, 480, 887, 674, 887, 35, 481, 882, 888, 41, 1316, 815, 1401, 815, 359, 677, 1401, 677, 480, 359, 814, 675, 675, 890, 482, 480, 676, 887, 676, 482, 889, 887, 889, 35, 39, 1318, 1155, 483, 1031, 1322, 485, 483, 1322, 1156, 486, 1452, 1321, 478, 1156, 36, 357, 1032, 486, 1032, 1325, 31, 1326, 1325, 814, 811, 890, 890, 682, 680, 890, 680, 482, 488, 891, 678, 891, 30, 892, 678, 892, 489, 482, 679, 889, 679, 489, 893, 889, 893, 35, 811, 355, 682, 680, 682, 488, 355, 29, 894, 488, 681, 891, 681, 490, 895, 891, 895, 30, 485, 896, 491, 1157, 491, 1402, 33, 315, 896, 884, 896, 315, 315, 27, 884, 494, 897, 26, 655, 897, 445, 869, 490, 894, 490, 869, 456, 495, 1033, 23, 683, 30, 895, 30, 683, 495, 1327, 885, 1030, 1159, 479, 1321, 43, 879, 1159, 56, 837, 1034, 637, 1034, 497, 497, 498, 637, 1291, 1035, 57, 373, 1186, 1329, 499, 1191, 1329, 354, 277, 143, 277, 354, 608, 608, 1491, 277, 1076, 1491, 239, 1491, 146, 277, 139, 1378, 138, 150, 1405, 149, 688, 270, 153, 251, 140, 270, 1330, 840, 1002, 840, 1330, 932, 427, 1333, 1331, 113, 1460, 1213, 689, 1337, 1163, 689, 1162, 111, 1336, 1334, 1039, 507, 1503, 1338, 509, 1173, 1339, 110, 1341, 309, 309, 900, 112, 512, 901, 1169, 1170, 1043, 1167, 1427, 1044, 313, 1413, 514, 1343, 1207, 1343, 1172, 107, 1412, 949, 514, 1339, 1173, 905, 1397, 1353, 1344, 1046, 1175, 1176, 1175, 1041, 1346, 1345, 1047, 902, 1047, 1484, 1177, 1055, 1198, 1372, 1179, 951, 69, 1181, 1197, 1183, 513, 1178, 1184, 1467, 1211, 1060, 1185, 952, 1187, 692, 1504, 907, 1048, 1053, 520, 1048, 1188, 693, 908, 1189, 507, 1188, 899, 693, 1189, 1049, 792, 1049, 102, 927, 407, 837, 407, 1054, 1347, 1200, 522, 1348, 1349, 99, 932, 99, 1349, 371, 523, 1203, 910, 499, 1328, 1481, 104, 954, 909, 521, 415, 1196, 1420, 1201, 1485, 904, 1485, 1046, 697, 1202, 1352, 905, 1056, 1397, 911, 1350, 1201, 697, 1352, 1203, 696, 905, 360, 909, 1057, 104, 1276, 974, 1482, 1467, 1060, 1195, 300, 913, 1362, 1063, 1332, 1407, 1357, 915, 1065, 1358, 428, 959, 914, 1064, 1359, 421, 1294, 1359, 1360, 1299, 120, 529, 1067, 1357, 1360, 120, 939, 917, 1071, 934, 534, 537, 1354, 1362, 1217, 916, 705, 938, 1069, 704, 937, 1070, 1074, 1221, 1220, 527, 1356, 1218, 294, 916, 116, 936, 703, 1069, 117, 937, 118, 937, 704, 118, 917, 1363, 1071, 917, 701, 1364, 703, 1301, 1075, 843, 936, 1300, 1075, 531, 1383, 591, 919, 787, 593, 920, 592, 946, 921, 793, 356, 922, 312, 1388, 924, 614, 958, 367, 925, 621, 622, 1271, 1084, 1085, 623, 630, 631, 1289, 1109, 1110, 632, 1122, 1123, 635, 1123, 1122, 634, 422, 928, 638, 641, 929, 640, 91, 94, 1394, 847, 645, 931, 900, 309, 1341, 1176, 691, 1344, 515, 1344, 691, 522, 933, 1349, 103, 1349, 933, 528, 1358, 529, 935, 529, 1358, 529, 935, 702, 703, 936, 1301, 938, 705, 1351, 539, 713, 186, 710, 940, 721, 571, 744, 244, 143, 285, 281, 779, 165, 587, 588, 942, 918, 1429, 783, 770, 591, 1437, 945, 300, 115, 298, 109, 1252, 592, 1252, 109, 902, 946, 594, 921, 921, 594, 313, 903, 111, 921, 793, 921, 111, 316, 124, 159, 322, 947, 150, 140, 948, 270, 948, 140, 323, 948, 146, 274, 944, 120, 1299, 276, 941, 277, 323, 276, 277, 949, 110, 308, 798, 950, 1254, 1254, 950, 596, 1369, 807, 206, 922, 106, 951, 612, 794, 33, 813, 953, 814, 363, 955, 361, 1371, 36, 362, 103, 364, 955, 361, 955, 364, 361, 106, 1371, 1258, 101, 695, 954, 104, 924, 614, 924, 104, 371, 955, 363, 956, 615, 957, 615, 956, 372, 98, 925, 956, 925, 98, 373, 373, 100, 958, 960, 99, 374, 959, 428, 1465, 375, 957, 615, 957, 377, 98, 1299, 960, 378, 960, 1299, 840, 960, 374, 378, 961, 101, 1439, 276, 380, 139, 619, 963, 965, 963, 384, 964, 965, 964, 1418, 1270, 966, 619, 967, 818, 1238, 969, 389, 1379, 1270, 1083, 621, 1083, 1270, 823, 1414, 972, 1399, 973, 393, 1400, 825, 985, 826, 985, 825, 625, 827, 1095, 624, 1095, 827, 828, 829, 624, 1095, 76, 1496, 398, 1098, 822, 1099, 827, 978, 622, 396, 981, 983, 981, 401, 982, 983, 982, 1499, 61, 984, 404, 826, 985, 627, 1278, 986, 831, 628, 65, 1284, 987, 1284, 65, 633, 1392, 628, 238, 1285, 832, 1287, 634, 1122, 634, 1287, 408, 1288, 1108, 630, 1108, 1288, 833, 1287, 988, 632, 1109, 989, 830, 61, 410, 992, 991, 992, 410, 835, 993, 836, 65, 994, 996, 994, 394, 995, 996, 995, 415, 57, 413, 997, 838, 998, 635, 839, 1000, 1289, 57, 1001, 413, 1360, 1002, 840, 1003, 414, 1004, 414, 1003, 421, 639, 1423, 842, 97, 843, 642, 95, 92, 1005, 641, 1006, 847, 838, 1450, 620, 1450, 838, 644, 839, 1131, 643, 1131, 839, 845, 643, 1007, 821, 1008, 646, 848, 85, 1009, 424, 87, 424, 1011, 645, 1012, 851, 1138, 416, 219, 85, 1407, 1013, 1015, 232, 1016, 934, 993, 701, 993, 934, 836, 433, 1490, 1018, 1018, 1017, 432, 431, 1020, 434, 434, 1021, 1022, 1021, 438, 1022, 1143, 855, 856, 1023, 857, 442, 1023, 1024, 440, 659, 1466, 451, 1145, 869, 920, 872, 1026, 871, 1495, 883, 1029, 923, 1029, 883, 886, 1030, 885, 1031, 483, 477, 28, 1402, 1028, 493, 897, 1419, 1326, 493, 1453, 683, 1033, 495, 1378, 139, 380, 1037, 135, 136, 329, 1038, 502, 1061, 1335, 1498, 898, 1040, 899, 1042, 901, 383, 1473, 1385, 1043, 313, 1044, 903, 1344, 516, 904, 1176, 1041, 901, 1346, 1047, 902, 108, 922, 1427, 513, 1427, 358, 908, 1048, 907, 908, 101, 1189, 693, 1049, 899, 497, 1034, 1348, 407, 1347, 1034, 911, 1050, 694, 698, 1307, 1415, 61, 404, 1481, 1051, 910, 1461, 954, 1461, 910, 1187, 1052, 1210, 907, 1053, 1194, 987, 996, 1054, 1054, 415, 521, 1348, 1347, 521, 525, 1055, 1199, 1199, 517, 364, 911, 1201, 1420, 1420, 1485, 904, 1050, 911, 697, 696, 1057, 909, 1412, 1058, 1208, 67, 1209, 1059, 1209, 1210, 1059, 67, 1059, 401, 912, 112, 900, 1335, 1061, 699, 1068, 913, 1062, 526, 505, 1444, 915, 1064, 914, 700, 1065, 914, 1377, 58, 1066, 58, 1377, 700, 533, 1067, 702, 701, 917, 934, 913, 1068, 1217, 705, 1069, 706, 537, 1070, 1354, 707, 1303, 1364, 703, 1219, 706, 1072, 116, 916, 1072, 1073, 1404, 1301, 936, 843, 231, 560, 1448, 1076, 564, 566, 918, 942, 586, 88, 586, 942, 942, 1077, 88, 1077, 588, 782, 1424, 1248, 943, 235, 775, 1425, 1038, 130, 502, 168, 950, 166, 1369, 352, 807, 381, 962, 1263, 1078, 619, 966, 1079, 1078, 966, 619, 1078, 963, 1078, 1079, 382, 963, 1080, 384, 1081, 385, 1406, 1375, 1268, 820, 620, 385, 221, 385, 1450, 1406, 1082, 389, 969, 389, 1082, 387, 1271, 390, 621, 621, 1083, 622, 390, 1271, 391, 1085, 1084, 1079, 394, 1086, 1088, 1086, 392, 1087, 1088, 1087, 393, 72, 1089, 195, 392, 1089, 1090, 1091, 1090, 1459, 1499, 395, 1092, 983, 1092, 396, 71, 1093, 198, 395, 1093, 1094, 1494, 1094, 1082, 1277, 1096, 625, 1096, 1277, 624, 829, 1278, 624, 825, 1098, 1099, 68, 1100, 202, 979, 202, 1100, 399, 1100, 1101, 1100, 68, 1272, 1102, 1101, 1086, 400, 980, 402, 980, 400, 626, 626, 400, 1103, 982, 1103, 1499, 66, 1104, 193, 1103, 1104, 1105, 1103, 1105, 1499, 405, 1106, 1107, 1107, 1283, 831, 627, 403, 233, 403, 985, 397, 1392, 406, 628, 979, 1119, 629, 1289, 408, 630, 630, 1108, 631, 408, 1289, 634, 1110, 1109, 402, 1111, 409, 1115, 1112, 1115, 991, 1113, 262, 1446, 409, 1446, 1114, 1115, 1114, 405, 1292, 1392, 411, 1004, 1116, 1117, 1116, 412, 1117, 399, 1118, 1119, 1118, 65, 628, 65, 1118, 994, 1118, 399, 1102, 994, 1102, 394, 1492, 1120, 260, 1120, 1492, 1121, 1246, 1121, 1492, 1295, 1123, 634, 642, 1124, 97, 97, 1124, 421, 1125, 422, 638, 94, 1436, 1394, 1423, 1126, 54, 640, 1127, 641, 93, 1006, 423, 1127, 423, 1006, 642, 423, 1128, 1124, 1128, 1125, 422, 1125, 1128, 1128, 1129, 422, 639, 1130, 846, 1130, 639, 1005, 89, 1302, 93, 1006, 93, 1302, 1295, 1132, 644, 1132, 1295, 643, 821, 1132, 643, 1010, 646, 1008, 86, 88, 1133, 931, 1133, 88, 425, 1134, 849, 646, 1135, 240, 646, 1010, 1135, 1138, 426, 416, 1137, 1432, 1441, 84, 1138, 219, 426, 1138, 1139, 1138, 84, 1135, 1137, 1441, 425, 1140, 1447, 1380, 1393, 1297, 1409, 964, 384, 1408, 1381, 1408, 1409, 428, 1142, 1465, 434, 1490, 431, 438, 1143, 440, 1500, 1145, 920, 456, 1145, 1146, 454, 458, 1148, 1147, 1148, 458, 458, 1026, 460, 1312, 460, 1026, 460, 1149, 1311, 1149, 1486, 1150, 1311, 1150, 464, 469, 1327, 471, 673, 1153, 475, 1028, 455, 1464, 479, 1324, 478, 1324, 479, 1030, 882, 1154, 674, 477, 483, 1155, 1156, 478, 486, 491, 1319, 1402, 1319, 491, 884, 24, 1158, 311, 1158, 24, 445, 683, 456, 1033, 1146, 1033, 456, 471, 479, 1159, 133, 685, 125, 127, 129, 130, 1076, 1405, 274, 1160, 504, 1460, 1161, 1160, 1460, 1340, 1341, 509, 1341, 1340, 900, 79, 1165, 398, 1165, 79, 1166, 698, 1166, 79, 1169, 1484, 512, 902, 1167, 310, 1167, 902, 1484, 1410, 1168, 1042, 1168, 511, 1169, 1042, 1169, 901, 1170, 1168, 1454, 513, 1171, 1044, 1044, 1355, 903, 1173, 1412, 1172, 1344, 1175, 1176, 691, 1176, 512, 517, 1177, 1179, 1177, 1455, 1178, 1179, 1178, 358, 1414, 1180, 1181, 1180, 1455, 1197, 972, 1181, 1274, 1184, 518, 1434, 1185, 1434, 1058, 520, 1188, 1338, 1338, 1188, 507, 522, 684, 497, 694, 1190, 1192, 1190, 1051, 1191, 1192, 1191, 499, 1051, 1190, 523, 1050, 523, 1190, 1461, 100, 1193, 524, 1194, 519, 1053, 519, 1194, 695, 1195, 365, 1195, 695, 1194, 69, 1196, 415, 525, 1196, 1198, 1196, 69, 1197, 1198, 1197, 1455, 525, 1199, 1200, 1200, 933, 522, 364, 103, 1199, 1056, 1202, 516, 1352, 1202, 1056, 909, 1203, 696, 1482, 1204, 1206, 1204, 518, 1205, 1206, 1205, 67, 518, 1204, 1207, 1208, 1207, 1172, 1209, 524, 1210, 524, 1209, 1211, 1209, 67, 1205, 1211, 1205, 518, 508, 1166, 510, 510, 1166, 1212, 113, 1213, 1062, 528, 1214, 428, 1214, 528, 1065, 420, 1002, 530, 1067, 529, 702, 1075, 1219, 703, 1216, 1383, 531, 1212, 1415, 534, 535, 1068, 527, 1068, 535, 1217, 536, 704, 537, 1415, 705, 706, 534, 1219, 1416, 707, 1218, 87, 1416, 1219, 1383, 532, 1404, 1074, 1074, 1220, 538, 1221, 1073, 535, 535, 1218, 1221, 1073, 1221, 1074, 709, 1222, 710, 75, 1222, 709, 71, 940, 183, 1222, 183, 940, 1501, 1224, 542, 193, 1224, 66, 718, 1225, 543, 195, 1225, 72, 543, 1226, 725, 68, 1226, 195, 1225, 195, 1226, 721, 1227, 544, 1228, 544, 1227, 198, 1227, 71, 940, 71, 1227, 1228, 1501, 544, 66, 1228, 198, 725, 1417, 726, 1226, 68, 1417, 64, 1417, 202, 205, 1229, 546, 554, 1230, 1231, 1231, 216, 735, 736, 1232, 552, 219, 1232, 84, 1233, 84, 1232, 80, 1232, 219, 734, 1234, 213, 1267, 1234, 734, 553, 1235, 718, 72, 1235, 221, 1234, 221, 1235, 1238, 559, 1237, 77, 1237, 1448, 1238, 73, 559, 737, 1239, 560, 80, 1239, 737, 77, 1239, 232, 730, 1240, 215, 826, 1240, 730, 561, 1241, 743, 60, 1241, 233, 1240, 233, 1241, 244, 744, 562, 564, 1076, 239, 217, 1367, 736, 1233, 736, 1242, 84, 1233, 240, 178, 1243, 565, 1243, 754, 241, 1244, 764, 253, 766, 780, 163, 575, 1436, 766, 769, 1245, 770, 260, 1245, 1492, 1429, 1245, 260, 1245, 1429, 770, 161, 257, 574, 743, 1247, 578, 262, 1247, 60, 578, 1246, 769, 1368, 578, 769, 1121, 1246, 262, 1247, 262, 1246, 280, 584, 776, 918, 166, 798, 780, 165, 162, 160, 1248, 782, 782, 1248, 1424, 1435, 589, 208, 785, 945, 298, 300, 298, 945, 1019, 786, 652, 787, 919, 1250, 919, 303, 1249, 1250, 1249, 1500, 1469, 113, 1437, 300, 945, 1382, 919, 19, 303, 19, 919, 591, 793, 788, 791, 791, 1251, 793, 1251, 791, 24, 920, 1250, 1500, 592, 1252, 593, 1250, 593, 787, 1251, 311, 946, 311, 1251, 24, 946, 311, 31, 159, 123, 136, 947, 274, 150, 947, 948, 274, 271, 1038, 329, 794, 949, 314, 797, 109, 592, 798, 1254, 1253, 950, 798, 166, 131, 1254, 596, 806, 1255, 599, 599, 224, 806, 1256, 349, 350, 1255, 809, 345, 812, 1257, 38, 1257, 812, 612, 1480, 612, 33, 40, 1438, 815, 1320, 923, 38, 365, 1502, 1258, 1388, 614, 366, 100, 1461, 954, 924, 1259, 954, 102, 816, 789, 75, 230, 1260, 926, 1260, 230, 1505, 389, 1261, 387, 1261, 389, 230, 78, 926, 1262, 962, 926, 381, 1263, 1097, 850, 1097, 1263, 850, 1390, 1097, 818, 1079, 1084, 382, 1079, 818, 619, 74, 1270, 1041, 74, 383, 818, 819, 1238, 1238, 1237, 967, 1237, 77, 1264, 382, 967, 1470, 232, 1264, 77, 1264, 232, 1015, 221, 1265, 72, 1265, 221, 385, 1459, 1090, 1081, 1081, 1265, 385, 968, 1375, 820, 221, 1234, 1267, 821, 1268, 1132, 1268, 821, 820, 183, 1389, 71, 1082, 1389, 387, 183, 1260, 387, 1260, 183, 1222, 926, 381, 1260, 1261, 387, 1260, 391, 1269, 1493, 621, 971, 1270, 823, 1270, 74, 824, 1083, 823, 828, 622, 824, 70, 716, 822, 1497, 822, 716, 716, 188, 1497, 623, 1497, 188, 1493, 1269, 1497, 819, 623, 188, 818, 1084, 819, 390, 1085, 971, 1085, 1079, 971, 966, 971, 1079, 195, 1272, 68, 1272, 195, 1089, 394, 1102, 1086, 1101, 1100, 1272, 1086, 1101, 392, 69, 1273, 1274, 1273, 394, 1088, 1274, 1088, 393, 392, 1091, 1087, 1091, 1459, 1400, 1087, 1400, 393, 198, 1275, 66, 1275, 198, 1093, 1499, 1275, 395, 67, 401, 981, 1276, 981, 396, 395, 1494, 1092, 1092, 975, 396, 397, 985, 625, 624, 1277, 827, 1283, 1096, 1278, 1096, 397, 625, 829, 1350, 986, 825, 826, 729, 1098, 825, 729, 1476, 625, 1099, 822, 1098, 70, 978, 1277, 1476, 1476, 391, 978, 1271, 978, 391, 1285, 202, 979, 402, 1279, 400, 1280, 980, 626, 1280, 626, 401, 830, 193, 1279, 626, 982, 401, 233, 1281, 60, 1281, 233, 403, 405, 1114, 1106, 1114, 1446, 1281, 1106, 1281, 403, 404, 984, 1282, 984, 831, 986, 1282, 986, 1350, 61, 992, 984, 992, 405, 1107, 984, 1107, 831, 233, 1240, 627, 826, 627, 1240, 403, 397, 1106, 1283, 1278, 831, 832, 59, 238, 628, 1284, 633, 927, 633, 1284, 927, 1284, 407, 1292, 629, 406, 629, 1292, 832, 832, 1285, 629, 979, 629, 1285, 399, 1119, 979, 1122, 1286, 1287, 630, 990, 1288, 833, 1288, 1280, 834, 1108, 833, 63, 631, 834, 62, 988, 1286, 632, 988, 264, 1110, 1287, 632, 989, 632, 264, 989, 720, 1391, 1279, 1109, 830, 408, 1110, 990, 1110, 402, 990, 980, 990, 402, 262, 1113, 1121, 1113, 409, 1290, 1121, 1290, 412, 1117, 412, 1290, 1111, 1290, 409, 57, 997, 1291, 997, 1111, 1112, 1291, 1112, 410, 1115, 405, 991, 1112, 991, 410, 836, 411, 633, 1392, 633, 411, 993, 835, 837, 55, 1292, 411, 1292, 771, 832, 260, 1293, 638, 1293, 260, 1120, 414, 1125, 1116, 1125, 638, 1293, 1116, 1293, 412, 58, 1294, 1001, 1294, 421, 1003, 1001, 1294, 413, 415, 995, 69, 1273, 69, 995, 414, 1116, 1004, 1117, 1111, 997, 1004, 997, 413, 635, 998, 227, 838, 635, 1123, 635, 999, 1122, 1286, 999, 62, 1000, 1295, 634, 1289, 1000, 634, 232, 1239, 1296, 1239, 80, 1296, 1136, 1447, 417, 81, 1297, 1393, 58, 1001, 1066, 1066, 1001, 1449, 1066, 1449, 419, 419, 1298, 1142, 1298, 419, 418, 932, 960, 840, 1299, 1360, 840, 841, 411, 836, 96, 928, 844, 422, 844, 928, 1125, 414, 1124, 421, 1124, 414, 842, 1005, 639, 1075, 1301, 915, 1300, 642, 843, 642, 1300, 93, 915, 1301, 1064, 1064, 843, 97, 1077, 781, 929, 640, 929, 781, 781, 96, 640, 844, 640, 96, 640, 844, 1127, 1129, 1127, 844, 844, 422, 1129, 846, 1126, 639, 1126, 846, 930, 847, 931, 641, 931, 88, 929, 1077, 929, 88, 998, 838, 620, 644, 1123, 1295, 1132, 1406, 1450, 643, 1295, 1000, 845, 631, 63, 1007, 1266, 820, 91, 930, 90, 1011, 1363, 1303, 1306, 1010, 1395, 1305, 848, 646, 90, 1304, 777, 92, 1395, 1130, 1008, 1130, 1395, 846, 1008, 848, 846, 848, 930, 1304, 930, 848, 1462, 1302, 89, 847, 1012, 645, 1012, 847, 1302, 240, 1135, 84, 425, 1139, 1134, 1135, 1134, 1139, 1009, 849, 1011, 1013, 425, 1009, 849, 1009, 425, 240, 1305, 646, 1305, 240, 1242, 1304, 1305, 777, 1306, 1134, 1010, 1306, 1440, 849, 86, 1133, 82, 1296, 219, 416, 1137, 425, 1013, 977, 1351, 1307, 1351, 977, 1390, 1390, 850, 83, 962, 1262, 851, 1262, 78, 1308, 82, 1308, 78, 1014, 1012, 647, 645, 851, 1308, 1308, 1133, 645, 384, 1080, 1140, 428, 1214, 1142, 1214, 700, 1377, 841, 1005, 842, 95, 841, 836, 636, 701, 56, 303, 431, 1249, 1309, 1249, 431, 433, 1146, 1309, 1146, 1145, 1500, 1490, 1309, 431, 432, 1017, 20, 1022, 20, 1017, 23, 1018, 432, 855, 303, 19, 303, 855, 1020, 434, 1020, 1021, 1020, 855, 1143, 1021, 1143, 438, 439, 1024, 17, 1022, 438, 439, 440, 1024, 438, 17, 1023, 442, 1310, 6, 0, 454, 1148, 866, 1376, 457, 449, 871, 454, 867, 452, 867, 454, 454, 1026, 458, 459, 1147, 51, 2, 1148, 459, 1147, 460, 1311, 460, 1147, 458, 870, 52, 48, 1445, 1312, 872, 460, 1312, 1149, 1312, 1445, 1027, 1149, 1027, 1486, 464, 1150, 47, 51, 1311, 464, 372, 1451, 50, 1313, 1451, 46, 1313, 1314, 1486, 465, 1315, 1486, 817, 1151, 670, 471, 1159, 879, 47, 1315, 473, 472, 1314, 366, 366, 1316, 472, 1316, 1317, 472, 472, 1317, 1152, 882, 881, 1154, 1317, 1154, 881, 673, 468, 1495, 468, 883, 1495, 1153, 1495, 1318, 475, 1153, 39, 868, 1319, 884, 1319, 868, 455, 923, 1320, 1029, 477, 474, 1471, 1318, 477, 1155, 477, 1318, 474, 478, 1321, 479, 1154, 1401, 480, 1154, 1317, 1401, 484, 1472, 34, 39, 1155, 484, 38, 1257, 1320, 1471, 1480, 1031, 1480, 1322, 1031, 1322, 1480, 33, 896, 1322, 33, 1322, 896, 485, 485, 1323, 1472, 1032, 1324, 886, 478, 1032, 486, 1032, 478, 1324, 487, 1156, 1452, 37, 1156, 487, 1156, 37, 1321, 357, 1325, 1032, 1325, 357, 31, 1325, 1326, 1453, 34, 1323, 492, 31, 311, 1326, 1158, 1326, 311, 1033, 433, 23, 885, 1327, 880, 471, 1030, 479, 1030, 471, 1327, 496, 1321, 37, 1321, 496, 1159, 43, 1159, 496, 56, 1034, 637, 1291, 410, 1036, 410, 61, 1036, 1481, 1036, 61, 1328, 499, 500, 1329, 500, 499, 1329, 1193, 373, 498, 1330, 1002, 1002, 420, 498, 1330, 684, 932, 684, 1330, 498, 427, 1331, 1141, 1141, 1331, 1410, 1161, 1170, 1160, 1454, 1410, 1331, 1161, 1469, 1473, 1333, 1332, 1403, 504, 1333, 505, 1266, 1334, 1335, 1334, 1266, 1007, 1498, 1336, 506, 1337, 1061, 1498, 898, 792, 1162, 1163, 1337, 1498, 1335, 1334, 1336, 1007, 1131, 1334, 1039, 1334, 1131, 1131, 845, 1039, 845, 63, 1039, 506, 507, 1040, 899, 1040, 507, 792, 898, 899, 1165, 508, 1339, 1413, 1339, 514, 509, 1339, 508, 1340, 508, 510, 1354, 1398, 510, 1341, 110, 335, 310, 1252, 902, 1041, 383, 901, 511, 1170, 1167, 1170, 1161, 1043, 1167, 1043, 310, 1342, 386, 699, 513, 1183, 1171, 1182, 1414, 1342, 1171, 1182, 1411, 108, 1427, 313, 1427, 513, 1044, 388, 1343, 1468, 1343, 388, 1413, 1207, 1204, 1468, 1172, 1343, 514, 1412, 335, 949, 1172, 1412, 1208, 1173, 509, 335, 904, 1046, 1344, 516, 1344, 515, 1345, 690, 1174, 690, 1345, 1346, 1346, 109, 1386, 953, 1353, 1045, 828, 824, 1046, 1175, 1046, 824, 824, 823, 1175, 1041, 1175, 823, 823, 74, 1041, 512, 1176, 901, 515, 691, 1345, 1047, 1345, 691, 691, 512, 1047, 1484, 1047, 512, 1346, 902, 109, 1455, 1177, 1198, 1177, 517, 1055, 1198, 1055, 525, 106, 1372, 951, 1372, 517, 1179, 951, 1179, 358, 69, 1274, 1181, 1274, 393, 972, 1197, 1181, 1180, 1178, 513, 358, 518, 1184, 1211, 1184, 1185, 1467, 1211, 1467, 524, 105, 1060, 952, 952, 1185, 1058, 63, 834, 906, 1504, 906, 834, 834, 833, 1504, 1280, 1483, 833, 520, 519, 1053, 908, 907, 101, 1338, 692, 520, 1048, 693, 1188, 693, 1048, 908, 899, 1188, 693, 837, 407, 1034, 407, 987, 1054, 987, 65, 996, 1347, 1054, 521, 1348, 522, 497, 1347, 1348, 1034, 525, 1200, 521, 1348, 521, 1200, 371, 103, 955, 103, 371, 1349, 932, 684, 1349, 404, 1282, 694, 911, 694, 1350, 910, 1051, 523, 909, 910, 1203, 79, 1307, 698, 698, 1415, 1212, 694, 1192, 404, 909, 954, 910, 1210, 519, 1187, 519, 1210, 524, 695, 101, 907, 365, 1258, 695, 521, 1196, 525, 361, 1372, 106, 1372, 364, 517, 829, 1095, 1201, 1202, 697, 1420, 1046, 1485, 828, 1420, 904, 1202, 516, 1202, 904, 1352, 1056, 905, 1174, 1056, 516, 1201, 1350, 829, 523, 1050, 697, 1352, 696, 1203, 696, 1352, 905, 905, 1353, 360, 1203, 523, 697, 696, 360, 1057, 67, 1276, 1206, 1276, 396, 974, 518, 1207, 1434, 1434, 1208, 1058, 1052, 1483, 1059, 1052, 1059, 1210, 524, 1467, 1195, 1195, 1060, 365, 1212, 1354, 510, 900, 1340, 1398, 112, 912, 114, 1070, 114, 912, 1266, 1335, 699, 689, 1355, 1337, 1355, 689, 903, 300, 1362, 115, 1407, 85, 1063, 1356, 1063, 85, 1356, 527, 1444, 1068, 526, 527, 914, 1065, 915, 529, 1357, 528, 1065, 528, 1357, 428, 1358, 528, 332, 1358, 959, 121, 935, 332, 935, 121, 702, 97, 1359, 1064, 1359, 97, 421, 700, 914, 1359, 1294, 58, 1359, 700, 1359, 58, 1002, 1360, 530, 636, 420, 1215, 530, 1215, 420, 702, 121, 1361, 702, 1361, 533, 642, 93, 423, 1067, 531, 1357, 915, 1357, 531, 1075, 915, 531, 119, 939, 120, 530, 1360, 532, 939, 532, 1360, 1361, 118, 533, 92, 95, 1071, 934, 1071, 95, 1351, 705, 1307, 1351, 83, 938, 647, 1462, 83, 534, 1354, 1212, 912, 1354, 1070, 114, 1070, 937, 1217, 535, 1073, 1217, 1362, 913, 115, 1362, 294, 916, 294, 1362, 1462, 89, 938, 1069, 938, 89, 1416, 536, 537, 704, 1070, 537, 87, 1303, 707, 707, 1220, 1221, 1220, 707, 1364, 85, 424, 1356, 706, 1069, 703, 1069, 89, 936, 1216, 533, 536, 533, 118, 704, 1363, 917, 1303, 1364, 1303, 917, 1363, 1440, 1071, 92, 1071, 1440, 532, 538, 530, 1364, 1215, 538, 538, 532, 1074, 1365, 939, 119, 939, 1365, 1404, 289, 116, 119, 1365, 116, 1072, 1404, 1365, 1072, 936, 89, 1300, 93, 1300, 89, 1216, 531, 1067, 1216, 1067, 533, 1366, 1501, 542, 310, 1385, 1252, 278, 316, 141, 600, 250, 805, 1370, 1369, 776, 352, 1370, 605, 1371, 356, 36, 364, 1372, 361, 367, 1388, 46, 372, 956, 925, 164, 1374, 618, 969, 1379, 970, 1496, 1431, 977, 1418, 1042, 383, 526, 1068, 1062, 419, 1377, 1066, 161, 256, 257, 266, 585, 779, 1248, 1373, 768, 1386, 797, 610, 1378, 600, 599, 808, 349, 803, 451, 1478, 661, 493, 1419, 1453, 493, 1158, 445, 1180, 1182, 1183, 1062, 1382, 113, 1391, 542, 1224, 1228, 66, 1224, 220, 1231, 218, 1235, 72, 1225, 1241, 60, 1247, 273, 148, 235, 567, 1384, 244, 250, 251, 248, 55, 1423, 771, 1368, 1244, 261, 773, 157, 1474, 266, 779, 283, 593, 1385, 787, 1045, 1386, 610, 599, 600, 805, 803, 602, 137, 605, 1370, 1426, 278, 141, 605, 312, 31, 357, 1387, 107, 794, 1388, 366, 46, 1388, 1259, 924, 1375, 968, 973, 1094, 1389, 1082, 1391, 193, 830, 1392, 1292, 406, 418, 1186, 1298, 930, 1394, 1126, 446, 857, 443, 1025, 1466, 444, 1396, 52, 870, 52, 1396, 4, 864, 4, 1396, 1376, 870, 461, 1158, 493, 1326, 1297, 1332, 1333, 506, 1040, 1163, 1165, 1339, 1413, 515, 1345, 1174, 1397, 1045, 1353, 1397, 1056, 1174, 912, 1398, 1354, 701, 1215, 1364, 372, 925, 367, 91, 1394, 930, 766, 94, 780, 94, 587, 780, 943, 1248, 768, 787, 1385, 1473, 106, 356, 1371, 356, 106, 922, 812, 1387, 612, 107, 1387, 952, 1399, 968, 386, 975, 969, 970, 970, 1496, 76, 1399, 972, 973, 851, 1012, 1014, 1023, 440, 1144, 1419, 897, 494, 1385, 310, 1043, 1346, 1386, 690, 690, 1045, 1397, 1382, 1062, 300, 1332, 1063, 1403, 1404, 1073, 1074, 223, 560, 231, 1405, 1243, 241, 1378, 1255, 345, 1081, 1406, 1268, 1089, 72, 1265, 1093, 71, 1389, 1278, 1096, 624, 1379, 1505, 1431, 1394, 54, 1126, 426, 1136, 416, 81, 1137, 1407, 1140, 1380, 384, 1408, 384, 1380, 1410, 1418, 1141, 1381, 1141, 1418, 1381, 964, 1408, 1141, 1381, 427, 1409, 427, 1381, 1469, 1460, 113, 506, 1163, 1498, 511, 1168, 1170, 1168, 1410, 1454, 1171, 1411, 1355, 1412, 1173, 335, 515, 1174, 516, 1180, 1414, 1182, 377, 1298, 1186, 699, 1411, 1342, 1411, 1061, 1337, 1213, 526, 1062, 1219, 1075, 1383, 1415, 706, 1219, 534, 1416, 537, 536, 1416, 1216, 1383, 1216, 1416, 193, 1391, 1224, 202, 1417, 68, 777, 1242, 1367, 1367, 1242, 736, 1405, 566, 1243, 594, 946, 31, 356, 312, 357, 613, 1258, 1502, 958, 1259, 367, 614, 40, 366, 100, 954, 1259, 1042, 1418, 1410, 1381, 1418, 964, 74, 965, 383, 1090, 1089, 1265, 968, 1399, 973, 1400, 1459, 1375, 1375, 973, 1400, 1268, 1406, 1132, 975, 1494, 969, 1082, 969, 1494, 1094, 1093, 1389, 970, 76, 388, 970, 388, 976, 1280, 1288, 980, 1446, 60, 1281, 1106, 397, 1283, 1136, 417, 416, 81, 1393, 1432, 1297, 427, 1409, 1447, 1393, 1380, 1395, 1010, 1008, 1137, 1013, 1407, 859, 1025, 444, 50, 1451, 1445, 1401, 1317, 1316, 1325, 1453, 486, 1452, 1419, 32, 486, 1453, 1452, 492, 1157, 1402, 1402, 28, 492, 32, 1419, 494, 1193, 100, 373, 1170, 1454, 1160, 1160, 1454, 504, 427, 1297, 1333, 1297, 81, 1332, 1333, 1403, 505, 792, 899, 1049, 398, 1165, 1413, 1398, 1340, 510, 1183, 1182, 1171, 1182, 1342, 1411, 690, 1397, 1174, 690, 1386, 1045, 1053, 1048, 520, 694, 1282, 1350, 1420, 697, 911, 900, 1398, 912, 1355, 1411, 1337, 1332, 81, 1407, 701, 636, 1215, 705, 1415, 1307, 1462, 938, 83, 916, 1217, 1073, 530, 538, 1215, 916, 1073, 1072, 1038, 155, 284, 1456, 544, 1501, 1421, 717, 550, 1422, 742, 551, 1423, 576, 771, 745, 1425, 589, 108, 594, 312, 117, 297, 114, 145, 317, 1426, 597, 132, 339, 358, 1427, 922, 375, 1428, 376, 1428, 615, 50, 255, 616, 157, 1442, 1143, 856, 197, 544, 1456, 1421, 553, 191, 1422, 561, 234, 1367, 583, 266, 1431, 1097, 1390, 81, 1432, 1137, 448, 1433, 9, 1434, 1207, 1208, 1435, 1456, 177, 197, 1456, 1435, 1421, 191, 717, 1235, 553, 1234, 1422, 234, 742, 1241, 561, 1240, 236, 1425, 745, 181, 746, 237, 747, 181, 237, 1436, 575, 54, 54, 576, 1423, 777, 1367, 266, 1424, 781, 782, 785, 591, 945, 340, 339, 132, 804, 803, 802, 1438, 40, 614, 1502, 812, 38, 160, 1458, 1373, 765, 258, 1487, 613, 1439, 101, 44, 1439, 613, 1136, 1432, 1447, 1440, 1306, 1395, 1441, 426, 1139, 651, 1442, 856, 443, 1144, 650, 1433, 862, 446, 6, 1443, 11, 859, 11, 1443, 443, 1433, 446, 1428, 50, 872, 1191, 1193, 1329, 1187, 1504, 1052, 1356, 1444, 1063, 1163, 898, 689, 313, 594, 108, 922, 108, 312, 1015, 1016, 417, 1152, 881, 473, 1444, 505, 1403, 280, 1425, 775, 1425, 280, 589, 1078, 382, 1080, 1446, 262, 60, 1436, 54, 1394, 1010, 1134, 1135, 1136, 1441, 1432, 1441, 1136, 426, 1441, 1139, 425, 1157, 1323, 485, 898, 1162, 689, 213, 1234, 553, 215, 1240, 561, 1436, 94, 766, 804, 802, 344, 1267, 620, 221, 1449, 418, 419, 928, 1429, 638, 1132, 1450, 644, 1140, 1015, 417, 1443, 1310, 1025, 1310, 1443, 6, 1445, 1313, 1027, 1313, 1445, 1451, 487, 1452, 32, 1452, 1453, 1419, 1323, 1157, 492, 1449, 1035, 418, 1473, 1043, 1161, 1333, 504, 1331, 1040, 898, 1163, 1455, 1183, 1178, 1444, 527, 526, 1038, 284, 130, 273, 235, 562, 605, 1426, 278, 145, 1426, 1370, 46, 366, 1314, 1063, 1444, 1403, 417, 1447, 1140, 1157, 485, 491, 1455, 1180, 1183, 98, 1186, 373, 1237, 1488, 1448, 367, 1259, 1388, 1432, 1393, 1447, 1454, 1331, 504, 314, 315, 33, 1456, 1366, 177, 1488, 1457, 558, 794, 314, 33, 98, 956, 957, 974, 396, 975, 1457, 559, 186, 804, 344, 222, 1458, 1487, 258, 1459, 1268, 1375, 1119, 628, 406, 457, 660, 658, 1461, 1193, 1191, 170, 804, 1236, 1457, 713, 558, 789, 816, 817, 1302, 1462, 1012, 1470, 1015, 1140, 1144, 443, 857, 447, 1463, 10, 437, 1475, 1464, 476, 1479, 22, 1257, 1471, 1320, 1164, 1503, 1336, 692, 1187, 519, 105, 952, 1387, 812, 105, 1387, 959, 1465, 957, 970, 976, 974, 1466, 659, 657, 1025, 451, 1466, 1459, 1081, 1268, 1104, 400, 1279, 1465, 1142, 377, 1161, 1460, 1469, 398, 1413, 76, 1060, 1467, 1185, 520, 692, 519, 1225, 718, 1235, 1247, 743, 1241, 967, 1264, 1470, 1015, 1470, 1264, 386, 968, 1266, 381, 1261, 1260, 1099, 625, 825, 1016, 1296, 416, 1016, 416, 417, 1462, 647, 1012, 1470, 1080, 382, 1465, 377, 957, 465, 1486, 1314, 465, 472, 1152, 1029, 1320, 474, 1471, 474, 1320, 1472, 1323, 34, 477, 1471, 1031, 485, 1472, 483, 1213, 1460, 504, 1207, 1468, 1343, 386, 1266, 699, 1380, 1393, 1409, 1213, 505, 526, 1501, 1366, 1456, 1390, 977, 1431, 372, 367, 1451, 1328, 1035, 1036, 1380, 1409, 1408, 377, 1186, 98, 787, 1473, 591, 1382, 945, 1437, 1468, 1482, 976, 449, 457, 658, 1472, 484, 1155, 1164, 1039, 63, 193, 1104, 1279, 483, 1472, 1155, 1469, 1437, 591, 591, 1473, 1469, 28, 1028, 476, 505, 1213, 504, 906, 1164, 63, 1373, 1458, 258, 18, 1430, 12, 284, 1474, 158, 773, 1474, 155, 162, 255, 163, 435, 1475, 437, 1226, 543, 1225, 1246, 578, 1247, 391, 1476, 1269, 1475, 436, 1479, 1430, 441, 653, 1478, 451, 1310, 452, 1478, 865, 1257, 1480, 1471, 57, 1035, 1449, 499, 1481, 1192, 1276, 1482, 1206, 1483, 1280, 401, 949, 308, 314, 1036, 1481, 1328, 1269, 1476, 1099, 1336, 1039, 1164, 103, 933, 1199, 1437, 113, 1382, 1505, 381, 1097, 1105, 1104, 66, 1485, 1095, 828, 398, 1496, 977, 1269, 1099, 822, 1001, 57, 1449, 1490, 433, 1309, 1150, 1486, 1315, 1153, 1318, 39, 500, 1329, 1186, 1484, 1169, 511, 1399, 386, 1342, 1052, 833, 1483, 1192, 1481, 404, 1485, 1201, 1095, 1204, 1482, 1468, 1483, 401, 1059, 452, 661, 1478, 1474, 157, 158, 300, 1062, 913, 418, 500, 1186, 1482, 974, 976, 1105, 66, 1275, 124, 1487, 123, 435, 1477, 1475, 1475, 1477, 436, 1442, 651, 1144, 650, 1144, 651, 1399, 1342, 1414, 1488, 1237, 559, 1479, 1464, 1475, 1336, 1503, 506, 377, 1142, 1298, 506, 1503, 507, 441, 1430, 435, 1477, 435, 1430, 1028, 1464, 476, 1373, 258, 161, 247, 1489, 773, 162, 611, 616, 1490, 1017, 1018, 1491, 1076, 146, 1489, 582, 255, 162, 616, 255, 1492, 1245, 1246, 1489, 255, 157, 611, 687, 126, 390, 1493, 1085, 1494, 975, 1092, 1477, 1430, 18, 661, 3, 659, 3, 661, 453, 673, 1495, 1153, 906, 1504, 692, 970, 1379, 1496, 1490, 434, 1017, 473, 1315, 1152, 500, 418, 1035, 1336, 1498, 1335, 105, 1502, 365, 87, 1218, 1356, 1496, 1379, 1431, 1502, 38, 923, 923, 613, 1502, 1085, 1493, 623, 1497, 623, 1493, 1363, 1011, 849, 1440, 1363, 849, 1146, 1500, 1309, 1495, 474, 1318, 1338, 1503, 906, 1052, 1504, 833, 87, 1356, 424, 116, 1365, 119, 1505, 1379, 389, 1028, 1402, 1319, 1028, 1319, 455, 500, 1035, 1328, 1431, 1505, 1097, 970, 974, 975, 76, 1413, 388, 1468, 976, 388, 1430, 653, 12, 1503, 1164, 906, 906, 692, 1338, 105, 365, 1060, 1224, 1501, 1228, 398, 977, 79, 1037, 136, 123, 1037, 123, 685]
        rel material:binding = </Bag/Looks/Material>
        custom float newton:cloth:contact_margin = 0.006
        custom float newton:cloth:density = 0.2
        custom float newton:cloth:edge_kd = 0.000005
        custom float newton:cloth:edge_ke = 0.00005
        custom float newton:cloth:particle_radius = 0.006
        custom bool newton:cloth:self_contact = 1
        custom int newton:cloth:self_contact_filter_threshold = 1
        custom float newton:cloth:self_contact_margin = 0.002
        custom float newton:cloth:self_contact_radius = 0.002
        custom float newton:cloth:self_contact_rest_exclusion_radius = 0.005
        custom float newton:cloth:soft_contact_kd = 0.015
        custom float newton:cloth:soft_contact_ke = 15
        custom float newton:cloth:soft_contact_kf = 1
        custom float newton:cloth:soft_contact_mu = 0.4
        custom float newton:cloth:tri_ka = 10
        custom float newton:cloth:tri_kd = 0.000015
        custom float newton:cloth:tri_ke = 10
        float physics:mass = 0.037544344
        point3f[] points = [(0.13832408, 0.08608094, 0.014018512), (0.11572904, 0.08550617, 0.014440639), (0.11685249, 0.13505776, 0.011674385), (0.14237235, 0.13667917, 0.011790896), (-0.16774338, 0.084924005, 0.0110803135), (-0.17335585, 0.14, 0.011080311), (0.1510136, 0.08533242, 0.013480214), (0.16026542, 0.13724695, 0.01203044), (-0.16178714, 0.087487936, 0.012687797), (-0.1567834, 0.10001905, 0.013056842), (-0.16026537, 0.14, 0.012030443), (0.16531716, 0.084247805, 0.011080308), (0.17335585, 0.13724695, 0.011080308), (-0.1403215, 0.087214984, 0.014075073), (-0.14296326, 0.13895713, 0.011790897), (0.15968047, 0.08767673, 0.009492142), (-0.11929315, 0.08580785, 0.014453931), (-0.119130984, 0.135979, 0.011674385), (0.16026527, 0.13724695, 0.0101301735), (-0.09137671, 0.084330946, 0.014690514), (-0.09288096, 0.13395676, 0.0114804), (0.13790771, 0.08667764, 0.008094454), (0.14237216, 0.13667916, 0.010369721), (-0.064518385, 0.13398272, 0.011578824), (-0.03731134, 0.094965816, 0.007870118), (0.0022924219, 0.13416412, 0.010547918), (-0.033749845, 0.13410476, 0.010555011), (0.11590094, 0.085503384, 0.007702157), (0.11685227, 0.13505775, 0.010486233), (-0.034682374, 0.086422466, 0.014887699), (-0.033749808, 0.13410476, 0.011605611), (-0.06291021, 0.08791522, 0.0074577075), (-0.064518414, 0.13398272, 0.010581798), (0.09015806, 0.08536309, 0.0075477376), (0.08945628, 0.13395676, 0.010680221), (-0.0017121936, 0.1341726, 0.011613717), (-0.09115742, 0.086638644, 0.0076268865), (-0.092880964, 0.13395676, 0.010680221), (0.059303615, 0.08345649, 0.007151084), (0.061093695, 0.13398272, 0.010581798), (0.032055292, 0.08630039, 0.014892526), (0.030325418, 0.13410476, 0.011605611), (-0.118851505, 0.08554923, 0.007708216), (-0.119131, 0.135979, 0.010486236), (0.03187211, 0.08627418, 0.007263682), (0.030325105, 0.13410476, 0.010555011), (0.058855068, 0.08772932, 0.014716604), (0.06109399, 0.13398272, 0.011578823), (-0.14229913, 0.08805648, 0.008258219), (-0.14296326, 0.13895711, 0.010369724), (0.08581132, 0.08505265, 0.014659793), (0.08945655, 0.13395676, 0.0114804), (-0.15463914, 0.08586873, 0.008726983), (-0.16026536, 0.14, 0.010130179), (-0.15769461, -0.06679824, 0.0077275257), (-0.15102072, -0.04103907, 0.006587319), (-0.14961326, 0.011919681, 0.0071916054), (0.08888944, 0.0027395734, 0.018853681), (0.11066771, 0.010571167, 0.017740505), (-0.13714896, -0.06519544, 0.004378924), (0.063742585, -0.054426186, 0.02048674), (0.059955094, 0.0012140147, 0.019244002), (-0.00062868895, -0.07083704, 0.0015143772), (-0.0014898826, 0.0020109008, 0.0031175825), (-0.11590958, -0.065874204, 0.0026943707), (-0.11769617, -0.013942821, 0.0038207916), (0.058380935, -0.053557515, 0.0016731903), (0.057817668, 0.0067883157, 0.003189982), (-0.09482514, -0.055137742, 0.0020542156), (-0.09396789, 0.008484383, 0.0036334626), (-0.0020840983, -0.06868932, 0.020597328), (0.085698664, -0.055203922, 0.0019236485), (-0.06694625, -0.0547759, 0.0016633461), (-0.03424102, -0.07116152, 0.020786861), (-0.037639905, -0.004368736, 0.019339953), (0.113390096, -0.06690853, 0.0027058295), (0.10557119, 0.005759236, 0.0039854576), (-0.06694452, -0.06616455, 0.020752342), (0.13530917, -0.06607257, 0.0045535583), (0.12984084, 0.0096979765, 0.0054206178), (-0.094345614, -0.0660136, 0.020369837), (-0.095206596, -0.010847161, 0.019137118), (0.14527537, -0.0735232, 0.0058182245), (0.14634873, -0.018174022, 0.0066720773), (-0.11401555, -0.05513349, 0.019338684), (-0.11624062, -0.0006253285, 0.018163232), (0.15415378, -0.08290033, 0.007479734), (-0.13041404, 0.009517507, 0.016942933), (0.16161287, -0.07695307, 0.011080309), (0.16083863, -0.01789832, 0.011080308), (-0.14989871, -0.07314934, 0.016170083), (-0.15809746, -0.07912901, 0.014502124), (-0.15684348, -0.025122361, 0.014253557), (0.15054664, -0.02714045, 0.014807081), (-0.16514796, -0.085389465, 0.01108032), (-0.16426311, -0.01789832, 0.011080317), (0.13293995, -0.069221765, 0.017915454), (0.13056834, -0.009498443, 0.017096264), (0.084922045, 0.053882692, 0.016469566), (-0.13872358, 0.06580551, 0.007217379), (0.057062082, 0.054111205, 0.016738966), (0.026832554, 0.06386892, 0.005817168), (-0.0035968064, 0.06842383, 0.006021599), (-0.11687652, 0.053092055, 0.006110766), (0.032913294, 0.066042684, 0.016247666), (0.06271951, 0.06401094, 0.0059207925), (-0.08918626, 0.0680643, 0.00639762), (0.08705214, 0.06171219, 0.006086829), (-0.0655664, 0.06884908, 0.0061755446), (-0.03287003, 0.06418107, 0.016331224), (0.11361458, 0.06465617, 0.006547271), (-0.034175746, 0.06505367, 0.00586474), (0.13680765, 0.064152345, 0.007271207), (-0.091325246, 0.048063796, 0.016712373), (0.15026642, 0.06436849, 0.008242949), (-0.11764337, 0.066129014, 0.015536075), (-0.14418057, 0.06431187, 0.014613414), (0.1633075, 0.070998006, 0.011080308), (0.1574976, 0.061729904, 0.0128640495), (-0.15636264, 0.06453366, 0.013512252), (-0.16564372, 0.058116484, 0.011080314), (0.13532759, 0.06573456, 0.014942547), (0.13589302, -0.13257004, 0.018619973), (0.12670818, -0.1388051, 0.019133234), (0.111917265, -0.13890919, 0.02051793), (0.15097892, -0.13875043, 0.0150402095), (-0.15896533, -0.13875043, 0.013754509), (-0.14984143, -0.13875043, 0.016325928), (0.1623871, -0.13600782, 0.01108031), (-0.13774921, -0.12932871, 0.018790836), (-0.13506292, -0.13877042, 0.018671678), (0.15739752, -0.12970035, 0.0078828335), (-0.11534168, -0.13890919, 0.020517936), (0.15097883, -0.13875043, 0.007120411), (-0.09133537, -0.13918126, 0.02165287), (0.13699932, -0.1334501, 0.0036898083), (0.13163832, -0.13877043, 0.0034889532), (-0.06375422, -0.13953438, 0.022053499), (-0.037898, -0.13335702, 0.0000040084487), (-0.033484817, -0.13985737, 0.0002047982), (-0.0017122481, -0.14, 0.00034783158), (0.11684736, -0.13887452, 0.002104264), (-0.034957442, -0.13409081, 0.022159956), (-0.033484776, -0.13985734, 0.021955848), (-0.063754246, -0.13953441, 0.000107147665), (0.087910704, -0.13918127, 0.0005077719), (-0.0017121949, -0.13999999, 0.021812813), (-0.09133538, -0.13918127, 0.0005077781), (0.060329534, -0.13953441, 0.000107145024), (0.034771096, -0.1332675, 0.022155933), (0.030060384, -0.13985734, 0.021955844), (-0.11901477, -0.12770611, 0.0016566952), (-0.11534168, -0.1389092, 0.0016427105), (0.030060077, -0.13985737, 0.00020480259), (0.06032982, -0.13953438, 0.022053497), (-0.13506292, -0.13877043, 0.0034889681), (0.08791096, -0.13918126, 0.021652864), (-0.15396488, -0.12860635, 0.0059972266), (-0.15440337, -0.13875043, 0.007120425), (0.12046934, -0.13881692, 0.0112727815), (0.13463217, -0.10176174, 0.018293105), (0.108450785, -0.10547341, 0.020438153), (-0.165542, -0.11544412, 0.011080321), (-0.15726286, -0.10507559, 0.0071932613), (0.14708206, -0.10812112, 0.016520973), (-0.15702534, -0.10681662, 0.015068232), (0.16194469, -0.10226225, 0.011080309), (-0.11811951, -0.10262378, 0.02008445), (0.1546667, -0.107324824, 0.0073664393), (0.13576989, -0.09849659, 0.0040779533), (-0.062144797, -0.10218079, 0.021566376), (-0.0383759, -0.102226816, 0.00068179396), (0.11382596, -0.10090308, 0.002052016), (-0.036379553, -0.10516549, 0.021535391), (-0.06438953, -0.10315376, 0.0005642939), (0.08938162, -0.10387611, 0.00091369025), (-0.08776582, -0.09678622, 0.0010044024), (0.05876017, -0.09949612, 0.0006536965), (0.03051293, -0.10448796, 0.021511331), (-0.1191427, -0.10427691, 0.0021404994), (0.0609694, -0.103218764, 0.021597808), (-0.13688047, -0.09573821, 0.0038531807), (0.10084778, -0.08573302, 0.0017765375), (0.098404266, -0.055297714, 0.0023128446), (0.08829346, -0.085311934, 0.0013022475), (-0.015109335, -0.097969934, 0.021282155), (-0.035841655, -0.08392069, 0.021069955), (-0.0142046055, -0.08619432, 0.021022882), (-0.021427063, -0.06616208, 0.020624055), (-0.0026976436, -0.08137227, 0.02087116), (-0.07741253, -0.10563002, 0.0006722726), (-0.06497186, -0.08512363, 0.0009627382), (-0.07887125, -0.085166894, 0.0011455133), (0.04547533, -0.0529078, 0.0017298383), (0.032601442, -0.08365475, 0.0010958791), (-0.08121112, -0.055191647, 0.0018326665), (-0.09283316, -0.08429964, 0.0013391094), (0.07508004, -0.08561097, 0.0011212765), (0.072299235, -0.055305954, 0.0017536916), (0.017498367, -0.098359615, 0.021319307), (0.018622814, -0.08654572, 0.021070518), (-0.105932616, -0.084916994, 0.0018988331), (-0.10664469, -0.05703719, 0.0025032572), (-0.118492365, -0.08502372, 0.0024638048), (0.04601812, -0.10264828, 0.00063133513), (-0.10761111, -0.10543424, 0.001533474), (0.10191758, -0.103909254, 0.0014593325), (0.114018925, -0.08835962, 0.0023084152), (0.07697247, -0.106175914, 0.0006977837), (0.031038547, -0.084620185, 0.021080842), (0.14170055, -0.08552454, 0.00511967), (-0.050254073, -0.102665074, 0.0006279139), (-0.034513984, -0.08468602, 0.001078173), (-0.04637346, -0.07914001, 0.0011559058), (0.046250395, -0.10250027, 0.021526977), (0.04272233, -0.07897349, 0.021000296), (-0.1076904, -0.1053522, 0.020628441), (-0.117383, -0.08559704, 0.019800335), (-0.10608033, -0.085435204, 0.020300196), (-0.102656335, -0.05696463, 0.019846331), (-0.093240164, -0.08589093, 0.020845503), (-0.051712293, -0.0549803, 0.0016689938), (-0.083278395, -0.10722843, 0.021448199), (-0.07958456, -0.08657861, 0.021046381), (-0.019479742, -0.101579204, 0.00077916635), (-0.00071035576, -0.084223665, 0.0012284325), (-0.021892354, -0.087141454, 0.0010778061), (-0.01774375, -0.06666869, 0.0015403938), (0.1250598, -0.1069759, 0.002903936), (0.12812307, -0.08646121, 0.003529302), (0.12372434, -0.066126086, 0.0035393182), (-0.06511422, -0.088450104, 0.021270232), (-0.074827366, -0.0562138, 0.020437859), (0.04983132, -0.054112192, 0.02047779), (0.061494134, -0.08518718, 0.021199625), (0.05561413, -0.12960942, 0), (0.048893537, -0.11963957, 0.00024942018), (-0.13026936, -0.08514039, 0.0034840293), (-0.12664331, -0.06290415, 0.0035714165), (-0.002645931, -0.1267334, 0.021841433), (-0.12497727, -0.056571193, 0.018643083), (0.03377605, -0.1232033, 0.021932619), (-0.10385306, -0.11724379, 0.0011322841), (-0.09221069, -0.11821722, 0.0005949991), (0.036213517, -0.11948239, 0.00030133172), (0.04688667, -0.12014362, 0.021920804), (0.061220907, -0.119521014, 0.021960523), (-0.13709113, -0.117820434, 0.0035031824), (0.011000634, -0.11889504, 0.00043226758), (0.013446631, -0.09727661, 0.0008854213), (-0.00026603136, -0.122433424, 0.00040879933), (0.009940929, -0.13099046, 0.00017612784), (0.07595788, -0.117945105, 0.021729447), (0.074127465, -0.106145, 0.021497697), (0.0901652, -0.11870236, 0.02154753), (-0.15585591, -0.1180922, 0.0066779726), (0.10285684, -0.11901014, 0.020954562), (0.09584242, -0.106937274, 0.021028245), (0.11674051, -0.1174096, 0.02018717), (0.102835804, -0.08469314, 0.02024379), (0.10571257, -0.05398786, 0.019487165), (0.07513005, -0.08572678, 0.021031704), (0.07855738, -0.0541809, 0.020295812), (0.010835179, -0.08787095, 0.0011016722), (0.018887075, -0.06705563, 0.0015133963), (-0.12998784, -0.10805396, 0.019145636), (-0.1389255, -0.08886144, 0.017956251), (-0.077544816, -0.13935785, 0.00030746288), (0.09991411, -0.13904522, 0.021085398), (0.074120395, -0.13935782, 0.02185318), (0.014173915, -0.13992868, 0.0002763171), (-0.1252023, -0.13883981, 0.0025658393), (0.045195103, -0.13969587, 0.022004671), (0.045194805, -0.1396959, 0.00015597382), (0.014174095, -0.13992867, 0.021884328), (0.07412012, -0.13935785, 0.00030745848), (-0.022192117, -0.13990098, 0.009032236), (-0.017598486, -0.13992867, 0.02188433), (0.10414718, -0.13899691, 0.0013324588), (-0.04861953, -0.13969588, 0.00015597293), (0.07285019, -0.117895715, 0.00038219927), (-0.0486195, -0.13969587, 0.022004673), (-0.103338525, -0.13904524, 0.0010752443), (-0.14844958, -0.08497324, 0.016539132), (-0.14433156, -0.13875043, 0.011248568), (-0.04181596, -0.13975012, 0.012153873), (-0.07876323, -0.11766532, 0.00042907536), (0.15511568, 0.07374497, 0.013149371), (-0.15745269, 0.07655213, 0.013306959), (-0.14685881, 0.07561132, 0.014198197), (-0.1361125, 0.07538454, 0.014651843), (-0.12557802, 0.07533466, 0.014906616), (-0.13003296, 0.086372055, 0.014253763), (-0.1160357, 0.07616862, 0.015006008), (-0.12891299, 0.06420611, 0.015307733), (0.13406482, 0.076991074, 0.014526078), (0.14369331, 0.07501138, 0.01404301), (0.1548683, 0.077289, 0.008894871), (-0.10736282, 0.07096812, 0.015398544), (-0.10625143, 0.08392499, 0.014624298), (-0.10715839, 0.056280885, 0.016131073), (0.14363298, 0.07604188, 0.00797439), (0.13286284, 0.075164236, 0.007506665), (-0.08501686, 0.09296212, 0.014195586), (-0.013976684, 0.07238915, 0.006298412), (-0.01708998, 0.08514946, 0.0071780663), (0.12215764, 0.07488206, 0.0072371755), (0.12698102, 0.08577216, 0.007897978), (0.109838694, 0.073804475, 0.0069943527), (0.12555952, 0.06386765, 0.0068416824), (-0.05181011, 0.056086972, 0.016645322), (-0.049516704, 0.09183149, 0.0076895887), (-0.0710706, 0.0787172, 0.006909125), (-0.054886438, 0.063132755, 0.005833172), (0.100272916, 0.07577524, 0.0070035346), (0.10363398, 0.08513111, 0.007614718), (0.107382074, -0.13893478, 0.010925178), (0.09455009, -0.13907638, 0.0092337085), (0.07989777, -0.13926001, 0.010891959), (0.06649563, -0.13943143, 0.011275528), (0.052869927, -0.13960348, 0.011087368), (0.038604982, -0.13974796, 0.01082301), (0.02628611, -0.13987014, 0.0086209895), (-0.009057661, -0.1399549, 0.011400353), (-0.056282245, -0.1396036, 0.011255992), (-0.0701448, -0.13942856, 0.011025401), (-0.08331646, -0.13926008, 0.010983277), (-0.09552558, -0.13910706, 0.011065728), (-0.10704159, -0.13897204, 0.011260595), (-0.11901645, -0.1388535, 0.012095089), (0.12492966, 0.07519643, 0.014756965), (0.12698795, 0.08594653, 0.014230036), (0.123580456, 0.06408378, 0.015332793), (0.113550216, 0.07412852, 0.015096336), (-0.06452282, -0.11954064, 0.0002001429), (0.10661918, 0.052818514, 0.005900187), (-0.14943196, -0.117508255, 0.016835803), (-0.13902661, -0.118744135, 0.018439073), (-0.12784219, -0.12048427, 0.019581322), (-0.11743794, -0.124692604, 0.020571573), (-0.12543294, -0.13219264, 0.020002441), (-0.10532828, -0.11816394, 0.021014309), (-0.091637336, -0.11813236, 0.021572553), (0.13651393, -0.12365615, 0.00377334), (-0.08008019, -0.11797944, 0.021729983), (-0.037107907, -0.12354047, 0.0002210709), (0.12518305, -0.118751295, 0.0026802956), (0.11497063, -0.12460665, 0.0016575389), (0.12658966, -0.13107798, 0.0026096944), (-0.049826983, -0.11957473, 0.02189936), (-0.03682843, -0.116176926, 0.02177685), (-0.05027734, -0.120234214, 0.00023795507), (0.10368109, -0.12013477, 0.0011885567), (-0.014518762, -0.1190199, 0.021731483), (-0.023899661, -0.13441685, 0.02211225), (-0.022085829, 0.08642124, 0.014893101), (-0.08225267, 0.07831982, 0.006995672), (-0.077816084, 0.08982639, 0.007714784), (-0.075651474, 0.05374693, 0.005540993), (0.013194928, 0.08650253, 0.014889596), (0.014195986, 0.06455878, 0.016321767), (-0.10339228, 0.06906006, 0.006630295), (-0.10518782, 0.083993144, 0.007535905), (-0.116816394, 0.07393656, 0.007048358), (-0.1059464, 0.05633056, 0.0061053555), (0.051390983, 0.058605924, 0.005638581), (0.045129083, 0.09007402, 0.014594847), (0.06545129, 0.07486472, 0.015538427), (-0.12815517, 0.07538427, 0.0074057486), (-0.13026312, 0.08649132, 0.007942541), (-0.13755837, 0.077407695, 0.0076464736), (-0.12596697, 0.06432268, 0.0068063163), (0.079245105, 0.07500369, 0.015374511), (0.070375055, 0.051523622, 0.016746184), (-0.14785784, 0.07549054, 0.008174501), (0.102118224, 0.072427765, 0.015286867), (0.10391544, 0.0848689, 0.014548273), (0.09446788, 0.045635846, 0.01663166), (-0.15865603, 0.07388755, 0.00909697), (0.13678688, -0.123058915, 0.018313933), (-0.017598532, -0.13992868, 0.00027631488), (0.1230692, -0.043713834, 0.003852672), (-0.0508254, -0.041019533, 0.020173253), (-0.045851313, 0.0037966901, 0.019081084), (-0.06259043, -0.024406765, 0.019843044), (-0.04730784, -0.042249303, 0.0019606468), (-0.050857637, 0.009595569, 0.0033219627), (0.10451099, -0.043644644, 0.002796237), (0.097153075, 0.010140487, 0.0038543397), (0.10862183, -0.031491715, 0.0032066423), (-0.013616205, -0.033566754, 0.019885037), (-0.002651116, -0.03514063, 0.019881463), (-0.078678764, -0.03394506, 0.0022739728), (-0.074709244, -0.007813595, 0.0027963961), (-0.093579955, -0.016337005, 0.0028519973), (0.077064894, -0.034201127, 0.0022710436), (0.075476706, -0.008562486, 0.0028218657), (0.033035476, -0.03445944, 0.019994857), (0.115836374, 0.007721624, 0.0044062366), (-0.10543454, -0.03598101, 0.0029139612), (0.042900752, -0.03370343, 0.0021614453), (0.04878094, -0.0056841597, 0.0027579067), (0.030330967, -0.035958193, 0.002142198), (0.043250285, -0.042790893, 0.020209713), (0.048782703, 0.008880543, 0.01887384), (0.05835103, -0.022896422, 0.019809522), (-0.12729122, -0.034238968, 0.004196559), (-0.12856303, 0.0032851088, 0.004987022), (0.009955538, -0.034140933, 0.0022641243), (0.075091474, -0.034286667, 0.01989611), (0.0704171, -0.005629748, 0.019326521), (-0.14636555, -0.028712088, 0.006189579), (0.098427385, -0.036921494, 0.019415934), (0.10043794, -0.0061728884, 0.018715972), (0.112596795, -0.021429269, 0.01858491), (-0.106789574, 0.007973526, 0.0040678), (-0.09585673, -0.045070007, 0.019861825), (-0.08471134, -0.038907316, 0.019938802), (0.08441078, 0.026430894, 0.017779151), (0.09737347, 0.025536414, 0.01747734), (-0.15717623, 0.028890543, 0.008621704), (0.119330406, -0.01079156, 0.017898504), (0.1271456, -0.04591326, 0.0179258), (0.14183606, -0.035427105, 0.016181782), (-0.12601861, 0.00240771, 0.01742747), (-0.11883436, -0.02186869, 0.018429406), (-0.10482776, -0.036298167, 0.019348463), (-0.07682302, 0.0030411566, 0.019015992), (0.11224064, 0.045526024, 0.016359312), (-0.0012368271, 0.11116495, 0.008963296), (-0.020416226, 0.109638564, 0.00886516), (-0.08159846, 0.10233901, 0.013624476), (-0.07869967, 0.13396974, 0.011529612), (-0.065760754, 0.1191544, 0.012579644), (-0.088340275, 0.11364277, 0.012832014), (0.15052225, 0.11122916, 0.009162127), (0.15131871, 0.13696305, 0.010249947), (0.13849638, 0.11037075, 0.009160566), (-0.106872134, 0.1200546, 0.012547204), (-0.106005974, 0.13496788, 0.011577393), (-0.11818806, 0.115314476, 0.012820474), (0.16258349, 0.11148501, 0.009677745), (-0.13104713, 0.13746805, 0.011732641), (-0.13771996, 0.11061612, 0.013089991), (0.16933651, 0.11074738, 0.011080308), (-0.03435703, 0.109372936, 0.008853679), (-0.14650078, 0.11734159, 0.012821965), (-0.15161432, 0.13947856, 0.0119106695), (-0.16240232, 0.112699725, 0.01261757), (-0.17054962, 0.11246201, 0.011080313), (0.15131888, 0.13696305, 0.011910668), (0.14402613, 0.112452514, 0.012696539), (0.12573662, 0.109845765, 0.012925497), (0.12961243, 0.13586846, 0.01173264), (0.111706376, 0.11063577, 0.013003243), (0.12756881, 0.110057764, 0.0089904815), (-0.048159983, 0.10992841, 0.0132537875), (-0.16295376, 0.11759791, 0.010016587), (0.10040268, 0.11608418, 0.0125904), (0.10315452, 0.13450725, 0.011577392), (0.08927438, 0.11500676, 0.012700915), (-0.15064056, 0.11184755, 0.009510169), (-0.15161431, 0.13947856, 0.010249951), (-0.13939361, 0.113542035, 0.009273899), (0.075275265, 0.13396974, 0.011529611), (0.05149015, 0.11069661, 0.0131680025), (0.014485452, 0.109446235, 0.0088512525), (0.014306429, 0.13413869, 0.010550958), (0.033720396, 0.109181106, 0.008842785), (-0.12716159, 0.11091696, 0.009236304), (-0.13104713, 0.13746805, 0.01042798), (-0.114263944, 0.114980966, 0.009377135), (0.044947524, 0.10302755, 0.013703362), (0.045709703, 0.13404374, 0.011592218), (0.05514975, 0.10771185, 0.008783887), (0.0457094, 0.13404374, 0.010568405), (0.12961222, 0.13586846, 0.010427977), (0.06636468, 0.110235624, 0.008990608), (-0.08776453, 0.11449755, 0.009409514), (-0.10107598, 0.115411825, 0.009534501), (0.015884893, 0.11033823, 0.013247732), (0.010301911, 0.13414717, 0.0116106775), (-0.0019027091, 0.109522805, 0.013310484), (0.07985175, 0.11073088, 0.009092616), (0.07527499, 0.13396974, 0.010631009), (0.09180581, 0.1107688, 0.009165987), (-0.074802995, 0.11215796, 0.009200445), (-0.078699686, 0.13396974, 0.01063101), (-0.018184723, 0.10991843, 0.013276758), (-0.017731, 0.13413869, 0.011609664), (-0.03603766, 0.10919669, 0.013318035), (0.10436148, 0.109925106, 0.009003257), (0.10315428, 0.13450725, 0.0105832275), (-0.046746552, 0.11346266, 0.009170786), (-0.04913413, 0.13404374, 0.010568405), (-0.049134094, 0.13404374, 0.011592218), (-0.10600598, 0.13496788, 0.010583228), (-0.13516718, 0.029901372, 0.0061557014), (-0.14695904, 0.03468983, 0.0073361713), (0.06103463, 0.026011834, 0.018063284), (0.07481414, 0.025081357, 0.017952152), (-0.103338525, -0.13904522, 0.021085404), (-0.1252023, -0.1388398, 0.019594807), (-0.07754479, -0.13935782, 0.021853184), (-0.08266591, 0.026084648, 0.017854964), (-0.09614627, 0.02263601, 0.017862478), (-0.015383133, 0.031715713, 0.004365767), (-0.0031630592, 0.034626115, 0.0045328066), (0.12343972, 0.03175373, 0.005540814), (0.11461098, 0.041643143, 0.0056875753), (0.13416274, 0.03419872, 0.0063370448), (-0.049950454, 0.033696935, 0.017666152), (-0.035059154, 0.028948087, 0.017924545), (-0.06557957, 0.04627506, 0.0050714817), (0.102910794, 0.030536406, 0.0048470027), (-0.014817851, 0.03274121, 0.017702194), (-0.0048574223, 0.02968943, 0.017837282), (-0.095780484, 0.048612073, 0.0055940663), (0.07213332, 0.028177537, 0.0043241233), (0.03182922, 0.02961823, 0.004266993), (0.0186679, 0.032765146, 0.004444243), (-0.113746166, 0.019568963, 0.004766619), (-0.12573987, 0.03806076, 0.00611421), (0.032539688, 0.03440051, 0.01768572), (0.04703263, 0.032760896, 0.004448867), (-0.10527099, 0.032336526, 0.005162134), (-0.10663138, 0.02849449, 0.017381892), (-0.119308956, 0.022802636, 0.017168857), (0.12385729, 0.039226238, 0.015972806), (0.13224858, 0.045090914, 0.015595799), (-0.16495723, 0.032769907, 0.011080315), (0.14555302, 0.02818846, 0.01478085), (-0.15950875, 0.038797982, 0.013290618), (0.15345794, 0.048216723, 0.013496187), (0.15448381, 0.02878479, 0.0084943855), (-0.12894219, 0.03091361, 0.016507488), (0.16175379, 0.037003372, 0.011080308), (0.15770227, 0.038972333, 0.0091823), (-0.15755783, 0.028167754, 0.013721586), (-0.026389489, -0.09102459, 0.021183208), (-0.012961502, -0.07497996, 0.0207778), (-0.073161766, -0.09475991, 0.0008563971), (0.04214129, -0.07551699, 0.0012418797), (-0.08373652, -0.07515158, 0.0014236193), (0.06964457, -0.07526464, 0.0012836673), (0.0071875453, -0.08975814, 0.021087578), (-0.10110631, -0.09496678, 0.0014668256), (0.10493044, -0.09472271, 0.0017781975), (0.081243604, -0.09490308, 0.0010009389), (0.020804444, -0.076470375, 0.020860344), (-0.0449466, -0.09285229, 0.0008614056), (0.041734952, -0.092498034, 0.021292316), (-0.10054444, -0.07605733, 0.020327015), (-0.05592828, -0.075649194, 0.0012021181), (-0.08777772, -0.096282884, 0.021148497), (-0.010432535, -0.091323525, 0.001040418), (-0.024219831, -0.07594056, 0.0013118705), (0.12366228, -0.095826715, 0.0029812187), (-0.0520452, -0.09387416, 0.021344317), (-0.045443296, -0.07537536, 0.02091528), (-0.07389155, -0.07645808, 0.020893259), (0.052337516, -0.075454585, 0.020953659), (0.046240505, -0.12797356, 0.00007562378), (-0.12594078, -0.07448625, 0.0033031907), (0.00537407, -0.12238846, 0.02177991), (0.017288374, -0.11000698, 0.021570211), (0.015706867, -0.121021, 0.021802697), (0.043378923, -0.111795604, 0.00044197057), (0.052401055, -0.11133416, 0.021745902), (0.042965695, -0.12825435, 0.022081116), (-0.13119836, -0.106440544, 0.0031698323), (0.02362597, -0.124988236, 0.00023779168), (0.069825046, -0.12815882, 0.022041384), (0.09664284, -0.12871207, 0.021459622), (0.0985449, -0.09485358, 0.020652931), (-0.15117659, -0.077415675, 0.00613655), (-0.14806755, -0.066069685, 0.0058572907), (-0.13955627, -0.07625395, 0.0045269616), (0.08025876, -0.075571254, 0.020746788), (0.06957249, -0.0950298, 0.021312436), (0.0097418865, -0.07604119, 0.0013592835), (0.022748997, -0.09057518, 0.0009882237), (-0.14411847, -0.10829145, 0.0046864497), (-0.1262415, -0.09401932, 0.019224362), (0.08016479, -0.1269858, 0.00028385068), (-0.13817497, -0.09917551, 0.018235367), (0.16177878, -0.089607656, 0.011080309), (-0.15888141, -0.092548445, 0.014430144), (0.14585242, -0.09481241, 0.016503744), (0.06642959, -0.10949473, 0.0004844243), (-0.15117308, 0.087918185, 0.013567274), (-0.08366019, 0.071212456, 0.015628317), (-0.0408664, 0.07483404, 0.015666544), (-0.055188235, 0.07509001, 0.015603386), (-0.057735685, 0.07664852, 0.006675817), (-0.07278899, -0.12834929, 0.0001086027), (0.15637244, -0.11975983, 0.0076838904), (-0.10846063, -0.12933938, 0.021089835), (-0.08453212, -0.12813132, 0.02188851), (-0.020837806, -0.1154864, 0.00047054674), (-0.012967655, -0.1251523, 0.00030060663), (-0.047684994, -0.10752866, 0.02162905), (-0.053778447, -0.1287999, 0.022120615), (-0.05580401, -0.1113495, 0.00041448112), (-0.046288602, -0.12850201, 0.00007456034), (0.10518068, -0.1297763, 0.0010690327), (-0.01472178, -0.10884995, 0.021514926), (-0.026985962, -0.12454755, 0.021912936), (-0.014833999, -0.12925732, 0.021954192), (0.14703183, -0.11638837, 0.005502056), (-0.014064097, 0.075764015, 0.01562978), (-0.15872377, -0.12460888, 0.01482309), (0.07939642, 0.07878266, 0.007013876), (0.03712873, 0.07399344, 0.0064352932), (0.037037045, 0.07858248, 0.015405828), (0.09153118, 0.07279855, 0.015393768), (-0.16572864, -0.12968053, 0.011080322), (0.14603695, -0.13058275, 0.016970297), (0.13791026, -0.11287722, 0.017959798), (-0.04159893, -0.01761468, 0.019637717), (-0.03783396, -0.051296834, 0.0017946169), (-0.01688447, -0.021275952, 0.01963328), (-0.005877015, -0.01480913, 0.019457601), (-0.020414883, -0.053135864, 0.02033614), (0.018183619, -0.01778445, 0.019581627), (0.019960986, -0.039058894, 0.020050947), (0.043373168, -0.019249575, 0.0024751332), (0.03912632, -0.051585346, 0.020387737), (-0.12569736, -0.02307016, 0.004267206), (-0.1244956, -0.04606975, 0.003733395), (0.013249549, -0.021117363, 0.002531464), (0.0025785137, -0.012306352, 0.0027561341), (0.016834596, -0.054260667, 0.0018006681), (-0.13931414, -0.017039286, 0.0054782205), (-0.0045102295, -0.037126146, 0.0022280859), (-0.016982097, -0.055284455, 0.0017870764), (-0.15723102, 0.018578643, 0.008520135), (-0.14686777, 0.02347332, 0.0071689435), (0.11738531, -0.048258517, 0.018773828), (-0.16465025, -0.047425695, 0.011080319), (0.14300492, -0.061215606, 0.0164477), (0.15189254, -0.05379727, 0.014839674), (0.13842092, -0.02128806, 0.016412096), (-0.020937197, -0.018483168, 0.0025660696), (-0.02571544, -0.037997205, 0.002124902), (0.15450965, -0.054900594, 0.007879772), (-0.1359711, -0.05013226, 0.017635038), (0.14767507, -0.029093003, 0.0067211934), (-0.013078319, 0.098108865, 0.008068648), (-0.009853104, 0.1103689, 0.008911384), (-0.13328198, 0.100512736, 0.01359521), (-0.124861285, 0.09805292, 0.013838513), (0.15618522, 0.09882724, 0.009135397), (0.17134617, 0.12399717, 0.011080308), (-0.016192475, 0.12195866, 0.009711731), (-0.028389826, 0.12205663, 0.009723342), (0.16592579, 0.12454054, 0.011980105), (0.15739332, 0.12586921, 0.012318813), (-0.17195272, 0.126231, 0.011080312), (0.14743629, 0.1241289, 0.012226758), (-0.16444342, 0.12841319, 0.010141651), (0.13478105, 0.124410585, 0.012299967), (0.13213897, 0.097988844, 0.008515646), (-0.14630762, 0.12590203, 0.009961255), (-0.1555175, 0.12646292, 0.009833903), (0.0142914755, 0.12174498, 0.009697796), (0.005686192, 0.12188586, 0.009704062), (0.00628107, 0.10969954, 0.008865419), (0.02669595, 0.09768049, 0.008045779), (0.023305556, 0.1092487, 0.008840985), (0.015668476, 0.09752539, 0.008030932), (-0.13145833, 0.1227413, 0.009767067), (-0.13769177, 0.1270402, 0.009893535), (0.038511086, 0.1212843, 0.009681624), (0.01837199, 0.12219105, 0.012430656), (0.0056321034, 0.09763914, 0.014125832), (0.0065206415, 0.109585464, 0.0133031355), (0.0148147, 0.098171696, 0.014085703), (-0.01773989, 0.121741675, 0.012463046), (-0.0097202435, 0.12176501, 0.012464638), (-0.0102166245, 0.109540366, 0.013305959), (-0.026395094, 0.109232396, 0.01332089), (-0.018487185, 0.097936444, 0.014101622), (-0.042352803, 0.121631585, 0.012454609), (-0.13795795, 0.043269724, 0.006605043), (0.1413087, -0.1387561, 0.016855959), (0.14704894, -0.12856229, 0.005351736), (-0.1492289, -0.12772, 0.01699652), (0.022802703, -0.13403656, 0.000044939872), (-0.030483108, 0.05068794, 0.0052147144), (-0.013707842, 0.052529745, 0.01684085), (-0.024464106, 0.030483365, 0.017827382), (0.018402, 0.022390004, 0.0039759493), (0.010689268, 0.051117796, 0.0052583963), (0.03686108, 0.015308234, 0.018558122), (0.03863747, 0.053984117, 0.005389763), (0.019149417, 0.05280947, 0.016851833), (0.020615892, 0.02956891, 0.017902257), (0.13959415, 0.015778879, 0.006349263), (-0.044210903, 0.017886281, 0.003710829), (0.11894622, 0.01779573, 0.017052576), (-0.16427132, 0.0074449712, 0.011080316), (0.14008607, 0.052483074, 0.014807171), (0.15672162, 0.005728009, 0.013175293), (0.16213258, 0.04967967, 0.011080308), (0.15387963, 0.0014263536, 0.008324486), (0.1608707, 0.0074506374, 0.011080308), (-0.14228107, 0.015387953, 0.01590039), (0.09401553, -0.094529495, 0.001300352), (0.107497, -0.07625174, 0.002260118), (0.09484318, -0.07554284, 0.0017503846), (-0.0042435797, -0.104391724, 0.02137103), (-0.02614563, -0.10185654, 0.021417927), (-0.03832202, -0.09485285, 0.02131614), (-0.024669843, -0.07862597, 0.020905277), (-0.0033406615, -0.093723424, 0.021138022), (-0.010266333, -0.06545871, 0.020561604), (-0.05920719, -0.09402331, 0.00078359427), (-0.069395736, -0.07539424, 0.0012379745), (0.035188403, -0.09505609, 0.0008391283), (0.030369379, -0.071112774, 0.0013766717), (0.08226159, -0.07554875, 0.0014352881), (0.00669755, -0.10178928, 0.02134261), (0.008496578, -0.07591591, 0.020796293), (-0.11333543, -0.09451826, 0.0020166985), (-0.098237954, -0.075160824, 0.0017719095), (-0.1116708, -0.07557548, 0.0023213238), (0.11937152, -0.07666937, 0.0029789365), (0.029212143, -0.09507556, 0.021300972), (0.019095886, -0.06669231, 0.020640923), (0.032815874, -0.07320124, 0.02083882), (0.1447657, -0.10604073, 0.0053031086), (0.14927027, -0.095958844, 0.0061168303), (-0.031971373, -0.09560684, 0.0008509104), (-0.03729223, -0.07314456, 0.0013191268), (-0.11268929, -0.09432929, 0.02018176), (-0.113880426, -0.07542193, 0.019755205), (-0.087446555, -0.07567276, 0.020705808), (0.13252746, -0.07617155, 0.004087602), (-0.008947513, -0.10286675, 0.0008004253), (0.00049020053, -0.097656794, 0.0009360782), (-0.011361751, -0.0769417, 0.0013443743), (0.05576427, -0.09404644, 0.0213775), (0.065944664, -0.075426005, 0.020923726), (0.034592636, -0.13058504, 0.00006561336), (0.05503546, -0.110827416, 0.00041918983), (-0.1258963, -0.09463987, 0.002923955), (-0.14292763, -0.087166026, 0.004842324), (-0.0035394107, -0.1144775, 0.021583464), (0.006467935, -0.11222611, 0.02156809), (-0.11026218, -0.12733337, 0.001215187), (-0.11416389, -0.11445321, 0.0016469436), (-0.09800992, -0.12811925, 0.00061636727), (0.0556168, -0.12816757, 0.022131475), (0.038203217, -0.111885086, 0.021704722), (0.06502511, -0.11158089, 0.021738894), (-0.12922215, -0.12767652, 0.0026220088), (-0.12482532, -0.115368046, 0.0024551877), (-0.0040500467, -0.13200347, 0.0001990463), (0.022753136, -0.11283556, 0.00050678675), (0.022767346, -0.10184572, 0.00074274006), (0.010434743, -0.10659904, 0.000697855), (-0.00027439042, -0.11052334, 0.00066354993), (0.0836824, -0.12821534, 0.021850038), (0.08463996, -0.10991408, 0.021440385), (0.10946907, -0.13023736, 0.020884253), (-0.15601097, -0.08942592, 0.0070655625), (-0.14895141, -0.09798612, 0.0055541685), (0.11152358, -0.093414895, 0.020055233), (0.09521731, -0.07523539, 0.02037344), (0.10906527, -0.07349753, 0.019764325), (-0.14398666, -0.052924152, 0.005515578), (0.021322533, -0.07885742, 0.0012499706), (-0.14235, -0.12798798, 0.0041024727), (0.15724234, -0.095078185, 0.008178992), (0.067369126, -0.12752086, 0.00009530455), (0.08538725, -0.114360295, 0.000630557), (-0.1383375, -0.07391825, 0.017783824), (-0.14371325, -0.1083462, 0.017563507), (-0.14882378, -0.09740075, 0.01663809), (-0.16531388, -0.09804405, 0.011080321), (0.14117396, -0.07457753, 0.016899876), (0.13720879, -0.08748471, 0.017665364), (0.1205364, -0.07278638, 0.018992148), (-0.08560583, -0.12829146, 0.00028840452), (-0.096886285, 0.07447935, 0.015286109), (0.14935596, 0.08805505, 0.008638482), (-0.0682709, 0.07317221, 0.01566722), (-0.025688106, 0.07459435, 0.0064545907), (-0.003952115, 0.07953353, 0.0067864987), (-0.0044702557, 0.08906971, 0.0074431603), (-0.029071163, 0.085503876, 0.00720699), (-0.00869781, 0.060869124, 0.005669973), (-0.03694253, 0.07708029, 0.006639127), (0.09100974, 0.07284527, 0.006755564), (-0.0588549, -0.12840647, 0.000024563229), (-0.06835683, -0.1115008, 0.0004222424), (-0.026908092, 0.0759392, 0.015612933), (0.1571481, -0.11417933, 0.014174896), (-0.117247574, -0.11264258, 0.020342225), (-0.09725762, -0.12840164, 0.021597778), (0.13605562, -0.11177605, 0.0039082393), (-0.07293712, -0.12711875, 0.022028038), (-0.0629245, -0.123911284, 0.02205051), (-0.07105262, -0.11228683, 0.021722568), (-0.010267004, -0.11282891, 0.0005777738), (-0.029987678, -0.10725869, 0.00060728745), (0.1118922, -0.112306744, 0.0017333637), (-0.05773668, -0.113726355, 0.021802748), (-0.041327592, -0.11188504, 0.00045717895), (-0.025720155, -0.112223126, 0.021638218), (-0.009982187, 0.08686663, 0.014867008), (0.06650673, 0.07499577, 0.006633062), (0.00845593, 0.07586092, 0.015624005), (0.0016811502, 0.08643079, 0.014898886), (0.023362176, 0.08888161, 0.014721983), (0.0042885174, 0.072808795, 0.006325019), (0.007458326, 0.08569859, 0.007213539), (-0.0416717, -0.050291542, 0.02034957), (-0.032054722, -0.0582571, 0.02049681), (-0.040736627, -0.010769129, 0.0026695298), (-0.033323605, -0.017264636, 0.0025505645), (-0.0026692129, -0.056759194, 0.020343864), (-0.025590165, -0.0026829415, 0.019265208), (-0.01302434, -0.0021012654, 0.019210096), (0.019033132, -0.053552706, 0.02035965), (0.03077948, -0.058521263, 0.020511469), (0.007127535, -0.01655867, 0.019517409), (0.0010312054, -0.0032900053, 0.01920777), (0.023824884, -0.006596729, 0.019357143), (0.03398184, -0.054169066, 0.0017366174), (0.03916096, -0.015581312, 0.019602254), (-0.13248755, -0.054327954, 0.004223564), (0.025057267, -0.0024448067, 0.002890704), (0.010347302, -0.0008341095, 0.0029751016), (-0.1450917, -0.0071336813, 0.0063003763), (-0.15269397, -0.01492329, 0.007206423), (-0.14090402, 0.004264219, 0.0060099172), (-0.026421832, -0.048855625, 0.0018860449), (-0.009187153, -0.015775973, 0.002664934), (-0.15620555, 0.051199708, 0.00859051), (-0.15702516, -0.02910368, 0.00803467), (-0.1590867, -0.041424204, 0.008364951), (0.14210087, -0.006449887, 0.015801104), (0.13465483, -0.05514373, 0.017500652), (-0.008455351, -0.004760331, 0.0029072713), (-0.15693478, -0.05116345, 0.014494091), (0.16122575, -0.047425695, 0.011080309), (-0.1476401, -0.05503651, 0.01623802), (-0.13163362, -0.01798682, 0.017461753), (0.13956648, -0.026166707, 0.0057060346), (0.14682801, -0.049884308, 0.006347779), (-0.025237577, 0.097086444, 0.0080028605), (-0.002290561, 0.10018912, 0.008207773), (-0.00507553, 0.12222979, 0.009726058), (-0.09951595, 0.09588394, 0.01400464), (-0.112963855, 0.096666604, 0.0138809085), (-0.13725378, 0.12496129, 0.012483574), (-0.14479797, 0.10006768, 0.013570937), (0.16732684, 0.09749759, 0.011080308), (-0.009721647, 0.13415565, 0.010548932), (-0.021735746, 0.13413021, 0.010551971), (-0.15614927, 0.12430603, 0.012556237), (-0.16617224, 0.12623547, 0.0122048035), (-0.1691465, 0.098693006, 0.011080313), (0.13201275, 0.097594686, 0.013516299), (0.12082733, 0.12310306, 0.012271552), (0.11975127, 0.09750609, 0.013708719), (0.12158504, 0.09759651, 0.00833717), (-0.04151678, 0.098088905, 0.014076592), (-0.1517465, 0.097109355, 0.009055788), (0.10756839, 0.09691636, 0.013749211), (0.0941283, 0.09506036, 0.013954789), (-0.1440394, 0.100889415, 0.008861717), (-0.13513061, 0.09907994, 0.00867368), (0.006221624, 0.09782627, 0.008048065), (0.022340365, 0.121551946, 0.009687715), (0.022315767, 0.13412173, 0.010552985), (0.02971124, 0.119713396, 0.009563914), (-0.12268564, 0.12441259, 0.009906955), (-0.123031795, 0.09745987, 0.008430138), (0.03618198, 0.12124759, 0.012474045), (0.027885431, 0.123559475, 0.012332644), (0.03834562, 0.09796443, 0.008075753), (0.10996385, 0.09741312, 0.008340879), (-0.11110596, 0.09644564, 0.00837246), (-0.09818624, 0.096471004, 0.00829804), (0.0073851836, 0.12184654, 0.0124587575), (0.022316014, 0.13412173, 0.011607638), (-0.0016200809, 0.12177846, 0.01246687), (-0.0064731524, 0.09807989, 0.014096368), (-0.025712287, 0.12155567, 0.012472672), (-0.025740404, 0.13412173, 0.011607638), (-0.009721597, 0.13415565, 0.011611691), (-0.029646413, 0.09749988, 0.014127462), (-0.03288415, 0.11976635, 0.012593159), (0.09710438, 0.097588055, 0.00826807), (-0.041175596, 0.12233207, 0.009765569), (-0.01582973, 0.050899398, 0.005220873), (-0.0020900578, 0.04801067, 0.005119108), (0.12976311, 0.052370314, 0.0065088044), (-0.039139155, 0.016109712, 0.018492157), (-0.03868927, 0.051726412, 0.01688348), (-0.042775486, 0.055874694, 0.0054495595), (-0.00049111363, 0.017955786, 0.018352892), (0.0074994336, 0.05271065, 0.016859006), (0.007940691, 0.014825586, 0.0036683232), (0.0297559, 0.04942122, 0.0051609357), (0.021459907, 0.05416976, 0.0053936737), (0.03094379, 0.054207794, 0.01678672), (0.037306204, 0.04531018, 0.017202433), (0.02510447, 0.01669975, 0.018483061), (0.14144064, 0.052632954, 0.007297139), (-0.11381908, 0.047521327, 0.016391072), (0.12777963, 0.013793609, 0.016589593), (0.13733222, 0.017474296, 0.015849322), (-0.13325955, 0.051360134, 0.01568903), (-0.15628844, 0.0018523468, 0.014045556), (0.15492246, -0.10003315, 0.014625872), (-0.07679053, 0.082553394, 0.0149489995), (-0.04944764, 0.0875368, 0.0147706065), (-0.046567053, 0.06916145, 0.006127232), (-0.076572426, 0.06617412, 0.00614163), (0.046356764, 0.08589365, 0.0072796), (0.04364326, 0.068767205, 0.016058806), (0.07516657, 0.06394039, 0.01610225), (0.12751092, -0.054970678, 0.0040329252), (-0.13701458, -0.0055903005, 0.0053543192), (0.1245293, -0.05972962, 0.01841784), (0.15096527, -0.06803351, 0.015261109), (-0.15641971, -0.06484465, 0.014737924), (0.16141932, -0.06218938, 0.011080309), (-0.14487594, 0.053262133, 0.0074597015), (-0.11895583, 0.045129567, 0.0059107314), (-0.16409701, -0.005228905, 0.011080317), (0.13112694, 0.05608583, 0.015339415), (0.15317123, -0.0065419613, 0.014032631), (0.16238509, 0.05813054, 0.011080308), (0.1543361, -0.011828916, 0.008273529), (-0.15940565, 0.05067404, 0.013241256), (0.08935244, -0.065323226, 0.001749936), (-0.029669859, -0.13987029, 0.013400316), (0.15380299, -0.08837494, 0.0147597585), (0.1157245, -0.0833078, 0.019604264), (-0.1663605, 0.07135357, 0.011080314), (-0.097044684, 0.064427435, 0.015867071), (-0.048809554, 0.08177997, 0.006997952), (0.018261086, -0.13990307, 0.013098355), (0.005471284, -0.13995557, 0.011980606), (0.099823914, 0.06405557, 0.0063512498), (0.1620553, -0.11069864, 0.011080309), (-0.084160335, 0.05936868, 0.0059042564), (0.07423706, 0.059394684, 0.0058316886), (-0.0023813855, 0.07546423, 0.01565483), (0.044227693, 0.057285808, 0.016628513), (-0.11518036, 0.06295036, 0.0064745354), (0.08490296, 0.06480798, 0.015950894), (0.096433766, 0.060234144, 0.015976459), (0.06419898, 0.062917344, 0.01627492), (0.110792436, 0.060470134, 0.015794354), (-0.15221126, 0.06334979, 0.008107998), (0.015942696, 0.07541244, 0.0065086307), (0.13590637, -0.046221126, 0.0049402416), (-0.05180013, -0.021747604, 0.019751633), (-0.05809065, -0.01297779, 0.01957537), (-0.047553208, -0.008288356, 0.019448547), (-0.03606597, -0.02597672, 0.019806873), (-0.053524636, -0.051724967, 0.020419683), (-0.050717525, -0.0026205971, 0.0028270727), (0.098924525, -0.021754945, 0.0030386564), (0.100486405, -0.0074270433, 0.003407153), (-0.025541576, -0.028111795, 0.019812902), (-0.07144387, 0.0030844302, 0.0030854975), (-0.062267203, -0.0062952237, 0.0027184887), (0.08272997, -0.0016292584, 0.0030567078), (0.087789364, -0.011679234, 0.0028937238), (0.089917645, 0.003916952, 0.0033752099), (0.12735468, -0.0016060551, 0.004966791), (0.0028941212, -0.026495032, 0.01971283), (-0.11124044, -0.046689533, 0.002909187), (0.03307207, -0.024281025, 0.0023896897), (0.06261596, -0.0066133398, 0.002722578), (0.055348903, -0.016988393, 0.002494727), (0.06800392, -0.016535066, 0.0025614467), (0.04682565, -0.005560181, 0.019397723), (0.030541383, -0.04488086, 0.02021364), (0.034026805, -0.0067646937, 0.019394528), (-0.121305674, -0.0040403088, 0.0042710667), (0.008313751, -0.062706575, 0.0016527476), (0.026213208, -0.05929755, 0.0016513849), (0.021845283, -0.027862864, 0.0023543062), (0.06683172, -0.015528172, 0.019581718), (0.058699, -0.011173926, 0.019550111), (-0.15198277, -0.00026009858, 0.0072185323), (-0.105150715, -0.015740938, 0.0033021073), (-0.10025855, -0.0042338464, 0.0033549995), (-0.111640945, -0.0038086516, 0.0037670487), (0.09033557, -0.012353925, 0.019213961), (-0.027811786, -0.062454294, 0.0015880042), (-0.008290342, -0.06292344, 0.0016604145), (-0.009295567, -0.025555216, 0.0024553349), (0.10000541, 0.006083561, 0.018302258), (-0.15824421, 0.039421745, 0.008842196), (0.10955605, -0.010686117, 0.018481387), (0.10282956, -0.016948802, 0.018843163), (-0.16445668, -0.032662008, 0.011080318), (0.15203366, -0.03995158, 0.014616522), (-0.028753042, -0.006137954, 0.0028083788), (-0.14755504, -0.042884037, 0.016100084), (-0.124633305, -0.009136007, 0.017771706), (-0.13508423, -0.0388207, 0.01752255), (-0.13446254, -0.0045629684, 0.016996784), (0.15352727, -0.039532043, 0.007770537), (-0.114715286, -0.011465825, 0.018448114), (0.14414345, -0.037789155, 0.0061251065), (-0.07194086, -0.04447413, 0.020215577), (-0.08335393, -0.048171513, 0.020156706), (-0.083950646, 0.12403, 0.012184877), (-0.07316612, 0.12548588, 0.012124277), (0.14400263, 0.09908658, 0.008621426), (-0.09324219, 0.10412507, 0.013403429), (-0.09812176, 0.114511915, 0.012795654), (-0.095911495, 0.12403131, 0.012156147), (-0.12578195, 0.12572652, 0.012322337), (-0.11569108, 0.12588197, 0.012252226), (0.15639858, 0.10390769, 0.012816143), (0.098672226, 0.10652369, 0.013187629), (0.0747082, 0.10280464, 0.013562546), (0.12128398, 0.12129736, 0.009674896), (0.048649766, 0.09976451, 0.008226451), (-0.10494739, 0.1061064, 0.008958187), (0.074699014, 0.09996045, 0.008349713), (-0.083720475, 0.10005542, 0.008465354), (-0.055131122, 0.12221901, 0.012399548), (-0.13551694, 0.016051857, 0.0058043418), (0.07904031, 0.012785397, 0.018488392), (0.070868485, 0.0072897114, 0.018842775), (0.14130858, -0.1387613, 0.00530467), (-0.13220364, -0.13876973, 0.011374444), (-0.0126767, 0.00681121, 0.0032903594), (-0.011457192, 0.04155193, 0.004806988), (-0.03252733, 0.007449086, 0.018895553), (-0.051473174, 0.013346802, 0.01863812), (-0.062164776, 0.052064992, 0.016817098), (-0.053867612, 0.050021525, 0.00520616), (-0.007807214, 0.063400045, 0.01636887), (-0.007323684, 0.00832333, 0.018773042), (-0.030126277, 0.041192155, 0.017361766), (0.020255106, 0.043670654, 0.0049321707), (0.002693535, 0.060907833, 0.0056828745), (0.030691592, 0.024941592, 0.018109547), (0.043544076, 0.037431225, 0.017571822), (0.030384341, 0.0076547624, 0.0032701653), (0.028423263, 0.039102666, 0.0046987124), (-0.11724487, 0.005356795, 0.0042774654), (-0.097947545, 0.039290607, 0.0052311723), (0.0029315231, 0.039827563, 0.017411891), (0.02412072, 0.06242396, 0.016415982), (0.0820608, 0.050434854, 0.0054943413), (0.04524904, 0.00710246, 0.0032310637), (0.06157618, 0.052521065, 0.0053617386), (-0.034610193, 0.025291618, 0.0040658726), (-0.10347973, 0.042692523, 0.016821006), (-0.10685942, 0.0076599335, 0.018178001), (0.13410376, 0.0033485123, 0.016569141), (0.12634389, 0.02614782, 0.016246974), (0.102058314, 0.015959539, 0.017762272), (0.14364879, 0.03925584, 0.014752907), (-0.116309494, 0.03553957, 0.016764762), (0.1606725, -0.005226229, 0.011080308), (0.15347227, 0.051331453, 0.008543989), (-0.156883, -0.011693583, 0.014068452), (-0.1430561, 0.05108733, 0.015023292), (-0.13919722, 0.039169088, 0.015587987), (-0.14969987, 0.033845093, 0.014786473), (0.15083185, 0.017019762, 0.014284395), (0.0090803895, -0.13116376, 0.021986268), (0.14813639, -0.08173608, 0.016024109), (-0.04627069, -0.030069547, 0.019919923), (-0.036650397, -0.037720554, 0.020064015), (-0.057588246, -0.033258274, 0.020023128), (-0.053623147, -0.032002874, 0.0021680305), (0.097383685, -0.033521116, 0.0027268808), (-0.018502818, -0.010456326, 0.019407384), (-0.030103935, -0.047444444, 0.020253131), (-0.022332216, -0.04064476, 0.020072248), (-0.08676667, -0.025353711, 0.0025498786), (-0.07686981, -0.02039712, 0.0025475863), (-0.08440396, -0.012469204, 0.0028029713), (-0.072626896, -0.044860825, 0.0019552922), (-0.065191686, -0.035153963, 0.002078405), (-0.06936648, -0.026474113, 0.0023239884), (0.076856196, -0.021171913, 0.0025564197), (0.08130053, -0.045457684, 0.002079952), (0.08780416, -0.037176963, 0.00234095), (0.013153304, -0.006593308, 0.019320847), (0.024449795, -0.026606804, 0.019795017), (0.12665474, -0.027810177, 0.004407557), (0.0076204245, -0.06112006, 0.02047329), (0.008283717, -0.0479286, 0.020193975), (-0.099597745, -0.045593686, 0.0024612744), (-0.092842326, -0.035906743, 0.002392936), (-0.098872125, -0.02653333, 0.0028484445), (0.053150117, -0.029312568, 0.0022283988), (0.050050646, -0.043608516, 0.001921256), (0.059743267, -0.04034841, 0.0019618957), (0.04774833, -0.03189632, 0.01998451), (0.04826349, -0.018894525, 0.019697092), (0.015185312, -0.010210308, 0.0027581516), (0.026234528, -0.047754534, 0.0019026384), (0.018842122, -0.040910907, 0.0020828743), (0.08338146, -0.02401605, 0.019581327), (0.07802194, -0.013760744, 0.019418452), (0.07899006, -0.043609187, 0.020054938), (0.061751183, -0.035459198, 0.020089231), (0.07046449, -0.024411356, 0.01973409), (0.105693415, -0.029495051, 0.018988434), (0.09523056, -0.025493747, 0.019298444), (-0.11174194, -0.025235716, 0.0033490648), (-0.117903024, -0.034299828, 0.003428682), (0.09922614, -0.046808496, 0.019599237), (0.08937445, -0.046097446, 0.01999261), (-0.006024394, -0.05016259, 0.0019428907), (-0.016870888, -0.043105785, 0.0020480019), (0.12590016, -0.022286039, 0.017628532), (0.117989205, -0.03462213, 0.018450214), (-0.1648438, -0.06218938, 0.011080319), (0.14362767, -0.047149613, 0.016122542), (0.13159105, -0.034015335, 0.017423471), (0.13598551, -0.043133747, 0.017112406), (-0.15717593, -0.037931666, 0.01432135), (-0.017592486, -0.0047498727, 0.0028764866), (-0.030900113, -0.028457219, 0.0023150535), (0.15413168, -0.068131626, 0.007673456), (-0.12731001, -0.031526264, 0.018032975), (-0.123366766, -0.044942446, 0.018575285), (-0.095814444, -0.031776935, 0.019572869), (-0.10619593, -0.016705286, 0.018875124), (-0.108941, -0.04567173, 0.019362656), (-0.11580422, -0.035526782, 0.018877614), (-0.07147813, -0.033265825, 0.019971155), (-0.068287075, 0.0062656454, 0.01896017), (0.10328877, 0.03628701, 0.016827172), (-0.10652013, 0.1072721, 0.013334198), (-0.12847815, 0.11183924, 0.013125342), (-0.053013254, 0.10055099, 0.013878159), (-0.06021123, 0.10946823, 0.013252966), (0.096203856, 0.12479433, 0.01206006), (0.10876433, 0.124775596, 0.012178515), (0.07822801, 0.11331213, 0.012848988), (0.06939695, 0.12264617, 0.012279292), (0.01992712, 0.08680566, 0.0072944737), (0.044555914, 0.11769237, 0.01270176), (0.04923483, 0.123412386, 0.009840418), (0.026848387, 0.11300429, 0.013059799), (0.070895664, 0.12229264, 0.009823954), (-0.082074136, 0.12394578, 0.009997645), (0.10016005, 0.12059031, 0.009716987), (-0.046978347, 0.10271719, 0.008431859), (-0.10954956, 0.12542097, 0.010011806), (-0.07455511, 0.03573668, 0.017488565), (-0.071628645, 0.04765715, 0.016955089), (-0.02210771, 0.062400825, 0.005742338), (-0.022988392, 0.040940214, 0.0047722557), (-0.005715008, 0.014747152, 0.0036588595), (0.12032393, 0.020315703, 0.0050253826), (0.13242409, 0.023400206, 0.0059447885), (-0.05107562, 0.044853948, 0.017155416), (-0.05626098, 0.024127176, 0.018134853), (-0.045342773, 0.024622086, 0.018088598), (-0.062084697, 0.037570067, 0.017506987), (-0.055476014, 0.038618695, 0.004668736), (0.0954659, 0.036305174, 0.0049805734), (0.10388167, 0.041315604, 0.0053207143), (-0.007912904, 0.04154114, 0.01732058), (-0.019963885, 0.008526136, 0.018805487), (-0.02744167, 0.019360015, 0.01834019), (-0.08765485, 0.038659874, 0.0049602455), (-0.0773919, 0.041475095, 0.0049778433), (-0.08507471, 0.050171807, 0.005477804), (-0.07351367, 0.02310453, 0.0040606507), (-0.079287395, 0.011139652, 0.0035577917), (-0.060437534, 0.028097384, 0.004183855), (-0.06805227, 0.034977976, 0.004562725), (0.06761281, 0.036980644, 0.004691394), (0.07074875, 0.04768776, 0.0052357875), (0.08122449, 0.04071081, 0.017136985), (0.027221851, 0.017999489, 0.0037483708), (0.007908367, 0.040002573, 0.004773823), (0.013033265, 0.062844485, 0.005769496), (0.041489974, 0.027258411, 0.018027496), (0.054461446, 0.03331028, 0.017736834), (0.05020531, 0.021021258, 0.018327855), (0.05948986, 0.043446776, 0.01723867), (0.038882397, 0.041824378, 0.004840839), (0.04902971, 0.045829624, 0.0050536343), (-0.1018784, 0.020257391, 0.0044725263), (-0.08754371, 0.019578213, 0.004052722), (-0.09344637, 0.029608285, 0.0046127904), (-0.108460285, 0.04554974, 0.005715481), (-0.115416385, 0.034941763, 0.0053858357), (0.017483437, 0.004707237, 0.018989041), (0.0080915475, 0.028000465, 0.017943868), (0.025591046, 0.042655922, 0.017309405), (0.07760062, 0.019649442, 0.0039813346), (0.06501552, 0.019619882, 0.0038368443), (0.07145975, 0.011630747, 0.003530488), (0.0858673, 0.028638715, 0.0045025134), (0.087453, 0.04109537, 0.005112199), (0.051802017, 0.019434046, 0.0038045067), (0.039507, 0.019545319, 0.003835362), (0.05984427, 0.029735425, 0.0042782025), (0.14320871, 0.026890058, 0.0069180788), (-0.093709596, 0.033452008, 0.017378468), (0.11578687, 0.031511605, 0.016750515), (-0.16461428, 0.020107439, 0.011080316), (0.155097, 0.034984916, 0.013305609), (-0.12615708, 0.043139398, 0.016197655), (-0.13033646, 0.018700141, 0.0167175), (0.16124912, 0.020114288, 0.011080308), (-0.15038495, 0.021703245, 0.01486593), (-0.14110301, 0.026115015, 0.015785588), (0.1026972, -0.0651374, 0.0022969146), (-0.08687314, -0.10837508, 0.0007378813), (0.05027706, -0.065836065, 0.0014271965), (-0.07364982, -0.06520453, 0.0015149985), (-0.08753148, -0.06515422, 0.0016899015), (0.07709111, -0.065565474, 0.0015911858), (0.063474946, -0.065878406, 0.001413942), (-0.09706127, -0.10671559, 0.0010386088), (-0.096677646, -0.10667313, 0.021147417), (-0.10096464, -0.09506743, 0.020718182), (-0.10651209, -0.066715926, 0.019878663), (-0.115850925, -0.064388424, 0.019445091), (-0.047797527, -0.066395506, 0.0014332144), (-0.06033089, -0.06505914, 0.0014213086), (-0.07358934, -0.09904851, 0.021396184), (-0.055496924, -0.0661464, 0.020746207), (-0.044653445, -0.06288423, 0.020638326), (-0.081092045, -0.06511314, 0.020552428), (0.042695116, -0.064142734, 0.020672876), (0.056831278, -0.06464871, 0.020730147), (-0.12564762, -0.067852706, 0.018772854), (0.026159676, -0.1167262, 0.021757625), (0.08388524, -0.097900815, 0.021187099), (0.1017053, -0.064860076, 0.019891534), (0.08486913, -0.06496795, 0.020457048), (0.070446484, -0.06503868, 0.02063918), (0.124261275, -0.091754854, 0.019020498), (-0.07145776, 0.09189694, 0.014393989), (-0.06316769, 0.084168136, 0.014959443), (-0.039645664, 0.085774414, 0.0072439313), (-0.04630509, 0.06435705, 0.016288681), (0.15650766, -0.12828486, 0.014477125), (0.1622212, -0.123353235, 0.011080309), (-0.030101385, -0.11759216, 0.00038176528), (-0.04166625, -0.1267716, 0.022025615), (0.06867476, 0.08646103, 0.00742273), (0.040930778, 0.06467355, 0.0058801593), (0.05430816, 0.06657423, 0.016154721), (0.11332791, -0.05477313, 0.002942669), (0.1139414, -0.042081565, 0.0032252127), (0.13795188, -0.057433195, 0.0050258767), (0.13348025, -0.034257744, 0.004862293), (-0.062107872, -0.054919075, 0.020518657), (-0.059463028, -0.04410807, 0.0018856534), (-0.039235383, 0.00455521, 0.0031184906), (-0.040137336, -0.061135013, 0.0015728353), (-0.04392007, -0.023864388, 0.0023720982), (-0.004330233, -0.045933913, 0.020117993), (-0.029440237, -0.015466164, 0.019554013), (-0.0064267195, -0.026097419, 0.019700883), (-0.08684577, -0.044936597, 0.0021262693), (-0.09182538, -0.004482003, 0.0030583916), (-0.08363528, 0.0007664974, 0.0031143301), (0.06815009, -0.04350118, 0.0019626631), (0.06908672, 0.0020492284, 0.0030483755), (0.013093102, -0.028373707, 0.019794948), (0.02884559, -0.017474014, 0.019611055), (0.03790261, -0.044817988, 0.00193109), (0.034504905, -0.010196957, 0.0026930731), (0.055433195, -0.0443439, 0.020278804), (0.038537744, 0.00443015, 0.019053534), (0.037575603, -0.02481257, 0.019799631), (-0.12934637, -0.009502536, 0.0047412952), (-0.11857934, -0.056338955, 0.0030413114), (0.0003007997, -0.05886343, 0.001768188), (0.0068549197, -0.04787406, 0.0019809534), (0.0248177, -0.015591066, 0.0026089654), (0.0010618878, -0.025155151, 0.0024864967), (0.08721185, -0.03492771, 0.019775381), (0.080812745, -0.0015184251, 0.019122139), (-0.13746837, -0.040725302, 0.004820321), (0.1079958, -0.041914962, 0.019151134), (0.11201733, -0.0012223028, 0.0182079), (-0.01741643, -0.031168249, 0.0023017812), (-0.08937517, -0.055587955, 0.020242164), (-0.085859016, -0.0027240196, 0.01913158), (0.09189608, 0.036472443, 0.017156536), (-0.16136153, 0.060527705, 0.0093793245), (0.14815304, -0.015691536, 0.015202153), (0.1465014, 0.0050767614, 0.015071909), (0.1610322, -0.032662008, 0.011080308), (-0.14379211, 0.0037346524, 0.015876455), (-0.14584053, -0.06404344, 0.016598135), (-0.13576253, -0.060285598, 0.017818484), (-0.13686192, -0.026750557, 0.017178882), (0.14100493, 0.00421216, 0.006364435), (0.14609791, -0.06258012, 0.0060902913), (-0.07037755, 0.10138168, 0.013768145), (0.14474824, 0.09742239, 0.0132720135), (0.08345188, 0.124073386, 0.012137816), (0.08615023, 0.1049985, 0.013356205), (0.06638933, 0.09767064, 0.013990769), (0.055947486, 0.09906096, 0.013951539), (0.05470716, 0.12234298, 0.012374994), (0.03410559, 0.09596269, 0.014221227), (0.034895673, 0.10829873, 0.013369454), (0.055339877, 0.11871647, 0.0095303925), (0.116563156, 0.10961536, 0.009055199), (0.0574179, 0.09389414, 0.007853773), (-0.09592356, 0.12475824, 0.010105913), (0.085225515, 0.09850733, 0.008356913), (0.09177653, 0.12484995, 0.010072014), (-0.092621036, 0.105933376, 0.008875351), (-0.069892704, 0.09989541, 0.008321512), (-0.059262607, 0.10045869, 0.008303694), (-0.1162423, 0.1057005, 0.008838767), (0.06682596, 0.01617177, 0.018466704), (0.06647522, 0.037782226, 0.017443556), (-0.14960688, 0.04348654, 0.0076441714), (-0.07498669, 0.015486692, 0.018445848), (-0.09605042, 0.0025411148, 0.018761108), (-0.08703975, 0.011246714, 0.018509798), (-0.025504153, 0.0067351027, 0.0032447202), (-0.03269105, 0.014941926, 0.0035990623), (-0.017569687, 0.01834135, 0.0037762346), (-0.033829022, 0.036920086, 0.004593013), (0.005669581, 0.027222818, 0.004216897), (0.11240698, 0.03092988, 0.0052008815), (0.12600395, 0.041857675, 0.0060008974), (0.11874547, 0.05274275, 0.0062282705), (-0.055670876, 0.019974189, 0.0037823066), (0.09530509, 0.022802033, 0.004337415), (-0.014570006, 0.020432577, 0.01824931), (-0.02021984, 0.041956026, 0.01729978), (-0.026415113, 0.052989285, 0.016818015), (-0.122719795, 0.013781981, 0.0049795806), (-0.12391658, 0.025420386, 0.0055060023), (-0.13105518, 0.052030157, 0.006622145), (0.029668437, 0.0045399154, 0.019031778), (0.14426973, -0.0070710424, 0.006578216), (0.013041833, 0.040899053, 0.01739175), (0.0030835704, 0.063794285, 0.016358912), (0.1455717, 0.039880577, 0.0073644165), (-0.04299139, 0.042827882, 0.0048411987), (-0.117792115, 0.011379259, 0.017652018), (0.13408127, 0.03220011, 0.015875734), (0.12229295, 0.052550063, 0.015667597), (0.12214262, 0.0030322853, 0.017391933), (-0.16530047, 0.045443196, 0.011080315), (0.14783387, 0.062002275, 0.014143782), (-0.120279476, 0.05528483, 0.015884487), (-0.14343336, -0.009448414, 0.016122464), (-0.15429845, 0.013357319, 0.014434982), (-0.1509618, 0.056388967, 0.014341488), (0.047564644, -0.08877547, 0.0009334206), (-0.12765999, -0.081020586, 0.018869823), (0.0886826, -0.085885055, 0.020865003), (0.09736005, -0.11313505, 0.0010543626), (0.09355667, -0.12529753, 0.0006185936), (-0.093654834, 0.07705909, 0.0070251976), (-0.09425834, 0.059029587, 0.006031803), (0.12001228, -0.1029264, 0.01961862), (0.14762606, -0.11979602, 0.016585285), (-0.053326327, -0.014405053, 0.0025593725), (-0.16033383, 0.1043669, 0.009602136), (0.10807734, 0.023140155, 0.017281864), (-0.026126834, -0.12842059, 0.0001644129), (0.11136231, -0.018792477, 0.0035709431), (-0.07490357, -0.021302713, 0.01966679), (-0.066229306, -0.0044676, 0.01938819), (-0.09776648, 0.05467494, 0.016321408), (0.15550002, 0.02641805, 0.013277462), (0.033740688, -0.107482284, 0.0005718734), (-0.060270846, 0.06475669, 0.016226938), (-0.020306485, 0.06404007, 0.016338224), (0.07864205, 0.0691631, 0.0063818423), (0.05096281, 0.07789914, 0.015409678), (0.093818165, -0.044806514, 0.0023537574), (0.13428381, -0.016511582, 0.005247709), (0.03870562, -0.06371238, 0.0015121923), (-0.13588667, -0.02932513, 0.004873922), (-0.08416688, -0.016547164, 0.01945813), (-0.16496824, -0.07168032, 0.01108032), (-0.14617755, -0.0311238, 0.01614592), (-0.16007645, 0.09410647, 0.0094183525), (-0.0020409871, 0.051985458, 0.016867142), (0.13506463, 0.043803997, 0.006640268), (-0.060048036, 0.007989499, 0.003230012), (-0.06582172, -0.01566598, 0.0025203333), (0.025444223, 0.10150823, 0.01385188), (0.111180305, 0.122559704, 0.009752238), (-0.098467276, 0.012935381, 0.018273676), (-0.15048675, 0.04447231, 0.014554166), (0.023176422, -0.12897067, 0.022010406), (-0.04239135, -0.033744324, 0.0021619454), (-0.10495655, -0.0051173484, 0.018665908), (-0.06755062, -0.015115785, 0.019610614), (-0.07579898, -0.008559163, 0.019373115), (-0.06268982, 0.01468116, 0.01859791), (-0.045727566, 0.030420179, 0.004274395), (0.09457012, 0.050570734, 0.0056471014), (0.10795566, 0.018194046, 0.0045505012), (-0.06636749, 0.015559329, 0.0036205489), (0.15094824, 0.014708015, 0.0077340645), (0.16150145, 0.028558828, 0.011080308), (-0.10291071, -0.065245055, 0.0021685653), (-0.056802303, 0.001484628, 0.019213915), (-0.05559934, 0.12338262, 0.009853206), (0.013322624, 0.017508842, 0.018417932), (-0.05462644, -0.0854201, 0.000989522), (0.051170085, -0.08540881, 0.021170763), (-0.15513487, -0.054778248, 0.0072628995), (0.12931865, -0.0799756, 0.018388914), (0.060771387, -0.11929634, 0.00020720517), (0.09602895, -0.1390891, 0.0009201154), (-0.065815724, 0.057937752, 0.005628501), (0.095077924, 0.08261835, 0.014741096), (0.11436178, -0.061075892, 0.019279633), (0.16359578, 0.12691884, 0.009974287), (0.12081583, -0.01945467, 0.004155411), (-0.09522703, -0.021591553, 0.019371161), (-0.15228525, 0.11096241, 0.013019885), (0.07818642, 0.037978664, 0.004858527), (0.06848056, -0.096275665, 0.00080232666), (-0.15972507, -0.078476414, 0.008117039), (-0.088815466, 0.058903236, 0.016226105), (0.023255793, 0.07670861, 0.015560092), (0.027072191, 0.07674796, 0.006604712), (-0.14432067, -0.018407192, 0.016168453), (-0.107233636, -0.026952034, 0.019062191), (-0.11925469, 0.10604758, 0.013337843), (0.15665084, 0.09411261, 0.012888952), (-0.10698251, 0.018494919, 0.017755365), (0.07975577, 0.09455991, 0.014073201), (0.0687731, -0.045557752, 0.020226242), (-0.08406629, -0.028144192, 0.019713461), (-0.062002737, -0.075899355, 0.020982612), (0.08997397, 0.013550187, 0.018308206), (-0.03474286, -0.039923552, 0.0020524058), (0.07178311, 0.08652539, 0.014694822), (-0.0696788, 0.12411809, 0.009962359), (-0.06061689, 0.11211225, 0.009095065), (-0.06924049, 0.02627664, 0.017998336), (-0.07996857, 0.030160094, 0.004469598), (0.06117206, -0.08736031, 0.00091400277), (-0.04466633, -0.08613092, 0.02114696), (0.12705462, -0.11477417, 0.01919142), (-0.05750639, -0.023838188, 0.0023401934), (-0.08323318, 0.040883727, 0.01714564), (0.04978705, 0.044093058, 0.017238604), (0.1538977, -0.026093775, 0.007994181), (-0.14988025, 0.13056834, 0.012282836), (0.13239662, 0.121165656, 0.009576962), (0.10299279, 0.049547516, 0.016313951), (0.15674472, 0.11574206, 0.012602784), (0.05963732, 0.041415084, 0.0048346617), (0.08647224, 0.01632555, 0.003924619), (-0.08125896, 0.05618157, 0.016440962), (-0.06205342, -0.04175886, 0.0202264), (0.065121494, 0.09864577, 0.008200545), (0.083425, 0.1225684, 0.009889115), (-0.07284784, 0.062120087, 0.016253864), (-0.14473315, -0.13875611, 0.0053046774), (0.14393385, 0.119249955, 0.009528436), (0.005225989, -0.0394067, 0.01999881), (0.1551087, 0.12666374, 0.009710158), (0.13596876, 0.10849376, 0.013043154), (0.14031391, 0.12878439, 0.009991895), (0.07585213, 0.090960145, 0.007781168), (0.05837783, 0.014639799, 0.018612731), (0.08056927, 0.0072600376, 0.0034267677), (0.037468743, -0.0004231559, 0.0028989948), (-0.041663907, 0.037013017, 0.017539307), (0.006551056, 0.0051434357, 0.018933978), (0.06337261, 0.111261114, 0.013098006), (0.12327166, -0.12901075, 0.019804336), (-0.053610686, -0.07911816, 0.021023508), (-0.14767344, -0.120418854, 0.005064802), (-0.07589843, 0.11478101, 0.012840306), (-0.0042625037, -0.1337683, 0.021999374), (0.09381124, -0.059440326, 0.020100558), (-0.013225893, -0.043376323, 0.020093502), (0.08682798, -0.023848236, 0.0026177843), (0.04527894, 0.11168611, 0.009028485), (0.115300365, -0.005373348, 0.0040532365), (-0.012234973, -0.054173768, 0.020324193), (-0.02737105, 0.026645966, 0.0041269953), (0.06519805, -0.028856669, 0.0022559739), (-0.061589897, 0.09706203, 0.0140899625), (0.056834273, -0.07636915, 0.0011741169), (0.05176393, 0.07159571, 0.0063203676), (-0.0041449983, 0.021766232, 0.0039696493), (0.018382322, 0.009332526, 0.003385548), (0.11812441, -0.03002069, 0.0037571108)]
        color3f[] primvars:displayColor = [(0.72, 0.28, 0.22)]
        custom string source:author = "eeelabvisual"
        custom string source:dataset = "Objaverse 1.0"
        custom string source:license = "CC BY 4.0"
        custom string source:uid = "c7da540534134560af463fdd29ed209f"
        custom string source:url = "https://sketchfab.com/3d-models/c7da540534134560af463fdd29ed209f"
        uniform token subdivisionScheme = "none"
    }

    def "Looks"
    {
        def Material "Material" (
            prepend apiSchemas = ["PhysicsMaterialAPI"]
        )
        {
            token outputs:surface.connect = </Bag/Looks/Material/Preview.outputs:surface>
            float physics:dynamicFriction = 0.4
            float physics:restitution = 0
            float physics:staticFriction = 0.4

            def Shader "Preview"
            {
                uniform token info:id = "UsdPreviewSurface"
                color3f inputs:diffuseColor = (0.72, 0.28, 0.22)
                float inputs:roughness = 0.86
                token outputs:surface
            }
        }
    }
}

